accession,organism_name,common_name,species_taxid,infraclass,order,family,genus,scaffold_n50,contig_n50,total_sequence_length,max_lifespan,body_mass,LQ,refseq_category,submission_date
GCA_001624675.1,Mus musculus,house mouse,10090,,,,,147352698,9438,2982046949,4.0,20.5,-0.2793035149459061,,2016-04-26
GCA_054392225.1,Sus scrofa,pig,9823,,,,,147065450,145661104,2507355615,27.0,130000.0,-0.04970683452435787,,2026-01-07
GCA_042859625.1,Ovis canadensis,bighorn sheep,37174,,,,,145377479,145377479,145377479,20.6,70275.0,-0.1250678532122389,,2024-10-18
GCA_054392235.2,Sus scrofa,pig,9823,,,,,145095113,145095113,2656429699,27.0,130000.0,-0.04970683452435787,,2026-01-28
GCA_048338725.1,Sus scrofa,pig,9823,,,,,144930921,144930921,2633166191,27.0,130000.0,-0.04970683452435787,,2025-03-05
GCA_001624475.1,Mus musculus,house mouse,10090,,,,,144777665,13074,2921711655,4.0,20.5,-0.2793035149459061,,2016-04-26
GCA_030265425.1,Mus musculus,house mouse,10090,,,,,144428894,40804356,2790916468,4.0,20.5,-0.2793035149459061,,2023-06-13
GCA_049999145.1,Sus scrofa,pig,9823,,,,,144007479,77119767,2589960305,27.0,130000.0,-0.04970683452435787,,2025-04-29
GCA_041937265.1,Sus scrofa,pig,9823,,,,,143604440,54480439,2656524398,27.0,130000.0,-0.04970683452435787,,2024-09-18
GCA_000003025.7,Sus scrofa,pig,9823,,,,,143529065,143529065,2688404542,27.0,130000.0,-0.04970683452435787,reference genome,2025-12-01
GCA_046128825.1,Sus scrofa,pig,9823,,,,,143437317,11062,2550807703,27.0,130000.0,-0.04970683452435787,,2024-12-18
GCA_050231125.1,Sus scrofa,pig,9823,,,,,143096131,90477219,2660441857,27.0,130000.0,-0.04970683452435787,,2025-05-07
GCA_030704935.2,Sus scrofa,pig,9823,,,,,142295742,142295742,2659043654,27.0,130000.0,-0.04970683452435787,,2025-11-21
GCA_963921485.1,Sus scrofa,pig,9823,,,,,142074565,142074565,2633787619,27.0,130000.0,-0.04970683452435787,,2024-01-11
GCA_037447515.1,Sus scrofa,pig,9823,,,,,141826808,84745168,2714121607,27.0,130000.0,-0.04970683452435787,,2024-03-22
GCA_023065835.1,Hippopotamus amphibius,hippopotamus,9833,,,,,141669128,49478000,2424261695,61.2,3750000.0,0.07538586303636063,,2022-04-22
GCA_050437135.1,Mus musculus,house mouse,10090,,,,,141298708,141298708,2772909741,4.0,20.5,-0.2793035149459061,,2025-05-19
GCA_055447695.1,Sus scrofa,pig,9823,,,,,141082737,48482405,2537664381,27.0,130000.0,-0.04970683452435787,,2026-02-23
GCA_040869115.1,Sus scrofa,pig,9823,,,,,140747000,64441000,2721475704,27.0,130000.0,-0.04970683452435787,,2024-07-26
GCA_024718415.1,Sus scrofa,pig,9823,,,,,140684285,8942329,2455664950,27.0,130000.0,-0.04970683452435787,,2022-08-23
GCA_007644095.1,Sus scrofa,pig,9823,,,,,140438739,1009524,2491053062,27.0,130000.0,-0.04970683452435787,,2019-08-01
GCA_044906105.1,Sus scrofa,pig,9823,,,,,140102113,43824660,2620959165,27.0,130000.0,-0.04970683452435787,,2024-11-19
GCA_048418805.1,Vulpes vulpes,red fox,9627,,,,,139969695,55675583,2395584468,21.3,4131.7,0.08355446913821374,reference genome,2025-03-05
GCF_048418805.1,Vulpes vulpes,red fox,9627,,,,,139969695,55675583,2395584468,21.3,4131.7,0.08355446913821374,reference genome,2025-03-05
GCA_964106925.2,Vulpes vulpes,red fox,9627,,,,,139452099,2052204,2398532178,21.3,4131.7,0.08355446913821374,,2024-06-27
GCA_043972725.1,Mus musculus,house mouse,10090,,,,,139350059,65506188,2720445931,4.0,20.5,-0.2793035149459061,,2024-10-28
GCA_964106825.2,Vulpes vulpes,red fox,9627,,,,,139235879,2040520,2411710590,21.3,4131.7,0.08355446913821374,,2024-06-27
GCA_031225015.1,Sus scrofa,pig,9823,,,,,139229676,34948847,2447632473,27.0,130000.0,-0.04970683452435787,,2023-09-08
GCA_001632555.1,Mus musculus,house mouse,10090,,,,,139118349,12707,2806783987,4.0,20.5,-0.2793035149459061,,2016-05-09
GCA_044906185.1,Sus scrofa,pig,9823,,,,,138906736,47507740,2716729215,27.0,130000.0,-0.04970683452435787,,2024-11-19
GCA_031306245.1,Sus scrofa,pig,9823,,,,,138613896,5865964,2484527367,27.0,130000.0,-0.04970683452435787,,2023-09-14
GCA_947593165.1,Mus musculus,house mouse,10090,,,,,137857036,32925788,2822905246,4.0,20.5,-0.2793035149459061,,2022-12-18
GCA_015776825.1,Sus scrofa,pig,9823,,,,,137575542,4265198,2458240772,27.0,130000.0,-0.04970683452435787,,2020-12-08
GCA_039654815.1,Sus scrofa,pig,9823,,,,,137306111,4924071,2519994213,27.0,130000.0,-0.04970683452435787,,2024-05-17
GCA_964188535.1,Mus musculus,house mouse,10090,,,,,137126213,78831185,2731306900,4.0,20.5,-0.2793035149459061,,2024-06-23
GCA_001632615.1,Mus musculus,house mouse,10090,,,,,135164694,12608,2730782202,4.0,20.5,-0.2793035149459061,,2016-05-09
GCA_001624185.1,Mus musculus,house mouse,10090,,,,,134541008,14243,2732657393,4.0,20.5,-0.2793035149459061,,2016-04-26
GCA_947599735.1,Mus musculus,house mouse,10090,,,,,134505790,21715937,2856310111,4.0,20.5,-0.2793035149459061,,2022-12-18
GCA_001632575.1,Mus musculus,house mouse,10090,,,,,133067396,14540,2701115015,4.0,20.5,-0.2793035149459061,,2016-05-09
GCA_001624295.1,Mus musculus,house mouse,10090,,,,,132982296,23042,2712691254,4.0,20.5,-0.2793035149459061,,2016-04-26
GCA_001624745.1,Mus musculus,house mouse,10090,,,,,132960827,16509,2699250994,4.0,20.5,-0.2793035149459061,,2016-04-26
GCA_949316315.1,Mus musculus,house mouse,10090,,,,,132150484,39533248,2770952436,4.0,20.5,-0.2793035149459061,,2023-04-08
GCA_002844635.1,Sus scrofa,pig,9823,,,,,131458098,6372407,2755421422,27.0,130000.0,-0.04970683452435787,,2017-12-20
GCA_921998315.2,Mus musculus,house mouse,10090,,,,,130880718,49659417,2603156777,4.0,20.5,-0.2793035149459061,,2022-07-01
GCA_900119615.2,Sus scrofa,pig,9823,,,,,129927919,4224874,175055249,27.0,130000.0,-0.04970683452435787,,2017-02-08
GCA_001632525.1,Mus musculus,house mouse,10090,,,,,129642644,16195,2627327954,4.0,20.5,-0.2793035149459061,,2016-05-09
GCA_001624215.1,Mus musculus,house mouse,10090,,,,,129072804,19043,2629979094,4.0,20.5,-0.2793035149459061,,2016-04-26
GCA_001624505.1,Mus musculus,house mouse,10090,,,,,128213663,13123,2606145858,4.0,20.5,-0.2793035149459061,,2016-04-26
GCA_043792745.1,Mus musculus,house mouse,10090,,,,,127881904,49788210,2894337515,4.0,20.5,-0.2793035149459061,,2024-10-28
GCA_043793115.1,Mus musculus,house mouse,10090,,,,,127549461,45942035,2855296846,4.0,20.5,-0.2793035149459061,,2024-10-28
GCA_921998325.2,Mus musculus,house mouse,10090,,,,,127269091,6749549,2517347543,4.0,20.5,-0.2793035149459061,,2022-07-01
GCA_921997125.2,Mus musculus,house mouse,10090,,,,,127227482,8562414,2532421144,4.0,20.5,-0.2793035149459061,,2022-07-01
GCA_921998355.2,Mus musculus,house mouse,10090,,,,,127192181,16959821,2528244766,4.0,20.5,-0.2793035149459061,,2022-06-30
GCA_921997145.2,Mus musculus,house mouse,10090,,,,,127177172,35826829,2519896772,4.0,20.5,-0.2793035149459061,,2022-07-01
GCA_001624535.1,Mus musculus,house mouse,10090,,,,,127063089,15797,2588602990,4.0,20.5,-0.2793035149459061,,2016-04-26
GCA_921998905.2,Mus musculus,house mouse,10090,,,,,126990816,12206296,2520486995,4.0,20.5,-0.2793035149459061,,2022-06-30
GCA_922000895.2,Mus musculus,house mouse,10090,,,,,126857991,4609526,2502421059,4.0,20.5,-0.2793035149459061,,2022-07-01
GCA_921999865.2,Mus musculus,house mouse,10090,,,,,126851431,8304515,2514593528,4.0,20.5,-0.2793035149459061,,2022-07-01
GCA_921998555.2,Mus musculus,house mouse,10090,,,,,126792426,5000807,2516247871,4.0,20.5,-0.2793035149459061,,2022-07-01
GCA_921998635.2,Mus musculus,house mouse,10090,,,,,126399372,1916862,2516150399,4.0,20.5,-0.2793035149459061,,2022-07-01
GCA_031763685.1,Mus musculus,house mouse,10090,,,,,121827883,36353998,2717934897,4.0,20.5,-0.2793035149459061,,2023-09-22
GCA_052575565.1,Mus musculus,house mouse,10090,,,,,120867929,120867929,2613050807,4.0,20.5,-0.2793035149459061,,2025-09-12
GCA_000001635.9,Mus musculus,house mouse,10090,,,,,106145001,59462871,2728206152,4.0,20.5,-0.2793035149459061,reference genome,2020-06-24
GCF_000001635.27,Mus musculus,house mouse,10090,,,,,106145001,59462871,2728206152,4.0,20.5,-0.2793035149459061,reference genome,2020-06-24
GCA_042477335.2,Ovis canadensis,bighorn sheep,37174,,,,,105224494,105224494,2974267070,20.6,70275.0,-0.1250678532122389,reference genome,2024-10-18
GCF_042477335.2,Ovis canadensis,bighorn sheep,37174,,,,,105224494,105224494,2974267070,20.6,70275.0,-0.1250678532122389,reference genome,2024-10-18
GCA_052575535.1,Mus musculus,house mouse,10090,,,,,101961922,101961922,2636461246,4.0,20.5,-0.2793035149459061,,2025-09-12
GCA_031761455.1,Mus musculus,house mouse,10090,,,,,101020256,30118904,2754161322,4.0,20.5,-0.2793035149459061,,2023-09-22
GCA_004329235.1,Podarcis muralis,Common wall lizard,64176,,,,,92398148,714612,1511002858,,,,,2019-03-07
GCF_004329235.1,Podarcis muralis,Common wall lizard,64176,,,,,92398148,714612,1511002858,,,,,2019-03-07
GCA_964188315.1,Podarcis muralis,Common wall lizard,64176,,,,,91987695,3229453,1522624192,,,,reference genome,2024-06-21
GCF_964188315.1,Podarcis muralis,Common wall lizard,64176,,,,,91987695,3229453,1522624192,,,,reference genome,2024-06-21
GCA_040436645.1,Gallus gallus,chicken,9031,,,,,91836423,91836423,1097851144,30.0,779.8,0.12113682118255631,,2024-07-02
GCA_977927495.1,Gallus gallus,chicken,9031,,,,,91822226,59948741,1056192001,30.0,779.8,0.12113682118255631,,2025-12-12
GCA_027557775.1,Gallus gallus,chicken,9031,,,,,91555271,5465831,1094281734,30.0,779.8,0.12113682118255631,,2023-01-03
GCA_040436655.1,Gallus gallus,chicken,9031,,,,,91553107,75248722,1105034991,30.0,779.8,0.12113682118255631,,2024-07-02
GCA_052054655.1,Gallus gallus,chicken,9031,,,,,91513392,20973209,1079471232,30.0,779.8,0.12113682118255631,,2025-08-15
GCA_034769225.1,Gallus gallus,chicken,9031,,,,,91460022,58636,991178516,30.0,779.8,0.12113682118255631,,2023-12-29
GCA_024206055.2,Gallus gallus,chicken,9031,,,,,91364047,91364047,1100911310,30.0,779.8,0.12113682118255631,,2023-02-09
GCA_034769275.1,Gallus gallus,chicken,9031,,,,,91200165,63016,996204998,30.0,779.8,0.12113682118255631,,2023-12-29
GCA_030914275.2,Gallus gallus,chicken,9031,,,,,90877777,48829679,1025951901,30.0,779.8,0.12113682118255631,,2024-03-22
GCA_016699485.1,Gallus gallus,chicken,9031,,,,,90861225,18834961,1053315467,30.0,779.8,0.12113682118255631,reference genome,2021-01-19
GCF_016699485.2,Gallus gallus,chicken,9031,,,,,90861225,18834961,1053315467,30.0,779.8,0.12113682118255631,reference genome,2021-01-19
GCA_030979905.2,Gallus gallus,chicken,9031,,,,,90729915,23646952,1027403116,30.0,779.8,0.12113682118255631,,2024-03-22
GCA_024652985.1,Gallus gallus,chicken,9031,,,,,90570627,218587,1023494120,30.0,779.8,0.12113682118255631,,2022-08-15
GCA_016700215.2,Gallus gallus,chicken,9031,,,,,90563926,17744542,1050511239,30.0,779.8,0.12113682118255631,,2021-10-01
GCF_016700215.2,Gallus gallus,chicken,9031,,,,,90563926,17744542,1050511239,30.0,779.8,0.12113682118255631,,2021-10-01
GCA_024652995.1,Gallus gallus,chicken,9031,,,,,90557900,246868,1036653693,30.0,779.8,0.12113682118255631,,2022-08-15
GCA_030914265.2,Gallus gallus,chicken,9031,,,,,90535393,62778941,1035844433,30.0,779.8,0.12113682118255631,,2024-03-22
GCA_030849555.2,Gallus gallus,chicken,9031,,,,,90525302,59720364,1037065285,30.0,779.8,0.12113682118255631,,2024-03-22
GCA_039997075.1,Gallus gallus,chicken,9031,,,,,90511606,40292119,1023165347,30.0,779.8,0.12113682118255631,,2024-05-31
GCA_024653045.1,Gallus gallus,chicken,9031,,,,,90469443,246386,1036335579,30.0,779.8,0.12113682118255631,,2022-08-15
GCA_024653035.1,Gallus gallus,chicken,9031,,,,,90425439,257189,1018159992,30.0,779.8,0.12113682118255631,,2022-08-15
GCA_024653025.1,Gallus gallus,chicken,9031,,,,,90290900,290226,1024875044,30.0,779.8,0.12113682118255631,,2022-08-15
GCA_025370635.1,Gallus gallus,chicken,9031,,,,,90285403,333100,1031193845,30.0,779.8,0.12113682118255631,,2022-09-23
GCA_002798355.1,Gallus gallus,chicken,9031,,,,,90110113,639813,1021005462,30.0,779.8,0.12113682118255631,,2017-12-05
GCA_000003025.6,Sus scrofa,pig,9823,,,,,88231837,48231277,2501895775,27.0,130000.0,-0.04970683452435787,,2017-02-07
GCF_000003025.6,Sus scrofa,pig,9823,,,,,88231837,48231277,2501895775,27.0,130000.0,-0.04970683452435787,reference genome,2017-02-07
GCA_027408225.1,Gallus gallus,chicken,9031,,,,,87475253,8326736,1109044877,30.0,779.8,0.12113682118255631,,2022-12-28
GCA_041920315.1,Gallus gallus,chicken,9031,,,,,86588210,72465781,1136064920,30.0,779.8,0.12113682118255631,,2024-09-16
GCA_039998725.1,Anas platyrhynchos,mallard,8839,,,,,83980382,12173573,1291275890,29.1,1048.1,0.08083576152181937,,2024-05-31
GCA_055691045.1,Gallus gallus,chicken,9031,,,,,83786400,21756992,1131132139,30.0,779.8,0.12113682118255631,,2026-03-05
GCA_055697225.1,Gallus gallus,chicken,9031,,,,,80683582,21415541,1121864345,30.0,779.8,0.12113682118255631,,2026-03-04
GCA_047663525.1,Anas platyrhynchos,mallard,8839,,,,,80154792,80154792,1261969826,29.1,1048.1,0.08083576152181937,reference genome,2025-02-12
GCF_047663525.1,Anas platyrhynchos,mallard,8839,,,,,80154792,80154792,1261969826,29.1,1048.1,0.08083576152181937,reference genome,2025-02-12
GCA_054730915.1,Anas platyrhynchos,mallard,8839,,,,,79802745,43225645,1281866887,29.1,1048.1,0.08083576152181937,,2026-01-26
GCA_002224895.2,Anas platyrhynchos,mallard,8839,,,,,79458228,146179,1257176136,29.1,1048.1,0.08083576152181937,,2025-07-15
GCA_030704485.1,Anas platyrhynchos,mallard,8839,,,,,79203680,42971,1045548955,29.1,1048.1,0.08083576152181937,,2023-08-14
GCA_008746955.4,Anas platyrhynchos,mallard,8839,,,,,76953781,76953781,1221947637,29.1,1048.1,0.08083576152181937,,2025-11-14
GCA_037218355.1,Anas platyrhynchos,mallard,8839,,,,,76569693,68969317,1159662675,29.1,1048.1,0.08083576152181937,,2024-03-18
GCA_048756695.1,Anas platyrhynchos,mallard,8839,,,,,76290100,15273318,1181095098,29.1,1048.1,0.08083576152181937,,2025-03-21
GCA_015476345.1,Anas platyrhynchos,mallard,8839,,,,,76269206,5679408,1188516685,29.1,1048.1,0.08083576152181937,,2020-11-23
GCF_015476345.1,Anas platyrhynchos,mallard,8839,,,,,76269206,5679408,1188516685,29.1,1048.1,0.08083576152181937,,2020-11-23
GCA_053542945.1,Anas platyrhynchos,mallard,8839,,,,,76267873,76267873,1206629822,29.1,1048.1,0.08083576152181937,,2025-11-18
GCA_003850225.1,Anas platyrhynchos,mallard,8839,,,,,76129154,36811,1126159488,29.1,1048.1,0.08083576152181937,,2018-11-29
GCF_003850225.1,Anas platyrhynchos,mallard,8839,,,,,76129154,36811,1126159488,29.1,1048.1,0.08083576152181937,,2018-11-29
GCA_047301635.1,Anas platyrhynchos,mallard,8839,,,,,76075831,10900000,1154847137,29.1,1048.1,0.08083576152181937,,2025-01-30
GCA_900411745.1,Anas platyrhynchos,mallard,8839,,,,,74035964,29908,1087903987,29.1,1048.1,0.08083576152181937,,2020-06-28
GCA_963513975.1,Fringilla coelebs,chaffinch,37598,,,,,73246393,3733973,1209226962,29.0,20.7,0.4386612008284123,reference genome,2023-09-28
GCA_964188345.1,Anas platyrhynchos,mallard,8839,,,,,69288905,3518761,1300232380,29.1,1048.1,0.08083576152181937,,2024-06-21
GCA_053567815.1,Anas platyrhynchos,mallard,8839,,,,,67225228,67225228,1305679444,29.1,1048.1,0.08083576152181937,,2025-11-18
GCA_905319855.2,Canis lupus,wolf,9612,,,,,65778685,34375412,2447447219,20.6,26625.0,-0.05858424437574672,,2021-03-26
GCA_034620435.1,Canis lupus,wolf,9612,,,,,64498519,44625132,2351850695,20.6,26625.0,-0.05858424437574672,,2023-12-27
GCA_040361135.1,Anas platyrhynchos,mallard,8839,,,,,64456614,14901487,1281425178,29.1,1048.1,0.08083576152181937,,2024-06-28
GCA_016271365.2,Neoceratodus forsteri,Australian lungfish,7892,,Ceratodontiformes,Ceratodontidae,Neoceratodus,1485207024,1402697193,34557648077,,,,reference genome,2023-05-16
GCA_040581445.1,Lepidosiren paradoxa,South American lungfish,7883,,Ceratodontiformes,Lepidosirenidae,Lepidosiren,1992257274,11627988,87218830714,,,,reference genome,2024-07-19
GCA_019279795.1,Protopterus annectens,West African lungfish,7888,,Ceratodontiformes,Protopteridae,Protopterus,1974114035,1603140,40054324612,,,,reference genome,2021-07-20
GCF_019279795.1,Protopterus annectens,West African lungfish,7888,,Ceratodontiformes,Protopteridae,Protopterus,1974114035,1603140,40054324612,,,,reference genome,2021-07-20
GCA_040939525.1,Protopterus annectens,West African lungfish,7888,,Ceratodontiformes,Protopteridae,Protopterus,1950821829,3414998,40524157013,,,,,2024-08-01
GCA_037176945.1,Latimeria chalumnae,coelacanth,7897,,Coelacanthiformes,Coelacanthidae,Latimeria,188107785,42076942,2947609019,48.0,52250.0,,reference genome,2024-03-18
GCF_037176945.1,Latimeria chalumnae,coelacanth,7897,,Coelacanthiformes,Coelacanthidae,Latimeria,188107785,42076942,2947609019,48.0,52250.0,,reference genome,2024-03-18
GCA_030867095.1,Alligator mississippiensis,American alligator,8496,,Crocodylia,Alligatoridae,Alligator,255078640,38556409,2346779227,77.0,150000.0,0.13284251884178144,reference genome,2023-08-24
GCF_030867095.1,Alligator mississippiensis,American alligator,8496,,Crocodylia,Alligatoridae,Alligator,255078640,38556409,2346779227,77.0,150000.0,0.13284251884178144,reference genome,2023-08-24
GCA_052110815.1,Crocodylus siamensis,Siamese crocodile,68455,,Crocodylia,Crocodylidae,Crocodylus,247920864,22917388,2128057549,,,,reference genome,2025-08-18
GCA_054825085.1,Crocodylus niloticus,Nile crocodile,8501,,Crocodylia,Crocodylidae,Crocodylus,222540633,111505586,2344593006,,,,reference genome,2026-01-29
GCA_054954115.1,Crocodylus niloticus,Nile crocodile,8501,,Crocodylia,Crocodylidae,Crocodylus,220680538,110865934,2340748198,,,,,2026-01-29
GCA_030020295.1,Gavialis gangeticus,Gharial,94835,,Crocodylia,Gavialidae,Gavialis,257319116,84235120,2328538659,,,,,2023-05-22
GCA_033958435.1,Carettochelys insculpta,pitted-shelled turtle,44489,,Testudines,Carettochelyidae,Carettochelys,130115908,126464372,2180317067,,,,reference genome,2023-11-27
GCF_033958435.1,Carettochelys insculpta,pitted-shelled turtle,44489,,Testudines,Carettochelyidae,Carettochelys,130115908,126464372,2180317067,,,,reference genome,2023-11-27
GCA_040894355.2,Myuchelys georgesi,Bellinger river turtle,1041117,,Testudines,Chelidae,Myuchelys,123447689,56181416,1980039302,,,,reference genome,2025-02-07
GCA_054346155.1,Emydura subglobosa,,251359,,Testudines,Chelidae,Emydura,122085354,99727220,2002938025,,,,reference genome,2026-01-05
GCA_049999965.1,Hydromedusa tectifera,,61327,,Testudines,Chelidae,Hydromedusa,118569001,63372439,1849762660,,,,reference genome,2025-04-29
GCA_965140275.1,Caretta caretta,loggerhead turtle,8467,,Testudines,Cheloniidae,Caretta,137610697,119638208,2206382585,37.0,156500.0,-0.18827478344847592,,2025-02-13
GCA_965140235.1,Caretta caretta,loggerhead turtle,8467,,Testudines,Cheloniidae,Caretta,137541926,124322749,2217236305,37.0,156500.0,-0.18827478344847592,reference genome,2025-02-13
GCF_965140235.1,Caretta caretta,loggerhead turtle,8467,,Testudines,Cheloniidae,Caretta,137541926,124322749,2217236305,37.0,156500.0,-0.18827478344847592,reference genome,2025-02-13
GCA_965140295.1,Lepidochelys olivacea,Pacific ridley,27788,,Testudines,Cheloniidae,Lepidochelys,137258246,91320439,2206568898,,,,reference genome,2025-02-13
GCA_030012505.1,Eretmochelys imbricata,hawksbill sea turtle,27787,,Testudines,Cheloniidae,Eretmochelys,137212766,82034986,2296226205,,,,,2023-05-15
GCA_965152285.1,Eretmochelys imbricata,hawksbill sea turtle,27787,,Testudines,Cheloniidae,Eretmochelys,137068235,80994248,2224324466,,,,,2025-02-16
GCA_965140255.1,Lepidochelys olivacea,Pacific ridley,27788,,Testudines,Cheloniidae,Lepidochelys,137004717,90076186,2208046144,,,,,2025-02-13
GCA_965140265.1,Lepidochelys kempii,Atlantic ridley,8472,,Testudines,Cheloniidae,Lepidochelys,136811586,59796335,2204769334,,,,,2025-03-26
GCF_965140265.1,Lepidochelys kempii,Atlantic ridley,8472,,Testudines,Cheloniidae,Lepidochelys,136811586,59796335,2204769334,,,,,2025-03-26
GCA_965140285.1,Lepidochelys kempii,Atlantic ridley,8472,,Testudines,Cheloniidae,Lepidochelys,136730895,52784435,2219022919,,,,reference genome,2025-03-26
GCF_965140285.1,Lepidochelys kempii,Atlantic ridley,8472,,Testudines,Cheloniidae,Lepidochelys,136730895,52784435,2219022919,,,,reference genome,2025-03-26
GCA_965152235.1,Eretmochelys imbricata,hawksbill sea turtle,27787,,Testudines,Cheloniidae,Eretmochelys,136542973,80323000,2217987207,,,,reference genome,2025-04-10
GCF_965152235.1,Eretmochelys imbricata,hawksbill sea turtle,27787,,Testudines,Cheloniidae,Eretmochelys,136542973,80323000,2217987207,,,,reference genome,2025-04-10
GCA_015237465.2,Chelonia mydas,Green sea turtle,8469,,Testudines,Cheloniidae,Chelonia,134428053,39415510,2134358617,75.0,160000.0,0.11711010337450167,reference genome,2021-07-15
GCF_015237465.2,Chelonia mydas,Green sea turtle,8469,,Testudines,Cheloniidae,Chelonia,134428053,39415510,2134358617,75.0,160000.0,0.11711010337450167,reference genome,2021-07-15
GCA_965152275.1,Natator depressus,flatback sea turtle,27790,,Testudines,Cheloniidae,Natator,134157645,77014821,2173430419,,,,reference genome,2025-02-16
GCF_965152275.1,Natator depressus,flatback sea turtle,27790,,Testudines,Cheloniidae,Natator,134157645,77014821,2173430419,,,,reference genome,2025-02-16
GCA_965152195.1,Natator depressus,flatback sea turtle,27790,,Testudines,Cheloniidae,Natator,132554442,77975201,2130756730,,,,,2025-02-16
GCF_023653815.2,Caretta caretta,loggerhead turtle,8467,,Testudines,Cheloniidae,Caretta,130956235,18214114,2133995980,37.0,156500.0,-0.18827478344847592,,2022-06-07
GCA_023653815.1,Caretta caretta,loggerhead turtle,8467,,Testudines,Cheloniidae,Caretta,130956235,18214114,2133995980,37.0,156500.0,-0.18827478344847592,,2022-06-07
GCA_965117115.1,Caretta caretta,loggerhead turtle,8467,,Testudines,Cheloniidae,Caretta,129734102,5360101,2145737358,37.0,156500.0,-0.18827478344847592,,2025-01-24
GCA_033296515.1,Macrochelys suwanniensis,Suwannee snapping turtle,3026461,,Testudines,Chelydridae,Macrochelys,139680232,43882550,2132261265,,,,reference genome,2023-11-06
GCA_033349115.1,Macrochelys suwanniensis,Suwannee snapping turtle,3026461,,Testudines,Chelydridae,Macrochelys,133157836,28400779,1937254095,,,,,2023-11-06
GCA_054099655.1,Dermatemys mawii,,55550,,Testudines,Dermatemydidae,Dermatemys,112986257,57121583,1951700107,,,,reference genome,2025-12-18
GCA_054099715.1,Dermatemys mawii,,55550,,Testudines,Dermatemydidae,Dermatemys,110990578,78144100,1926746312,,,,,2025-12-18
GCA_009764565.4,Dermochelys coriacea,leatherback sea turtle,27794,,Testudines,Dermochelyidae,Dermochelys,137568771,7029801,2164762090,30.0,420000.0,-0.34517439795406246,reference genome,2021-08-25
GCF_009764565.3,Dermochelys coriacea,leatherback sea turtle,27794,,Testudines,Dermochelyidae,Dermochelys,137568771,7029801,2164762090,30.0,420000.0,-0.34517439795406246,reference genome,2021-08-25
GCA_037418315.2,Chrysemys picta marginata,midland painted turtle,391339,,Testudines,Emydidae,Chrysemys,146520651,51334297,2315601350,,,,,2025-08-18
GCA_028017835.1,Emys orbicularis,European pond turtle,82168,,Testudines,Emydidae,Emys,146456333,91255289,2309740635,,,,reference genome,2023-01-30
GCF_028017835.1,Emys orbicularis,European pond turtle,82168,,Testudines,Emydidae,Emys,146456333,91255289,2309740635,,,,reference genome,2023-01-30
GCA_037349215.2,Graptemys geographica,map turtle,8481,,Testudines,Emydidae,Graptemys,145729234,83656063,2225172804,,,,reference genome,2025-07-18
GCA_027887155.1,Malaclemys terrapin pileata,,2991368,,Testudines,Emydidae,Malaclemys,144565223,75591180,2211221380,,,,reference genome,2023-01-18
GCF_027887155.1,Malaclemys terrapin pileata,,2991368,,Testudines,Emydidae,Malaclemys,144565223,75591180,2211221380,,,,reference genome,2023-01-18
GCA_027887205.1,Malaclemys terrapin pileata,,2991368,,Testudines,Emydidae,Malaclemys,143972775,97701506,2212837039,,,,,2023-01-18
GCA_037113585.1,Malaclemys terrapin centrata,,1087311,,Testudines,Emydidae,Malaclemys,143749486,63948927,2207474184,,,,,2024-03-13
GCA_013100865.1,Trachemys scripta elegans,,31138,,Testudines,Emydidae,Trachemys,140411086,204575,2126182493,,,,reference genome,2020-05-15
GCF_013100865.1,Trachemys scripta elegans,,31138,,Testudines,Emydidae,Trachemys,140411086,204575,2126182493,,,,reference genome,2020-05-15
GCA_011386835.2,Chrysemys picta bellii,western painted turtle,8478,,Testudines,Emydidae,Chrysemys,133555881,13370154,2372089908,,,,reference genome,2023-09-08
GCF_011386835.1,Chrysemys picta bellii,western painted turtle,8478,,Testudines,Emydidae,Chrysemys,133555881,13370154,2372089908,,,,reference genome,2023-09-08
GCA_045781095.1,Pangshura tecta,Indian roofed turtle,260642,,Testudines,Geoemydidae,Pangshura,136649681,54152134,2165924875,,,,reference genome,2024-12-06
GCA_045781085.1,Pangshura tecta,Indian roofed turtle,260642,,Testudines,Geoemydidae,Pangshura,135935731,58728674,2174567992,,,,,2024-12-06
GCA_020497125.1,Mauremys mutica,yellowpond turtle,74926,,Testudines,Geoemydidae,Mauremys,135065811,15010728,2484351270,,,,reference genome,2021-10-14
GCF_020497125.1,Mauremys mutica,yellowpond turtle,74926,,Testudines,Geoemydidae,Mauremys,135065811,15010728,2484351270,,,,reference genome,2021-10-14
GCA_032357905.1,Mauremys mutica,yellowpond turtle,74926,,Testudines,Geoemydidae,Mauremys,134295272,23753044,2428777300,,,,,2023-10-16
GCA_016161935.1,Mauremys reevesii,Reeves's turtle,260615,,Testudines,Geoemydidae,Mauremys,130473029,33352699,2367590653,,,,reference genome,2020-12-22
GCF_016161935.1,Mauremys reevesii,Reeves's turtle,260615,,Testudines,Geoemydidae,Mauremys,130473029,33352699,2367590653,,,,reference genome,2020-12-22
GCA_044707075.1,Staurotypus triporcatus,,55537,,Testudines,Kinosternidae,Staurotypus,111335768,16372,1751894025,,,,reference genome,2024-11-13
GCA_051311615.1,Pelomedusa somalica,,1488670,,Testudines,Pelomedusidae,Pelomedusa,217994614,51191779,1948856296,,,,reference genome,2025-07-14
GCA_045364815.1,Podocnemis expansa,,44507,,Testudines,Podocnemididae,Podocnemis,300517188,24087131,2565358608,,,,reference genome,2024-12-02
GCA_045364785.1,Podocnemis expansa,,44507,,Testudines,Podocnemididae,Podocnemis,300404079,21396530,2642177504,,,,,2024-12-02
GCA_050000005.2,Podocnemis unifilis,yellow-spotted Amazon River turtle,227871,,Testudines,Podocnemididae,Podocnemis,299507546,41959044,2435981808,,,,reference genome,2026-03-10
GCA_025201925.1,Gopherus flavomarginatus,Mexican gopher tortoise,286002,,Testudines,Testudinidae,Gopherus,162938067,6917139,2460542086,,,,reference genome,2022-09-15
GCF_025201925.1,Gopherus flavomarginatus,Mexican gopher tortoise,286002,,Testudines,Testudinidae,Gopherus,162938067,6917139,2460542086,,,,reference genome,2022-09-15
GCA_026122505.1,Aldabrachelys gigantea,Aldabra giant tortoise,167804,,Testudines,Testudinidae,Aldabrachelys,148569599,58656949,2373354137,,,,reference genome,2022-11-15
GCA_003597395.2,Chelonoidis abingdonii,Abingdon island giant tortoise,106734,,Testudines,Testudinidae,Chelonoidis,148185065,119261,2256468705,,,,reference genome,2025-04-29
GCF_003597395.2,Chelonoidis abingdonii,Abingdon island giant tortoise,106734,,Testudines,Testudinidae,Chelonoidis,148185065,119261,2256468705,,,,reference genome,2025-04-29
GCA_007399415.1,Gopherus evgoodei,Goodes thornscrub tortoise,1825980,,Testudines,Testudinidae,Gopherus,147425149,13026736,2298547364,,,,reference genome,2019-07-25
GCF_007399415.2,Gopherus evgoodei,Goodes thornscrub tortoise,1825980,,Testudines,Testudinidae,Gopherus,147425149,13026736,2298547364,,,,reference genome,2019-07-25
GCA_050000095.2,Indotestudo elongata,Elongated tortoise,74920,,Testudines,Testudinidae,Indotestudo,146925146,107311172,2319568681,,,,reference genome,2025-08-19
GCA_050000115.1,Indotestudo elongata,Elongated tortoise,74920,,Testudines,Testudinidae,Indotestudo,146661883,81043424,2343166286,,,,,2025-04-29
GCA_040782865.1,Testudo graeca,,86975,,Testudines,Testudinidae,Testudo,130162285,133608,2321835411,,,,reference genome,2024-07-19
GCA_977009205.1,Trionyx triunguis,African softshell turtle,101491,,Testudines,Trionychidae,Trionyx,137054899,80362655,2320326796,,,,reference genome,2025-10-19
GCA_055691355.1,Apalone spinifera,spiny softshell turtle,55534,,Testudines,Trionychidae,Apalone,133328498,79167384,2322510297,,,,reference genome,2026-03-05
GCA_052426305.1,Pelodiscus sinensis,Chinese soft-shelled turtle,13735,,Testudines,Trionychidae,Pelodiscus,132537830,132537830,2266984135,,,,,2025-09-03
GCA_019425775.1,Rafetus swinhoei,Swinhoes soft-shelled turtle,904230,,Testudines,Trionychidae,Rafetus,131976892,30963999,2237949466,,,,reference genome,2021-07-30
GCA_052575445.1,Chitra chitra,,171799,,Testudines,Trionychidae,Chitra,131477372,78634236,2191255941,,,,reference genome,2025-09-12
GCA_054135685.1,Palea steindachneri,wattle-necked softshell turtle,161718,,Testudines,Trionychidae,Palea,131416804,123794365,2225109576,,,,reference genome,2025-12-23
GCA_052110805.1,Pelodiscus sinensis,Chinese soft-shelled turtle,13735,,Testudines,Trionychidae,Pelodiscus,130523375,14386982,2191815503,,,,,2025-08-18
GCA_048772765.1,Pelodiscus sinensis,Chinese soft-shelled turtle,13735,,Testudines,Trionychidae,Pelodiscus,130314220,1978471,2132957748,,,,,2025-03-21
GCA_049634645.1,Pelodiscus sinensis,Chinese soft-shelled turtle,13735,,Testudines,Trionychidae,Pelodiscus,129579767,107607917,2243870947,,,,reference genome,2025-04-15
GCF_049634645.1,Pelodiscus sinensis,Chinese soft-shelled turtle,13735,,Testudines,Trionychidae,Pelodiscus,129579767,107607917,2243870947,,,,reference genome,2025-04-15
GCA_032595735.1,Pelochelys cantorii,Cantor's giant softshell turtle,171793,,Testudines,Trionychidae,Pelochelys,120169148,41440143,2161035712,,,,reference genome,2023-10-12
GCA_030068395.2,Apalone spinifera,spiny softshell turtle,55534,,Testudines,Trionychidae,Apalone,120034057,14642,1915329639,,,,,2025-05-20
GCA_027410445.1,Discoglossus pictus,painted frog,8351,Amphibia,Anura,Alytidae,Discoglossus,453717995,3043591,3872581802,,,,reference genome,2022-12-28
GCA_048569485.1,Anomaloglossus baeobatrachus,,238106,Amphibia,Anura,Aromobatidae,Anomaloglossus,707508717,2835192,6265077250,,,,reference genome,2025-03-13
GCF_048569485.1,Anomaloglossus baeobatrachus,,238106,Amphibia,Anura,Aromobatidae,Anomaloglossus,707508717,2835192,6265077250,,,,reference genome,2025-03-13
GCA_048569465.1,Anomaloglossus baeobatrachus,,238106,Amphibia,Anura,Aromobatidae,Anomaloglossus,703061776,2786571,6129031283,,,,,2025-03-13
GCA_040206685.1,Ascaphus truei,coastal tailed frog,8439,Amphibia,Anura,Ascaphidae,Ascaphus,424004025,981472,3722616900,,,,reference genome,2024-06-17
GCF_040206685.1,Ascaphus truei,coastal tailed frog,8439,Amphibia,Anura,Ascaphidae,Ascaphus,424004025,981472,3722616900,,,,reference genome,2024-06-17
GCA_040206675.1,Ascaphus truei,coastal tailed frog,8439,Amphibia,Anura,Ascaphidae,Ascaphus,396163443,971055,3660446095,,,,,2024-06-17
GCA_036426205.1,Ascaphus truei,coastal tailed frog,8439,Amphibia,Anura,Ascaphidae,Ascaphus,76695647,164230,3101746330,,,,,2024-02-07
GCA_027579735.1,Bombina bombina,fire-bellied toad,8345,Amphibia,Anura,Bombinatoridae,Bombina,1241340601,3759931,10019663791,,,,reference genome,2023-01-09
GCF_027579735.1,Bombina bombina,fire-bellied toad,8345,Amphibia,Anura,Bombinatoridae,Bombina,1241340601,3759931,10019663791,,,,reference genome,2023-01-09
GCA_964205295.1,Bombina variegata,yellow-bellied toad,8348,Amphibia,Anura,Bombinatoridae,Bombina,1114117749,1741680,9369772323,,,,reference genome,2024-07-29
GCA_964205305.1,Bombina variegata,yellow-bellied toad,8348,Amphibia,Anura,Bombinatoridae,Bombina,1092803421,1677552,9112230460,,,,,2024-07-29
GCA_905171765.1,Bufo bufo,common toad,8384,Amphibia,Anura,Bufonidae,Bufo,635713434,3959750,5044744194,,,,reference genome,2021-01-28
GCF_905171765.1,Bufo bufo,common toad,8384,Amphibia,Anura,Bufonidae,Bufo,635713434,3959750,5044744194,,,,reference genome,2021-01-28
GCA_014858855.1,Bufo gargarizans,Asiatic toad,30331,Amphibia,Anura,Bufonidae,Bufo,539822115,1738317,4545465442,,,,reference genome,2020-10-21
GCF_014858855.1,Bufo gargarizans,Asiatic toad,30331,Amphibia,Anura,Bufonidae,Bufo,539822115,1738317,4545465442,,,,reference genome,2020-10-21
GCA_033119425.1,Bufotes viridis,European green toad,30338,Amphibia,Anura,Bufonidae,Bufotes,470251507,1872430,3796774568,,,,reference genome,2023-11-02
GCA_978041805.1,Epidalea calamita,natterjack toad,30326,Amphibia,Anura,Bufonidae,Epidalea,469163722,15944649,3711998431,,,,reference genome,2026-01-23
GCA_978041865.1,Epidalea calamita,natterjack toad,30326,Amphibia,Anura,Bufonidae,Epidalea,467214536,16129957,3713514387,,,,,2026-02-28
GCA_037900795.1,Bufotes viridis,European green toad,30338,Amphibia,Anura,Bufonidae,Bufotes,464180742,466638,3660158783,,,,,2024-04-01
GCA_051348885.1,Ranitomeya variabilis,Zimmermann's poison frog,490064,Amphibia,Anura,Dendrobatidae,Ranitomeya,791844793,60899295,5710906444,,,,,2025-07-15
GCA_051348905.1,Ranitomeya variabilis,Zimmermann's poison frog,490064,Amphibia,Anura,Dendrobatidae,Ranitomeya,788740125,68175871,5645589471,,,,reference genome,2025-07-15
GCF_051348905.1,Ranitomeya variabilis,Zimmermann's poison frog,490064,Amphibia,Anura,Dendrobatidae,Ranitomeya,788740125,68175871,5645589471,,,,reference genome,2025-07-15
GCA_032444005.1,Ranitomeya imitator,mimic poison frog,111125,Amphibia,Anura,Dendrobatidae,Ranitomeya,725832262,13907627,5956610564,,,,reference genome,2023-10-16
GCF_032444005.1,Ranitomeya imitator,mimic poison frog,111125,Amphibia,Anura,Dendrobatidae,Ranitomeya,725832262,13907627,5956610564,,,,reference genome,2023-10-16
GCA_054083975.1,Fejervarya limnocharis,Boie's wart frog,110108,Amphibia,Anura,Dicroglossidae,Fejervarya,390094180,4508473,3519762086,,,,reference genome,2025-12-17
GCA_054084005.1,Fejervarya limnocharis,Boie's wart frog,110108,Amphibia,Anura,Dicroglossidae,Fejervarya,385637852,4768073,3488174278,,,,,2025-12-17
GCA_035609135.1,Eleutherodactylus coqui,Puerto Rican coqui,57060,Amphibia,Anura,Eleutherodactylidae,Eleutherodactylus,286577258,10012006,3362534901,,,,,2024-01-12
GCA_035609145.1,Eleutherodactylus coqui,Puerto Rican coqui,57060,Amphibia,Anura,Eleutherodactylidae,Eleutherodactylus,277440397,10388966,3371297528,,,,reference genome,2024-01-12
GCF_035609145.1,Eleutherodactylus coqui,Puerto Rican coqui,57060,Amphibia,Anura,Eleutherodactylidae,Eleutherodactylus,277440397,10388966,3371297528,,,,reference genome,2024-01-12
GCA_055470875.1,Eleutherodactylus marnockii,cliff chirping frog,356179,Amphibia,Anura,Eleutherodactylidae,Eleutherodactylus,268754176,6673842,4756406836,,,,reference genome,2026-02-24
GCA_055470885.1,Eleutherodactylus marnockii,cliff chirping frog,356179,Amphibia,Anura,Eleutherodactylidae,Eleutherodactylus,259362208,7280876,4753297753,,,,,2026-02-24
GCA_019857665.1,Eleutherodactylus coqui,Puerto Rican coqui,57060,Amphibia,Anura,Eleutherodactylidae,Eleutherodactylus,109467076,10856,2789347782,,,,,2021-09-16
GCA_053478255.1,Pseudacris triseriata,western chorus frog,194198,Amphibia,Anura,Hylidae,Pseudacris,441658312,5336854,3994399550,,,,reference genome,2025-11-14
GCA_029499605.1,Hyla sarda,,327740,Amphibia,Anura,Hylidae,Hyla,384967061,3809262,4142159359,,,,reference genome,2023-04-07
GCF_029499605.1,Hyla sarda,,327740,Amphibia,Anura,Hylidae,Hyla,384967061,3809262,4142159359,,,,reference genome,2023-04-07
GCA_027789765.1,Dendropsophus ebraccatus,hourglass treefrog,150705,Amphibia,Anura,Hylidae,Dendropsophus,153439414,8808153,2214937069,,,,reference genome,2023-01-13
GCF_027789765.1,Dendropsophus ebraccatus,hourglass treefrog,150705,Amphibia,Anura,Hylidae,Dendropsophus,153439414,8808153,2214937069,,,,reference genome,2023-01-13
GCA_040937935.1,Hyperolius riggenbachi,Riggenbach's reed frog,752182,Amphibia,Anura,Hyperoliidae,Hyperolius,451034413,2674826,4915935452,,,,reference genome,2024-07-30
GCF_040937935.1,Hyperolius riggenbachi,Riggenbach's reed frog,752182,Amphibia,Anura,Hyperoliidae,Hyperolius,451034413,2674826,4915935452,,,,reference genome,2024-07-30
GCA_031893025.1,Leptodactylus fuscus,rufous frog,238119,Amphibia,Anura,Leptodactylidae,Leptodactylus,228259793,5565655,2307711212,,,,,2023-09-26
GCA_031893055.1,Leptodactylus fuscus,rufous frog,238119,Amphibia,Anura,Leptodactylidae,Leptodactylus,226021100,5334240,2197979350,,,,reference genome,2023-09-26
GCF_031893055.1,Leptodactylus fuscus,rufous frog,238119,Amphibia,Anura,Leptodactylidae,Leptodactylus,226021100,5334240,2197979350,,,,reference genome,2023-09-26
GCA_040894005.1,Engystomops pustulosus,Tungara frog,76066,Amphibia,Anura,Leptodactylidae,Engystomops,214838416,21805561,2158203323,,,,reference genome,2024-07-30
GCF_040894005.1,Engystomops pustulosus,Tungara frog,76066,Amphibia,Anura,Leptodactylidae,Engystomops,214838416,21805561,2158203323,,,,reference genome,2024-07-30
GCA_040894015.1,Engystomops pustulosus,Tungara frog,76066,Amphibia,Anura,Leptodactylidae,Engystomops,190347786,14365456,2081032022,,,,,2024-07-30
GCA_019512145.1,Engystomops pustulosus,Tungara frog,76066,Amphibia,Anura,Leptodactylidae,Engystomops,172109237,305357,2555516698,,,,,2021-08-10
GCA_038048845.1,Mixophyes fleayi,Fleay's barred frog,3061075,Amphibia,Anura,Limnodynastidae,Mixophyes,346624570,4050021,2969628263,,,,reference genome,2024-04-17
GCF_038048845.1,Mixophyes fleayi,Fleay's barred frog,3061075,Amphibia,Anura,Limnodynastidae,Mixophyes,346624570,4050021,2969628263,,,,reference genome,2024-04-17
GCA_038048865.1,Mixophyes fleayi,Fleay's barred frog,3061075,Amphibia,Anura,Limnodynastidae,Mixophyes,343394132,4482390,2876209288,,,,,2024-04-17
GCA_048565335.1,Mantella aurantiaca,,43514,Amphibia,Anura,Mantellidae,Mantella,372175235,2243248,3319283846,,,,reference genome,2025-03-12
GCA_048565345.1,Mantella aurantiaca,,43514,Amphibia,Anura,Mantellidae,Mantella,333086339,2265415,3336091145,,,,,2025-03-12
GCA_018994145.1,Leptobrachium ailaonicum,Yunnan mustache toad,428466,Amphibia,Anura,Megophryidae,Leptobrachium,412424790,821125,3535795546,,,,reference genome,2021-06-24
GCA_054131545.1,Leptobrachium boringii,Emei moustache toad,265040,Amphibia,Anura,Megophryidae,Leptobrachium,406887571,6397514,3372468942,,,,reference genome,2025-12-22
GCA_032062155.1,Leptobrachium ailaonicum,Yunnan mustache toad,428466,Amphibia,Anura,Megophryidae,Leptobrachium,402259642,807968,3531415146,,,,,2023-09-27
GCA_009667805.1,Leptobrachium leishanense,Leishan spiny toad,445787,Amphibia,Anura,Megophryidae,Leptobrachium,394693044,1946319,3549060464,,,,reference genome,2019-11-19
GCA_027917425.1,Gastrophryne carolinensis,eastern narrow-mouthed toad,8429,Amphibia,Anura,Microhylidae,Gastrophryne,489283037,4962642,4336248441,,,,reference genome,2023-01-18
GCA_027917415.1,Gastrophryne carolinensis,eastern narrow-mouthed toad,8429,Amphibia,Anura,Microhylidae,Gastrophryne,483855963,4840928,4305890454,,,,,2023-01-18
GCA_028390025.1,Pseudophryne corroboree,corroboree frog,495146,Amphibia,Anura,Myobatrachidae,Pseudophryne,846894890,6819095,8872758793,,,,reference genome,2023-02-06
GCF_028390025.1,Pseudophryne corroboree,corroboree frog,495146,Amphibia,Anura,Myobatrachidae,Pseudophryne,846894890,6819095,8872758793,,,,reference genome,2023-02-06
GCA_055691185.1,Crinia signifera,,326986,Amphibia,Anura,Myobatrachidae,Crinia,336578331,3425702,3234790400,,,,reference genome,2026-03-05
GCA_055691425.1,Crinia signifera,,326986,Amphibia,Anura,Myobatrachidae,Crinia,332341363,3213960,3285034523,,,,,2026-03-05
GCA_036172605.1,Pelobates fuscus,common spadefoot toad,191477,Amphibia,Anura,Pelobatidae,Pelobates,387735018,29412599,3606456729,,,,reference genome,2024-01-26
GCF_036172605.1,Pelobates fuscus,common spadefoot toad,191477,Amphibia,Anura,Pelobatidae,Pelobates,387735018,29412599,3606456729,,,,reference genome,2024-01-26
GCA_933207985.1,Pelobates cultripes,western spadefoot toad,61616,Amphibia,Anura,Pelobatidae,Pelobates,330123935,130439,3094940563,,,,reference genome,2023-06-09
GCA_027358695.2,Spea bombifrons,plains spadefoot toad,233779,Amphibia,Anura,Pelobatidae,Spea,114150385,21170366,987655159,,,,reference genome,2022-12-27
GCF_027358695.1,Spea bombifrons,plains spadefoot toad,233779,Amphibia,Anura,Pelobatidae,Spea,114150385,21170366,987655159,,,,reference genome,2022-12-27
GCA_054668525.1,Spea multiplicata,Mexican spadefoot toad,30317,Amphibia,Anura,Pelobatidae,Spea,110727404,14261649,959398860,,,,reference genome,2026-01-22
GCA_054668515.1,Spea multiplicata,Mexican spadefoot toad,30317,Amphibia,Anura,Pelobatidae,Spea,107162795,14856565,940088435,,,,,2026-01-22
GCA_054954225.1,Scaphiopus couchii,Couch's spadefoot toad,85089,Amphibia,Anura,Pelobatidae,Scaphiopus,101869530,8562319,1026693381,,,,reference genome,2026-01-30
GCA_054954145.1,Scaphiopus couchii,Couch's spadefoot toad,85089,Amphibia,Anura,Pelobatidae,Scaphiopus,101218034,7036237,1065624064,,,,,2026-01-30
GCA_036172795.1,Pelodytes ibericus,Iberian parsley frog,233781,Amphibia,Anura,Pelodytidae,Pelodytes,222280400,19137354,2077641644,,,,reference genome,2024-01-26
GCA_019447015.1,Hymenochirus boettgeri,Congo dwarf clawed frog,247094,Amphibia,Anura,Pipidae,Hymenochirus,293320900,783846,3210867089,,,,reference genome,2021-08-05
GCA_038501925.1,Xenopus petersii,Peter's clawed frog,288555,Amphibia,Anura,Pipidae,Xenopus,160347489,15294995,2883778474,,,,reference genome,2024-04-29
GCA_017654675.1,Xenopus laevis,African clawed frog,8355,Amphibia,Anura,Pipidae,Xenopus,155250555,22451507,2742451793,30.3,130.0,0.14305427117875635,reference genome,2021-04-12
GCF_017654675.1,Xenopus laevis,African clawed frog,8355,Amphibia,Anura,Pipidae,Xenopus,155250555,22451507,2742451793,30.3,130.0,0.14305427117875635,reference genome,2021-04-12
GCA_000004195.4,Xenopus tropicalis,tropical clawed frog,8364,Amphibia,Anura,Pipidae,Xenopus,153961319,14634335,1451283599,,,,reference genome,2019-11-14
GCF_000004195.4,Xenopus tropicalis,tropical clawed frog,8364,Amphibia,Anura,Pipidae,Xenopus,153961319,14634335,1451283599,,,,reference genome,2019-11-14
GCA_013368275.1,Xenopus tropicalis,tropical clawed frog,8364,Amphibia,Anura,Pipidae,Xenopus,150157909,377941,1485568097,,,,,2020-06-23
GCA_038501915.1,Xenopus petersii,Peter's clawed frog,288555,Amphibia,Anura,Pipidae,Xenopus,145598121,8630839,2613116200,,,,,2024-04-29
GCA_024363595.1,Xenopus borealis,Kenyan clawed frog,8354,Amphibia,Anura,Pipidae,Xenopus,143989302,21213,2747450723,,,,reference genome,2022-07-22
GCA_001663975.1,Xenopus laevis,African clawed frog,8355,Amphibia,Anura,Pipidae,Xenopus,136570856,19713,2718416252,30.3,130.0,0.14305427117875635,,2016-08-09
GCF_001663975.1,Xenopus laevis,African clawed frog,8355,Amphibia,Anura,Pipidae,Xenopus,136570856,19713,2718416252,30.3,130.0,0.14305427117875635,,2016-08-09
GCA_036250615.1,Ptychadena robeensis,,2829185,Amphibia,Anura,Ptychadenidae,Ptychadena,157086141,12384,1591013924,,,,reference genome,2024-01-31
GCA_004786255.1,Pyxicephalus adspersus,,30357,Amphibia,Anura,Pyxicephalidae,Pyxicephalus,157522388,30445,1563367516,,,,,2019-04-17
GCA_032062135.1,Pyxicephalus adspersus,,30357,Amphibia,Anura,Pyxicephalidae,Pyxicephalus,147930044,79604,1440301248,,,,reference genome,2023-09-27
GCF_032062135.1,Pyxicephalus adspersus,,30357,Amphibia,Anura,Pyxicephalidae,Pyxicephalus,147930044,79604,1440301248,,,,reference genome,2023-09-27
GCA_029206835.1,Rana muscosa,mountain yellow-legged frog,160500,Amphibia,Anura,Ranidae,Rana,938497014,4644276,10160103425,,,,reference genome,2023-03-14
GCA_042186555.1,Aquarana catesbeiana,American bullfrog,8400,Amphibia,Anura,Ranidae,Aquarana,691824178,3396515,6377618952,,,,reference genome,2024-09-24
GCF_042186555.1,Aquarana catesbeiana,American bullfrog,8400,Amphibia,Anura,Ranidae,Aquarana,691824178,3396515,6377618952,,,,reference genome,2024-09-24
GCA_965119305.1,Pelophylax lessonae,pool frog,45623,Amphibia,Anura,Ranidae,Pelophylax,677924506,3786355,5811227458,,,,reference genome,2025-02-11
GCA_028564925.1,Lithobates sylvaticus,wood frog,45438,Amphibia,Anura,Ranidae,Lithobates,611110003,2498674,5150352190,5.0,7.88,-0.5749277072665516,reference genome,2023-02-09
GCA_054643415.1,Pelophylax nigromaculatus,dark-spotted frog,8409,Amphibia,Anura,Ranidae,Pelophylax,576860057,31636204,5062672738,,,,reference genome,2026-01-22
GCA_037367395.2,Lithobates pipiens,northern leopard frog,8404,Amphibia,Anura,Ranidae,Lithobates,555528375,5290577,5869026128,9.0,29.0222,-0.349648922328441,,2025-07-16
GCA_029574335.1,Rana kukunoris,plateau brown frog,670907,Amphibia,Anura,Ranidae,Rana,547819331,1704296,4830730561,,,,reference genome,2023-04-09
GCA_052815355.1,Rana chensinensis,Chinese brown frog,79015,Amphibia,Anura,Ranidae,Rana,484141639,2342739,4230638015,,,,reference genome,2025-09-24
GCA_905171775.1,Rana temporaria,common frog,8407,Amphibia,Anura,Ranidae,Rana,481763206,6264810,4111422596,,,,reference genome,2021-01-28
GCF_905171775.1,Rana temporaria,common frog,8407,Amphibia,Anura,Ranidae,Rana,481763206,6264810,4111422596,,,,reference genome,2021-01-28
GCA_050947455.1,Rhinoderma darwinii,,43563,Amphibia,Anura,Rhinodermatidae,Rhinoderma,410882874,8675653,3657511227,,,,reference genome,2025-06-17
GCF_050947455.1,Rhinoderma darwinii,,43563,Amphibia,Anura,Rhinodermatidae,Rhinoderma,410882874,8675653,3657511227,,,,reference genome,2025-06-17
GCA_050947465.1,Rhinoderma darwinii,,43563,Amphibia,Anura,Rhinodermatidae,Rhinoderma,398023649,9236656,3445176806,,,,,2025-06-17
GCA_037306005.1,Rhinophrynus dorsalis,Mexican burrowing toad,43566,Amphibia,Anura,Rhinophrynidae,Rhinophrynus,565843407,12994863,4745552136,,,,reference genome,2024-03-20
GCA_037306015.1,Rhinophrynus dorsalis,Mexican burrowing toad,43566,Amphibia,Anura,Rhinophrynidae,Rhinophrynus,532500216,12716842,4535323468,,,,,2024-03-20
GCA_040938575.1,Ambystoma mexicanum,axolotl,8296,Amphibia,Caudata,Ambystomatidae,Ambystoma,1489131749,23068610,29117848270,,,,reference genome,2024-07-30
GCF_040938575.1,Ambystoma mexicanum,axolotl,8296,Amphibia,Caudata,Ambystomatidae,Ambystoma,1489131749,23068610,29117848270,,,,reference genome,2024-07-30
GCA_002915635.3,Ambystoma mexicanum,axolotl,8296,Amphibia,Caudata,Ambystomatidae,Ambystoma,1205706733,217996,28206905576,,,,,2021-04-01
GCA_964261635.1,Lissotriton helveticus,palmate newt,256425,Amphibia,Caudata,Salamandridae,Lissotriton,2132484007,7795245,23170028842,,,,reference genome,2024-10-17
GCF_964261635.1,Lissotriton helveticus,palmate newt,256425,Amphibia,Caudata,Salamandridae,Lissotriton,2132484007,7795245,23170028842,,,,reference genome,2024-10-17
GCA_964263255.1,Lissotriton vulgaris,common newt,8324,Amphibia,Caudata,Salamandridae,Lissotriton,1925992481,6568731,24226223864,,,,reference genome,2024-10-17
GCA_031143425.1,Pleurodeles waltl,Iberian ribbed newt,8319,Amphibia,Caudata,Salamandridae,Pleurodeles,1360680797,20474000,19767450834,,,,reference genome,2024-03-19
GCF_031143425.1,Pleurodeles waltl,Iberian ribbed newt,8319,Amphibia,Caudata,Salamandridae,Pleurodeles,1360680797,20474000,19767450834,,,,reference genome,2024-03-19
GCA_964204655.1,Triturus cristatus,warty newt,8323,Amphibia,Caudata,Salamandridae,Triturus,1248769876,8497210,22324616549,,,,reference genome,2024-07-31
GCA_026652325.1,Pleurodeles waltl,Iberian ribbed newt,8319,Amphibia,Caudata,Salamandridae,Pleurodeles,1237754594,45590032,20300781645,,,,,2022-12-05
GCA_031142525.1,Pleurodeles waltl,Iberian ribbed newt,8319,Amphibia,Caudata,Salamandridae,Pleurodeles,1198365431,20742107,19899914163,,,,,2024-03-19
GCA_902459505.2,Geotrypetes seraphini,Gabon caecilian,260995,Amphibia,Gymnophiona,Dermophiidae,Geotrypetes,272612222,20656571,3779413726,,,,reference genome,2021-04-24
GCF_902459505.2,Geotrypetes seraphini,Gabon caecilian,260995,Amphibia,Gymnophiona,Dermophiidae,Geotrypetes,272612222,20656571,3779413726,,,,reference genome,2021-04-24
GCA_033557465.1,Ichthyophis bannanicus,,8453,Amphibia,Gymnophiona,Ichthyophiidae,Ichthyophis,1041838628,5700647,12355439938,,,,reference genome,2023-11-14
GCA_901001135.2,Rhinatrema bivittatum,two-lined caecilian,194408,Amphibia,Gymnophiona,Rhinatrematidae,Rhinatrema,486875112,3216284,5319222779,,,,reference genome,2021-04-24
GCF_901001135.2,Rhinatrema bivittatum,two-lined caecilian,194408,Amphibia,Gymnophiona,Rhinatrematidae,Rhinatrema,486875112,3216284,5319222779,,,,reference genome,2021-04-24
GCA_901765095.2,Microcaecilia unicolor,,1415580,Amphibia,Gymnophiona,Siphonopidae,Microcaecilia,376147139,3661507,4685923413,,,,reference genome,2021-04-24
GCF_901765095.2,Microcaecilia unicolor,,1415580,Amphibia,Gymnophiona,Siphonopidae,Microcaecilia,376147139,3661507,4685923413,,,,reference genome,2021-04-24
GCA_036417975.1,Apteryx mantelli,North Island brown kiwi,2696672,Aves,Apterygiformes,Apterygidae,Apteryx,88126246,15312369,1593539360,,,,,2024-02-06
GCA_036417845.1,Apteryx mantelli,North Island brown kiwi,2696672,Aves,Apterygiformes,Apterygidae,Apteryx,88095958,19797665,1504396159,,,,reference genome,2024-02-06
GCF_036417845.1,Apteryx mantelli,North Island brown kiwi,2696672,Aves,Apterygiformes,Apterygidae,Apteryx,88095958,19797665,1504396159,,,,reference genome,2024-02-06
GCA_016128335.2,Dromaius novaehollandiae,emu,8790,Aves,Casuariiformes,Dromaiidae,Dromaius,82725153,15904022,1247435561,16.6,38925.0,-0.4938924647340943,,2023-01-13
GCA_036417515.1,Dromaius novaehollandiae,emu,8790,Aves,Casuariiformes,Dromaiidae,Dromaius,78348880,21059541,1359162908,16.6,38925.0,-0.4938924647340943,,2024-02-26
GCA_036370855.1,Dromaius novaehollandiae,emu,8790,Aves,Casuariiformes,Dromaiidae,Dromaius,77929039,24239989,1468706110,16.6,38925.0,-0.4938924647340943,reference genome,2024-02-26
GCF_036370855.1,Dromaius novaehollandiae,emu,8790,Aves,Casuariiformes,Dromaiidae,Dromaius,77929039,24239989,1468706110,16.6,38925.0,-0.4938924647340943,reference genome,2024-02-26
GCA_028389875.1,Rhea pennata,,8795,Aves,Rheiformes,Rheidae,Rhea,82467789,19335416,1269000025,,,,reference genome,2023-02-06
GCF_028389875.1,Rhea pennata,,8795,Aves,Rheiformes,Rheidae,Rhea,82467789,19335416,1269000025,,,,reference genome,2023-02-06
GCA_040807025.1,Struthio camelus,African ostrich,8801,Aves,Struthioniformes,Struthionidae,Struthio,84633522,28829471,1452018929,50.0,111000.0,-0.11097140403982308,reference genome,2024-07-22
GCF_040807025.1,Struthio camelus,African ostrich,8801,Aves,Struthioniformes,Struthionidae,Struthio,84633522,28829471,1452018929,50.0,111000.0,-0.11097140403982308,reference genome,2024-07-22
GCA_040807015.1,Struthio camelus,African ostrich,8801,Aves,Struthioniformes,Struthionidae,Struthio,74711726,28538747,1383056266,50.0,111000.0,-0.11097140403982308,,2024-07-22
GCA_047922985.1,Eudromia elegans,elegant crested-tinamou,8805,Aves,Tinamiformes,Tinamidae,Eudromia,66803183,11629215,1109672866,,,,reference genome,2025-02-20
GCA_047922975.1,Eudromia elegans,elegant crested-tinamou,8805,Aves,Tinamiformes,Tinamidae,Eudromia,66547323,15217740,965723864,,,,,2025-02-20
GCA_048418815.1,Hemitrygon akajei,red stingray,2704970,Chondrichthyes,Myliobatiformes,Dasyatidae,Hemitrygon,175234968,8940806,4229631903,,,,reference genome,2025-03-05
GCF_048418815.1,Hemitrygon akajei,red stingray,2704970,Chondrichthyes,Myliobatiformes,Dasyatidae,Hemitrygon,175234968,8940806,4229631903,,,,reference genome,2025-03-05
GCA_030144785.1,Hypanus sabinus,Atlantic stingray,79690,Chondrichthyes,Myliobatiformes,Dasyatidae,Hypanus,162574764,4909400,3635158545,,,,,2023-06-05
GCA_030144855.1,Hypanus sabinus,Atlantic stingray,79690,Chondrichthyes,Myliobatiformes,Dasyatidae,Hypanus,112262883,4266932,4044869043,,,,reference genome,2023-06-05
GCF_030144855.1,Hypanus sabinus,Atlantic stingray,79690,Chondrichthyes,Myliobatiformes,Dasyatidae,Hypanus,112262883,4266932,4044869043,,,,reference genome,2023-06-05
GCA_054367945.1,Fontitrygon garouaensis,,3355173,Chondrichthyes,Myliobatiformes,Dasyatidae,Fontitrygon,87729678,16733971,4164957080,,,,reference genome,2026-01-06
GCA_963921235.1,Mobula hypostoma,lesser devil ray,723540,Chondrichthyes,Myliobatiformes,Myliobatidae,Mobula,152437164,23327000,3475679493,,,,reference genome,2024-01-06
GCF_963921235.1,Mobula hypostoma,lesser devil ray,723540,Chondrichthyes,Myliobatiformes,Myliobatidae,Mobula,152437164,23327000,3475679493,,,,reference genome,2024-01-06
GCA_030035685.1,Mobula birostris,giant manta,1983395,Chondrichthyes,Myliobatiformes,Myliobatidae,Mobula,152352395,8612779,3634101053,,,,,2023-05-22
GCA_030028105.1,Mobula birostris,giant manta,1983395,Chondrichthyes,Myliobatiformes,Myliobatidae,Mobula,148671352,7300797,4014635230,,,,reference genome,2023-05-22
GCF_030028105.1,Mobula birostris,giant manta,1983395,Chondrichthyes,Myliobatiformes,Myliobatidae,Mobula,148671352,7300797,4014635230,,,,reference genome,2023-05-22
GCA_055471215.1,Potamotrygon marinae,,2803083,Chondrichthyes,Myliobatiformes,Potamotrygonidae,Potamotrygon,192842338,12999503,4335674344,,,,reference genome,2026-02-24
GCA_055471165.1,Potamotrygon marinae,,2803083,Chondrichthyes,Myliobatiformes,Potamotrygonidae,Potamotrygon,143355263,11388168,4954887661,,,,,2026-02-24
GCA_053455715.1,Rhinoraja longicauda,white-bellied softnose skate,667116,Chondrichthyes,Rajiformes,Arhynchobatidae,Rhinoraja,53501714,1663054,2198843048,,,,reference genome,2025-11-13
GCF_053455715.1,Rhinoraja longicauda,white-bellied softnose skate,667116,Chondrichthyes,Rajiformes,Arhynchobatidae,Rhinoraja,53501714,1663054,2198843048,,,,reference genome,2025-11-13
GCA_035221665.1,Okamejei kenojei,ocellate spot skate,432798,Chondrichthyes,Rajiformes,Rajidae,Okamejei,74022218,1743244,2756528269,,,,reference genome,2024-01-12
GCA_980436725.1,Raja undulata,undulate ray,182855,Chondrichthyes,Rajiformes,Rajidae,Raja,72868749,2806603,2933651393,,,,reference genome,2026-02-28
GCA_040805665.1,Okamejei kenojei,ocellate spot skate,432798,Chondrichthyes,Rajiformes,Rajidae,Okamejei,72684331,3773098,2705578959,,,,,2024-07-22
GCA_963514005.1,Raja brachyura,blonde ray,223862,Chondrichthyes,Rajiformes,Rajidae,Raja,68366687,2048057,2700450552,8.0,7865.0,-0.31576788696563285,reference genome,2023-09-28
GCF_963514005.1,Raja brachyura,blonde ray,223862,Chondrichthyes,Rajiformes,Rajidae,Raja,68366687,2048057,2700450552,8.0,7865.0,-0.31576788696563285,reference genome,2023-09-28
GCA_980434695.1,Raja clavata,thornback ray,7781,Chondrichthyes,Rajiformes,Rajidae,Raja,67959518,3030851,2720684976,12.0,9900.0,-0.15520656994916782,reference genome,2026-02-28
GCA_980250545.1,Raja montagui,spotted ray,27588,Chondrichthyes,Rajiformes,Rajidae,Raja,66828203,1211366,2761506678,,,,reference genome,2026-02-28
GCA_010909765.2,Amblyraja radiata,thorny skate,386614,Chondrichthyes,Rajiformes,Rajidae,Amblyraja,62052929,1462921,2558784953,16.0,2337.5,0.06714871355121077,reference genome,2020-02-21
GCF_010909765.2,Amblyraja radiata,thorny skate,386614,Chondrichthyes,Rajiformes,Rajidae,Amblyraja,62052929,1462921,2558784953,16.0,2337.5,0.06714871355121077,reference genome,2020-02-21
GCA_965643135.1,Leucoraja naevus,cuckoo ray,223888,Chondrichthyes,Rajiformes,Rajidae,Leucoraja,60279479,2392000,2368896861,,,,reference genome,2025-07-19
GCA_038087875.1,Malacoraja senta,smooth skate,1072478,Chondrichthyes,Rajiformes,Rajidae,Malacoraja,58719002,150120,1943516005,,,,reference genome,2024-04-17
GCA_028641065.1,Leucoraja erinaceus,little skate,7782,Chondrichthyes,Rajiformes,Rajidae,Leucoraja,57189699,5310386,2190844947,,,,reference genome,2023-02-22
GCF_028641065.1,Leucoraja erinaceus,little skate,7782,Chondrichthyes,Rajiformes,Rajidae,Leucoraja,57189699,5310386,2190844947,,,,reference genome,2023-02-22
GCA_009764475.2,Pristis pectinata,smalltooth sawfish,685728,Chondrichthyes,Rhinopristiformes,Pristidae,Pristis,101699621,17009522,2267840987,,,,reference genome,2019-12-19
GCF_009764475.1,Pristis pectinata,smalltooth sawfish,685728,Chondrichthyes,Rhinopristiformes,Pristidae,Pristis,101699621,17009522,2267840987,,,,reference genome,2019-12-19
GCA_036971175.1,Narcine bancroftii,Caribbean electric ray,1343680,Chondrichthyes,Torpediniformes,Narcinidae,Narcine,258892457,5005593,3110263114,,,,,2024-03-06
GCA_036971445.1,Narcine bancroftii,Caribbean electric ray,1343680,Chondrichthyes,Torpediniformes,Narcinidae,Narcine,257710454,5195315,3328432768,,,,reference genome,2024-03-06
GCF_036971445.1,Narcine bancroftii,Caribbean electric ray,1343680,Chondrichthyes,Torpediniformes,Narcinidae,Narcine,257710454,5195315,3328432768,,,,reference genome,2024-03-06
GCA_977017645.1,Torpedo marmorata,marbled electric ray,7788,Chondrichthyes,Torpediniformes,Torpedinidae,Torpedo,111696861,3050324,6221090334,20.0,1650.0,0.18756544323446178,reference genome,2025-11-08
GCA_900747795.4,Erpetoichthys calabaricus,reedfish,27687,Cladistia,Polypteriformes,Polypteridae,Erpetoichthys,217689105,6772339,3613534470,,,,reference genome,2021-07-07
GCF_900747795.2,Erpetoichthys calabaricus,reedfish,27687,Cladistia,Polypteriformes,Polypteridae,Erpetoichthys,217689105,6772339,3613534470,,,,reference genome,2021-07-07
GCA_016835505.1,Polypterus senegalus,gray bichir,55291,Cladistia,Polypteriformes,Polypteridae,Polypterus,189689183,4528139,3673863536,,,,reference genome,2021-02-09
GCF_016835505.1,Polypterus senegalus,gray bichir,55291,Cladistia,Polypteriformes,Polypteridae,Polypterus,189689183,4528139,3673863536,,,,reference genome,2021-02-09
GCA_043380575.1,Atractosteus spatula,alligator gar,7917,Holostei,Semionotiformes,Lepisosteidae,Atractosteus,56827445,15716625,1045212796,,,,reference genome,2024-10-21
GCA_055471065.1,Atractosteus spatula,alligator gar,7917,Holostei,Semionotiformes,Lepisosteidae,Atractosteus,55314901,23006130,1182701606,,,,,2026-02-24
GCA_055504755.1,Atractosteus spatula,alligator gar,7917,Holostei,Semionotiformes,Lepisosteidae,Atractosteus,54681828,25914056,1139929243,,,,,2026-02-24
GCA_048414675.1,Pogona vitticeps,central bearded dragon,103695,Lepidosauria,Squamata,Agamidae,Pogona,290615922,38431908,1915884176,12.0,500.0,-0.29418071582469874,,2025-03-05
GCA_047335585.1,Pogona vitticeps,central bearded dragon,103695,Lepidosauria,Squamata,Agamidae,Pogona,274873533,202516942,1793327715,12.0,500.0,-0.29418071582469874,,2025-01-31
GCF_047335585.1,Pogona vitticeps,central bearded dragon,103695,Lepidosauria,Squamata,Agamidae,Pogona,274873533,202516942,1793327715,12.0,500.0,-0.29418071582469874,,2025-01-31
GCA_040285375.1,Laudakia wui,Wuis rock agama,1816318,Lepidosauria,Squamata,Agamidae,Laudakia,273178261,170066346,1779364323,,,,reference genome,2024-06-25
GCA_055355785.1,Laudakia wui,Wuis rock agama,1816318,Lepidosauria,Squamata,Agamidae,Laudakia,272449904,53330395,1776678284,,,,,2026-02-19
GCA_051106095.1,Pogona vitticeps,central bearded dragon,103695,Lepidosauria,Squamata,Agamidae,Pogona,266210064,134074000,1752814424,12.0,500.0,-0.29418071582469874,reference genome,2025-06-26
GCF_051106095.1,Pogona vitticeps,central bearded dragon,103695,Lepidosauria,Squamata,Agamidae,Pogona,266210064,134074000,1752814424,12.0,500.0,-0.29418071582469874,reference genome,2025-06-26
GCA_037367245.1,Phrynocephalus guinanensis,,740940,Lepidosauria,Squamata,Agamidae,Phrynocephalus,132691761,2541092,1813735221,,,,reference genome,2024-03-20
GCA_023053635.2,Elgaria multicarinata webbii,,159646,Lepidosauria,Squamata,Anguidae,Elgaria,121985326,85762895,1790500004,,,,reference genome,2024-01-04
GCF_023053635.1,Elgaria multicarinata webbii,,159646,Lepidosauria,Squamata,Anguidae,Elgaria,121985326,85762895,1790500004,,,,reference genome,2024-01-04
GCA_052054735.1,Dopasia gracilis,Burmese glass lizard,182351,Lepidosauria,Squamata,Anguidae,Dopasia,114217649,45730894,1531532759,,,,reference genome,2025-08-15
GCA_051312515.2,Anniella stebbinsi,,2202111,Lepidosauria,Squamata,Anniellidae,Anniella,277434096,120644908,1885870326,,,,reference genome,2026-01-27
GCA_051312545.2,Anniella stebbinsi,,2202111,Lepidosauria,Squamata,Anniellidae,Anniella,276480144,116284300,1893391702,,,,,2026-01-27
GCA_035149785.1,Candoia aspera,,51853,Lepidosauria,Squamata,Boidae,Candoia,209480725,55640180,1530810380,,,,reference genome,2024-01-18
GCF_035149785.1,Candoia aspera,,51853,Lepidosauria,Squamata,Boidae,Candoia,209480725,55640180,1530810380,,,,reference genome,2024-01-18
GCA_047715955.2,Bradypodion pumilum,,179887,Lepidosauria,Squamata,Chamaeleonidae,Bradypodion,388707816,53345644,2479053460,,,,,2025-12-17
GCA_047715975.2,Bradypodion pumilum,,179887,Lepidosauria,Squamata,Chamaeleonidae,Bradypodion,387402510,44366450,2467904324,,,,,2025-12-17
GCA_043643385.1,Chamaeleo calyptratus,veiled chameleon,179908,Lepidosauria,Squamata,Chamaeleonidae,Chamaeleo,278718720,14096519,1803551824,,,,reference genome,2024-10-24
GCA_030440675.1,Furcifer pardalis,,187939,Lepidosauria,Squamata,Chamaeleonidae,Furcifer,184669281,158731830,1609777135,,,,reference genome,2023-07-12
GCA_028640845.1,Ahaetulla prasina,,499056,Lepidosauria,Squamata,Colubridae,Ahaetulla,231952326,23873608,1772420080,,,,reference genome,2023-02-22
GCF_028640845.1,Ahaetulla prasina,,499056,Lepidosauria,Squamata,Colubridae,Ahaetulla,231952326,23873608,1772420080,,,,reference genome,2023-02-22
GCA_050231175.1,Elaphe schrenckii,Amur rat snake,74362,Lepidosauria,Squamata,Colubridae,Elaphe,215196393,57283861,1685624254,,,,reference genome,2025-05-07
GCA_039707465.1,Rhabdophis nuchalis,Hubei keelback,126483,Lepidosauria,Squamata,Colubridae,Rhabdophis,204956984,104787037,1924646879,,,,reference genome,2024-05-20
GCA_050613815.1,Pseudoxenodon stejnegeri,Stejneger's bamboo snake,1938231,Lepidosauria,Squamata,Colubridae,Pseudoxenodon,203681815,94324657,1600572231,,,,reference genome,2025-05-29
GCA_964659585.1,Natrix maura,viperine water snake,8585,Lepidosauria,Squamata,Colubridae,Natrix,174378910,36526383,1738069032,,,,reference genome,2025-01-02
GCA_964273705.1,Natrix helvetica,,2025560,Lepidosauria,Squamata,Colubridae,Natrix,172830377,1870695,1777495310,,,,reference genome,2024-10-05
GCA_038048745.1,Coluber constrictor foxii,,3052055,Lepidosauria,Squamata,Colubridae,Coluber,170815331,72486006,1829127931,,,,reference genome,2024-04-17
GCA_964340495.1,Hemorrhois hippocrepis,horseshoe snake,166086,Lepidosauria,Squamata,Colubridae,Hemorrhois,153613759,54718507,1806509314,,,,reference genome,2024-11-17
GCA_009769535.1,Thamnophis elegans,Western terrestrial garter snake,35005,Lepidosauria,Squamata,Colubridae,Thamnophis,100851885,4620601,1672190305,,,,reference genome,2019-12-23
GCF_009769535.1,Thamnophis elegans,Western terrestrial garter snake,35005,Lepidosauria,Squamata,Colubridae,Thamnophis,100851885,4620601,1672190305,,,,reference genome,2019-12-23
GCA_027244095.1,Hemicordylus capensis,graceful crag lizard,884348,Lepidosauria,Squamata,Cordylidae,Hemicordylus,359646233,160691000,2294751221,,,,reference genome,2022-12-28
GCF_027244095.1,Hemicordylus capensis,graceful crag lizard,884348,Lepidosauria,Squamata,Cordylidae,Hemicordylus,359646233,160691000,2294751221,,,,reference genome,2022-12-28
GCA_035594765.1,Anolis carolinensis,green anole,28377,Lepidosauria,Squamata,Dactyloidae,Anolis,288964324,26091274,1850740401,,,,reference genome,2024-01-12
GCF_035594765.1,Anolis carolinensis,green anole,28377,Lepidosauria,Squamata,Dactyloidae,Anolis,288964324,26091274,1850740401,,,,reference genome,2024-01-12
GCA_037176775.1,Anolis sagrei,brown anole,38937,Lepidosauria,Squamata,Dactyloidae,Anolis,274775750,40158202,1727284250,,,,,2024-03-15
GCA_037176765.1,Anolis sagrei,brown anole,38937,Lepidosauria,Squamata,Dactyloidae,Anolis,249210491,43146625,1950830970,,,,reference genome,2024-03-15
GCF_037176765.1,Anolis sagrei,brown anole,38937,Lepidosauria,Squamata,Dactyloidae,Anolis,249210491,43146625,1950830970,,,,reference genome,2024-03-15
GCA_046126795.1,Dibamus cf. smithi,,3379902,Lepidosauria,Squamata,Dibamidae,Dibamus,146217707,18158878,2282703727,,,,,2024-12-18
GCA_046126825.1,Dibamus cf. smithi,,3379902,Lepidosauria,Squamata,Dibamidae,Dibamus,131869530,26439680,1821555219,,,,,2024-12-18
GCA_045269775.1,Correlophus ciliatus,crested gecko,143539,Lepidosauria,Squamata,Diplodactylidae,Correlophus,109969818,74966670,1661507015,,,,,2024-11-25
GCA_031021105.1,Erythrolamprus reginae,royal ground snake,121349,Lepidosauria,Squamata,Dipsadidae,Erythrolamprus,259117534,3064756,1964049041,,,,reference genome,2023-08-31
GCF_031021105.1,Erythrolamprus reginae,royal ground snake,121349,Lepidosauria,Squamata,Dipsadidae,Erythrolamprus,259117534,3064756,1964049041,,,,reference genome,2023-08-31
GCA_033807585.1,Hydrophis major,olive-headed seasnake,355693,Lepidosauria,Squamata,Elapidae,Hydrophis,268276564,35743180,2166703382,,,,reference genome,2023-11-21
GCA_019472885.1,Hydrophis curtus,Shaw's sea snake,355685,Lepidosauria,Squamata,Elapidae,Hydrophis,266229956,9704100,1964827820,,,,,2021-08-09
GCA_019473425.1,Hydrophis cyanocinctus,Asian annulated sea snake,8686,Lepidosauria,Squamata,Elapidae,Hydrophis,264245889,18985681,1980712740,,,,reference genome,2021-08-09
GCA_009733165.1,Naja naja,Indian cobra,35670,Lepidosauria,Squamata,Elapidae,Naja,224088900,302474,1768535092,,,,reference genome,2019-12-11
GCA_049901735.1,Notechis scutatus,mainland tiger snake,8663,Lepidosauria,Squamata,Elapidae,Notechis,211178498,9430810,1533955903,,,,,2025-04-24
GCA_049901715.1,Pseudonaja textilis,,8673,Lepidosauria,Squamata,Elapidae,Pseudonaja,200959534,7104416,1476081604,,,,,2025-04-24
GCA_023653725.1,Bungarus multicinctus,many-banded krait,8616,Lepidosauria,Squamata,Elapidae,Bungarus,135406522,5437538,1593755901,,,,reference genome,2022-06-07
GCA_028583425.1,Eublepharis macularius,,481883,Lepidosauria,Squamata,Eublepharidae,Eublepharis,145573841,80105973,2237379946,,,,reference genome,2023-02-10
GCF_028583425.1,Eublepharis macularius,,481883,Lepidosauria,Squamata,Eublepharidae,Eublepharis,145573841,80105973,2237379946,,,,reference genome,2023-02-10
GCA_032191835.1,Heteronotia binoei,common prickly gecko,13085,Lepidosauria,Squamata,Gekkonidae,Heteronotia,150619664,14376057,2633446684,,,,reference genome,2023-09-29
GCF_032191835.1,Heteronotia binoei,common prickly gecko,13085,Lepidosauria,Squamata,Gekkonidae,Heteronotia,150619664,14376057,2633446684,,,,reference genome,2023-09-29
GCA_054791105.1,Cyrtopodion scabrum,,303590,Lepidosauria,Squamata,Gekkonidae,Cyrtopodion,139132836,36232941,1770821598,,,,,2026-01-27
GCA_051903775.1,Gekko kuhli,,1118402,Lepidosauria,Squamata,Gekkonidae,Gekko,137554149,11372554,2404755748,,,,reference genome,2025-08-08
GCA_054791115.1,Cyrtopodion scabrum,,303590,Lepidosauria,Squamata,Gekkonidae,Cyrtopodion,136481813,47115652,2025647772,,,,reference genome,2026-01-27
GCA_049243985.1,Paroedura picta,,143630,Lepidosauria,Squamata,Gekkonidae,Paroedura,129360563,52451795,1751518920,,,,reference genome,2025-04-02
GCF_049243985.1,Paroedura picta,,143630,Lepidosauria,Squamata,Gekkonidae,Paroedura,129360563,52451795,1751518920,,,,reference genome,2025-04-02
GCA_054791095.1,Cyrtopodion scabrum,,303590,Lepidosauria,Squamata,Gekkonidae,Cyrtopodion,116692751,47115652,1770536361,,,,,2026-01-27
GCA_965636955.1,Mediodactylus kotschyi,Kotschy's gecko,1303476,Lepidosauria,Squamata,Gekkonidae,Mediodactylus,101151094,47144669,1798513081,,,,reference genome,2025-07-09
GCA_051529865.1,Iguana iguana,Common green iguana,8517,Lepidosauria,Squamata,Iguanidae,Iguana,294494476,12742132,2012731717,,,,reference genome,2025-07-24
GCA_030412105.1,Cyclura pinguis,,118683,Lepidosauria,Squamata,Iguanidae,Cyclura,291724653,112814430,1983614781,,,,reference genome,2023-07-07
GCA_965113305.1,Podarcis vaucheri,,140051,Lepidosauria,Squamata,Lacertidae,Podarcis,100944791,2992141,1510738089,,,,reference genome,2025-01-24
GCA_965113315.1,Podarcis vaucheri,,140051,Lepidosauria,Squamata,Lacertidae,Podarcis,99219926,2971493,1614911144,,,,,2025-01-24
GCA_963506605.1,Zootoca vivipara,common lizard,8524,Lepidosauria,Squamata,Lacertidae,Zootoca,96056580,3447840,1440239386,,,,reference genome,2023-09-20
GCF_963506605.1,Zootoca vivipara,common lizard,8524,Lepidosauria,Squamata,Lacertidae,Zootoca,96056580,3447840,1440239386,,,,reference genome,2023-09-20
GCA_965112155.1,Podarcis liolepis,Columbretes wall lizard,662736,Lepidosauria,Squamata,Lacertidae,Podarcis,95422932,2883979,1574003547,,,,reference genome,2025-01-23
GCA_965207765.1,Zootoca vivipara,common lizard,8524,Lepidosauria,Squamata,Lacertidae,Zootoca,95238227,35897402,1424513601,,,,,2025-03-15
GCA_965208345.1,Zootoca vivipara,common lizard,8524,Lepidosauria,Squamata,Lacertidae,Zootoca,95155244,25043895,1423701498,,,,,2025-03-15
GCA_964188305.1,Podarcis bocagei,,90520,Lepidosauria,Squamata,Lacertidae,Podarcis,94948854,2681335,1615189422,,,,reference genome,2024-06-21
GCA_964188325.1,Podarcis bocagei,,90520,Lepidosauria,Squamata,Lacertidae,Podarcis,94909467,2843701,1473581329,,,,,2024-06-21
GCA_951804945.1,Podarcis cretensis,,1330250,Lepidosauria,Squamata,Lacertidae,Podarcis,94621998,65743000,1507609967,,,,reference genome,2023-06-02
GCF_951804945.1,Podarcis cretensis,,1330250,Lepidosauria,Squamata,Lacertidae,Podarcis,94621998,65743000,1507609967,,,,reference genome,2023-06-02
GCA_964188175.1,Podarcis siculus,Italian wall lizard,65484,Lepidosauria,Squamata,Lacertidae,Podarcis,94541350,3060007,1571364497,,,,reference genome,2024-06-21
GCA_027172205.1,Podarcis raffonei,Aeolian wall lizard,65483,Lepidosauria,Squamata,Lacertidae,Podarcis,93623253,61439401,1513131503,,,,reference genome,2022-12-27
GCF_027172205.1,Podarcis raffonei,Aeolian wall lizard,65483,Lepidosauria,Squamata,Lacertidae,Podarcis,93623253,61439401,1513131503,,,,reference genome,2022-12-27
GCA_964252035.1,Podarcis erhardii,,140042,Lepidosauria,Squamata,Lacertidae,Podarcis,93518625,3226442,1495977497,,,,reference genome,2024-08-31
GCA_011800845.1,Zootoca vivipara,common lizard,8524,Lepidosauria,Squamata,Lacertidae,Zootoca,92810032,219893,1464283545,,,,,2020-04-01
GCF_011800845.1,Zootoca vivipara,common lizard,8524,Lepidosauria,Squamata,Lacertidae,Zootoca,92810032,219893,1464283545,,,,,2020-04-01
GCA_964106635.2,Podarcis pityusensis,,74359,Lepidosauria,Squamata,Lacertidae,Podarcis,92418909,1719006,1417079496,,,,reference genome,2024-07-05
GCA_964234825.1,Podarcis melisellensis,,65482,Lepidosauria,Squamata,Lacertidae,Podarcis,92085810,3107267,1437044901,,,,reference genome,2024-08-31
GCA_964106915.2,Podarcis gaigeae,Skyros wall lizard,90521,Lepidosauria,Squamata,Lacertidae,Podarcis,91932266,2858450,1514623329,,,,reference genome,2024-09-17
GCA_964106645.2,Podarcis pityusensis,,74359,Lepidosauria,Squamata,Lacertidae,Podarcis,91584625,1611619,1515356318,,,,,2024-07-06
GCA_964270895.1,Podarcis filfolensis,Filfola wall lizard,65481,Lepidosauria,Squamata,Lacertidae,Podarcis,91563485,3042058,1506948896,,,,reference genome,2024-09-29
GCA_964106785.1,Podarcis gaigeae,Skyros wall lizard,90521,Lepidosauria,Squamata,Lacertidae,Podarcis,91280916,3102815,1422314362,,,,,2024-06-06
GCA_964234715.1,Podarcis melisellensis,,65482,Lepidosauria,Squamata,Lacertidae,Podarcis,91073809,3027832,1574905529,,,,,2024-08-31
GCA_965153305.2,Podarcis tiliguerta,,65485,Lepidosauria,Squamata,Lacertidae,Podarcis,90889416,2538050,1394940404,,,,reference genome,2025-07-07
GCA_947686815.1,Podarcis lilfordi,Lilford's wall lizard,74358,Lepidosauria,Squamata,Lacertidae,Podarcis,89641981,1481499,1460085851,,,,reference genome,2023-08-09
GCA_965153285.1,Podarcis tiliguerta,,65485,Lepidosauria,Squamata,Lacertidae,Podarcis,89160134,2556791,1462309935,,,,,2025-02-26
GCA_009819535.1,Lacerta agilis,Sand lizard,80427,Lepidosauria,Squamata,Lacertidae,Lacerta,86565987,6613248,1391387079,,,,reference genome,2019-12-31
GCF_009819535.1,Lacerta agilis,Sand lizard,80427,Lepidosauria,Squamata,Lacertidae,Lacerta,86565987,6613248,1391387079,,,,reference genome,2019-12-31
GCA_014706415.1,Podarcis muralis nigriventris,,1534827,Lepidosauria,Squamata,Lacertidae,Podarcis,51203085,8570969,1786136138,,,,,2020-10-02
GCA_964265115.1,Malpolon monspessulanus,Montpellier snake,184164,Lepidosauria,Squamata,Lamprophiidae,Malpolon,121923953,32743049,1752149986,,,,reference genome,2024-09-25
GCA_055773955.1,Uta stansburiana,,43653,Lepidosauria,Squamata,Phrynosomatidae,Uta,319555984,59386596,2104442790,,,,reference genome,2026-03-10
GCA_019175285.1,Sceloporus undulatus,fence lizard,8520,Lepidosauria,Squamata,Phrynosomatidae,Sceloporus,275632209,75501,1905484175,,,,reference genome,2021-07-08
GCF_019175285.1,Sceloporus undulatus,fence lizard,8520,Lepidosauria,Squamata,Phrynosomatidae,Sceloporus,275632209,75501,1905484175,,,,reference genome,2021-07-08
GCA_020142125.1,Phrynosoma platyrhinos,Desert horned lizard,52577,Lepidosauria,Squamata,Phrynosomatidae,Phrynosoma,273212747,12043,1901839624,,,,reference genome,2021-09-27
GCA_016801065.1,Sceloporus tristichus,plateau fence lizard,190870,Lepidosauria,Squamata,Phrynosomatidae,Sceloporus,269060969,91782,1815771249,,,,reference genome,2021-02-04
GCA_016801415.1,Sceloporus tristichus,plateau fence lizard,190870,Lepidosauria,Squamata,Phrynosomatidae,Sceloporus,267474498,90701,1792659486,,,,,2021-02-04
GCA_042257475.1,Asaccus caudivolvulus,,886391,Lepidosauria,Squamata,Phyllodactylidae,Asaccus,114541579,19951807,1733398839,,,,reference genome,2024-09-27
GCA_030867105.1,Liasis olivaceus,,283338,Lepidosauria,Squamata,Pythonidae,Liasis,203662644,65226870,1486119866,,,,reference genome,2023-08-24
GCA_030867085.1,Liasis olivaceus,,283338,Lepidosauria,Squamata,Pythonidae,Liasis,203536677,74672673,1478263624,,,,,2023-08-24
GCA_030035675.1,Rhineura floridana,,261503,Lepidosauria,Squamata,Rhineuridae,Rhineura,188683971,18156940,2307419594,,,,reference genome,2023-05-22
GCF_030035675.1,Rhineura floridana,,261503,Lepidosauria,Squamata,Rhineuridae,Rhineura,188683971,18156940,2307419594,,,,reference genome,2023-05-22
GCA_035046505.1,Tiliqua scincoides,,71010,Lepidosauria,Squamata,Scincidae,Tiliqua,242160784,33113817,1623332312,26.6,493.0,0.05245968729025319,reference genome,2024-01-04
GCF_035046505.1,Tiliqua scincoides,,71010,Lepidosauria,Squamata,Scincidae,Tiliqua,242160784,33113817,1623332312,26.6,493.0,0.05245968729025319,reference genome,2024-01-04
GCA_041722995.2,Acritoscincus duperreyi,,316450,Lepidosauria,Squamata,Scincidae,Acritoscincus,222269761,90404876,1567876677,,,,reference genome,2024-11-06
GCA_035046495.1,Tiliqua scincoides,,71010,Lepidosauria,Squamata,Scincidae,Tiliqua,220631699,38979350,1694434935,26.6,493.0,0.05245968729025319,,2024-01-04
GCA_965280105.1,Carinascincus ocellatus,,316445,Lepidosauria,Squamata,Scincidae,Carinascincus,215845204,98374635,1489081451,,,,reference genome,2025-05-11
GCA_041380405.1,Spondylurus nitidus,,3095121,Lepidosauria,Squamata,Scincidae,Spondylurus,208671581,199700853,1397740396,,,,reference genome,2024-08-21
GCA_055504975.1,Cryptoblepharus pulcher,,1175177,Lepidosauria,Squamata,Scincidae,Cryptoblepharus,199759265,42892375,1483019143,,,,reference genome,2026-02-24
GCA_030015325.2,Cryptoblepharus egeriae,,2509230,Lepidosauria,Squamata,Scincidae,Cryptoblepharus,190333800,100218849,1463206097,,,,reference genome,2025-08-12
GCA_021292165.1,Shinisaurus crocodilurus,Chinese crocodile lizard,52224,Lepidosauria,Squamata,Shinisauridae,Shinisaurus,296945371,3338364,2189995079,,,,reference genome,2021-12-28
GCA_051473905.1,Teratoscincus roborowskii,,102174,Lepidosauria,Squamata,Sphaerodactylidae,Teratoscincus,156212950,117383563,2077087367,,,,reference genome,2025-07-22
GCA_021028975.2,Sphaerodactylus townsendi,,933632,Lepidosauria,Squamata,Sphaerodactylidae,Sphaerodactylus,133801376,9459502,1810846735,,,,reference genome,2022-04-08
GCF_021028975.2,Sphaerodactylus townsendi,,933632,Lepidosauria,Squamata,Sphaerodactylidae,Sphaerodactylus,133801376,9459502,1810846735,,,,reference genome,2022-04-08
GCA_029931775.1,Euleptes europaea,tarantolino,460621,Lepidosauria,Squamata,Sphaerodactylidae,Euleptes,102317683,26991305,1781916107,,,,reference genome,2023-05-15
GCF_029931775.1,Euleptes europaea,tarantolino,460621,Lepidosauria,Squamata,Sphaerodactylidae,Euleptes,102317683,26991305,1781916107,,,,reference genome,2023-05-15
GCA_053574215.1,Aspidoscelis tigris stejnegeri,,2917703,Lepidosauria,Squamata,Teiidae,Aspidoscelis,115585196,91378756,1714001480,,,,reference genome,2025-11-21
GCA_023333525.2,Aspidoscelis tigris stejnegeri,,2917703,Lepidosauria,Squamata,Teiidae,Aspidoscelis,115489130,41557363,1673098074,,,,,2025-03-05
GCA_014337955.2,Aspidoscelis marmoratus,Marbled whiptail,403789,Lepidosauria,Squamata,Teiidae,Aspidoscelis,113087052,17774,1639526503,,,,reference genome,2025-11-14
GCA_053572275.1,Aspidoscelis inornatus arizonae,,2936306,Lepidosauria,Squamata,Teiidae,Aspidoscelis,106146816,34116,1527890470,,,,reference genome,2025-11-20
GCA_050042745.1,Varanus acanthurus,,62035,Lepidosauria,Squamata,Varanidae,Varanus,113866299,1773328,1546074419,,,,reference genome,2025-04-30
GCA_024294585.1,Vipera latastei,,246179,Lepidosauria,Squamata,Viperidae,Vipera,222489854,44839567,1631568913,,,,reference genome,2022-07-20
GCA_964194415.1,Vipera berus,adder,31155,Lepidosauria,Squamata,Viperidae,Vipera,218396773,4688414,1694999861,,,,reference genome,2024-06-28
GCA_965194845.1,Macrovipera schweizeri,,110205,Lepidosauria,Squamata,Viperidae,Macrovipera,214481692,3162383,1635265452,,,,reference genome,2025-03-10
GCA_046524025.1,Cerastes gasperettii,,110202,Lepidosauria,Squamata,Viperidae,Cerastes,214149504,45697377,1632725608,,,,reference genome,2025-01-06
GCA_947247035.1,Vipera ursinii,,103942,Lepidosauria,Squamata,Viperidae,Vipera,212821320,2137891,1625006165,,,,reference genome,2022-10-30
GCA_047301725.1,Vipera ammodytes,sand viper,8704,Lepidosauria,Squamata,Viperidae,Vipera,210475551,35951249,1545746728,,,,reference genome,2025-01-30
GCA_039797435.1,Crotalus adamanteus,eastern diamondback rattlesnake,8729,Lepidosauria,Squamata,Viperidae,Crotalus,208942360,67532859,1696173748,,,,reference genome,2024-05-24
GCA_039880765.1,Sistrurus catenatus,massasauga,8756,Lepidosauria,Squamata,Viperidae,Sistrurus,200181838,12532727,1559830260,,,,reference genome,2024-05-29
GCA_003400415.2,Crotalus viridis viridis,prairie rattlesnake,8742,Lepidosauria,Squamata,Viperidae,Crotalus,179897795,14888,1340198908,,,,reference genome,2019-01-08
GCA_051940845.1,Xantusia vigilis,,8547,Lepidosauria,Squamata,Xantusiidae,Xantusia,177665436,110870416,2195796972,,,,,2025-08-12
GCA_051940855.1,Xantusia vigilis,,8547,Lepidosauria,Squamata,Xantusiidae,Xantusia,175774481,120512172,2383980617,,,,reference genome,2025-08-12
GCA_051940885.1,Xantusia vigilis,,8547,Lepidosauria,Squamata,Xantusiidae,Xantusia,175774481,120512172,2207163640,,,,,2025-08-12
GCA_050624465.1,Tenrec ecaudatus,tailess tenrec,94439,Mammalia,Afrosoricida,Tenrecidae,Tenrec,165248668,54742630,3333008239,8.7,900.0,-0.20090869373752773,,2025-05-30
GCA_050624435.1,Tenrec ecaudatus,tailess tenrec,94439,Mammalia,Afrosoricida,Tenrecidae,Tenrec,163958880,41601014,3922859826,8.7,900.0,-0.20090869373752773,reference genome,2025-05-30
GCF_050624435.1,Tenrec ecaudatus,tailess tenrec,94439,Mammalia,Afrosoricida,Tenrecidae,Tenrec,163958880,41601014,3922859826,8.7,900.0,-0.20090869373752773,reference genome,2025-05-30
GCA_028564815.2,Eubalaena glacialis,North Atlantic right whale,27606,Mammalia,Artiodactyla,Balaenidae,Eubalaena,129620717,37467374,2843675187,67.0,23000000.0,-0.00953159704954043,reference genome,2023-02-09
GCF_028564815.1,Eubalaena glacialis,North Atlantic right whale,27606,Mammalia,Artiodactyla,Balaenidae,Eubalaena,129620717,37467374,2843675187,67.0,23000000.0,-0.00953159704954043,reference genome,2023-02-09
GCA_028571275.2,Eubalaena glacialis,North Atlantic right whale,27606,Mammalia,Artiodactyla,Balaenidae,Eubalaena,124856057,34529248,2603848905,67.0,23000000.0,-0.00953159704954043,,2023-02-09
GCA_028023285.1,Balaenoptera ricei,Rice's whale,2746895,Mammalia,Artiodactyla,Balaenopteridae,Balaenoptera,122071569,36541936,2678442663,,,,reference genome,2023-01-30
GCF_028023285.1,Balaenoptera ricei,Rice's whale,2746895,Mammalia,Artiodactyla,Balaenopteridae,Balaenoptera,122071569,36541936,2678442663,,,,reference genome,2023-01-30
GCA_965194805.1,Balaenoptera borealis,sei whale,9768,Mammalia,Artiodactyla,Balaenopteridae,Balaenoptera,118917181,2585625,3234557085,74.0,20000000.0,0.04319899468508126,reference genome,2025-03-10
GCA_949987535.1,Balaenoptera acutorostrata,minke whale,9767,Mammalia,Artiodactyla,Balaenopteridae,Balaenoptera,116513105,3015723,2772885358,50.0,7500000.0,-0.059876045643793674,reference genome,2023-05-01
GCF_949987535.1,Balaenoptera acutorostrata,minke whale,9767,Mammalia,Artiodactyla,Balaenopteridae,Balaenoptera,116513105,3015723,2772885358,50.0,7500000.0,-0.059876045643793674,reference genome,2023-05-01
GCA_052818205.1,Balaenoptera edeni,Eden's whale,9769,Mammalia,Artiodactyla,Balaenopteridae,Balaenoptera,112310848,56810546,2614755077,72.0,16000000.0,0.04658507535566625,reference genome,2025-09-24
GCA_965194825.1,Balaenoptera physalus,Fin whale,9770,Mammalia,Artiodactyla,Balaenopteridae,Balaenoptera,110866263,2079521,3442538501,114.0,70000000.0,0.1450580274138662,reference genome,2025-03-10
GCA_009873245.3,Balaenoptera musculus,blue whale,9771,Mammalia,Artiodactyla,Balaenopteridae,Balaenoptera,110314666,6315640,2374852541,110.0,136000000.0,0.08405101283528249,reference genome,2020-10-02
GCF_009873245.2,Balaenoptera musculus,blue whale,9771,Mammalia,Artiodactyla,Balaenopteridae,Balaenoptera,110314666,6315640,2374852541,110.0,136000000.0,0.08405101283528249,reference genome,2020-10-02
GCA_041834305.1,Megaptera novaeangliae,humpback whale,9773,Mammalia,Artiodactyla,Balaenopteridae,Megaptera,107416641,36344089,3146604256,95.0,30000000.0,0.1239165735678116,reference genome,2024-09-09
GCA_040438115.1,Tragelaphus eurycerus isaaci,mountain bongo,2878564,Mammalia,Artiodactyla,Bovidae,Tragelaphus,192009155,79532,2965146561,,,,,2024-07-02
GCA_051307275.1,Bubalus kerabau,carabao,3119969,Mammalia,Artiodactyla,Bovidae,Bubalus,123151479,17364626,2678580869,,,,,2025-07-14
GCA_029407905.2,Bubalus kerabau,carabao,3119969,Mammalia,Artiodactyla,Bovidae,Bubalus,121846921,91172394,2898492518,,,,reference genome,2023-03-31
GCF_029407905.1,Bubalus kerabau,carabao,3119969,Mammalia,Artiodactyla,Bovidae,Bubalus,121846921,91172394,2898492518,,,,reference genome,2023-03-31
GCA_051106085.1,Bos taurus,domestic cattle,9913,Mammalia,Artiodactyla,Bovidae,Bos,117936486,102689456,2857459891,20.0,750000.0,-0.30008927773370253,,2025-06-26
GCA_054099735.1,Cephalophula zebra,zebra duiker,129233,Mammalia,Artiodactyla,Bovidae,Cephalophula,117253595,65811789,3923865145,,,,reference genome,2025-12-18
GCA_019923925.1,Bubalus bubalis,water buffalo,89462,Mammalia,Artiodactyla,Bovidae,Bubalus,117225556,5359742,2612882031,34.9,725000.0,-0.05597159459938328,,2021-09-10
GCF_019923925.1,Bubalus bubalis,water buffalo,89462,Mammalia,Artiodactyla,Bovidae,Bubalus,117225556,5359742,2612882031,34.9,725000.0,-0.05597159459938328,,2021-09-10
GCA_003121395.1,Bubalus bubalis,water buffalo,89462,Mammalia,Artiodactyla,Bovidae,Bubalus,117219835,22441509,2655764417,34.9,725000.0,-0.05597159459938328,,2018-05-14
GCF_003121395.1,Bubalus bubalis,water buffalo,89462,Mammalia,Artiodactyla,Bovidae,Bubalus,117219835,22441509,2655764417,34.9,725000.0,-0.05597159459938328,,2018-05-14
GCA_019923935.1,Bubalus bubalis,water buffalo,89462,Mammalia,Artiodactyla,Bovidae,Bubalus,116997125,9586610,2622444281,34.9,725000.0,-0.05597159459938328,reference genome,2021-09-10
GCF_019923935.1,Bubalus bubalis,water buffalo,89462,Mammalia,Artiodactyla,Bovidae,Bubalus,116997125,9586610,2622444281,34.9,725000.0,-0.05597159459938328,reference genome,2021-09-10
GCA_040286185.1,Bos taurus,domestic cattle,9913,Mammalia,Artiodactyla,Bovidae,Bos,114962053,111091738,3142393434,20.0,750000.0,-0.30008927773370253,,2024-06-25
GCA_005887515.3,Bos grunniens,domestic yak,30521,Mammalia,Artiodactyla,Bovidae,Bos,114386978,44716738,2831460571,26.3,667000.0,-0.1731296438029839,,2019-06-10
GCA_032405125.2,Capricornis sumatraensis,Sumatran serow,34865,Mammalia,Artiodactyla,Bovidae,Capricornis,112748084,100934918,2828266837,18.5,95000.0,-0.19241336867635095,reference genome,2024-03-13
GCF_032405125.1,Capricornis sumatraensis,Sumatran serow,34865,Mammalia,Artiodactyla,Bovidae,Capricornis,112748084,100934918,2828266837,18.5,95000.0,-0.19241336867635095,reference genome,2024-03-13
GCA_034097375.1,Bos taurus,domestic cattle,9913,Mammalia,Artiodactyla,Bovidae,Bos,112006702,35968234,3092971674,20.0,750000.0,-0.30008927773370253,,2023-12-05
GCA_043882115.1,Bos taurus,domestic cattle,9913,Mammalia,Artiodactyla,Bovidae,Bos,110926873,110926873,3104931678,20.0,750000.0,-0.30008927773370253,,2024-10-28
GCA_047652215.1,Bos taurus,domestic cattle,9913,Mammalia,Artiodactyla,Bovidae,Bos,110861251,105178524,2919435140,20.0,750000.0,-0.30008927773370253,,2025-02-11
GCA_051122635.1,Bos taurus,domestic cattle,9913,Mammalia,Artiodactyla,Bovidae,Bos,110773387,86411128,2924316046,20.0,750000.0,-0.30008927773370253,,2025-06-27
GCA_023091745.2,Budorcas taxicolor,takin,37181,Mammalia,Artiodactyla,Bovidae,Budorcas,109747698,68053581,2851638285,21.9,180000.0,-0.1629178755508971,reference genome,2022-04-22
GCF_023091745.1,Budorcas taxicolor,takin,37181,Mammalia,Artiodactyla,Bovidae,Budorcas,109747698,68053581,2851638285,21.9,180000.0,-0.1629178755508971,reference genome,2022-04-22
GCA_040970035.1,Capra hircus,goat,9925,Mammalia,Artiodactyla,Bovidae,Capra,109452762,102486474,2805112026,20.8,61000.0,-0.11117611289615903,,2024-07-31
GCA_041736475.1,Capra hircus,goat,9925,Mammalia,Artiodactyla,Bovidae,Capra,109452762,102486474,2805112026,20.8,61000.0,-0.11117611289615903,,2024-09-04
GCA_030270955.1,Bos indicus,zebu cattle,9915,Mammalia,Artiodactyla,Bovidae,Bos,108186898,1384931,2724650518,,,,,2023-06-15
GCA_030271795.1,Bos indicus,zebu cattle,9915,Mammalia,Artiodactyla,Bovidae,Bos,108134744,66839997,2717760729,,,,,2023-06-15
GCA_002742125.1,Ovis aries,sheep,9940,Mammalia,Artiodactyla,Bovidae,Ovis,107697089,2572683,2869897780,22.8,80000.0,-0.08987853004027935,,2017-11-02
GCF_002742125.1,Ovis aries,sheep,9940,Mammalia,Artiodactyla,Bovidae,Ovis,107697089,2572683,2869897780,22.8,80000.0,-0.08987853004027935,,2017-11-02
GCA_049004405.1,Capra hircus,goat,9925,Mammalia,Artiodactyla,Bovidae,Capra,106649435,91068789,2913622199,20.8,61000.0,-0.11117611289615903,,2025-03-26
GCA_000247795.2,Bos indicus,zebu cattle,9915,Mammalia,Artiodactyla,Bovidae,Bos,106310653,28375,2673949103,,,,,2014-11-25
GCF_000247795.1,Bos indicus,zebu cattle,9915,Mammalia,Artiodactyla,Bovidae,Bos,106310653,28375,2673949103,,,,,2014-11-25
GCA_030271805.1,Bos indicus,zebu cattle,9915,Mammalia,Artiodactyla,Bovidae,Bos,105316646,38655588,2738405929,,,,,2023-06-15
GCA_977927225.1,Bos taurus,domestic cattle,9913,Mammalia,Artiodactyla,Bovidae,Bos,105290974,79832854,3107443975,20.0,750000.0,-0.30008927773370253,,2025-12-17
GCA_017524585.1,Ovis aries,sheep,9940,Mammalia,Artiodactyla,Bovidae,Ovis,105184753,74601179,2653843355,22.8,80000.0,-0.08987853004027935,,2021-03-24
GCA_055505025.1,Bos grunniens,domestic yak,30521,Mammalia,Artiodactyla,Bovidae,Bos,105134596,93513064,2659477751,26.3,667000.0,-0.1731296438029839,reference genome,2026-02-24
GCA_030267345.1,Bos indicus,zebu cattle,9915,Mammalia,Artiodactyla,Bovidae,Bos,105125530,18384278,2755114487,,,,,2023-06-15
GCA_030269815.1,Bos indicus,zebu cattle,9915,Mammalia,Artiodactyla,Bovidae,Bos,104997781,54840363,2741886673,,,,,2023-06-15
GCA_905123515.1,Bos taurus,domestic cattle,9913,Mammalia,Artiodactyla,Bovidae,Bos,104847410,11058985,2766813070,20.0,750000.0,-0.30008927773370253,,2022-02-18
GCA_029378735.1,Bos indicus,zebu cattle,9915,Mammalia,Artiodactyla,Bovidae,Bos,104822660,29515846,2664611755,,,,,2023-03-24
GCA_023701655.1,Ovis ammon polii x Ovis aries,,2918886,Mammalia,Artiodactyla,Bovidae,Ovis,104794038,80500000,2647058259,,,,,2022-06-10
GCA_029378745.1,Bos indicus,zebu cattle,9915,Mammalia,Artiodactyla,Bovidae,Bos,104596815,42080189,2663005763,,,,reference genome,2023-03-24
GCF_029378745.1,Bos indicus,zebu cattle,9915,Mammalia,Artiodactyla,Bovidae,Bos,104596815,42080189,2663005763,,,,reference genome,2023-03-24
GCA_050059765.1,Bos grunniens,domestic yak,30521,Mammalia,Artiodactyla,Bovidae,Bos,104495363,73728110,2821253796,26.3,667000.0,-0.1731296438029839,,2025-05-01
GCA_014182915.2,Bos gaurus,gaur,9904,Mammalia,Artiodactyla,Bovidae,Bos,104471907,13340585,2717333235,,,,reference genome,2020-08-14
GCA_003369695.2,Bos indicus x Bos taurus,hybrid cattle,30522,Mammalia,Artiodactyla,Bovidae,Bos,104466507,26764281,2680953056,,,,reference genome,2018-11-30
GCF_003369695.1,Bos indicus x Bos taurus,hybrid cattle,30522,Mammalia,Artiodactyla,Bovidae,Bos,104466507,26764281,2680953056,,,,reference genome,2018-11-30
GCA_009493655.1,Bos grunniens x Bos taurus,dzo,331036,Mammalia,Artiodactyla,Bovidae,Bos,104392194,71681919,2668877089,,,,,2019-11-04
GCA_009493645.1,Bos grunniens x Bos taurus,dzo,331036,Mammalia,Artiodactyla,Bovidae,Bos,104384344,72336424,2677156012,,,,reference genome,2019-11-04
GCA_030270995.1,Bos indicus,zebu cattle,9915,Mammalia,Artiodactyla,Bovidae,Bos,104350659,3808449,2660646347,,,,,2023-06-15
GCA_030272135.1,Bos indicus,zebu cattle,9915,Mammalia,Artiodactyla,Bovidae,Bos,104319491,67616653,2704246075,,,,,2023-06-15
GCA_002933975.1,Bos indicus,zebu cattle,9915,Mammalia,Artiodactyla,Bovidae,Bos,104295553,64498,2740314006,,,,,2018-02-22
GCA_030272235.1,Bos indicus,zebu cattle,9915,Mammalia,Artiodactyla,Bovidae,Bos,104280948,74607224,2777349745,,,,,2023-06-15
GCA_026262545.1,Bos indicus,zebu cattle,9915,Mammalia,Artiodactyla,Bovidae,Bos,104161701,4975749,2676789357,,,,,2022-11-23
GCA_030267355.1,Bos indicus,zebu cattle,9915,Mammalia,Artiodactyla,Bovidae,Bos,104146655,34607769,2703810585,,,,,2023-06-15
GCA_030270725.1,Bos indicus,zebu cattle,9915,Mammalia,Artiodactyla,Bovidae,Bos,104146069,7271121,2682706120,,,,,2023-06-15
GCA_030267375.1,Bos indicus,zebu cattle,9915,Mammalia,Artiodactyla,Bovidae,Bos,104107382,67516753,2802629739,,,,,2023-06-15
GCA_033439445.1,Ovis aries,sheep,9940,Mammalia,Artiodactyla,Bovidae,Ovis,104103076,104103076,2956509267,22.8,80000.0,-0.08987853004027935,,2023-11-09
GCA_026262465.1,Bos indicus,zebu cattle,9915,Mammalia,Artiodactyla,Bovidae,Bos,104084006,5705011,2670368317,,,,,2022-11-23
GCA_021234555.1,Bos taurus,domestic cattle,9913,Mammalia,Artiodactyla,Bovidae,Bos,104068235,50551513,2641760917,20.0,750000.0,-0.30008927773370253,,2021-12-20
GCA_039881175.1,Bos taurus,domestic cattle,9913,Mammalia,Artiodactyla,Bovidae,Bos,104053164,43517586,2637765282,20.0,750000.0,-0.30008927773370253,,2024-05-29
GCA_027580245.1,Bos grunniens,domestic yak,30521,Mammalia,Artiodactyla,Bovidae,Bos,104024683,44905690,2615030285,26.3,667000.0,-0.1731296438029839,,2023-01-09
GCA_030270715.1,Bos indicus,zebu cattle,9915,Mammalia,Artiodactyla,Bovidae,Bos,104006159,12809418,2685878278,,,,,2023-06-15
GCA_026262515.1,Bos indicus,zebu cattle,9915,Mammalia,Artiodactyla,Bovidae,Bos,103974788,4948204,2644505303,,,,,2022-11-23
GCA_027580195.2,Bos mutus,wild yak,72004,Mammalia,Artiodactyla,Bovidae,Bos,103902138,38284421,2626900860,,,,reference genome,2023-01-09
GCF_027580195.1,Bos mutus,wild yak,72004,Mammalia,Artiodactyla,Bovidae,Bos,103902138,38284421,2626900860,,,,reference genome,2023-01-09
GCA_043643345.1,Bos frontalis,gayal,30520,Mammalia,Artiodactyla,Bovidae,Bos,103884935,20200000,2615092024,26.2,825000.0,-0.1893467168820242,reference genome,2024-10-24
GCA_030270935.1,Bos indicus,zebu cattle,9915,Mammalia,Artiodactyla,Bovidae,Bos,103850864,5735089,2695367788,,,,,2023-06-15
GCA_011170295.1,Ovis aries,sheep,9940,Mammalia,Artiodactyla,Bovidae,Ovis,103700880,8699377,2767816402,22.8,80000.0,-0.08987853004027935,,2020-03-11
GCA_014523465.1,Ovis orientalis,Asiatic mouflon,469796,Mammalia,Artiodactyla,Bovidae,Ovis,103690580,42163491,2652567896,,,,reference genome,2020-09-11
GCA_048598065.1,Capra hircus,goat,9925,Mammalia,Artiodactyla,Bovidae,Capra,103677361,18467006,2877416085,20.8,61000.0,-0.11117611289615903,,2025-03-18
GCA_030272495.1,Bos indicus,zebu cattle,9915,Mammalia,Artiodactyla,Bovidae,Bos,103618451,1430599,2602188242,,,,,2023-06-15
GCA_048593975.1,Capra hircus,goat,9925,Mammalia,Artiodactyla,Bovidae,Capra,103582820,40956619,2841350489,20.8,61000.0,-0.11117611289615903,,2025-03-17
GCA_054099755.1,Cephalophula zebra,zebra duiker,129233,Mammalia,Artiodactyla,Bovidae,Cephalophula,103580686,66391286,3843731259,,,,,2025-12-18
GCA_030270865.1,Bos indicus,zebu cattle,9915,Mammalia,Artiodactyla,Bovidae,Bos,103564668,5469797,2623800349,,,,,2023-06-15
GCA_977927255.1,Bos taurus,domestic cattle,9913,Mammalia,Artiodactyla,Bovidae,Bos,103498049,84613433,3143533323,20.0,750000.0,-0.30008927773370253,,2025-12-17
GCA_048598825.1,Capra hircus,goat,9925,Mammalia,Artiodactyla,Bovidae,Capra,103490013,19124961,2883761714,20.8,61000.0,-0.11117611289615903,,2025-03-18
GCA_030272505.1,Bos indicus,zebu cattle,9915,Mammalia,Artiodactyla,Bovidae,Bos,103480295,1510866,2619463456,,,,,2023-06-15
GCA_030269505.1,Bos indicus,zebu cattle,9915,Mammalia,Artiodactyla,Bovidae,Bos,103471585,84256642,2859751503,,,,,2023-06-15
GCA_041053135.1,Capra hircus,goat,9925,Mammalia,Artiodactyla,Bovidae,Capra,103458567,103458567,2709871256,20.8,61000.0,-0.11117611289615903,,2024-08-05
GCA_041920685.1,Capra hircus,goat,9925,Mammalia,Artiodactyla,Bovidae,Capra,103458567,103458567,2709871256,20.8,61000.0,-0.11117611289615903,,2024-09-14
GCA_040805955.1,Ovis aries,sheep,9940,Mammalia,Artiodactyla,Bovidae,Ovis,103395564,103395564,2853626077,22.8,80000.0,-0.08987853004027935,,2024-07-22
GCA_030270685.1,Bos indicus,zebu cattle,9915,Mammalia,Artiodactyla,Bovidae,Bos,103350382,11023646,2684765892,,,,,2023-06-15
GCA_026262375.1,Bos indicus,zebu cattle,9915,Mammalia,Artiodactyla,Bovidae,Bos,103339670,4900675,2642350888,,,,,2022-11-23
GCA_002263795.4,Bos taurus,domestic cattle,9913,Mammalia,Artiodactyla,Bovidae,Bos,103308737,26402946,2770669782,20.0,750000.0,-0.30008927773370253,reference genome,2023-07-01
GCF_002263795.3,Bos taurus,domestic cattle,9913,Mammalia,Artiodactyla,Bovidae,Bos,103308737,26402946,2770669782,20.0,750000.0,-0.30008927773370253,reference genome,2023-07-01
GCA_030270825.1,Bos indicus,zebu cattle,9915,Mammalia,Artiodactyla,Bovidae,Bos,103198692,5943769,2615965804,,,,,2023-06-15
GCA_030272475.1,Bos indicus,zebu cattle,9915,Mammalia,Artiodactyla,Bovidae,Bos,103076248,7087859,2671242728,,,,,2023-06-15
GCA_002968435.1,Bos mutus,wild yak,72004,Mammalia,Artiodactyla,Bovidae,Bos,102953489,23623,2290107628,,,,,2018-03-05
GCA_003369685.2,Bos indicus x Bos taurus,hybrid cattle,30522,Mammalia,Artiodactyla,Bovidae,Bos,102763607,37061043,2580764822,,,,,2018-11-30
GCA_030270705.1,Bos indicus,zebu cattle,9915,Mammalia,Artiodactyla,Bovidae,Bos,102596576,8299809,2702544709,,,,,2023-06-15
GCA_049004455.1,Capra hircus,goat,9925,Mammalia,Artiodactyla,Bovidae,Capra,102565606,94117497,2797728855,20.8,61000.0,-0.11117611289615903,,2025-03-26
GCA_018282465.1,Bos taurus x Bison bison,beefalo,297284,Mammalia,Artiodactyla,Bovidae,,102503821,70612029,2861687306,,,,,2021-05-06
GCA_015443085.1,Capra hircus,goat,9925,Mammalia,Artiodactyla,Bovidae,Capra,102383509,46208332,2696218280,20.8,61000.0,-0.11117611289615903,,2020-11-16
GCA_030270805.1,Bos indicus,zebu cattle,9915,Mammalia,Artiodactyla,Bovidae,Bos,102361253,10781387,2670402684,,,,,2023-06-15
GCA_028583565.1,Ovis ammon polii,,230172,Mammalia,Artiodactyla,Bovidae,Ovis,102356453,74870268,2664279918,,,,reference genome,2023-02-10
GCA_004361675.1,Capra hircus,goat,9925,Mammalia,Artiodactyla,Bovidae,Capra,102339471,819,3041623660,20.8,61000.0,-0.11117611289615903,,2019-03-22
GCA_039881165.1,Bos indicus,zebu cattle,9915,Mammalia,Artiodactyla,Bovidae,Bos,102293892,40120180,2616227200,,,,,2024-05-29
GCA_041121725.1,Ovis aries,sheep,9940,Mammalia,Artiodactyla,Bovidae,Ovis,102264554,102264554,2726272294,22.8,80000.0,-0.08987853004027935,,2024-07-24
GCA_030270845.1,Bos indicus,zebu cattle,9915,Mammalia,Artiodactyla,Bovidae,Bos,101985807,1736206,2598446362,,,,,2023-06-15
GCA_019145175.1,Ovis aries,sheep,9940,Mammalia,Artiodactyla,Bovidae,Ovis,101973538,73326320,2648317365,22.8,80000.0,-0.08987853004027935,,2021-07-08
GCA_047671635.1,Capra hircus,goat,9925,Mammalia,Artiodactyla,Bovidae,Capra,101930831,94806723,2904365260,20.8,61000.0,-0.11117611289615903,,2025-02-12
GCA_030270855.1,Bos indicus,zebu cattle,9915,Mammalia,Artiodactyla,Bovidae,Bos,101844711,1696410,2603801981,,,,,2023-06-15
GCA_030270945.1,Bos indicus,zebu cattle,9915,Mammalia,Artiodactyla,Bovidae,Bos,101604044,1234871,2652973847,,,,,2023-06-15
GCA_023701675.1,Ovis ammon polii x Ovis aries,,2918886,Mammalia,Artiodactyla,Bovidae,Ovis,101515600,77913213,2970496992,,,,reference genome,2022-06-10
GCA_040285425.1,Bos taurus,domestic cattle,9913,Mammalia,Artiodactyla,Bovidae,Bos,101409388,95916531,3034178088,20.0,750000.0,-0.30008927773370253,,2024-06-25
GCA_022244705.1,Ovis aries,sheep,9940,Mammalia,Artiodactyla,Bovidae,Ovis,101326467,62304206,2668046421,22.8,80000.0,-0.08987853004027935,,2022-02-24
GCA_016772045.2,Ovis aries,sheep,9940,Mammalia,Artiodactyla,Bovidae,Ovis,101274418,43178051,2654047367,22.8,80000.0,-0.08987853004027935,reference genome,2023-07-20
GCF_016772045.2,Ovis aries,sheep,9940,Mammalia,Artiodactyla,Bovidae,Ovis,101274418,43178051,2654047367,22.8,80000.0,-0.08987853004027935,reference genome,2023-07-20
GCA_026652205.1,Capra hircus,goat,9925,Mammalia,Artiodactyla,Bovidae,Capra,101253643,42595358,2631323452,20.8,61000.0,-0.11117611289615903,,2022-12-05
GCA_042835985.1,Capra hircus,goat,9925,Mammalia,Artiodactyla,Bovidae,Capra,101253643,42595358,2627495653,20.8,61000.0,-0.11117611289615903,,2024-10-09
GCA_054642885.1,Capra ibex,Alpine ibex,72542,Mammalia,Artiodactyla,Bovidae,Capra,101249638,58703036,2660727766,20.9,82500.0,-0.12977494550858704,reference genome,2026-01-07
GCA_045269445.1,Ovis ammon,argali,30527,Mammalia,Artiodactyla,Bovidae,Ovis,101212947,71686117,2642675468,16.8,160000.0,-0.26998458618548216,,2024-11-25
GCA_021347905.1,Bos taurus,domestic cattle,9913,Mammalia,Artiodactyla,Bovidae,Bos,100964413,8737306,2665533357,20.0,750000.0,-0.30008927773370253,,2022-01-11
GCA_963981305.1,Rupicapra rupicapra,chamois,34869,Mammalia,Artiodactyla,Bovidae,Rupicapra,100920001,77662214,2622988171,17.6,37500.0,-0.15039933813079331,reference genome,2024-03-10
GCA_040806595.1,Capra hircus,goat,9925,Mammalia,Artiodactyla,Bovidae,Capra,100793790,100793790,2863923675,20.8,61000.0,-0.11117611289615903,,2024-07-22
GCA_041735815.1,Capra hircus,goat,9925,Mammalia,Artiodactyla,Bovidae,Capra,100793790,100793790,2863923675,20.8,61000.0,-0.11117611289615903,,2024-09-04
GCA_040259355.1,Ovis aries,sheep,9940,Mammalia,Artiodactyla,Bovidae,Ovis,100767354,19221249,2730328014,22.8,80000.0,-0.08987853004027935,,2024-06-21
GCA_977927285.1,Bos taurus,domestic cattle,9913,Mammalia,Artiodactyla,Bovidae,Bos,100451328,76866767,3167748676,20.0,750000.0,-0.30008927773370253,,2025-12-17
GCA_001039535.1,Ovis canadensis canadensis,,112262,Mammalia,Artiodactyla,Bovidae,Ovis,100190483,8067,2590545282,,,,,2015-06-25
GCA_000298735.2,Ovis aries,sheep,9940,Mammalia,Artiodactyla,Bovidae,Ovis,100009711,150472,2615499683,22.8,80000.0,-0.08987853004027935,,2015-11-20
GCF_000298735.2,Ovis aries,sheep,9940,Mammalia,Artiodactyla,Bovidae,Ovis,100009711,150472,2615499683,22.8,80000.0,-0.08987853004027935,,2015-11-20
GCA_044587905.1,Capra hircus,goat,9925,Mammalia,Artiodactyla,Bovidae,Capra,99560880,34222907,2923108136,20.8,61000.0,-0.11117611289615903,,2024-11-07
GCA_977927245.1,Bos taurus,domestic cattle,9913,Mammalia,Artiodactyla,Bovidae,Bos,99032166,73844118,3108398734,20.0,750000.0,-0.30008927773370253,,2025-12-17
GCA_040543055.1,Ovis aries,sheep,9940,Mammalia,Artiodactyla,Bovidae,Ovis,98436986,81374497,2865760504,22.8,80000.0,-0.08987853004027935,,2024-07-08
GCA_049004675.1,Capra hircus,goat,9925,Mammalia,Artiodactyla,Bovidae,Capra,98359673,62961913,2835180326,20.8,61000.0,-0.11117611289615903,,2025-03-26
GCA_046464075.1,Capra hircus,goat,9925,Mammalia,Artiodactyla,Bovidae,Capra,97576398,97576398,2904094435,20.8,61000.0,-0.11117611289615903,,2025-01-03
GCA_049004595.1,Capra hircus,goat,9925,Mammalia,Artiodactyla,Bovidae,Capra,97210101,56775930,2828947445,20.8,61000.0,-0.11117611289615903,,2025-03-26
GCA_977927265.1,Bos taurus,domestic cattle,9913,Mammalia,Artiodactyla,Bovidae,Bos,97202444,81087906,3083078610,20.0,750000.0,-0.30008927773370253,,2025-12-17
GCA_022416755.1,Ovis aries,sheep,9940,Mammalia,Artiodactyla,Bovidae,Ovis,97145438,75674662,2874205068,22.8,80000.0,-0.08987853004027935,,2022-03-10
GCA_022416725.1,Ovis aries,sheep,9940,Mammalia,Artiodactyla,Bovidae,Ovis,96686824,64464110,2876191746,22.8,80000.0,-0.08987853004027935,,2022-03-10
GCA_049004535.1,Capra hircus,goat,9925,Mammalia,Artiodactyla,Bovidae,Capra,96559525,5282587,2843569605,20.8,61000.0,-0.11117611289615903,,2025-03-26
GCA_040836155.1,Ovis aries,sheep,9940,Mammalia,Artiodactyla,Bovidae,Ovis,96542478,96542478,2621847800,22.8,80000.0,-0.08987853004027935,,2024-07-24
GCA_022416915.1,Ovis aries,sheep,9940,Mammalia,Artiodactyla,Bovidae,Ovis,96526831,92422466,2906633192,22.8,80000.0,-0.08987853004027935,,2022-03-10
GCA_022416785.1,Ovis aries,sheep,9940,Mammalia,Artiodactyla,Bovidae,Ovis,96205310,71930095,2923901082,22.8,80000.0,-0.08987853004027935,,2022-03-10
GCA_018804185.1,Ovis aries,sheep,9940,Mammalia,Artiodactyla,Bovidae,Ovis,96203338,85264699,2901665227,22.8,80000.0,-0.08987853004027935,,2021-06-09
GCA_022432845.1,Ovis aries,sheep,9940,Mammalia,Artiodactyla,Bovidae,Ovis,96196361,73369510,2867731545,22.8,80000.0,-0.08987853004027935,,2022-03-10
GCA_030254855.1,Bos taurus x Bison bison,beefalo,297284,Mammalia,Artiodactyla,Bovidae,,96133175,67011352,2983369938,,,,,2023-06-12
GCA_049004495.1,Capra hircus,goat,9925,Mammalia,Artiodactyla,Bovidae,Capra,95863590,5368111,2841804427,20.8,61000.0,-0.11117611289615903,,2025-03-26
GCA_022416695.1,Ovis aries,sheep,9940,Mammalia,Artiodactyla,Bovidae,Ovis,95602264,17870341,2808662536,22.8,80000.0,-0.08987853004027935,,2022-03-10
GCA_048594125.1,Capra hircus,goat,9925,Mammalia,Artiodactyla,Bovidae,Capra,95576231,3203857,2873517556,20.8,61000.0,-0.11117611289615903,,2025-03-17
GCA_022244695.1,Ovis aries,sheep,9940,Mammalia,Artiodactyla,Bovidae,Ovis,95576019,61833573,2579075941,22.8,80000.0,-0.08987853004027935,,2022-02-24
GCA_022416685.1,Ovis aries,sheep,9940,Mammalia,Artiodactyla,Bovidae,Ovis,95532774,74976097,2865419185,22.8,80000.0,-0.08987853004027935,,2022-03-10
GCA_022432835.1,Ovis aries,sheep,9940,Mammalia,Artiodactyla,Bovidae,Ovis,95518434,80315026,2815734371,22.8,80000.0,-0.08987853004027935,,2022-03-10
GCA_022432825.1,Ovis aries,sheep,9940,Mammalia,Artiodactyla,Bovidae,Ovis,95447334,59951985,2838248789,22.8,80000.0,-0.08987853004027935,,2022-03-10
GCA_054855995.1,Capra nubiana,Nubian ibex,72543,Mammalia,Artiodactyla,Bovidae,Capra,95383454,91324156,2765715766,22.4,46250.0,-0.060029816450522855,reference genome,2026-01-30
GCA_022416775.1,Ovis aries,sheep,9940,Mammalia,Artiodactyla,Bovidae,Ovis,95337541,47602023,2817405832,22.8,80000.0,-0.08987853004027935,,2022-03-10
GCA_022538005.1,Ovis aries,sheep,9940,Mammalia,Artiodactyla,Bovidae,Ovis,95262849,68301688,2861633928,22.8,80000.0,-0.08987853004027935,,2022-03-10
GCA_040822015.1,Capra hircus,goat,9925,Mammalia,Artiodactyla,Bovidae,Capra,95224248,95224248,2762439868,20.8,61000.0,-0.11117611289615903,,2024-07-23
GCA_044587935.1,Capra hircus,goat,9925,Mammalia,Artiodactyla,Bovidae,Capra,95120486,72119804,2861000622,20.8,61000.0,-0.11117611289615903,,2024-11-07
GCA_044588015.1,Capra hircus,goat,9925,Mammalia,Artiodactyla,Bovidae,Capra,95110743,79363757,2888501568,20.8,61000.0,-0.11117611289615903,,2024-11-07
GCA_022416745.1,Ovis aries,sheep,9940,Mammalia,Artiodactyla,Bovidae,Ovis,95064122,65130578,2859205457,22.8,80000.0,-0.08987853004027935,,2022-03-10
GCA_044509215.1,Capra hircus,goat,9925,Mammalia,Artiodactyla,Bovidae,Capra,95054493,87100104,2898640842,20.8,61000.0,-0.11117611289615903,,2024-11-06
GCA_048598025.1,Capra hircus,goat,9925,Mammalia,Artiodactyla,Bovidae,Capra,94974971,15929030,2845684799,20.8,61000.0,-0.11117611289615903,,2025-03-18
GCA_048594055.1,Capra hircus,goat,9925,Mammalia,Artiodactyla,Bovidae,Capra,94932517,44806402,2862723227,20.8,61000.0,-0.11117611289615903,,2025-03-17
GCA_048594065.1,Capra hircus,goat,9925,Mammalia,Artiodactyla,Bovidae,Capra,94849499,12946197,2818386683,20.8,61000.0,-0.11117611289615903,,2025-03-17
GCA_024222175.1,Ovis aries,sheep,9940,Mammalia,Artiodactyla,Bovidae,Ovis,94576226,31753839,2955254869,22.8,80000.0,-0.08987853004027935,,2022-07-13
GCA_048594135.1,Capra hircus,goat,9925,Mammalia,Artiodactyla,Bovidae,Capra,94275828,7788322,2822980023,20.8,61000.0,-0.11117611289615903,,2025-03-17
GCA_048598055.1,Capra hircus,goat,9925,Mammalia,Artiodactyla,Bovidae,Capra,93821530,15861449,2846057285,20.8,61000.0,-0.11117611289615903,,2025-03-18
GCA_044587945.1,Capra hircus,goat,9925,Mammalia,Artiodactyla,Bovidae,Capra,93662810,67646455,3016070118,20.8,61000.0,-0.11117611289615903,,2024-11-07
GCA_047671655.1,Capra hircus,goat,9925,Mammalia,Artiodactyla,Bovidae,Capra,93504989,26738642,2992372361,20.8,61000.0,-0.11117611289615903,,2025-02-12
GCA_963921495.1,Bos taurus,domestic cattle,9913,Mammalia,Artiodactyla,Bovidae,Bos,93255103,93255103,3190048122,20.0,750000.0,-0.30008927773370253,,2024-06-26
GCA_024222265.1,Ovis aries,sheep,9940,Mammalia,Artiodactyla,Bovidae,Ovis,93095555,73625792,2941689615,22.8,80000.0,-0.08987853004027935,,2022-07-13
GCA_054856215.1,Capra nubiana,Nubian ibex,72543,Mammalia,Artiodactyla,Bovidae,Capra,92448383,92448383,2752084053,22.4,46250.0,-0.060029816450522855,,2026-01-30
GCA_050916685.1,Ovis aries,sheep,9940,Mammalia,Artiodactyla,Bovidae,Ovis,92258836,71454981,2950562638,22.8,80000.0,-0.08987853004027935,,2025-06-13
GCA_040182635.1,Pantholops hodgsonii,chiru,59538,Mammalia,Artiodactyla,Bovidae,Pantholops,92232156,84561976,3139646730,,,,reference genome,2024-06-17
GCA_044231825.1,Addax nasomaculatus,,59515,Mammalia,Artiodactyla,Bovidae,Addax,92211068,72849686,2846199114,28.0,92500.0,-0.010600294313078296,reference genome,2024-11-04
GCA_977970235.1,Bos taurus,domestic cattle,9913,Mammalia,Artiodactyla,Bovidae,Bos,92203653,88587232,3109757062,20.0,750000.0,-0.30008927773370253,,2025-12-20
GCA_000978405.1,Capra aegagrus,wild goat,9923,Mammalia,Artiodactyla,Bovidae,Capra,91317560,19347,2828873048,,,,reference genome,2015-04-24
GCA_048594165.1,Capra hircus,goat,9925,Mammalia,Artiodactyla,Bovidae,Capra,90969986,3273823,2906945630,20.8,61000.0,-0.11117611289615903,,2025-03-17
GCA_028973685.2,Bos taurus,domestic cattle,9913,Mammalia,Artiodactyla,Bovidae,Bos,89243566,64712170,3108492884,20.0,750000.0,-0.30008927773370253,,2023-09-22
GCA_946052875.1,Bos gaurus x Bos taurus,,1705790,Mammalia,Artiodactyla,Bovidae,Bos,88543157,66457535,3030544191,,,,reference genome,2022-09-11
GCA_018282365.1,Bos taurus x Bison bison,beefalo,297284,Mammalia,Artiodactyla,Bovidae,,87753233,68474646,2651593212,,,,,2021-05-06
GCA_947034695.1,Bos taurus,domestic cattle,9913,Mammalia,Artiodactyla,Bovidae,Bos,87697707,84059894,3244660166,20.0,750000.0,-0.30008927773370253,,2022-10-29
GCA_032452875.1,Bos javanicus,banteng,9906,Mammalia,Artiodactyla,Bovidae,Bos,87549292,47146240,2972795249,27.1,700000.0,-0.16342397988394364,reference genome,2023-10-11
GCF_032452875.1,Bos javanicus,banteng,9906,Mammalia,Artiodactyla,Bovidae,Bos,87549292,47146240,2972795249,27.1,700000.0,-0.16342397988394364,reference genome,2023-10-11
GCA_001704415.2,Capra hircus,goat,9925,Mammalia,Artiodactyla,Bovidae,Capra,87277232,26244591,2922600443,20.8,61000.0,-0.11117611289615903,reference genome,2016-08-24
GCF_001704415.2,Capra hircus,goat,9925,Mammalia,Artiodactyla,Bovidae,Capra,87277232,26244591,2922600443,20.8,61000.0,-0.11117611289615903,reference genome,2016-08-24
GCA_905123885.1,Bos taurus,domestic cattle,9913,Mammalia,Artiodactyla,Bovidae,Bos,84476814,18716610,2921022644,20.0,750000.0,-0.30008927773370253,,2022-02-18
GCA_030378505.1,Bos taurus,domestic cattle,9913,Mammalia,Artiodactyla,Bovidae,Bos,59476289,59476289,59476289,20.0,750000.0,-0.30008927773370253,,2023-07-01
GCA_048773025.1,Camelus bactrianus,Bactrian camel,9837,Mammalia,Artiodactyla,Camelidae,Camelus,79915242,54723239,2473901565,35.4,475000.0,-0.02082812076509355,reference genome,2025-03-21
GCF_048773025.1,Camelus bactrianus,Bactrian camel,9837,Mammalia,Artiodactyla,Camelidae,Camelus,79915242,54723239,2473901565,35.4,475000.0,-0.02082812076509355,reference genome,2025-03-21
GCA_036785785.1,Camelus dromedarius,Arabian camel,9838,Mammalia,Artiodactyla,Camelidae,Camelus,78002329,74147329,2459396495,28.4,434000.0,-0.11032954110420956,,2024-02-23
GCA_009834535.1,Camelus ferus,Wild Bactrian camel,419612,Mammalia,Artiodactyla,Camelidae,Camelus,76025729,5365398,2087077296,,,,reference genome,2020-01-08
GCF_009834535.1,Camelus ferus,Wild Bactrian camel,419612,Mammalia,Artiodactyla,Camelidae,Camelus,76025729,5365398,2087077296,,,,reference genome,2020-01-08
GCA_048564905.1,Vicugna pacos,alpaca,30538,Mammalia,Artiodactyla,Camelidae,Vicugna,75404351,40278543,2572244716,25.8,62000.0,-0.01873358544069359,reference genome,2025-03-12
GCF_048564905.1,Vicugna pacos,alpaca,30538,Mammalia,Artiodactyla,Camelidae,Vicugna,75404351,40278543,2572244716,25.8,62000.0,-0.01873358544069359,reference genome,2025-03-12
GCA_036321535.1,Camelus dromedarius,Arabian camel,9838,Mammalia,Artiodactyla,Camelidae,Camelus,72991593,31216184,2306603094,28.4,434000.0,-0.11032954110420956,reference genome,2024-01-31
GCF_036321535.1,Camelus dromedarius,Arabian camel,9838,Mammalia,Artiodactyla,Camelidae,Camelus,72991593,31216184,2306603094,28.4,434000.0,-0.11032954110420956,reference genome,2024-01-31
GCA_000803125.3,Camelus dromedarius,Arabian camel,9838,Mammalia,Artiodactyla,Camelidae,Camelus,70369702,236391,2169346739,28.4,434000.0,-0.11032954110420956,,2019-10-07
GCF_000803125.2,Camelus dromedarius,Arabian camel,9838,Mammalia,Artiodactyla,Camelidae,Camelus,70369702,236391,2169346739,28.4,434000.0,-0.11032954110420956,,2019-10-07
GCA_036321565.1,Camelus dromedarius,Arabian camel,9838,Mammalia,Artiodactyla,Camelidae,Camelus,70331411,28900355,2086495379,28.4,434000.0,-0.11032954110420956,,2024-01-31
GCA_028534125.1,Lama glama,llama,9844,Mammalia,Artiodactyla,Camelidae,Lama,57409894,93318,2351761190,28.9,140000.0,-0.025249142290284965,,2023-02-09
GCA_039877825.1,Muntiacus vaginalis,,9887,Mammalia,Artiodactyla,Cervidae,Muntiacus,700271098,29270234,2661124938,,,,reference genome,2024-05-29
GCA_008782695.1,Muntiacus muntjak,muntjak,9888,Mammalia,Artiodactyla,Cervidae,Muntiacus,682452208,215534,2573529099,18.8,21000.0,-0.08203666587616554,reference genome,2019-10-07
GCA_020276665.1,Muntiacus crinifrons,black muntjac,71854,Mammalia,Artiodactyla,Cervidae,Muntiacus,646574120,25225000,2489495709,,,,reference genome,2021-10-05
GCA_020226055.1,Muntiacus crinifrons,black muntjac,71854,Mammalia,Artiodactyla,Cervidae,Muntiacus,632083897,3936592,2548844227,,,,,2021-10-05
GCA_963930625.2,Muntiacus reevesi,Reeves' muntjac,9886,Mammalia,Artiodactyla,Cervidae,Muntiacus,114594100,75993000,2692855586,23.2,18000.0,0.019852771082012888,reference genome,2026-02-01
GCA_963930625.1,Muntiacus reevesi,Reeves' muntjac,9886,Mammalia,Artiodactyla,Cervidae,Muntiacus,114544513,5780196,2656168540,23.2,18000.0,0.019852771082012888,,2024-01-31
GCF_963930625.1,Muntiacus reevesi,Reeves' muntjac,9886,Mammalia,Artiodactyla,Cervidae,Muntiacus,114544513,5780196,2656168540,23.2,18000.0,0.019852771082012888,reference genome,2024-01-31
GCA_020226045.1,Muntiacus reevesi,Reeves' muntjac,9886,Mammalia,Artiodactyla,Cervidae,Muntiacus,113316579,18600000,2494014298,23.2,18000.0,0.019852771082012888,,2021-10-05
GCA_002197005.1,Cervus elaphus hippelaphus,,46360,Mammalia,Artiodactyla,Cervidae,Cervus,107358006,7944,3438623608,,,,,2017-06-19
GCA_055537805.1,Elaphurus davidianus,Pere David's deer,43332,Mammalia,Artiodactyla,Cervidae,Elaphurus,95726643,72485093,2997591516,27.5,186500.0,-0.06645928749486996,reference genome,2026-02-27
GCA_054824845.1,Rucervus eldii thamin,,208364,Mammalia,Artiodactyla,Cervidae,Rucervus,94146103,55287169,2790332288,,,,reference genome,2026-01-29
GCA_008787405.2,Muntiacus reevesi,Reeves' muntjac,9886,Mammalia,Artiodactyla,Cervidae,Muntiacus,94101870,225142,2579575442,23.2,18000.0,0.019852771082012888,,2019-10-07
GCA_040085125.1,Cervus nippon,sika deer,9863,Mammalia,Artiodactyla,Cervidae,Cervus,89550226,89550226,2778006886,26.3,42000.0,0.01628074247930056,reference genome,2024-06-07
GCA_052324755.1,Cervus nippon kopschi,South China sika deer,501781,Mammalia,Artiodactyla,Cervidae,Cervus,85864272,71106193,2866056901,,,,,2025-08-28
GCA_910594005.1,Cervus elaphus,red deer,9860,Mammalia,Artiodactyla,Cervidae,Cervus,83473711,68741660,2886603524,31.5,200000.0,-0.012268618092037498,,2021-07-07
GCF_910594005.1,Cervus elaphus,red deer,9860,Mammalia,Artiodactyla,Cervidae,Cervus,83473711,68741660,2886603524,31.5,200000.0,-0.012268618092037498,reference genome,2021-07-07
GCA_910594005.2,Cervus elaphus,red deer,9860,Mammalia,Artiodactyla,Cervidae,Cervus,83153426,48621000,3312778338,31.5,200000.0,-0.012268618092037498,reference genome,2026-02-26
GCA_054883215.1,Axis porcinus,Hog deer,57737,Mammalia,Artiodactyla,Cervidae,Axis,81775362,54160790,2765252981,22.9,43000.0,-0.045451359654036905,reference genome,2026-01-30
GCA_910593805.2,Cervus elaphus,red deer,9860,Mammalia,Artiodactyla,Cervidae,Cervus,78722695,54015000,3036074114,31.5,200000.0,-0.012268618092037498,,2026-02-10
GCA_054883225.1,Axis porcinus,Hog deer,57737,Mammalia,Artiodactyla,Cervidae,Axis,78411891,52304192,2724881861,22.9,43000.0,-0.045451359654036905,,2026-01-30
GCA_054824865.1,Rucervus eldii thamin,,208364,Mammalia,Artiodactyla,Cervidae,Rucervus,78233389,49828967,3650165881,,,,,2026-01-29
GCA_010411085.1,Cervus hanglu yarkandensis,Yarkand deer,84702,Mammalia,Artiodactyla,Cervidae,Cervus,77688133,268660,2594114534,,,,reference genome,2020-02-12
GCA_019320065.1,Cervus canadensis,elk,1574408,Mammalia,Artiodactyla,Cervidae,Cervus,77654944,914577,2526613007,,,,reference genome,2021-07-26
GCF_019320065.1,Cervus canadensis,elk,1574408,Mammalia,Artiodactyla,Cervidae,Cervus,77654944,914577,2526613007,,,,reference genome,2021-07-26
GCA_054829135.1,Cervus nippon yesoensis,Hokkaido sika deer,223998,Mammalia,Artiodactyla,Cervidae,Cervus,77397291,12284516,3145164135,,,,,2026-01-29
GCA_033118175.2,Dama dama,fallow deer,30532,Mammalia,Artiodactyla,Cervidae,Dama,77069784,68791581,3104280228,21.1,70000.0,-0.11438403887852822,reference genome,2024-10-18
GCA_033118175.1,Dama dama,fallow deer,30532,Mammalia,Artiodactyla,Cervidae,Dama,77069784,68791581,3104280228,21.1,70000.0,-0.11438403887852822,,2023-11-02
GCF_033118175.1,Dama dama,fallow deer,30532,Mammalia,Artiodactyla,Cervidae,Dama,77069784,68791581,3104280228,21.1,70000.0,-0.11438403887852822,reference genome,2023-11-02
GCA_034195675.1,Cervus nippon,sika deer,9863,Mammalia,Artiodactyla,Cervidae,Cervus,76978127,17389375,2541240779,26.3,42000.0,0.01628074247930056,,2023-12-07
GCA_048127045.1,Dama dama,fallow deer,30532,Mammalia,Artiodactyla,Cervidae,Dama,76851773,40112087,2380677270,21.1,70000.0,-0.11438403887852822,,2025-02-27
GCA_048126745.1,Dama dama,fallow deer,30532,Mammalia,Artiodactyla,Cervidae,Dama,76496593,49431082,2723309090,21.1,70000.0,-0.11438403887852822,,2025-02-27
GCA_046563475.2,Cervus albirostris,white-lipped deer,1088058,Mammalia,Artiodactyla,Cervidae,Cervus,76185968,41342000,2993212001,,,,reference genome,2025-01-08
GCA_965153185.1,Rangifer tarandus tarandus,,86329,Mammalia,Artiodactyla,Cervidae,Rangifer,75600899,5978229,2541193010,,,,,2026-01-01
GCA_020226075.1,Hydropotes inermis,Chinese water deer,9883,Mammalia,Artiodactyla,Cervidae,Hydropotes,74967728,131414,2540444434,13.9,11500.0,-0.17193077887927388,reference genome,2021-10-05
GCA_020976825.1,Odocoileus hemionus,mule deer,9872,Mammalia,Artiodactyla,Cervidae,Odocoileus,72140960,28570879,2609301826,22.0,57000.0,-0.08217092809139492,reference genome,2021-11-30
GCA_949782905.1,Rangifer tarandus platyrhynchus,Svalbard reindeer,3082113,Mammalia,Artiodactyla,Cervidae,Rangifer,69829200,22482685,2971153391,,,,reference genome,2023-04-20
GCA_038088365.1,Cervus nippon,sika deer,9863,Mammalia,Artiodactyla,Cervidae,Cervus,67151499,32504617,3375477613,26.3,42000.0,0.01628074247930056,,2024-04-17
GCA_951394145.2,Rangifer tarandus platyrhynchus,Svalbard reindeer,3082113,Mammalia,Artiodactyla,Cervidae,Rangifer,66889000,48063000,2820903286,,,,,2025-03-21
GCA_023699985.4,Odocoileus virginianus,white-tailed deer,9874,Mammalia,Artiodactyla,Cervidae,Odocoileus,66396233,21769372,2423246854,23.0,87000.0,-0.0918314116636898,reference genome,2024-10-17
GCF_023699985.2,Odocoileus virginianus,white-tailed deer,9874,Mammalia,Artiodactyla,Cervidae,Odocoileus,66396233,21769372,2423246854,23.0,87000.0,-0.0918314116636898,reference genome,2024-10-17
GCA_019903745.2,Rangifer tarandus caribou,,86327,Mammalia,Artiodactyla,Cervidae,Rangifer,54364837,168825,2577102128,,,,,2023-04-17
GCA_937001465.1,Orcinus orca,killer whale,9733,Mammalia,Artiodactyla,Delphinidae,Orcinus,114219206,45583382,2647335075,90.0,3987500.0,0.23867046736515962,reference genome,2022-05-03
GCF_937001465.1,Orcinus orca,killer whale,9733,Mammalia,Artiodactyla,Delphinidae,Orcinus,114219206,45583382,2647335075,90.0,3987500.0,0.23867046736515962,reference genome,2022-05-03
GCA_051427955.1,Peponocephala electra,melon-headed whale,103596,Mammalia,Artiodactyla,Delphinidae,Peponocephala,110856110,67561491,2318157464,47.0,206000.0,0.15949391198107232,reference genome,2025-07-21
GCA_949774975.1,Lagenorhynchus albirostris,white-beaked dolphin,27610,Mammalia,Artiodactyla,Delphinidae,Lagenorhynchus,110721866,3398034,2544819402,,,,reference genome,2023-04-08
GCF_949774975.1,Lagenorhynchus albirostris,white-beaked dolphin,27610,Mammalia,Artiodactyla,Delphinidae,Lagenorhynchus,110721866,3398034,2544819402,,,,reference genome,2023-04-08
GCA_051427945.1,Peponocephala electra,melon-headed whale,103596,Mammalia,Artiodactyla,Delphinidae,Peponocephala,110605234,57154926,2540361747,47.0,206000.0,0.15949391198107232,,2025-07-21
GCA_039906525.1,Pseudorca crassidens,false killer whale,82174,Mammalia,Artiodactyla,Delphinidae,Pseudorca,110370934,60000724,2678530964,62.5,748000.0,0.1949436542519163,,2024-05-31
GCA_039906515.1,Pseudorca crassidens,false killer whale,82174,Mammalia,Artiodactyla,Delphinidae,Pseudorca,110095734,58817648,2674592094,62.5,748000.0,0.1949436542519163,reference genome,2024-05-31
GCF_039906515.1,Pseudorca crassidens,false killer whale,82174,Mammalia,Artiodactyla,Delphinidae,Pseudorca,110095734,58817648,2674592094,62.5,748000.0,0.1949436542519163,reference genome,2024-05-31
GCA_964270905.1,Leucopleurus acutus,Atlantic white-sided dolphin,3371109,Mammalia,Artiodactyla,Delphinidae,Leucopleurus,109653882,3493168,2676193030,,,,reference genome,2024-09-29
GCA_030062865.2,Delphinus delphis,saddleback dolphin,9728,Mammalia,Artiodactyla,Delphinidae,Delphinus,108933991,54231611,2559079069,,,,,2024-03-15
GCA_011762595.2,Tursiops truncatus,common bottlenose dolphin,9739,Mammalia,Artiodactyla,Delphinidae,Tursiops,108430135,9729386,2378505825,51.6,200000.0,0.20207052974557338,reference genome,2024-12-12
GCF_011762595.2,Tursiops truncatus,common bottlenose dolphin,9739,Mammalia,Artiodactyla,Delphinidae,Tursiops,108430135,9729386,2378505825,51.6,200000.0,0.20207052974557338,reference genome,2024-12-12
GCA_964374135.1,Grampus griseus,Risso's dolphin,83653,Mammalia,Artiodactyla,Delphinidae,Grampus,107608252,3106000,2667065542,42.5,425000.0,0.06617648866255732,reference genome,2024-11-29
GCA_949987515.2,Delphinus delphis,saddleback dolphin,9728,Mammalia,Artiodactyla,Delphinidae,Delphinus,107080983,3627551,2663516986,,,,reference genome,2024-09-07
GCF_949987515.2,Delphinus delphis,saddleback dolphin,9728,Mammalia,Artiodactyla,Delphinidae,Delphinus,107080983,3627551,2663516986,,,,reference genome,2024-09-07
GCA_951394435.1,Stenella coeruleoalba,striped dolphin,9737,Mammalia,Artiodactyla,Delphinidae,Stenella,105253534,3590204,2691406842,57.5,112500.0,0.28850104119893416,reference genome,2023-06-16
GCF_951394435.1,Stenella coeruleoalba,striped dolphin,9737,Mammalia,Artiodactyla,Delphinidae,Stenella,105253534,3590204,2691406842,57.5,112500.0,0.28850104119893416,reference genome,2023-06-16
GCA_963455315.2,Globicephala melas,long-finned pilot whale,9731,Mammalia,Artiodactyla,Delphinidae,Globicephala,105087932,3290841,2651276051,60.0,1060000.0,0.1533343802336551,reference genome,2024-09-07
GCF_963455315.2,Globicephala melas,long-finned pilot whale,9731,Mammalia,Artiodactyla,Delphinidae,Globicephala,105087932,3290841,2651276051,60.0,1060000.0,0.1533343802336551,reference genome,2024-09-07
GCA_028646385.1,Steno bredanensis,rough-toothed dolphin,46167,Mammalia,Artiodactyla,Delphinidae,Steno,94897118,59977,2331324105,32.0,114000.0,0.03307587853569305,reference genome,2023-02-16
GCA_028646425.1,Grampus griseus,Risso's dolphin,83653,Mammalia,Artiodactyla,Delphinidae,Grampus,93180659,62041,2536411710,42.5,425000.0,0.06617648866255732,,2023-02-16
GCA_028021215.1,Eschrichtius robustus,grey whale,9764,Mammalia,Artiodactyla,Eschrichtiidae,Eschrichtius,126538682,39209000,2982418581,77.0,28500000.0,0.03619727738310696,reference genome,2023-01-31
GCF_028021215.1,Eschrichtius robustus,grey whale,9764,Mammalia,Artiodactyla,Eschrichtiidae,Eschrichtius,126538682,39209000,2982418581,77.0,28500000.0,0.03619727738310696,reference genome,2023-01-31
GCA_054371615.1,Giraffa tippelskirchi,,439328,Mammalia,Artiodactyla,Giraffidae,Giraffa,178487063,178487063,2432354603,,,,reference genome,2026-01-06
GCA_054371575.1,Giraffa tippelskirchi,,439328,Mammalia,Artiodactyla,Giraffidae,Giraffa,178487063,178487063,2407555338,,,,,2026-01-06
GCA_054371585.1,Giraffa tippelskirchi,,439328,Mammalia,Artiodactyla,Giraffidae,Giraffa,166642423,166642423,2578316437,,,,,2026-01-06
GCA_054371825.1,Giraffa tippelskirchi,,439328,Mammalia,Artiodactyla,Giraffidae,Giraffa,166642423,166642423,2553517172,,,,,2026-01-06
GCA_013496395.1,Giraffa tippelskirchi,,439328,Mammalia,Artiodactyla,Giraffidae,Giraffa,160341600,25031,2490075762,,,,,2020-07-24
GCA_017591445.1,Giraffa camelopardalis rothschildi,,2740528,Mammalia,Artiodactyla,Giraffidae,Giraffa,158234173,11323477,2441480433,,,,reference genome,2021-03-30
GCA_024291935.2,Okapia johnstoni,okapi,86973,Mammalia,Artiodactyla,Giraffidae,Okapia,102048473,61700678,2387734228,33.5,225000.0,0.006397512675536898,reference genome,2022-07-16
GCA_030028045.1,Hippopotamus amphibius kiboko,,575201,Mammalia,Artiodactyla,Hippopotamidae,Hippopotamus,149218186,50348260,2538242855,,,,reference genome,2023-05-18
GCF_030028045.1,Hippopotamus amphibius kiboko,,575201,Mammalia,Artiodactyla,Hippopotamidae,Hippopotamus,149218186,50348260,2538242855,,,,reference genome,2023-05-18
GCA_023065765.1,Hexaprotodon liberiensis,pygmy hippopotamus,56798,Mammalia,Artiodactyla,Hippopotamidae,Hexaprotodon,142594368,20244513,2374626208,42.3,215000.0,0.11080723966960093,reference genome,2022-04-22
GCA_036417435.1,Inia geoffrensis,Amazon river dolphin,9725,Mammalia,Artiodactyla,Iniidae,Inia,117431308,40892022,2749345781,31.3,84000.0,0.0443888406653794,reference genome,2024-02-06
GCA_036417475.1,Inia geoffrensis,Amazon river dolphin,9725,Mammalia,Artiodactyla,Iniidae,Inia,109672245,41942625,2540437634,31.3,84000.0,0.0443888406653794,,2024-02-06
GCA_005190385.4,Monodon monoceros,narwhal,40151,Mammalia,Artiodactyla,Monodontidae,Monodon,108465051,22031227,2341941226,50.0,1250000.0,0.06285924277257138,reference genome,2026-01-23
GCA_029941415.3,Delphinapterus leucas,beluga whale,9749,Mammalia,Artiodactyla,Monodontidae,Delphinapterus,88022474,291510,2403585719,40.0,1430000.0,-0.04326611874159725,,2024-04-10
GCA_029941455.3,Delphinapterus leucas,beluga whale,9749,Mammalia,Artiodactyla,Monodontidae,Delphinapterus,87682727,608471,2378777480,40.0,1430000.0,-0.04326611874159725,,2024-04-10
GCA_029941435.3,Delphinapterus leucas,beluga whale,9749,Mammalia,Artiodactyla,Monodontidae,Delphinapterus,87682339,524669,2396471963,40.0,1430000.0,-0.04326611874159725,,2024-04-10
GCA_029941395.3,Monodon monoceros,narwhal,40151,Mammalia,Artiodactyla,Monodontidae,Monodon,83769834,597131,2335257954,50.0,1250000.0,0.06285924277257138,,2024-04-10
GCA_049115385.1,Moschus berezovskii,Chinese forest musk deer,68408,Mammalia,Artiodactyla,Moschidae,Moschus,111330059,91326797,2847697564,,,,,2025-03-28
GCA_026225855.1,Neophocaena sunameri,East Asian finless porpoise,3370372,Mammalia,Artiodactyla,Phocoenidae,Neophocaena,122398165,84691504,2497825093,,,,reference genome,2022-11-18
GCA_008692025.1,Phocoena sinus,vaquita,42100,Mammalia,Artiodactyla,Phocoenidae,Phocoena,115469292,20218762,2371524154,,,,reference genome,2019-09-26
GCF_008692025.1,Phocoena sinus,vaquita,42100,Mammalia,Artiodactyla,Phocoenidae,Phocoena,115469292,20218762,2371524154,,,,reference genome,2019-09-26
GCA_963924675.1,Phocoena phocoena,harbor porpoise,9742,Mammalia,Artiodactyla,Phocoenidae,Phocoena,110192646,3726689,2512713112,20.4,52500.0,-0.1093301425548514,reference genome,2024-01-29
GCF_963924675.1,Phocoena phocoena,harbor porpoise,9742,Mammalia,Artiodactyla,Phocoenidae,Phocoena,110192646,3726689,2512713112,20.4,52500.0,-0.1093301425548514,reference genome,2024-01-29
GCA_026419965.1,Kogia breviceps,pygmy sperm whale,27615,Mammalia,Artiodactyla,Physeteridae,Kogia,122394096,42780423,2555838840,17.0,424600.0,-0.33169901918671263,reference genome,2022-11-27
GCF_026419965.1,Kogia breviceps,pygmy sperm whale,27615,Mammalia,Artiodactyla,Physeteridae,Kogia,122394096,42780423,2555838840,17.0,424600.0,-0.33169901918671263,reference genome,2022-11-27
GCA_002837175.5,Physeter macrocephalus,sperm whale,9755,Mammalia,Artiodactyla,Physeteridae,Physeter,122182240,42877,2496209109,77.0,28500000.0,0.03619727738310696,reference genome,2023-02-28
GCF_002837175.3,Physeter macrocephalus,sperm whale,9755,Mammalia,Artiodactyla,Physeteridae,Physeter,122182240,42877,2496209109,77.0,28500000.0,0.03619727738310696,reference genome,2023-02-28
GCA_026419985.1,Kogia breviceps,pygmy sperm whale,27615,Mammalia,Artiodactyla,Physeteridae,Kogia,120411150,40421539,2613416393,17.0,424600.0,-0.33169901918671263,,2022-11-27
GCA_978012005.1,Physeter macrocephalus,sperm whale,9755,Mammalia,Artiodactyla,Physeteridae,Physeter,120321103,43408382,2787078145,77.0,28500000.0,0.03619727738310696,,2026-02-01
GCA_006511355.2,Sus scrofa scrofa,,415978,Mammalia,Artiodactyla,Suidae,Sus,142372574,594997,2479314267,,,,,2021-04-09
GCA_016906955.1,Phacochoerus africanus,Common warthog,41426,Mammalia,Artiodactyla,Suidae,Phacochoerus,141887063,10602503,2435083091,20.9,100000.0,-0.14295239489997202,reference genome,2021-02-19
GCF_016906955.1,Phacochoerus africanus,Common warthog,41426,Mammalia,Artiodactyla,Suidae,Phacochoerus,141887063,10602503,2435083091,20.9,100000.0,-0.14295239489997202,reference genome,2021-02-19
GCA_020567905.1,Sus scrofa domesticus,domestic pig,9825,Mammalia,Artiodactyla,Suidae,Sus,139032656,26066865,2440945073,,,,,2021-10-26
GCA_017957985.1,Sus scrofa domesticus,domestic pig,9825,Mammalia,Artiodactyla,Suidae,Sus,138968154,51011532,2510037796,,,,,2021-04-15
GCA_041729645.1,Sus scrofa scrofa,,415978,Mammalia,Artiodactyla,Suidae,Sus,138919861,27385863,2541047043,,,,,2024-09-05
GCA_028533215.1,Babyrousa celebensis,North Sulawesi babirusa,1303000,Mammalia,Artiodactyla,Suidae,Babyrousa,112896847,52664,2571103617,,,,reference genome,2023-02-09
GCA_025265405.1,Mesoplodon densirostris,Blainville's beaked whale,48708,Mammalia,Artiodactyla,Ziphiidae,Mesoplodon,125805690,48253041,2683375131,,,,reference genome,2022-09-19
GCF_025265405.1,Mesoplodon densirostris,Blainville's beaked whale,48708,Mammalia,Artiodactyla,Ziphiidae,Mesoplodon,125805690,48253041,2683375131,,,,reference genome,2022-09-19
GCA_949752795.1,Hyperoodon ampullatus,northern bottlenose whale,48744,Mammalia,Artiodactyla,Ziphiidae,Hyperoodon,117448692,3126546,2828744367,37.0,6500000.0,-0.1808419369099954,reference genome,2023-04-08
GCF_949752795.1,Hyperoodon ampullatus,northern bottlenose whale,48744,Mammalia,Artiodactyla,Ziphiidae,Hyperoodon,117448692,3126546,2828744367,37.0,6500000.0,-0.1808419369099954,reference genome,2023-03-31
GCA_964341445.1,Mesoplodon mirus,True's beaked whale,52113,Mammalia,Artiodactyla,Ziphiidae,Mesoplodon,115717908,3298322,3442403058,,,,reference genome,2024-11-28
GCA_964148845.1,Mesoplodon bidens,Sowerby's beaked whale,48745,Mammalia,Artiodactyla,Ziphiidae,Mesoplodon,109547138,3262972,2732770104,,,,reference genome,2024-06-06
GCA_964165515.1,Mesoplodon bidens,Sowerby's beaked whale,48745,Mammalia,Artiodactyla,Ziphiidae,Mesoplodon,107252728,3140665,2999082157,,,,,2024-06-06
GCA_050926205.1,Vulpes vulpes montana,hill fox,1398410,Mammalia,Carnivora,Canidae,Vulpes,139036104,47681809,2346671557,,,,,2025-06-16
GCA_024500485.1,Vulpes ferrilata,Tibetan sand fox,561074,Mammalia,Carnivora,Canidae,Vulpes,133960477,52909674,2379658649,,,,reference genome,2022-08-01
GCA_030463245.1,Vulpes corsac,Corsac fox,9629,Mammalia,Carnivora,Canidae,Vulpes,132204642,41624634,2348303263,13.0,2700.0,-0.10173939159506262,reference genome,2023-07-18
GCA_018345385.1,Vulpes lagopus,Arctic fox,494514,Mammalia,Carnivora,Canidae,Vulpes,131537142,33460300,2345533697,16.3,5200.0,-0.048390422856353865,reference genome,2021-05-12
GCF_018345385.1,Vulpes lagopus,Arctic fox,494514,Mammalia,Carnivora,Canidae,Vulpes,131537142,33460300,2345533697,16.3,5200.0,-0.048390422856353865,reference genome,2021-05-12
GCA_032313775.1,Urocyon cinereoargenteus,gray fox,55040,Mammalia,Carnivora,Canidae,Urocyon,72908786,59386518,2658766243,16.2,4750.0,-0.044862815083993146,reference genome,2023-10-04
GCA_053574225.1,Canis aureus,golden jackal,68724,Mammalia,Carnivora,Canidae,Canis,68033816,56644425,2529837068,18.8,11000.0,-0.03774278996930325,reference genome,2025-11-21
GCF_053574225.1,Canis aureus,golden jackal,68724,Mammalia,Carnivora,Canidae,Canis,68033816,56644425,2529837068,18.8,11000.0,-0.03774278996930325,reference genome,2025-11-21
GCA_053569395.1,Canis lupus familiaris,dog,9615,Mammalia,Carnivora,Canidae,Canis,65748684,44910415,2459228127,,,,,2025-11-19
GCA_043643935.1,Canis lupus familiaris,dog,9615,Mammalia,Carnivora,Canidae,Canis,65741809,55002865,2472496157,,,,,2024-10-24
GCA_044048985.1,Canis lupus familiaris,dog,9615,Mammalia,Carnivora,Canidae,Canis,65615805,63178201,2466544780,,,,,2024-10-30
GCA_048164855.1,Canis lupus baileyi,Mexican gray wolf,143281,Mammalia,Carnivora,Canidae,Canis,65569260,31962680,2495589887,,,,reference genome,2025-02-27
GCF_048164855.1,Canis lupus baileyi,Mexican gray wolf,143281,Mammalia,Carnivora,Canidae,Canis,65569260,31962680,2495589887,,,,reference genome,2025-02-27
GCA_053572085.1,Canis lupus familiaris,dog,9615,Mammalia,Carnivora,Canidae,Canis,65477383,44660206,2458449638,,,,,2025-11-19
GCA_053569425.1,Canis lupus familiaris,dog,9615,Mammalia,Carnivora,Canidae,Canis,65391217,4078176,2470682515,,,,,2025-11-19
GCA_053572125.1,Canis lupus familiaris,dog,9615,Mammalia,Carnivora,Canidae,Canis,65388347,4874578,2505147086,,,,,2025-11-19
GCA_977927465.2,Canis aureus,golden jackal,68724,Mammalia,Carnivora,Canidae,Canis,65319744,21906000,2450346207,18.8,11000.0,-0.03774278996930325,,2026-03-08
GCA_012295265.2,Canis lupus dingo,dingo,286419,Mammalia,Carnivora,Canidae,Canis,64752584,23108747,2398209015,,,,,2022-05-20
GCA_034620425.1,Canis latrans,coyote,9614,Mammalia,Carnivora,Canidae,Canis,64494502,42015997,2344471300,21.8,13250.0,0.013807872648580632,reference genome,2023-12-27
GCA_040955705.1,Lycaon pictus,African hunting dog,9622,Mammalia,Carnivora,Canidae,Lycaon,64477381,39426608,2384012108,17.0,26500.0,-0.14168019044836222,reference genome,2024-08-01
GCA_031010635.1,Canis lupus familiaris,dog,9615,Mammalia,Carnivora,Canidae,Canis,64457828,11505439,2349139519,,,,,2023-08-31
GCA_031010765.1,Canis lupus familiaris,dog,9615,Mammalia,Carnivora,Canidae,Canis,64457116,27420859,2340604999,,,,,2023-08-31
GCA_040955645.1,Lycaon pictus,African hunting dog,9622,Mammalia,Carnivora,Canidae,Lycaon,64347589,42609000,2260356192,17.0,26500.0,-0.14168019044836222,,2024-08-01
GCA_008641055.3,Canis lupus familiaris,dog,9615,Mammalia,Carnivora,Canidae,Canis,64346267,20914347,2407226110,,,,,2020-04-14
GCA_053569455.1,Canis lupus familiaris,dog,9615,Mammalia,Carnivora,Canidae,Canis,64345097,7861752,2435302315,,,,,2025-11-19
GCA_031010295.1,Canis lupus familiaris,dog,9615,Mammalia,Carnivora,Canidae,Canis,64332348,33579845,2343812526,,,,,2023-08-31
GCA_011100685.1,Canis lupus familiaris,dog,9615,Mammalia,Carnivora,Canidae,Canis,64299765,14840767,2481983352,,,,reference genome,2020-03-10
GCF_011100685.1,Canis lupus familiaris,dog,9615,Mammalia,Carnivora,Canidae,Canis,64299765,14840767,2481983352,,,,reference genome,2020-03-10
GCA_012044875.1,Canis lupus familiaris,dog,9615,Mammalia,Carnivora,Canidae,Canis,64292917,91998,2392800889,,,,,2020-04-06
GCA_013276365.2,Canis lupus familiaris,dog,9615,Mammalia,Carnivora,Canidae,Canis,64291023,37759230,2344986233,,,,,2021-02-23
GCA_031165255.1,Canis lupus familiaris,dog,9615,Mammalia,Carnivora,Canidae,Canis,64286388,25995039,2338512298,,,,,2023-09-07
GCA_012045015.1,Canis lupus familiaris,dog,9615,Mammalia,Carnivora,Canidae,Canis,64284575,91753,2393028134,,,,,2020-04-06
GCA_053572105.1,Canis lupus familiaris,dog,9615,Mammalia,Carnivora,Canidae,Canis,64279204,54568980,2444132573,,,,,2025-11-19
GCA_003254725.2,Canis lupus dingo,dingo,286419,Mammalia,Carnivora,Canidae,Canis,64250934,40716615,2349862946,,,,reference genome,2020-09-11
GCF_003254725.2,Canis lupus dingo,dingo,286419,Mammalia,Carnivora,Canidae,Canis,64250934,40716615,2349862946,,,,reference genome,2020-09-11
GCA_005444595.1,Canis lupus familiaris,dog,9615,Mammalia,Carnivora,Canidae,Canis,64204256,4722218,2343202000,,,,,2019-05-30
GCF_005444595.1,Canis lupus familiaris,dog,9615,Mammalia,Carnivora,Canidae,Canis,64204256,4722218,2343202000,,,,,2019-05-30
GCA_001883655.1,Lycaon pictus,African hunting dog,9622,Mammalia,Carnivora,Canidae,Lycaon,64190785,2695,2356699901,17.0,26500.0,-0.14168019044836222,,2016-12-01
GCA_053572145.1,Canis lupus familiaris,dog,9615,Mammalia,Carnivora,Canidae,Canis,64155742,54736461,2452798940,,,,,2025-11-19
GCA_048164845.1,Canis lupus baileyi,Mexican gray wolf,143281,Mammalia,Carnivora,Canidae,Canis,64057063,40946682,2336397564,,,,,2025-02-27
GCA_014441545.1,Canis lupus familiaris,dog,9615,Mammalia,Carnivora,Canidae,Canis,64037277,12024593,2396858295,,,,,2020-09-03
GCF_014441545.1,Canis lupus familiaris,dog,9615,Mammalia,Carnivora,Canidae,Canis,64037277,12024593,2396858295,,,,,2020-09-03
GCA_000002285.4,Canis lupus familiaris,dog,9615,Mammalia,Carnivora,Canidae,Canis,63738581,27487084,2312785471,,,,,2020-10-06
GCF_000002285.5,Canis lupus familiaris,dog,9615,Mammalia,Carnivora,Canidae,Canis,63738581,27487084,2312785471,,,,,2020-10-06
GCA_001887905.1,Lycaon pictus,African hunting dog,9622,Mammalia,Carnivora,Canidae,Lycaon,63240551,5555,2358127109,17.0,26500.0,-0.14168019044836222,,2016-12-01
GCA_053569475.1,Canis lupus familiaris,dog,9615,Mammalia,Carnivora,Canidae,Canis,62862694,9589881,2425178394,,,,,2025-11-19
GCA_004886185.2,Canis lupus familiaris,dog,9615,Mammalia,Carnivora,Canidae,Canis,61087166,3131423,2410429933,,,,,2019-08-16
GCA_028533335.1,Chrysocyon brachyurus,maned wolf,68728,Mammalia,Carnivora,Canidae,Chrysocyon,60785871,91425,2338097569,16.8,21500.0,-0.1324970693974501,reference genome,2023-02-09
GCA_028646485.1,Cryptoprocta ferox,fossa,94188,Mammalia,Carnivora,Eupleridae,Cryptoprocta,107277967,124286,2373352832,23.1,9500.0,0.0617536593949084,reference genome,2023-02-16
GCA_018350155.1,Leopardus geoffroyi,Geoffroy's cat,46844,Mammalia,Carnivora,Felidae,Leopardus,152606360,104474415,2426370816,23.0,4000.0,0.11912172642960006,reference genome,2021-05-13
GCF_018350155.1,Leopardus geoffroyi,Geoffroy's cat,46844,Mammalia,Carnivora,Felidae,Leopardus,152606360,104474415,2426370816,23.0,4000.0,0.11912172642960006,reference genome,2021-05-13
GCA_028564725.2,Otocolobus manul,Pallas's cat,61408,Mammalia,Carnivora,Felidae,Otocolobus,151944179,118180270,2487665568,,,,reference genome,2023-11-27
GCA_013340865.2,Felis catus,domestic cat,9685,Mammalia,Carnivora,Felidae,Felis,151107676,21291731,2493141643,30.0,3900.0,0.23624941165482127,,2020-06-03
GCA_028018385.1,Neofelis nebulosa,Clouded leopard,61452,Mammalia,Carnivora,Felidae,Neofelis,150204169,51579577,2468345093,19.8,19500.0,-0.05445293851482669,reference genome,2023-01-31
GCF_028018385.1,Neofelis nebulosa,Clouded leopard,61452,Mammalia,Carnivora,Felidae,Neofelis,150204169,51579577,2468345093,19.8,19500.0,-0.05445293851482669,reference genome,2023-01-31
GCA_028749985.4,Puma concolor,puma,9696,Mammalia,Carnivora,Felidae,Puma,149756039,42297498,2501068434,23.8,63000.0,-0.05487235562908643,,2023-08-04
GCA_051911995.1,Felis catus,domestic cat,9685,Mammalia,Carnivora,Felidae,Felis,149697279,149697279,2505760913,30.0,3900.0,0.23624941165482127,,2025-08-11
GCA_028749965.4,Puma concolor,puma,9696,Mammalia,Carnivora,Felidae,Puma,149508014,65828543,2368682789,23.8,63000.0,-0.05487235562908643,,2023-08-04
GCA_051911835.1,Felis catus,domestic cat,9685,Mammalia,Carnivora,Felidae,Felis,149421202,149421202,2543620447,30.0,3900.0,0.23624941165482127,,2025-08-11
GCA_051911875.1,Felis catus,domestic cat,9685,Mammalia,Carnivora,Felidae,Felis,149421202,149421202,2411447337,30.0,3900.0,0.23624941165482127,,2025-08-11
GCA_046255005.1,Panthera leo,lion,9689,Mammalia,Carnivora,Felidae,Panthera,149413159,28885624,2448757795,27.0,175000.0,-0.0700685248581383,,2024-12-23
GCA_046254995.1,Panthera leo,lion,9689,Mammalia,Carnivora,Felidae,Panthera,148784156,36060956,2339286943,27.0,175000.0,-0.0700685248581383,,2024-12-23
GCA_030324275.1,Neofelis nebulosa,Clouded leopard,61452,Mammalia,Carnivora,Felidae,Neofelis,148756955,148756955,2430117385,19.8,19500.0,-0.05445293851482669,,2023-06-28
GCA_016509475.2,Prionailurus bengalensis,leopard cat,37029,Mammalia,Carnivora,Felidae,Prionailurus,148587958,82622880,2435702060,17.0,5000.0,-0.0274424921800116,reference genome,2021-01-06
GCF_016509475.1,Prionailurus bengalensis,leopard cat,37029,Mammalia,Carnivora,Felidae,Prionailurus,148587958,82622880,2435702060,17.0,5000.0,-0.0274424921800116,reference genome,2021-01-06
GCA_019924945.1,Felis chaus,jungle cat,61376,Mammalia,Carnivora,Felidae,Felis,148552997,91188488,2428287114,20.0,10000.0,-0.004341908764916136,reference genome,2021-09-14
GCA_018350175.1,Felis catus,domestic cat,9685,Mammalia,Carnivora,Felidae,Felis,148491486,90731473,2425730029,30.0,3900.0,0.23624941165482127,reference genome,2021-05-13
GCF_018350175.1,Felis catus,domestic cat,9685,Mammalia,Carnivora,Felidae,Felis,148491486,90731473,2425730029,30.0,3900.0,0.23624941165482127,reference genome,2021-05-13
GCA_046562885.2,Panthera onca,jaguar,9690,Mammalia,Carnivora,Felidae,Panthera,148304554,45599555,2303345105,28.0,81150.0,-0.0016330209859110045,reference genome,2025-01-08
GCF_046562885.1,Panthera onca,jaguar,9690,Mammalia,Carnivora,Felidae,Panthera,148304554,45599555,2303345105,28.0,81150.0,-0.0016330209859110045,reference genome,2025-01-08
GCA_046562875.2,Panthera onca,jaguar,9690,Mammalia,Carnivora,Felidae,Panthera,148260853,42469011,2487960463,28.0,81150.0,-0.0016330209859110045,,2025-01-08
GCA_048603155.1,Panthera uncia,snow leopard,29064,Mammalia,Carnivora,Felidae,Panthera,147847344,107742994,2411848114,,,,,2025-03-18
GCA_016509815.2,Felis catus,domestic cat,9685,Mammalia,Carnivora,Felidae,Felis,147603332,83875697,2422299418,30.0,3900.0,0.23624941165482127,,2021-01-06
GCA_018350215.1,Panthera leo,lion,9689,Mammalia,Carnivora,Felidae,Panthera,147402474,77781637,2297552363,27.0,175000.0,-0.0700685248581383,reference genome,2021-05-13
GCF_018350215.1,Panthera leo,lion,9689,Mammalia,Carnivora,Felidae,Panthera,147402474,77781637,2297552363,27.0,175000.0,-0.0700685248581383,reference genome,2021-05-13
GCA_021131075.1,Panthera tigris tigris,Bengal tiger,74535,Mammalia,Carnivora,Felidae,Panthera,147295397,2141595,2534330400,,,,,2021-12-09
GCA_007474595.2,Lynx canadensis,Canada lynx,61383,Mammalia,Carnivora,Felidae,Lynx,147275701,7503561,2407810255,26.8,10100.0,0.12208129324274863,reference genome,2020-07-14
GCF_007474595.2,Lynx canadensis,Canada lynx,61383,Mammalia,Carnivora,Felidae,Lynx,147275701,7503561,2407810255,26.8,10100.0,0.12208129324274863,reference genome,2020-07-14
GCA_018350195.2,Panthera tigris,tiger,9694,Mammalia,Carnivora,Felidae,Panthera,146942463,74391967,2408678698,26.3,119700.0,-0.055460471134791245,reference genome,2021-05-13
GCF_018350195.1,Panthera tigris,tiger,9694,Mammalia,Carnivora,Felidae,Panthera,146942463,74391967,2408678698,26.3,119700.0,-0.055460471134791245,reference genome,2021-05-13
GCA_032458615.1,Felis nigripes,black-footed cat,61379,Mammalia,Carnivora,Felidae,Felis,146903500,31308424,2413531835,15.6,2125.0,-0.006153798998423721,reference genome,2023-10-11
GCA_965177595.1,Panthera onca,jaguar,9690,Mammalia,Carnivora,Felidae,Panthera,146719457,20638060,2403159372,28.0,81150.0,-0.0016330209859110045,,2025-02-28
GCA_051942995.1,Panthera uncia,snow leopard,29064,Mammalia,Carnivora,Felidae,Panthera,145764934,51831284,2455991285,,,,,2025-08-12
GCA_021130815.1,Panthera tigris tigris,Bengal tiger,74535,Mammalia,Carnivora,Felidae,Panthera,145476184,4405323,2406136656,,,,,2021-12-09
GCA_024034525.1,Panthera tigris,tiger,9694,Mammalia,Carnivora,Felidae,Panthera,145225440,153958,2407444964,26.3,119700.0,-0.055460471134791245,,2022-06-29
GCA_022837055.1,Prionailurus viverrinus,fishing cat,61388,Mammalia,Carnivora,Felidae,Prionailurus,144906162,68766634,2461545606,17.2,10650.0,-0.07415722299644645,reference genome,2022-04-08
GCF_022837055.1,Prionailurus viverrinus,fishing cat,61388,Mammalia,Carnivora,Felidae,Prionailurus,144906162,68766634,2461545606,17.2,10650.0,-0.07415722299644645,reference genome,2022-04-08
GCA_027475565.2,Acinonyx jubatus,cheetah,32536,Mammalia,Carnivora,Felidae,Acinonyx,144444042,96827784,2377417351,20.5,53500.0,-0.10849893762275387,reference genome,2022-12-28
GCF_027475565.1,Acinonyx jubatus,cheetah,32536,Mammalia,Carnivora,Felidae,Acinonyx,144444042,96827784,2377417351,20.5,53500.0,-0.10849893762275387,reference genome,2022-12-28
GCA_028646445.1,Panthera uncia,snow leopard,29064,Mammalia,Carnivora,Felidae,Panthera,141103905,65051,2407715237,,,,,2023-02-21
GCA_028533295.1,Felis nigripes,black-footed cat,61379,Mammalia,Carnivora,Felidae,Felis,139656774,50736,2454720760,15.6,2125.0,-0.006153798998423721,,2023-02-09
GCF_028533385.1,Panthera onca,jaguar,9690,Mammalia,Carnivora,Felidae,Panthera,138099990,53866,2380242927,28.0,81150.0,-0.0016330209859110045,,2023-02-09
GCA_008795835.1,Panthera leo,lion,9689,Mammalia,Carnivora,Felidae,Panthera,136051765,286703,2406807619,27.0,175000.0,-0.0700685248581383,,2019-10-07
GCA_028533385.1,Panthera onca,jaguar,9690,Mammalia,Carnivora,Felidae,Panthera,132627732,51083,2498323642,28.0,81150.0,-0.0016330209859110045,,2023-02-09
GCA_028551425.1,Prionailurus viverrinus,fishing cat,61388,Mammalia,Carnivora,Felidae,Prionailurus,132313483,45920,2510020520,17.2,10650.0,-0.07415722299644645,,2023-02-09
GCA_023721935.1,Panthera uncia,snow leopard,29064,Mammalia,Carnivora,Felidae,Panthera,112063229,179517,2433972596,,,,reference genome,2022-06-16
GCF_023721935.1,Panthera uncia,snow leopard,29064,Mammalia,Carnivora,Felidae,Panthera,112063229,179517,2433972596,,,,reference genome,2022-06-16
GCA_000181335.6,Felis catus,domestic cat,9685,Mammalia,Carnivora,Felidae,Felis,88880063,41915695,2480971174,30.0,3900.0,0.23624941165482127,,2021-10-01
GCA_006229205.1,Suricata suricatta,meerkat,37032,Mammalia,Carnivora,Herpestidae,Suricata,141453419,75409,2353578744,20.6,776.0,0.1835938482066346,reference genome,2019-07-03
GCF_006229205.1,Suricata suricatta,meerkat,37032,Mammalia,Carnivora,Herpestidae,Suricata,141453419,75409,2353578744,20.6,776.0,0.1835938482066346,reference genome,2019-07-03
GCA_028533875.1,Mungos mungo,banded mongoose,210652,Mammalia,Carnivora,Herpestidae,Mungos,128516143,60614,2494883117,17.4,1331.5,0.0732921883730484,,2023-02-09
GCA_964106545.1,Neogale vison,American mink,452646,Mammalia,Carnivora,Mustelidae,Neogale,221119109,1439238,2697130894,,,,,2024-06-06
GCA_020171115.1,Neogale vison,American mink,452646,Mammalia,Carnivora,Mustelidae,Neogale,220349319,220349319,2681198719,,,,reference genome,2021-09-29
GCF_020171115.1,Neogale vison,American mink,452646,Mammalia,Carnivora,Mustelidae,Neogale,220349319,220349319,2681198719,,,,reference genome,2021-09-29
GCA_964106205.1,Neogale vison,American mink,452646,Mammalia,Carnivora,Mustelidae,Neogale,217713070,1455681,2662777898,,,,,2024-06-06
GCA_030435805.1,Mustela lutreola,European mink,9666,Mammalia,Carnivora,Mustelidae,Mustela,154078643,83356672,2586268927,8.4,590.0,-0.18722306822092338,reference genome,2023-07-13
GCF_030435805.1,Mustela lutreola,European mink,9666,Mammalia,Carnivora,Mustelidae,Mustela,154078643,83356672,2586268927,8.4,590.0,-0.18722306822092338,reference genome,2023-07-13
GCA_964264385.1,Mustela lutreola,European mink,9666,Mammalia,Carnivora,Mustelidae,Mustela,149238926,41193119,2466143502,8.4,590.0,-0.18722306822092338,,2024-09-18
GCA_902655055.2,Lutra lutra,Eurasian river otter,9657,Mammalia,Carnivora,Mustelidae,Lutra,149004807,30403456,2438442342,18.2,6750.0,-0.0183771507577295,reference genome,2020-07-31
GCF_902655055.1,Lutra lutra,Eurasian river otter,9657,Mammalia,Carnivora,Mustelidae,Lutra,149004807,30403456,2438442342,18.2,6750.0,-0.0183771507577295,reference genome,2020-07-31
GCA_963455335.1,Martes martes,European pine marten,29065,Mammalia,Carnivora,Mustelidae,Martes,146289188,1599794,2484633589,18.2,1300.0,0.0944543424659865,reference genome,2023-09-20
GCA_964304585.1,Martes foina,beach marten,9659,Mammalia,Carnivora,Mustelidae,Martes,146036623,64160893,2388581548,18.2,1700.0,0.07607829460248228,reference genome,2024-11-06
GCA_022355385.1,Mustela nigripes,black-footed ferret,77151,Mammalia,Carnivora,Mustelidae,Mustela,145433501,148763,2498532951,9.4,1021.0,-0.1759408754527002,reference genome,2022-02-24
GCF_022355385.1,Mustela nigripes,black-footed ferret,77151,Mammalia,Carnivora,Mustelidae,Mustela,145433501,148763,2498532951,9.4,1021.0,-0.1759408754527002,reference genome,2022-02-24
GCA_040938825.1,Martes martes,European pine marten,29065,Mammalia,Carnivora,Mustelidae,Martes,144638580,331070,2399650029,18.2,1300.0,0.0944543424659865,,2024-07-30
GCA_040938555.1,Martes foina,beach marten,9659,Mammalia,Carnivora,Mustelidae,Martes,144088726,324846,2414498974,18.2,1700.0,0.07607829460248228,,2024-07-30
GCA_040938815.1,Martes zibellina,sable,36722,Mammalia,Carnivora,Mustelidae,Martes,143641668,329342,2389897326,18.4,1066.7,0.11274967435013883,reference genome,2024-07-30
GCA_029410595.1,Martes flavigula,yellow-throated marten,74864,Mammalia,Carnivora,Mustelidae,Martes,143113826,68603938,2448703571,16.0,2500.0,-0.006290940031748793,reference genome,2023-03-27
GCA_048197165.1,Mustela nivalis,least weasel,36239,Mammalia,Carnivora,Mustelidae,Mustela,138366223,199370,2452185984,9.1,46.9,0.020987888627667872,,2025-02-28
GCA_040938845.1,Martes flavigula,yellow-throated marten,74864,Mammalia,Carnivora,Mustelidae,Martes,135435256,143274,2471048256,16.0,2500.0,-0.006290940031748793,,2024-07-30
GCA_922984935.2,Meles meles,Eurasian badger,9662,Mammalia,Carnivora,Mustelidae,Meles,132955750,75210923,2738678004,18.6,13000.0,-0.05383087788330032,reference genome,2022-03-23
GCA_922984935.1,Meles meles,Eurasian badger,9662,Mammalia,Carnivora,Mustelidae,Meles,132955750,75210923,2738678004,18.6,13000.0,-0.05383087788330032,,2021-12-19
GCF_922984935.1,Meles meles,Eurasian badger,9662,Mammalia,Carnivora,Mustelidae,Meles,132955750,75210923,2738678004,18.6,13000.0,-0.05383087788330032,reference genome,2021-12-19
GCA_009829155.1,Mustela erminea,ermine,36723,Mammalia,Carnivora,Mustelidae,Mustela,130149454,36329944,2445200799,12.5,110.3,0.10027636340489265,reference genome,2020-01-03
GCF_009829155.1,Mustela erminea,ermine,36723,Mammalia,Carnivora,Mustelidae,Mustela,130149454,36329944,2445200799,12.5,110.3,0.10027636340489265,reference genome,2020-01-03
GCA_964662115.1,Mustela nivalis,least weasel,36239,Mammalia,Carnivora,Mustelidae,Mustela,115392379,1161649,3437857113,9.1,46.9,0.020987888627667872,reference genome,2025-01-03
GCA_965636865.1,Mustela erminea,ermine,36723,Mammalia,Carnivora,Mustelidae,Mustela,114833368,31864893,2943562642,12.5,110.3,0.10027636340489265,,2025-07-09
GCA_965636855.1,Mustela erminea,ermine,36723,Mammalia,Carnivora,Mustelidae,Mustela,114415534,31240860,2679398242,12.5,110.3,0.10027636340489265,,2025-07-09
GCA_048197275.1,Mustela strigidorsa,black-striped weasel,244218,Mammalia,Carnivora,Mustelidae,Mustela,113335649,189835,2486429658,,,,reference genome,2025-02-28
GCA_009762305.2,Zalophus californianus,California sea lion,9704,Mammalia,Carnivora,Otariidae,Zalophus,147124152,32626160,2409668595,35.7,180000.0,0.04930622572117782,reference genome,2020-07-14
GCF_009762305.2,Zalophus californianus,California sea lion,9704,Mammalia,Carnivora,Otariidae,Zalophus,147124152,32626160,2409668595,35.7,180000.0,0.04930622572117782,reference genome,2020-07-14
GCA_028646355.1,Arctocephalus townsendi,Guadalupe fur seal,161921,Mammalia,Carnivora,Otariidae,Arctocephalus,127156334,61084,2372365934,,,,reference genome,2023-02-16
GCA_976986665.1,Monachus monachus,Mediterranean monk seal,248254,Mammalia,Carnivora,Phocidae,Monachus,157001452,90875510,2437305367,,,,reference genome,2025-11-08
GCA_964656455.1,Halichoerus grypus,gray seal,9711,Mammalia,Carnivora,Phocidae,Halichoerus,156124300,3750431,2400061917,42.9,268000.0,0.1018302901688839,reference genome,2025-01-02
GCF_964656455.1,Halichoerus grypus,gray seal,9711,Mammalia,Carnivora,Phocidae,Halichoerus,156124300,3750431,2400061917,42.9,268000.0,0.1018302901688839,reference genome,2025-01-02
GCA_028975605.1,Pusa sibirica,Baikal seal,9719,Mammalia,Carnivora,Phocidae,Pusa,151453396,14262,2335703376,56.0,90000.0,0.292306527485797,reference genome,2023-03-08
GCA_002201575.2,Neomonachus schauinslandi,Hawaiian monk seal,29088,Mammalia,Carnivora,Phocidae,Neomonachus,150810825,181061,2419443398,,,,reference genome,2021-10-20
GCF_002201575.2,Neomonachus schauinslandi,Hawaiian monk seal,29088,Mammalia,Carnivora,Phocidae,Neomonachus,150810825,181061,2419443398,,,,reference genome,2021-10-20
GCA_021288785.3,Mirounga angustirostris,Northern elephant seal,9716,Mammalia,Carnivora,Phocidae,Mirounga,139676048,76189,2366166981,,,,,2022-12-21
GCF_021288785.2,Mirounga angustirostris,Northern elephant seal,9716,Mammalia,Carnivora,Phocidae,Mirounga,139676048,76189,2366166981,,,,,2022-12-21
GCA_054177405.2,Leptonychotes weddellii,Weddell seal,9713,Mammalia,Carnivora,Phocidae,Leptonychotes,131171632,46856,2401725666,,,,,2025-12-24
GCA_055474045.1,Procyon lotor,raccoon,9654,Mammalia,Carnivora,Procyonidae,Procyon,142471341,34520054,2350865990,21.0,6000.0,0.05183887847078572,reference genome,2026-02-24
GCA_028534135.1,Potos flavus,kinkajou,29067,Mammalia,Carnivora,Procyonidae,Potos,121721779,65113,2465739417,38.4,3000.0,0.3614312989750088,reference genome,2023-02-09
GCA_028533885.1,Nasua narica,White-nosed coati,352831,Mammalia,Carnivora,Procyonidae,Nasua,119764535,64559,2610174539,26.4,3750.0,0.18341869750701645,reference genome,2023-02-09
GCA_028646535.1,Procyon lotor,raccoon,9654,Mammalia,Carnivora,Procyonidae,Procyon,114539748,34230,2525713215,21.0,6000.0,0.05183887847078572,,2023-02-16
GCA_029963865.1,Ailuropoda melanoleuca,giant panda,9646,Mammalia,Carnivora,Ursidae,Ailuropoda,134169173,28556066,2478972487,36.8,117500.0,0.09170229072376124,,2023-05-12
GCA_002007445.3,Ailuropoda melanoleuca,giant panda,9646,Mammalia,Carnivora,Ursidae,Ailuropoda,129245720,127687,2440260518,36.8,117500.0,0.09170229072376124,reference genome,2020-04-20
GCF_002007445.2,Ailuropoda melanoleuca,giant panda,9646,Mammalia,Carnivora,Ursidae,Ailuropoda,129245720,127687,2440260518,36.8,117500.0,0.09170229072376124,reference genome,2020-04-20
GCA_054642835.1,Tremarctos ornatus,spectacled bear,9638,Mammalia,Carnivora,Ursidae,Tremarctos,106594636,61126696,2534844297,39.0,109250.0,0.12190583524266252,reference genome,2026-01-21
GCA_028551375.1,Tremarctos ornatus,spectacled bear,9638,Mammalia,Carnivora,Ursidae,Tremarctos,104741234,117282,2342007988,39.0,109250.0,0.12190583524266252,,2023-02-09
GCA_024610735.2,Ursus americanus,American black bear,9643,Mammalia,Carnivora,Ursidae,Ursus,73012699,58859121,2524249997,34.0,154250.0,0.03869208626881093,,2025-07-14
GCA_023065955.2,Ursus arctos,brown bear,9644,Mammalia,Carnivora,Ursidae,Ursus,71981430,35674000,2423401459,40.0,277500.0,0.06904686812691185,reference genome,2023-05-22
GCF_023065955.2,Ursus arctos,brown bear,9644,Mammalia,Carnivora,Ursidae,Ursus,71981430,35674000,2423401459,40.0,277500.0,0.06904686812691185,reference genome,2023-05-22
GCA_028533245.1,Helarctos malayanus,Malayan sun bear,9634,Mammalia,Carnivora,Ursidae,Helarctos,59704986,73706,2486327345,35.9,46000.0,0.14518788770372604,reference genome,2023-02-09
GCA_030068075.1,Paguma larvata,masked palm civet,9675,Mammalia,Carnivora,Viverridae,Paguma,111806299,12856992,2437414291,27.4,4300.0,0.1901904974085915,reference genome,2023-06-05
GCA_036850765.1,Saccopteryx bilineata,greater sac-winged bat,59482,Mammalia,Chiroptera,Emballonuridae,Saccopteryx,300074216,20156883,2612309609,6.0,7.9,-0.0378933753987728,reference genome,2024-02-26
GCF_036850765.1,Saccopteryx bilineata,greater sac-winged bat,59482,Mammalia,Chiroptera,Emballonuridae,Saccopteryx,300074216,20156883,2612309609,6.0,7.9,-0.0378933753987728,reference genome,2024-02-26
GCA_037038555.1,Rhynchonycteris naso,proboscis bat,249017,Mammalia,Chiroptera,Emballonuridae,Rhynchonycteris,288038771,108301702,2296372838,,,,reference genome,2024-03-06
GCA_037038545.1,Rhynchonycteris naso,proboscis bat,249017,Mammalia,Chiroptera,Emballonuridae,Rhynchonycteris,286991050,86271459,2455049845,,,,,2024-03-06
GCA_036850995.1,Saccopteryx leptura,lesser sac-winged bat,249018,Mammalia,Chiroptera,Emballonuridae,Saccopteryx,224759591,17812205,2576497192,,,,reference genome,2024-02-26
GCF_036850995.1,Saccopteryx leptura,lesser sac-winged bat,249018,Mammalia,Chiroptera,Emballonuridae,Saccopteryx,224759591,17812205,2576497192,,,,reference genome,2024-02-26
GCA_044509165.1,Taphozous melanopogon,black-bearded tomb bat,187003,Mammalia,Chiroptera,Emballonuridae,Taphozous,126147252,44022992,2158216644,,,,reference genome,2024-11-06
GCA_031876335.1,Hipposideros larvatus,,175524,Mammalia,Chiroptera,Hipposideridae,Hipposideros,185549907,34562834,2338923724,,,,reference genome,2023-09-25
GCA_043727955.1,Hipposideros larvatus,,175524,Mammalia,Chiroptera,Hipposideridae,Hipposideros,176501180,19276934,2380731158,,,,,2024-10-24
GCA_043727835.1,Aselliscus stoliczkanus,Stoliczka's trident bat,188568,Mammalia,Chiroptera,Hipposideridae,Aselliscus,162130651,61181192,2268679753,,,,reference genome,2024-10-24
GCA_033961575.1,Aselliscus stoliczkanus,Stoliczka's trident bat,188568,Mammalia,Chiroptera,Hipposideridae,Aselliscus,162004500,73009000,2187325338,,,,,2023-11-28
GCA_043880285.1,Doryrhina cyclops,cyclops roundleaf bat,249021,Mammalia,Chiroptera,Hipposideridae,Doryrhina,154073572,14255823,2390587633,,,,reference genome,2024-10-28
GCA_043880595.1,Megaderma spasma,lesser false vampire bat,9414,Mammalia,Chiroptera,Megadermatidae,Megaderma,120949103,22627155,2124723628,,,,reference genome,2024-10-28
GCA_054644295.1,Miniopterus natalensis,,291302,Mammalia,Chiroptera,Miniopteridae,Miniopterus,87828664,27957764,1835620866,,,,,2026-01-22
GCA_964146895.2,Miniopterus schreibersii,Schreibers' long-fingered bat,9433,Mammalia,Chiroptera,Miniopteridae,Miniopterus,87795433,28014000,1850573702,22.0,13.0,0.49225918846737526,reference genome,2025-04-05
GCA_054644305.1,Miniopterus natalensis,,291302,Mammalia,Chiroptera,Miniopteridae,Miniopterus,85238108,27987485,1816282618,,,,,2026-01-22
GCA_976988885.1,Tadarida teniotis,European free-tailed bat,59483,Mammalia,Chiroptera,Molossidae,Tadarida,115364848,53136000,2587879402,13.0,35.0,0.19593767874761348,reference genome,2025-11-08
GCA_039880945.1,Molossus nigricans,northern black mastiff bat,2997257,Mammalia,Chiroptera,Molossidae,Molossus,114338547,74731956,2567086694,,,,reference genome,2024-05-29
GCA_976988855.1,Tadarida teniotis,European free-tailed bat,59483,Mammalia,Chiroptera,Molossidae,Tadarida,113619273,51230000,2416247363,13.0,35.0,0.19593767874761348,,2025-10-10
GCA_037176705.1,Molossus alvarezi,,1552295,Mammalia,Chiroptera,Molossidae,Molossus,113334338,69284146,2504806577,,,,reference genome,2024-03-15
GCA_014108415.2,Molossus molossus,Pallas's mastiff bat,27622,Mammalia,Chiroptera,Molossidae,Molossus,112819080,22174888,2315481904,5.6,14.0,-0.10705185171211806,reference genome,2026-01-22
GCA_037157525.1,Molossus alvarezi,,1552295,Mammalia,Chiroptera,Molossidae,Molossus,112651663,63410948,2478667944,,,,,2024-03-15
GCA_039880925.1,Molossus nigricans,northern black mastiff bat,2997257,Mammalia,Chiroptera,Molossidae,Molossus,112648841,73223485,2394902263,,,,,2024-05-29
GCA_030848825.1,Tadarida brasiliensis,Brazilian free-tailed bat,9438,Mammalia,Chiroptera,Molossidae,Tadarida,111098925,86333355,2283171816,12.0,12.5,0.23170436739482037,reference genome,2023-08-22
GCA_043748645.1,Mops condylurus,Angolan free-tailed bat,258863,Mammalia,Chiroptera,Molossidae,Mops,105478936,56964224,2209024231,,,,reference genome,2024-10-24
GCA_051307085.1,Carollia sowelli,,208969,Mammalia,Chiroptera,Phyllostomidae,Carollia,330360365,63517445,2517780189,,,,reference genome,2025-07-14
GCA_051307135.1,Carollia sowelli,,208969,Mammalia,Chiroptera,Phyllostomidae,Carollia,320412339,96807652,2291021941,,,,,2025-07-14
GCA_050655445.1,Gardnerycteris keenani,,2358194,Mammalia,Chiroptera,Phyllostomidae,Gardnerycteris,178810477,85586699,2044903674,,,,reference genome,2025-06-02
GCA_051307075.1,Lophostoma evote,Davis's round-eared bat,3370176,Mammalia,Chiroptera,Phyllostomidae,Lophostoma,175755209,53008647,2427306059,,,,reference genome,2025-07-14
GCA_051307065.1,Lophostoma evote,Davis's round-eared bat,3370176,Mammalia,Chiroptera,Phyllostomidae,Lophostoma,172574066,60976938,2146397011,,,,,2025-07-14
GCA_004126475.3,Phyllostomus discolor,pale spear-nosed bat,89673,Mammalia,Chiroptera,Phyllostomidae,Phyllostomus,171742863,6892556,2108832841,9.0,43.4,0.021501734616591883,reference genome,2020-05-12
GCF_004126475.2,Phyllostomus discolor,pale spear-nosed bat,89673,Mammalia,Chiroptera,Phyllostomidae,Phyllostomus,171742863,6892556,2108832841,9.0,43.4,0.021501734616591883,reference genome,2020-05-12
GCA_050655435.1,Gardnerycteris keenani,,2358194,Mammalia,Chiroptera,Phyllostomidae,Gardnerycteris,171193413,58415411,2206569125,,,,,2025-06-02
GCA_039655065.1,Glossophaga mutica,Merriam's long-tongued bat,2994998,Mammalia,Chiroptera,Phyllostomidae,Glossophaga,169732090,77027013,2159891327,,,,reference genome,2024-05-17
GCA_039656995.1,Glossophaga mutica,Merriam's long-tongued bat,2994998,Mammalia,Chiroptera,Phyllostomidae,Glossophaga,169568502,72101253,2156622230,,,,,2024-05-17
GCA_038363225.1,Artibeus intermedius,,51014,Mammalia,Chiroptera,Phyllostomidae,Artibeus,167574344,74638333,2080478059,,,,reference genome,2024-04-22
GCA_038363175.3,Artibeus lituratus,great fruit-eating bat,27634,Mammalia,Chiroptera,Phyllostomidae,Artibeus,164085409,60386740,2096453601,,,,reference genome,2025-04-29
GCA_038363145.1,Artibeus intermedius,,51014,Mammalia,Chiroptera,Phyllostomidae,Artibeus,160430197,60026580,2293600955,,,,,2024-04-22
GCA_038363095.4,Artibeus lituratus,great fruit-eating bat,27634,Mammalia,Chiroptera,Phyllostomidae,Artibeus,160301290,65515378,2311600657,,,,,2025-05-01
GCA_022682495.2,Desmodus rotundus,common vampire bat,9430,Mammalia,Chiroptera,Phyllostomidae,Desmodus,160127860,6739964,2119704833,29.2,33.2,0.5509938466690814,reference genome,2022-03-24
GCF_022682495.2,Desmodus rotundus,common vampire bat,9430,Mammalia,Chiroptera,Phyllostomidae,Desmodus,160127860,6739964,2119704833,29.2,33.2,0.5509938466690814,reference genome,2022-03-24
GCA_022682395.2,Desmodus rotundus,common vampire bat,9430,Mammalia,Chiroptera,Phyllostomidae,Desmodus,160112692,7563979,1969917660,29.2,33.2,0.5509938466690814,,2022-03-24
GCA_051107505.1,Platyrrhinus helleri,Heller's broad-nosed bat,27658,Mammalia,Chiroptera,Phyllostomidae,Platyrrhinus,159727393,49393690,2322571649,,,,reference genome,2025-06-26
GCA_054855695.1,Sturnira parvidens,,196700,Mammalia,Chiroptera,Phyllostomidae,Sturnira,157872161,50527669,2144027267,,,,reference genome,2026-01-30
GCA_051107545.1,Platyrrhinus helleri,Heller's broad-nosed bat,27658,Mammalia,Chiroptera,Phyllostomidae,Platyrrhinus,157586635,47571643,2099234408,,,,,2025-06-26
GCA_051107595.1,Dermanura phaeotis,dwarf fruit-eating bat,40229,Mammalia,Chiroptera,Phyllostomidae,Dermanura,156917333,101513163,2057243087,,,,reference genome,2025-06-26
GCA_051107565.1,Dermanura phaeotis,dwarf fruit-eating bat,40229,Mammalia,Chiroptera,Phyllostomidae,Dermanura,154617452,57954836,2240567824,,,,,2025-06-26
GCA_054855685.1,Sturnira parvidens,,196700,Mammalia,Chiroptera,Phyllostomidae,Sturnira,149586925,48411880,2355960729,,,,,2026-01-30
GCA_051107335.1,Micronycteris microtis,,249008,Mammalia,Chiroptera,Phyllostomidae,Micronycteris,147818333,58593296,2025303814,,,,reference genome,2025-06-26
GCA_051107205.1,Micronycteris microtis,,249008,Mammalia,Chiroptera,Phyllostomidae,Micronycteris,134000379,59308170,2159962514,,,,,2025-06-26
GCA_028533065.1,Trachops cirrhosus,,148073,Mammalia,Chiroptera,Phyllostomidae,Trachops,124458213,60077,2179537627,,,,,2023-02-09
GCA_030015415.1,Cynopterus sphinx,Indian short-nosed fruit bat,9400,Mammalia,Chiroptera,Pteropodidae,Cynopterus,145152962,84235024,1857070059,10.0,75.0,0.029787832930830538,reference genome,2023-05-16
GCA_053538355.1,Rousettus leschenaultii,Leschenault's rousette,9408,Mammalia,Chiroptera,Pteropodidae,Rousettus,116991804,86068516,1952227642,14.0,108.25,0.15077948192946522,reference genome,2025-11-18
GCA_014176215.2,Rousettus aegyptiacus,Egyptian rousette,9407,Mammalia,Chiroptera,Pteropodidae,Rousettus,113811895,21999313,1892781429,22.9,125.0,0.3546318271049549,reference genome,2025-12-17
GCA_028533765.1,Pteropus rufus,Malagasy flying fox,196297,Mammalia,Chiroptera,Pteropodidae,Pteropus,110476781,213999,2094173032,,,,reference genome,2023-02-10
GCA_028627145.1,Eidolon dupreanum,Malagasy straw-colored fruit bat,58063,Mammalia,Chiroptera,Pteropodidae,Eidolon,101563129,109255,2294267257,,,,reference genome,2023-02-16
GCA_028533395.1,Rousettus madagascariensis,Madagascan rousette,77223,Mammalia,Chiroptera,Pteropodidae,Rousettus,85834856,63903,2344104132,,,,reference genome,2023-02-09
GCA_043728145.1,Rhinolophus trifoliatus,Trefoil horseshoe bat,430492,Mammalia,Chiroptera,Rhinolophidae,Rhinolophus,184920896,11115074,2232405783,,,,reference genome,2024-10-24
GCA_043880425.1,Rhinolophus yonghoiseni,Yong Hoi Sen's woolly horseshoe bat,2952509,Mammalia,Chiroptera,Rhinolophidae,Rhinolophus,181652838,28095277,2323175246,,,,reference genome,2024-10-28
GCA_036562045.1,Rhinolophus sinicus,Chinese rufous horseshoe bat,89399,Mammalia,Chiroptera,Rhinolophidae,Rhinolophus,166556632,42906106,2036377185,,,,reference genome,2024-06-26
GCF_036562045.2,Rhinolophus sinicus,Chinese rufous horseshoe bat,89399,Mammalia,Chiroptera,Rhinolophidae,Rhinolophus,166556632,42906106,2036377185,,,,reference genome,2024-06-26
GCA_043748575.1,Rhinolophus perniger lanosus,,3030661,Mammalia,Chiroptera,Rhinolophidae,Rhinolophus,154900566,53323821,2185518987,,,,reference genome,2024-10-24
GCA_041825415.1,Rhinolophus rex,,188572,Mammalia,Chiroptera,Rhinolophidae,Rhinolophus,94173463,75261663,2106339337,,,,reference genome,2024-09-09
GCA_054645015.1,Rhinolophus clivosus,Geoffroy's horseshoe bat,59478,Mammalia,Chiroptera,Rhinolophidae,Rhinolophus,93247554,68120538,2275760243,,,,reference genome,2026-01-22
GCA_040057535.1,Rhinolophus affinis,intermediate horseshoe bat,59477,Mammalia,Chiroptera,Rhinolophidae,Rhinolophus,92909886,201316,2025198401,,,,,2024-06-04
GCA_054645025.1,Rhinolophus clivosus,Geoffroy's horseshoe bat,59478,Mammalia,Chiroptera,Rhinolophidae,Rhinolophus,92515904,68795586,2079886800,,,,,2026-01-22
GCA_964194215.2,Rhinolophus hipposideros,lesser horseshoe bat,77218,Mammalia,Chiroptera,Rhinolophidae,Rhinolophus,89071765,44946000,2240898699,29.4,4.6,0.6893478758660786,reference genome,2025-04-12
GCA_964194185.1,Rhinolophus hipposideros,lesser horseshoe bat,77218,Mammalia,Chiroptera,Rhinolophidae,Rhinolophus,88364482,2014157,2171311786,29.4,4.6,0.6893478758660786,,2024-06-28
GCA_004115265.3,Rhinolophus ferrumequinum,greater horseshoe bat,59479,Mammalia,Chiroptera,Rhinolophidae,Rhinolophus,88025743,31900497,2075768562,30.5,22.875,0.5954273963003337,reference genome,2019-05-17
GCF_004115265.2,Rhinolophus ferrumequinum,greater horseshoe bat,59479,Mammalia,Chiroptera,Rhinolophidae,Rhinolophus,88025743,31900497,2075768562,30.5,22.875,0.5954273963003337,reference genome,2019-05-16
GCA_043728065.1,Rhinolophus affinis,intermediate horseshoe bat,59477,Mammalia,Chiroptera,Rhinolophidae,Rhinolophus,85365043,65534120,2302439935,,,,reference genome,2024-10-24
GCA_055761895.1,Rhinopoma cystops,,1034335,Mammalia,Chiroptera,Rhinopomatidae,Rhinopoma,160986869,31224982,3200848786,,,,reference genome,2026-03-10
GCA_055761905.1,Rhinopoma cystops,,1034335,Mammalia,Chiroptera,Rhinopomatidae,Rhinopoma,154095941,32762973,2849602557,,,,,2026-03-10
GCA_043880545.1,Rhinopoma microphyllum,Greater mouse-tailed bat,173903,Mammalia,Chiroptera,Rhinopomatidae,Rhinopoma,146810189,32895649,2564586454,,,,reference genome,2024-10-28
GCA_963924515.2,Vespertilio murinus,particolored bat,59485,Mammalia,Chiroptera,Vespertilionidae,Vespertilio,187164881,48719070,1963609431,14.5,18.7,0.2862997272125539,reference genome,2025-04-09
GCA_963455305.1,Plecotus auritus,brown big-eared bat,61862,Mammalia,Chiroptera,Vespertilionidae,Plecotus,186501726,2948753,2163204650,30.0,7.8,0.6619492505305952,reference genome,2023-09-20
GCA_026230045.2,Corynorhinus townsendii,Townsend's big-eared bat,124745,Mammalia,Chiroptera,Vespertilionidae,Corynorhinus,178915548,21365218,1951328266,20.5,14.25,0.4553015636297626,reference genome,2025-12-17
GCA_026230055.2,Corynorhinus townsendii,Townsend's big-eared bat,124745,Mammalia,Chiroptera,Vespertilionidae,Corynorhinus,174690256,23451255,2115057576,20.5,14.25,0.4553015636297626,,2025-12-17
GCA_044885105.2,Pipistrellus abramus,,105295,Mammalia,Chiroptera,Vespertilionidae,Pipistrellus,163267654,57073852,1755815725,,,,reference genome,2026-01-29
GCA_027563665.1,Antrozous pallidus,pallid bat,9440,Mammalia,Chiroptera,Vespertilionidae,Antrozous,114648712,41887785,2126443499,14.8,20.8,0.2879030361398076,reference genome,2023-01-09
GCA_014108235.2,Myotis myotis,,51298,Mammalia,Chiroptera,Vespertilionidae,Myotis,108649645,12511134,2002765938,37.1,28.55,0.665321051403882,reference genome,2026-01-22
GCA_054644445.1,Neoeptesicus furinalis,Argentine brown bat,3371123,Mammalia,Chiroptera,Vespertilionidae,Neoeptesicus,108415112,60856633,2124553198,,,,reference genome,2026-01-22
GCA_054855975.1,Myotis nesopolus,Cucacao Myotis,1163727,Mammalia,Chiroptera,Vespertilionidae,Myotis,106113307,56061625,2011510900,,,,reference genome,2026-01-30
GCA_054855985.1,Myotis nesopolus,Cucacao Myotis,1163727,Mammalia,Chiroptera,Vespertilionidae,Myotis,105520506,49124421,2236155545,,,,,2026-01-30
GCA_054100705.1,Neoeptesicus chiriquinus,Chiriquinan serotine,3371121,Mammalia,Chiroptera,Vespertilionidae,Neoeptesicus,104867932,43086391,2167981810,,,,reference genome,2025-12-18
GCA_054644455.1,Neoeptesicus furinalis,Argentine brown bat,3371123,Mammalia,Chiroptera,Vespertilionidae,Neoeptesicus,103997655,55411905,2155761913,,,,,2026-01-22
GCA_963242275.2,Myotis daubentonii,Daubenton's bat,98922,Mammalia,Chiroptera,Vespertilionidae,Myotis,102876278,42270000,1963307520,28.0,8.5,0.626098981994496,,2025-04-09
GCA_054099605.1,Neoeptesicus chiriquinus,Chiriquinan serotine,3371121,Mammalia,Chiroptera,Vespertilionidae,Neoeptesicus,102867081,51935836,1994995676,,,,,2025-12-18
GCA_027574615.1,Eptesicus fuscus,big brown bat,29078,Mammalia,Chiroptera,Vespertilionidae,Eptesicus,102817582,49033427,2008057866,19.0,23.0,0.38950786069523347,reference genome,2023-01-09
GCF_027574615.1,Eptesicus fuscus,big brown bat,29078,Mammalia,Chiroptera,Vespertilionidae,Eptesicus,102817582,49033427,2008057866,19.0,23.0,0.38950786069523347,reference genome,2023-01-09
GCA_963259705.1,Myotis daubentonii,Daubenton's bat,98922,Mammalia,Chiroptera,Vespertilionidae,Myotis,102234773,3062752,2127807131,28.0,8.5,0.626098981994496,,2023-08-20
GCF_963259705.1,Myotis daubentonii,Daubenton's bat,98922,Mammalia,Chiroptera,Vespertilionidae,Myotis,102234773,3062752,2127807131,28.0,8.5,0.626098981994496,reference genome,2023-08-20
GCA_036971965.2,Nyctalus aviator,,187010,Mammalia,Chiroptera,Vespertilionidae,Nyctalus,101856247,61249120,1776615751,,,,reference genome,2024-05-31
GCA_963259705.2,Myotis daubentonii,Daubenton's bat,98922,Mammalia,Chiroptera,Vespertilionidae,Myotis,101535203,28718153,2167779971,28.0,8.5,0.626098981994496,reference genome,2025-04-09
GCA_054824995.1,Myotis tricolor,Cape hairy bat,233765,Mammalia,Chiroptera,Vespertilionidae,Myotis,101392957,59717690,2144957041,,,,reference genome,2026-01-29
GCA_054824925.1,Ia io,Great evening bat,360967,Mammalia,Chiroptera,Vespertilionidae,Ia,100437821,22958249,2310617144,,,,reference genome,2026-01-29
GCA_964094495.3,Myotis mystacinus,whiskered bat,109479,Mammalia,Chiroptera,Vespertilionidae,Myotis,100246715,28343623,2081615551,24.0,5.3,0.5915087453428723,reference genome,2025-10-26
GCA_964212035.2,Myotis nattereri,Natterer's bat,109481,Mammalia,Chiroptera,Vespertilionidae,Myotis,99996439,44226636,2138575456,23.7,7.5,0.5622629555230628,reference genome,2025-03-28
GCA_965115925.2,Myotis emarginatus,Geoffroy's bat,109480,Mammalia,Chiroptera,Vespertilionidae,Myotis,99609134,48680186,2110521423,22.7,11.0,0.5173055477065254,reference genome,2025-04-14
GCA_048340685.1,Myotis lucifugus carissima,,164660,Mammalia,Chiroptera,Vespertilionidae,Myotis,98951147,89327978,2062916987,,,,,2025-03-05
GCA_964195625.1,Myotis mystacinus,whiskered bat,109479,Mammalia,Chiroptera,Vespertilionidae,Myotis,98765083,2254345,1943289057,24.0,5.3,0.5915087453428723,,2024-06-30
GCA_951640355.1,Cnephaeus nilssonii,northern bat,3371016,Mammalia,Chiroptera,Vespertilionidae,Cnephaeus,98018206,2474537,2064102006,,,,reference genome,2023-05-18
GCF_951640355.1,Cnephaeus nilssonii,northern bat,3371016,Mammalia,Chiroptera,Vespertilionidae,Cnephaeus,98018206,2474537,2064102006,,,,reference genome,2023-05-18
GCA_014108245.2,Pipistrellus kuhlii,Kuhl's pipistrelle,59472,Mammalia,Chiroptera,Vespertilionidae,Pipistrellus,97264675,10591995,1775701441,8.0,6.0,0.10588990047519553,reference genome,2025-12-17
GCA_054824975.1,Ia io,Great evening bat,360967,Mammalia,Chiroptera,Vespertilionidae,Ia,97251615,29055122,2125246065,,,,,2026-01-29
GCA_963693515.1,Pipistrellus nathusii,Nathusius's pipistrelle,59473,Mammalia,Chiroptera,Vespertilionidae,Pipistrellus,97242187,17739480,1804478338,11.0,10.0,0.20920111047571344,reference genome,2024-02-07
GCA_054825045.1,Myotis tricolor,Cape hairy bat,233765,Mammalia,Chiroptera,Vespertilionidae,Myotis,97191432,55227115,1926615407,,,,,2026-01-29
GCA_965115945.2,Myotis emarginatus,Geoffroy's bat,109480,Mammalia,Chiroptera,Vespertilionidae,Myotis,96701877,35846260,2084877460,22.7,11.0,0.5173055477065254,,2025-04-14
GCA_964264875.2,Nyctalus leisleri,lesser noctule,59465,Mammalia,Chiroptera,Vespertilionidae,Nyctalus,95320580,26125689,2226320811,16.0,16.0,0.3397332210730941,reference genome,2025-04-03
GCA_903992545.1,Pipistrellus pipistrellus,common pipistrelle,59474,Mammalia,Chiroptera,Vespertilionidae,Pipistrellus,94929986,4446752,1763422308,16.6,5.0,0.4353970042281554,,2020-08-06
GCA_965203405.2,Pipistrellus pipistrellus,common pipistrelle,59474,Mammalia,Chiroptera,Vespertilionidae,Pipistrellus,92154671,18707992,1915894624,16.6,5.0,0.4353970042281554,reference genome,2025-04-09
GCA_949987585.2,Pipistrellus pygmaeus,soprano pipistrelle,246814,Mammalia,Chiroptera,Vespertilionidae,Pipistrellus,90845294,54451000,1900259658,,,,reference genome,2025-04-09
GCA_964656225.2,Pipistrellus nathusii,Nathusius's pipistrelle,59473,Mammalia,Chiroptera,Vespertilionidae,Pipistrellus,89973277,25164913,1961706381,11.0,10.0,0.20920111047571344,,2025-05-07
GCA_964339955.5,Pipistrellus hanaki,Hanaki's dwarf bat,412090,Mammalia,Chiroptera,Vespertilionidae,Pipistrellus,89115682,48700701,1892165761,,,,reference genome,2025-07-07
GCA_963693525.1,Pipistrellus nathusii,Nathusius's pipistrelle,59473,Mammalia,Chiroptera,Vespertilionidae,Pipistrellus,86738551,19092895,1688812661,11.0,10.0,0.20920111047571344,,2024-02-07
GCA_030445035.2,Dasypus novemcinctus,nine-banded armadillo,9361,Mammalia,Cingulata,Dasypodidae,Dasypus,127081865,13963394,3610534858,22.3,5500.0,0.08388471468578951,reference genome,2023-07-13
GCF_030445035.2,Dasypus novemcinctus,nine-banded armadillo,9361,Mammalia,Cingulata,Dasypodidae,Dasypus,127081865,13963394,3610534858,22.3,5500.0,0.08388471468578951,reference genome,2023-07-13
GCA_030445055.2,Dasypus novemcinctus,nine-banded armadillo,9361,Mammalia,Cingulata,Dasypodidae,Dasypus,126004510,14437728,3296222425,22.3,5500.0,0.08388471468578951,,2023-07-13
GCA_048593235.1,Sminthopsis crassicaudata,fat-tailed dunnart,9301,Mammalia,Dasyuromorphia,Dasyuridae,Sminthopsis,656909261,4359487,3239981553,5.0,15.0,-0.16099587702163398,reference genome,2025-03-17
GCF_048593235.1,Sminthopsis crassicaudata,fat-tailed dunnart,9301,Mammalia,Dasyuromorphia,Dasyuridae,Sminthopsis,656909261,4359487,3239981553,5.0,15.0,-0.16099587702163398,reference genome,2025-03-17
GCA_048593295.1,Sminthopsis crassicaudata,fat-tailed dunnart,9301,Mammalia,Dasyuromorphia,Dasyuridae,Sminthopsis,650834704,4734333,3272501082,5.0,15.0,-0.16099587702163398,,2025-03-17
GCA_048593225.1,Sarcophilus harrisii,Tasmanian devil,9305,Mammalia,Dasyuromorphia,Dasyuridae,Sarcophilus,645083750,4514036,3244907618,13.0,6500.0,-0.16191997892376797,,2025-03-17
GCA_048593325.1,Sarcophilus harrisii,Tasmanian devil,9305,Mammalia,Dasyuromorphia,Dasyuridae,Sarcophilus,638287698,1906549,3116321655,13.0,6500.0,-0.16191997892376797,,2025-03-17
GCA_016432865.2,Antechinus flavipes,yellow-footed antechinus,38775,Mammalia,Dasyuromorphia,Dasyuridae,Antechinus,636717922,51843704,3192643918,3.9,45.0,-0.34415607187690667,reference genome,2021-01-06
GCF_016432865.1,Antechinus flavipes,yellow-footed antechinus,38775,Mammalia,Dasyuromorphia,Dasyuridae,Antechinus,636717922,51843704,3192643918,3.9,45.0,-0.34415607187690667,reference genome,2021-01-06
GCA_048593245.1,Dasyurus maculatus,spotted-tailed quoll,9281,Mammalia,Dasyuromorphia,Dasyuridae,Dasyurus,634296252,147374197,3066144370,6.8,5500.0,-0.4319112356561349,reference genome,2025-03-17
GCA_020854095.1,Dasyurus viverrinus,eastern quoll,9279,Mammalia,Dasyuromorphia,Dasyuridae,Dasyurus,628486596,13753271,3139221772,6.8,1090.0,-0.32103937601946486,reference genome,2021-11-12
GCA_051122235.1,Dasyurus viverrinus,eastern quoll,9279,Mammalia,Dasyuromorphia,Dasyuridae,Dasyurus,627474335,7484828,3121841029,6.8,1090.0,-0.32103937601946486,,2025-06-27
GCA_051122245.1,Dasyurus viverrinus,eastern quoll,9279,Mammalia,Dasyuromorphia,Dasyuridae,Dasyurus,626338559,7795350,3112572433,6.8,1090.0,-0.32103937601946486,,2025-06-27
GCA_048593285.1,Dasyurus maculatus,spotted-tailed quoll,9281,Mammalia,Dasyuromorphia,Dasyuridae,Dasyurus,622380813,93424779,3043210118,6.8,5500.0,-0.4319112356561349,,2025-03-17
GCA_902635505.1,Sarcophilus harrisii,Tasmanian devil,9305,Mammalia,Dasyuromorphia,Dasyuridae,Sarcophilus,611347268,62339597,3086657325,13.0,6500.0,-0.16191997892376797,reference genome,2019-11-07
GCF_902635505.1,Sarcophilus harrisii,Tasmanian devil,9305,Mammalia,Dasyuromorphia,Dasyuridae,Sarcophilus,611347268,62339597,3086657325,13.0,6500.0,-0.16191997892376797,reference genome,2019-11-07
GCA_028643805.1,Dasyurus viverrinus,eastern quoll,9279,Mammalia,Dasyuromorphia,Dasyuridae,Dasyurus,531475703,42318,3085907905,6.8,1090.0,-0.32103937601946486,,2023-02-17
GCA_007646695.3,Thylacinus cynocephalus,Tasmanian wolf,9275,Mammalia,Dasyuromorphia,Thylacinidae,Thylacinus,629085701,15023,3376725167,,,,,2022-04-04
GCA_027409185.1,Cynocephalus volans,Philippine flying lemur,110931,Mammalia,Dermoptera,Cynocephalidae,Cynocephalus,165781880,69195939,2814418120,,,,reference genome,2022-12-28
GCF_027409185.1,Cynocephalus volans,Philippine flying lemur,110931,Mammalia,Dermoptera,Cynocephalidae,Cynocephalus,165781880,69195939,2814418120,,,,reference genome,2022-12-28
GCA_016433145.1,Gracilinanus agilis,Agile Gracile Mouse Opossum,191870,Mammalia,Didelphimorphia,Didelphidae,Gracilinanus,683521856,73170,3701017385,6.1,22.0,-0.10087096534644224,reference genome,2021-01-06
GCF_016433145.1,Gracilinanus agilis,Agile Gracile Mouse Opossum,191870,Mammalia,Didelphimorphia,Didelphidae,Gracilinanus,683521856,73170,3701017385,6.1,22.0,-0.10087096534644224,reference genome,2021-01-06
GCA_027887165.2,Monodelphis domestica,gray short-tailed opossum,13616,Mammalia,Didelphimorphia,Didelphidae,Monodelphis,538302405,3910714,3586166573,5.1,105.0,-0.2856902950070399,reference genome,2026-02-24
GCA_027887165.1,Monodelphis domestica,gray short-tailed opossum,13616,Mammalia,Didelphimorphia,Didelphidae,Monodelphis,538302405,3910714,3586166573,5.1,105.0,-0.2856902950070399,,2023-01-18
GCF_027887165.1,Monodelphis domestica,gray short-tailed opossum,13616,Mammalia,Didelphimorphia,Didelphidae,Monodelphis,538302405,3910714,3586166573,5.1,105.0,-0.2856902950070399,reference genome,2023-01-18
GCA_000002295.1,Monodelphis domestica,gray short-tailed opossum,13616,Mammalia,Didelphimorphia,Didelphidae,Monodelphis,527952102,107990,3600487649,5.1,105.0,-0.2856902950070399,,2007-01-25
GCF_000002295.2,Monodelphis domestica,gray short-tailed opossum,13616,Mammalia,Didelphimorphia,Didelphidae,Monodelphis,59809810,108014,3598425998,5.1,105.0,-0.2856902950070399,,2007-01-25
GCA_028372415.2,Notamacropus eugenii,tammar wallaby,9315,Mammalia,Diprotodontia,Macropodidae,Notamacropus,489668034,15255043,3447464908,,,,reference genome,2023-02-06
GCF_028372415.1,Notamacropus eugenii,tammar wallaby,9315,Mammalia,Diprotodontia,Macropodidae,Notamacropus,489668034,15255043,3447464908,,,,reference genome,2023-02-06
GCA_048593345.1,Notamacropus eugenii,tammar wallaby,9315,Mammalia,Diprotodontia,Macropodidae,Notamacropus,483542947,377640009,3250186738,,,,,2025-03-17
GCA_048593335.1,Notamacropus eugenii,tammar wallaby,9315,Mammalia,Diprotodontia,Macropodidae,Notamacropus,483525886,377633954,3349423305,,,,,2025-03-17
GCA_028533205.1,Lagorchestes hirsutus,rufous hare-wallaby,65632,Mammalia,Diprotodontia,Macropodidae,Lagorchestes,401333761,57452,3381150672,13.2,1310.0,-0.04556802009031258,reference genome,2023-02-09
GCA_028627215.1,Macropus giganteus,eastern gray kangaroo,9317,Mammalia,Diprotodontia,Macropodidae,Macropus,392871110,41690,3535619686,25.0,49500.0,-0.016989734781839738,reference genome,2023-02-16
GCA_028583105.1,Macropus fuliginosus,western gray kangaroo,9316,Mammalia,Diprotodontia,Macropodidae,Macropus,341276260,30299,3638522883,23.2,28250.0,-0.011021606175539045,reference genome,2023-02-10
GCA_011100635.1,Trichosurus vulpecula,common brushtail,9337,Mammalia,Diprotodontia,Phalangeridae,Trichosurus,442560073,4314688,3359330516,15.9,2395.0,-0.006074640180931956,reference genome,2020-03-10
GCF_011100635.1,Trichosurus vulpecula,common brushtail,9337,Mammalia,Diprotodontia,Phalangeridae,Trichosurus,442560073,4314688,3359330516,15.9,2395.0,-0.006074640180931956,reference genome,2020-03-10
GCA_028646595.1,Phalanger gymnotis,,65615,Mammalia,Diprotodontia,Phalangeridae,Phalanger,353051754,28067,3623972075,18.9,2400.0,0.06884718275101509,reference genome,2023-02-16
GCA_003287225.3,Phascolarctos cinereus,koala,38626,Mammalia,Diprotodontia,Phascolarctidae,Phascolarctos,480247137,11399805,3187989499,22.1,9300.0,0.04399145218817435,reference genome,2025-12-17
GCA_028658325.1,Potorous gilbertii,Gilbert's potoroo,173936,Mammalia,Diprotodontia,Potoroidae,Potorous,557804701,46323,3826410559,,,,reference genome,2023-02-17
GCA_028627135.1,Pseudochirops cupreus,coppery ringtail possum,37702,Mammalia,Diprotodontia,Pseudocheiridae,Pseudochirops,425237964,27966,3579892125,,,,reference genome,2023-02-16
GCA_028646575.1,Pseudocheirus occidentalis,Western ringtail oppossum,656515,Mammalia,Diprotodontia,Pseudocheiridae,Pseudocheirus,213462136,24464,3603728918,,,,reference genome,2023-02-16
GCA_028646515.1,Pseudochirops corinnae,golden ringtail possum,65629,Mammalia,Diprotodontia,Pseudocheiridae,Pseudochirops,209248263,26949,3503377836,,,,reference genome,2023-02-16
GCA_028626985.1,Vombatus ursinus,common wombat,29139,Mammalia,Diprotodontia,Vombatidae,Vombatus,576111283,74778,3341345253,30.0,25500.0,0.1076270780798001,,2023-02-16
GCA_950295315.1,Erinaceus europaeus,western European hedgehog,9365,Mammalia,Eulipotyphla,Erinaceidae,Erinaceus,126757761,999919,2720683831,11.7,750.0,-0.059753081905136396,reference genome,2023-05-01
GCF_950295315.1,Erinaceus europaeus,western European hedgehog,9365,Mammalia,Eulipotyphla,Erinaceidae,Erinaceus,126757761,999919,2720683831,11.7,750.0,-0.059753081905136396,reference genome,2023-05-01
GCA_027595985.1,Sorex araneus,European shrew,42254,Mammalia,Eulipotyphla,Soricidae,Sorex,374364821,4024507,2405993548,3.2,9.0,-0.3198244148719831,reference genome,2023-01-09
GCF_027595985.1,Sorex araneus,European shrew,42254,Mammalia,Eulipotyphla,Soricidae,Sorex,374364821,4024507,2405993548,3.2,9.0,-0.3198244148719831,reference genome,2023-01-09
GCA_024139225.1,Suncus etruscus,white-toothed pygmy shrew,109475,Mammalia,Eulipotyphla,Soricidae,Suncus,131952995,5042816,2471666657,3.2,2.1,-0.22013743049142498,reference genome,2022-07-06
GCF_024139225.1,Suncus etruscus,white-toothed pygmy shrew,109475,Mammalia,Eulipotyphla,Soricidae,Suncus,131952995,5042816,2471666657,3.2,2.1,-0.22013743049142498,reference genome,2022-07-06
GCA_055769025.1,Suncus murinus,house shrew,9378,Mammalia,Eulipotyphla,Soricidae,Suncus,128092613,108479493,2766318393,3.2,45.9,-0.43142717795355967,reference genome,2026-03-10
GCA_965212715.2,Crocidura gueldenstaedtii,Guldenstadt's white-toothed shrew,458323,Mammalia,Eulipotyphla,Soricidae,Crocidura,127229103,28351139,2571708824,,,,reference genome,2025-07-07
GCA_964194135.1,Talpa europaea,European mole,9375,Mammalia,Eulipotyphla,Talpidae,Talpa,136888642,3421604,2060984045,,,,reference genome,2024-06-28
GCA_042919465.1,Scaptochirus moschatus,short-faced mole,446353,Mammalia,Eulipotyphla,Talpidae,Scaptochirus,110510357,67659624,2252983806,,,,reference genome,2024-10-15
GCA_028571685.1,Heterohyrax brucei,yellow-spotted hyrax,77598,Mammalia,Hyracoidea,Procaviidae,Heterohyrax,139648372,78495281,3488059404,,,,reference genome,2023-02-10
GCA_051225735.1,Oryctolagus cuniculus,rabbit,9986,Mammalia,Lagomorpha,Leporidae,Oryctolagus,148896876,138122305,2878080230,9.0,1800.0,-0.23366592778743323,,2025-07-07
GCA_964237555.1,Oryctolagus cuniculus,rabbit,9986,Mammalia,Lagomorpha,Leporidae,Oryctolagus,144279705,2030165,2804657419,9.0,1800.0,-0.23366592778743323,reference genome,2024-08-31
GCF_964237555.1,Oryctolagus cuniculus,rabbit,9986,Mammalia,Lagomorpha,Leporidae,Oryctolagus,144279705,2030165,2804657419,9.0,1800.0,-0.23366592778743323,reference genome,2024-08-31
GCA_013371645.1,Oryctolagus cuniculus cuniculus,,568996,Mammalia,Lagomorpha,Leporidae,Oryctolagus,140390130,1879078,2780373160,,,,,2020-06-24
GCA_036325905.1,Lepus oiostolus,woolly hare,112018,Mammalia,Lagomorpha,Leporidae,Lepus,137608147,58464897,2855089205,,,,reference genome,2024-02-05
GCA_978442995.1,Lepus castroviejoi,Broom Hare,187398,Mammalia,Lagomorpha,Leporidae,Lepus,137255412,58008274,2919066766,,,,reference genome,2026-02-10
GCA_051942805.1,Lepus tolai,,283924,Mammalia,Lagomorpha,Leporidae,Lepus,134987039,134987039,2867332150,,,,reference genome,2025-08-12
GCA_055471105.1,Lepus americanus,snowshoe hare,48086,Mammalia,Lagomorpha,Leporidae,Lepus,131013113,52566763,2752826553,,,,reference genome,2026-02-24
GCA_047671645.1,Oryctolagus cuniculus,rabbit,9986,Mammalia,Lagomorpha,Leporidae,Oryctolagus,129991246,39291861,2634100571,9.0,1800.0,-0.23366592778743323,,2025-02-12
GCA_949820135.1,Sylvilagus floridanus,eastern cottontail,9988,Mammalia,Lagomorpha,Leporidae,Sylvilagus,129271642,34907720,2848420111,9.8,1150.0,-0.16599272685874578,reference genome,2023-04-19
GCA_040893755.1,Lepus timidus,Mountain hare,62621,Mammalia,Lagomorpha,Leporidae,Lepus,126936470,5114768,2556802277,18.0,4175.0,0.009733231329777325,,2024-07-26
GCA_047496845.1,Lepus yarkandensis,Yarkand hare,301146,Mammalia,Lagomorpha,Leporidae,Lepus,126863262,126863262,2695446921,,,,reference genome,2025-02-07
GCA_055471055.1,Lepus americanus,snowshoe hare,48086,Mammalia,Lagomorpha,Leporidae,Lepus,126702867,53223170,2644729856,,,,,2026-02-24
GCA_033115175.1,Lepus europaeus,European hare,9983,Mammalia,Lagomorpha,Leporidae,Lepus,125776599,43409466,2930954587,10.7,4175.0,-0.21615549608831897,reference genome,2023-10-31
GCF_033115175.1,Lepus europaeus,European hare,9983,Mammalia,Lagomorpha,Leporidae,Lepus,125776599,43409466,2930954587,10.7,4175.0,-0.21615549608831897,reference genome,2023-10-31
GCA_040893245.2,Lepus timidus,Mountain hare,62621,Mammalia,Lagomorpha,Leporidae,Lepus,125755317,4885811,2695287872,18.0,4175.0,0.009733231329777325,reference genome,2024-07-26
GCA_042027585.1,Lepus capensis,brown hare,9981,Mammalia,Lagomorpha,Leporidae,Lepus,124437717,30546000,2961127500,,,,reference genome,2024-09-19
GCA_009760805.1,Lepus timidus,Mountain hare,62621,Mammalia,Lagomorpha,Leporidae,Lepus,116271063,18458,2703257108,18.0,4175.0,0.009733231329777325,,2019-12-17
GCA_009806435.2,Oryctolagus cuniculus,rabbit,9986,Mammalia,Lagomorpha,Leporidae,Oryctolagus,111644748,337730,2841489785,9.0,1800.0,-0.23366592778743323,,2021-02-04
GCF_009806435.1,Oryctolagus cuniculus,rabbit,9986,Mammalia,Lagomorpha,Leporidae,Oryctolagus,111644748,337730,2841489785,9.0,1800.0,-0.23366592778743323,,2021-02-04
GCA_015711505.1,Sylvilagus bachmani,brush rabbit,365149,Mammalia,Lagomorpha,Leporidae,Sylvilagus,110456461,58367,2686379823,,,,reference genome,2020-12-04
GCA_014633375.1,Ochotona princeps,American pika,9978,Mammalia,Lagomorpha,Ochotonidae,Ochotona,75838078,42119,2231476247,7.0,100.0,-0.14482031125038342,,2020-09-21
GCF_014633375.1,Ochotona princeps,American pika,9978,Mammalia,Lagomorpha,Ochotonidae,Ochotona,75838078,42119,2231476247,7.0,100.0,-0.14482031125038342,,2020-09-21
GCA_030435755.1,Ochotona princeps,American pika,9978,Mammalia,Lagomorpha,Ochotonidae,Ochotona,73962893,12191025,2555444530,7.0,100.0,-0.14482031125038342,reference genome,2023-07-13
GCF_030435755.1,Ochotona princeps,American pika,9978,Mammalia,Lagomorpha,Ochotonidae,Ochotona,73962893,12191025,2555444530,7.0,100.0,-0.14482031125038342,reference genome,2023-07-13
GCA_030435715.1,Ochotona princeps,American pika,9978,Mammalia,Lagomorpha,Ochotonidae,Ochotona,68818794,11313716,2534779560,7.0,100.0,-0.14482031125038342,,2023-07-13
GCA_043290065.1,Rhynchocyon petersi,black and rufous elephant shrew,320637,Mammalia,Macroscelidea,Macroscelididae,Rhynchocyon,546604020,13791435,5331151070,,,,reference genome,2024-10-17
GCA_043290085.1,Rhynchocyon petersi,black and rufous elephant shrew,320637,Mammalia,Macroscelidea,Macroscelididae,Rhynchocyon,521973465,13617243,5620354054,,,,,2024-10-17
GCA_019393635.1,Dromiciops gliroides,monito del monte,33562,Mammalia,Microbiotheria,Microbiotheriidae,Dromiciops,670775900,38230856,3303199800,,,,reference genome,2021-08-03
GCF_019393635.1,Dromiciops gliroides,monito del monte,33562,Mammalia,Microbiotheria,Microbiotheriidae,Dromiciops,670775900,38230856,3303199800,,,,reference genome,2021-08-03
GCA_004115215.4,Ornithorhynchus anatinus,platypus,9258,Mammalia,Monotremata,Ornithorhynchidae,Ornithorhynchus,83338043,15146802,1859264908,22.6,1250.0,0.1911780073303393,reference genome,2020-11-06
GCF_004115215.2,Ornithorhynchus anatinus,platypus,9258,Mammalia,Monotremata,Ornithorhynchidae,Ornithorhynchus,83338043,15146802,1859264908,22.6,1250.0,0.1911780073303393,reference genome,2020-11-06
GCA_015852505.1,Tachyglossus aculeatus,Australian echidna,9261,Mammalia,Monotremata,Tachyglossidae,Tachyglossus,63379719,19859057,2213004214,49.5,3500.0,0.46114597221008835,reference genome,2020-12-09
GCF_015852505.1,Tachyglossus aculeatus,Australian echidna,9261,Mammalia,Monotremata,Tachyglossidae,Tachyglossus,63379719,19859057,2213004214,49.5,3500.0,0.46114597221008835,reference genome,2020-12-09
GCA_048126345.2,Notoryctes typhlops,marsupial mole,37699,Mammalia,Notoryctemorphia,Notoryctidae,Notoryctes,357300764,84282059,3845125805,,,,reference genome,2026-01-23
GCA_054644205.1,Lestoros inca,Incan shrew opossum,42731,Mammalia,Paucituberculata,Caenolestidae,Lestoros,853182845,11940304,4258788792,,,,reference genome,2026-01-22
GCA_054644215.1,Lestoros inca,Incan shrew opossum,42731,Mammalia,Paucituberculata,Caenolestidae,Lestoros,845142664,11196828,4080969164,,,,,2026-01-22
GCA_037893015.1,Macrotis lagotis,bilby,92651,Mammalia,Peramelemorphia,Peramelidae,Macrotis,343853051,1227456,3655715178,9.6,1300.0,-0.18334581247951975,reference genome,2024-04-04
GCF_037893015.1,Macrotis lagotis,bilby,92651,Mammalia,Peramelemorphia,Peramelidae,Macrotis,343853051,1227456,3655715178,9.6,1300.0,-0.18334581247951975,reference genome,2024-04-04
GCA_021613505.1,Equus quagga,,89248,Mammalia,Perissodactyla,Equidae,Equus,122556673,427941,2500914156,38.0,280000.0,0.04615612069936548,reference genome,2022-01-31
GCF_021613505.1,Equus quagga,,89248,Mammalia,Perissodactyla,Equidae,Equus,122556673,427941,2500914156,38.0,280000.0,0.04615612069936548,reference genome,2022-01-31
GCA_052150635.1,Equus kiang,kiang,94398,Mammalia,Perissodactyla,Equidae,Equus,107027433,107027433,2486009267,30.1,275000.0,-0.05382671506217318,reference genome,2025-08-19
GCA_052863115.1,Equus kiang,kiang,94398,Mammalia,Perissodactyla,Equidae,Equus,105491970,56672723,2487178225,30.1,275000.0,-0.05382671506217318,,2025-09-26
GCA_054375355.1,Equus asinus,donkey,9793,Mammalia,Perissodactyla,Equidae,Equus,105147494,105147494,2785912168,47.0,164998.0,0.17469696575193572,,2026-01-06
GCA_041296235.2,Equus asinus,donkey,9793,Mammalia,Perissodactyla,Equidae,Equus,101318199,102829910,2797756172,47.0,164998.0,0.17469696575193572,reference genome,2024-12-12
GCF_041296235.1,Equus asinus,donkey,9793,Mammalia,Perissodactyla,Equidae,Equus,101318199,102829910,2797756172,47.0,164998.0,0.17469696575193572,reference genome,2024-12-12
GCA_052818215.1,Equus caballus,horse,9796,Mammalia,Perissodactyla,Equidae,Equus,100959084,100959084,2798702308,57.0,300000.0,0.2175213771157125,,2025-09-24
GCA_052445885.1,Equus asinus,donkey,9793,Mammalia,Perissodactyla,Equidae,Equus,99746532,99746532,2909267788,47.0,164998.0,0.17469696575193572,,2025-09-04
GCA_041296265.1,Equus caballus,horse,9796,Mammalia,Perissodactyla,Equidae,Equus,99223387,99223387,2769438211,57.0,300000.0,0.2175213771157125,reference genome,2024-08-16
GCF_041296265.1,Equus caballus,horse,9796,Mammalia,Perissodactyla,Equidae,Equus,99223387,99223387,2769438211,57.0,300000.0,0.2175213771157125,reference genome,2024-08-16
GCA_016077325.2,Equus asinus,donkey,9793,Mammalia,Perissodactyla,Equidae,Equus,98589534,25073460,2431907375,47.0,164998.0,0.17469696575193572,,2021-10-14
GCF_016077325.2,Equus asinus,donkey,9793,Mammalia,Perissodactyla,Equidae,Equus,98589534,25073460,2431907375,47.0,164998.0,0.17469696575193572,,2021-10-14
GCA_052323815.1,Equus caballus,horse,9796,Mammalia,Perissodactyla,Equidae,Equus,97876640,97876640,2747515568,57.0,300000.0,0.2175213771157125,,2025-08-28
GCA_036426135.1,Equus caballus,horse,9796,Mammalia,Perissodactyla,Equidae,Equus,90406661,43557573,2596720901,57.0,300000.0,0.2175213771157125,,2024-02-07
GCA_964023255.1,Equus caballus,horse,9796,Mammalia,Perissodactyla,Equidae,Equus,89933864,35196120,2585039221,57.0,300000.0,0.2175213771157125,,2024-04-11
GCA_964023265.1,Equus caballus,horse,9796,Mammalia,Perissodactyla,Equidae,Equus,89565925,36577919,2559419963,57.0,300000.0,0.2175213771157125,,2024-04-11
GCA_048565035.1,Equus caballus,horse,9796,Mammalia,Perissodactyla,Equidae,Equus,88975660,34248948,2438381059,57.0,300000.0,0.2175213771157125,,2025-03-12
GCA_036418255.1,Equus caballus,horse,9796,Mammalia,Perissodactyla,Equidae,Equus,88315369,37695881,2331848197,57.0,300000.0,0.2175213771157125,,2024-02-07
GCA_002863925.1,Equus caballus,horse,9796,Mammalia,Perissodactyla,Equidae,Equus,87230776,1502753,2506949475,57.0,300000.0,0.2175213771157125,,2018-01-05
GCF_002863925.1,Equus caballus,horse,9796,Mammalia,Perissodactyla,Equidae,Equus,87230776,1502753,2506949475,57.0,300000.0,0.2175213771157125,,2018-01-05
GCA_037783145.1,Equus przewalskii,Przewalski's horse,9798,Mammalia,Perissodactyla,Equidae,Equus,85145959,25995503,2499640368,,,,reference genome,2024-04-01
GCF_037783145.1,Equus przewalskii,Przewalski's horse,9798,Mammalia,Perissodactyla,Equidae,Equus,85145959,25995503,2499640368,,,,reference genome,2024-04-01
GCA_037783155.1,Equus przewalskii,Przewalski's horse,9798,Mammalia,Perissodactyla,Equidae,Equus,85125050,25989936,2499175760,,,,,2024-04-01
GCA_023653735.1,Ceratotherium simum simum,southern white rhinoceros,73337,Mammalia,Perissodactyla,Rhinocerotidae,Ceratotherium,67555069,50391373,2870065268,,,,,2022-06-29
GCA_021442165.1,Ceratotherium simum cottoni,northern white rhinoceros,310713,Mammalia,Perissodactyla,Rhinocerotidae,Ceratotherium,65935509,16022912,2495791635,,,,,2022-01-12
GCA_020826845.1,Diceros bicornis minor,,77932,Mammalia,Perissodactyla,Rhinocerotidae,Diceros,65026825,28468213,3005519209,,,,reference genome,2021-11-10
GCF_020826845.1,Diceros bicornis minor,,77932,Mammalia,Perissodactyla,Rhinocerotidae,Diceros,65026825,28468213,3005519209,,,,reference genome,2021-11-10
GCA_028533375.1,Diceros bicornis,black rhinoceros,9805,Mammalia,Perissodactyla,Rhinocerotidae,Diceros,59591286,87018,2604568178,49.0,1100000.0,0.0628418876312733,,2023-02-09
GCA_028646465.1,Rhinoceros unicornis,greater Indian rhinoceros,9809,Mammalia,Perissodactyla,Rhinocerotidae,Rhinoceros,56870999,105810,2631998212,43.5,1602330.0,-0.01463106791048907,reference genome,2023-02-16
GCA_054859645.1,Tapirus indicus,Asiatic tapir,9802,Mammalia,Perissodactyla,Tapiridae,Tapirus,131304611,78907297,2468889663,,,,reference genome,2026-01-30
GCA_031878705.1,Tapirus indicus,Asiatic tapir,9802,Mammalia,Perissodactyla,Tapiridae,Tapirus,129754520,56553937,2477428682,,,,,2023-09-25
GCA_031878655.1,Tapirus indicus,Asiatic tapir,9802,Mammalia,Perissodactyla,Tapiridae,Tapirus,129321892,52012120,2498393425,,,,,2023-09-25
GCA_054859495.1,Tapirus terrestris,Brazilian tapir,9801,Mammalia,Perissodactyla,Tapiridae,Tapirus,70378332,70378332,2567765356,39.6,250000.0,0.07183071007358177,reference genome,2026-01-30
GCA_030020395.1,Manis pentadactyla,Chinese pangolin,143292,Mammalia,Pholidota,Manidae,Manis,149551276,25547713,2840164579,,,,reference genome,2023-05-23
GCF_030020395.1,Manis pentadactyla,Chinese pangolin,143292,Mammalia,Pholidota,Manidae,Manis,149551276,25547713,2840164579,,,,reference genome,2023-05-23
GCA_040802235.1,Manis javanica,Malayan pangolin,9974,Mammalia,Pholidota,Manidae,Manis,141798549,61244301,2559979548,,,,reference genome,2024-07-22
GCF_040802235.1,Manis javanica,Malayan pangolin,9974,Mammalia,Pholidota,Manidae,Manis,141798549,61244301,2559979548,,,,reference genome,2024-07-22
GCA_040802205.1,Manis pentadactyla,Chinese pangolin,143292,Mammalia,Pholidota,Manidae,Manis,140706300,40346097,2641441103,,,,,2024-07-22
GCA_963992745.1,Bradypus torquatus,Maned three-toed sloth,227087,Mammalia,Pilosa,Bradypodidae,Bradypus,156600181,4748776,3128591653,,,,reference genome,2024-12-06
GCA_015220235.1,Choloepus didactylus,southern two-toed sloth,27675,Mammalia,Pilosa,Megalonychidae,Choloepus,146178362,20994632,3214686105,36.8,6250.0,0.2926711011449392,reference genome,2020-11-03
GCF_015220235.1,Choloepus didactylus,southern two-toed sloth,27675,Mammalia,Pilosa,Megalonychidae,Choloepus,146178362,20994632,3214686105,36.8,6250.0,0.2926711011449392,reference genome,2020-11-03
GCA_023851605.1,Tamandua tetradactyla,southern tamandua,48850,Mammalia,Pilosa,Myrmecophagidae,Tamandua,174634624,9869167,3205724741,19.0,4500.0,0.028079368885165934,reference genome,2022-06-22
GCF_023851605.1,Tamandua tetradactyla,southern tamandua,48850,Mammalia,Pilosa,Myrmecophagidae,Tamandua,174634624,9869167,3205724741,19.0,4500.0,0.028079368885165934,reference genome,2022-06-22
GCA_031835075.1,Saguinus oedipus,cotton-top tamarin,9490,Mammalia,Primates,Cebidae,Saguinus,148490209,91852676,3240181431,26.2,445.5,0.32604228252074763,reference genome,2023-09-25
GCA_011078405.1,Callithrix jacchus,white-tufted-ear marmoset,9483,Mammalia,Primates,Cebidae,Callithrix,146897247,8609028,2811151840,22.8,255.2,0.30384051919538835,,2020-03-10
GCA_054851365.1,Saguinus oedipus,cotton-top tamarin,9490,Mammalia,Primates,Cebidae,Saguinus,145550415,18537884,3219013123,26.2,445.5,0.32604228252074763,,2026-01-30
GCA_054824895.1,Leontopithecus rosalia,golden lion tamarin,30588,Mammalia,Primates,Cebidae,Leontopithecus,144012852,54097536,3095545363,31.6,654.5,0.3810779321371429,reference genome,2026-01-29
GCA_021498475.1,Saguinus midas,Midas tamarin,30586,Mammalia,Primates,Cebidae,Saguinus,143273090,10987047,2968536278,21.0,553.8,0.2150542785806382,reference genome,2022-01-19
GCA_049354675.1,Callithrix jacchus,white-tufted-ear marmoset,9483,Mammalia,Primates,Cebidae,Callithrix,142506461,132082805,2908819824,22.8,255.2,0.30384051919538835,,2025-04-08
GCA_054824955.1,Leontopithecus rosalia,golden lion tamarin,30588,Mammalia,Primates,Cebidae,Leontopithecus,142199188,45714362,2954369379,31.6,654.5,0.3810779321371429,,2026-01-29
GCA_049354665.1,Callithrix jacchus,white-tufted-ear marmoset,9483,Mammalia,Primates,Cebidae,Callithrix,142034236,137280848,2912676840,22.8,255.2,0.30384051919538835,,2025-04-08
GCA_049354715.1,Callithrix jacchus,white-tufted-ear marmoset,9483,Mammalia,Primates,Cebidae,Callithrix,141933726,137132494,2933409465,22.8,255.2,0.30384051919538835,reference genome,2025-04-08
GCF_049354715.1,Callithrix jacchus,white-tufted-ear marmoset,9483,Mammalia,Primates,Cebidae,Callithrix,141933726,137132494,2933409465,22.8,255.2,0.30384051919538835,reference genome,2025-04-08
GCA_049354655.1,Callithrix jacchus,white-tufted-ear marmoset,9483,Mammalia,Primates,Cebidae,Callithrix,141415965,129140214,2760247778,22.8,255.2,0.30384051919538835,,2025-04-08
GCA_011100535.2,Callithrix jacchus,white-tufted-ear marmoset,9483,Mammalia,Primates,Cebidae,Callithrix,136971485,14602993,2727469741,22.8,255.2,0.30384051919538835,,2021-04-28
GCA_011100555.2,Callithrix jacchus,white-tufted-ear marmoset,9483,Mammalia,Primates,Cebidae,Callithrix,136971485,13222669,2874864526,22.8,255.2,0.30384051919538835,,2021-04-28
GCF_011100555.1,Callithrix jacchus,white-tufted-ear marmoset,9483,Mammalia,Primates,Cebidae,Callithrix,136971485,13222669,2874864526,22.8,255.2,0.30384051919538835,,2021-04-28
GCA_054851435.1,Saguinus oedipus,cotton-top tamarin,9490,Mammalia,Primates,Cebidae,Saguinus,131103041,10371741,2662848886,26.2,445.5,0.32604228252074763,,2026-01-30
GCA_048565385.1,Saimiri boliviensis,Bolivian squirrel monkey,27679,Mammalia,Primates,Cebidae,Saimiri,129414808,69222429,2747459968,30.3,615.0,0.3670975481005547,reference genome,2025-03-12
GCF_048565385.1,Saimiri boliviensis,Bolivian squirrel monkey,27679,Mammalia,Primates,Cebidae,Saimiri,129414808,69222429,2747459968,30.3,615.0,0.3670975481005547,reference genome,2025-03-12
GCA_046862485.1,Callithrix penicillata,black-pencilled marmoset,57378,Mammalia,Primates,Cebidae,Callithrix,124262003,32659,2577799133,15.4,307.0,0.12076760385835161,reference genome,2025-01-22
GCA_028533165.1,Leontopithecus rosalia,golden lion tamarin,30588,Mammalia,Primates,Cebidae,Leontopithecus,121128971,55757,2874530362,31.6,654.5,0.3810779321371429,,2023-02-09
GCA_009663435.2,Callithrix jacchus,white-tufted-ear marmoset,9483,Mammalia,Primates,Cebidae,Callithrix,98198953,25227091,2897807928,22.8,255.2,0.30384051919538835,,2020-05-22
GCF_009663435.1,Callithrix jacchus,white-tufted-ear marmoset,9483,Mammalia,Primates,Cebidae,Callithrix,98198953,25227091,2897807928,22.8,255.2,0.30384051919538835,,2020-05-22
GCA_049350105.2,Macaca mulatta,Rhesus monkey,9544,Mammalia,Primates,Cercopithecidae,Macaca,162285572,162285572,3115120525,40.0,8235.0,0.30999019486665147,reference genome,2025-07-24
GCF_049350105.2,Macaca mulatta,Rhesus monkey,9544,Mammalia,Primates,Cercopithecidae,Macaca,162285572,162285572,3115120525,40.0,8235.0,0.30999019486665147,reference genome,2025-07-24
GCA_037993035.2,Macaca fascicularis,crab-eating macaque,9541,Mammalia,Primates,Cercopithecidae,Macaca,162126771,162126771,3060038958,39.0,6362.5,0.3166658574481902,reference genome,2024-09-18
GCF_037993035.2,Macaca fascicularis,crab-eating macaque,9541,Mammalia,Primates,Cercopithecidae,Macaca,162126771,162126771,3060038958,39.0,6362.5,0.3166658574481902,reference genome,2024-09-18
GCA_000222185.1,Macaca fascicularis,crab-eating macaque,9541,Mammalia,Primates,Cercopithecidae,Macaca,155658674,3658,2878471044,39.0,6362.5,0.3166658574481902,,2011-07-23
GCA_043159975.1,Macaca nemestrina,pig-tailed macaque,9545,Mammalia,Primates,Cercopithecidae,Macaca,154799650,40835442,3116288670,37.6,7912.5,0.28585458918860307,reference genome,2024-10-15
GCF_043159975.1,Macaca nemestrina,pig-tailed macaque,9545,Mammalia,Primates,Cercopithecidae,Macaca,154799650,40835442,3116288670,37.6,7912.5,0.28585458918860307,reference genome,2024-10-15
GCA_026956025.1,Macaca cyclopis,Taiwan macaque,78449,Mammalia,Primates,Cercopithecidae,Macaca,152979943,7139826,2846042475,,,,reference genome,2022-12-19
GCA_043161795.1,Macaca nemestrina,pig-tailed macaque,9545,Mammalia,Primates,Cercopithecidae,Macaca,152800439,31516155,2963967802,37.6,7912.5,0.28585458918860307,,2024-10-15
GCA_024542745.1,Macaca thibetana thibetana,,257877,Mammalia,Primates,Cercopithecidae,Macaca,150623419,48622411,2822383045,,,,reference genome,2022-08-09
GCF_024542745.1,Macaca thibetana thibetana,,257877,Mammalia,Primates,Cercopithecidae,Macaca,150623419,48622411,2822383045,,,,reference genome,2022-08-09
GCA_011100615.1,Macaca fascicularis,crab-eating macaque,9541,Mammalia,Primates,Cercopithecidae,Macaca,150377965,21344639,2906138557,39.0,6362.5,0.3166658574481902,,2020-03-10
GCA_012559485.3,Macaca fascicularis,crab-eating macaque,9541,Mammalia,Primates,Cercopithecidae,Macaca,149803873,26251577,2800882497,39.0,6362.5,0.3166658574481902,,2021-10-26
GCF_012559485.2,Macaca fascicularis,crab-eating macaque,9541,Mammalia,Primates,Cercopithecidae,Macaca,149803873,26251577,2800882497,39.0,6362.5,0.3166658574481902,,2021-10-26
GCA_030247045.1,Colobus guereza,mantled guereza,33548,Mammalia,Primates,Cercopithecidae,Colobus,149281349,15612012,2976664877,35.0,9950.0,0.23903949837823468,reference genome,2023-06-12
GCA_008058575.1,Macaca mulatta,Rhesus monkey,9544,Mammalia,Primates,Cercopithecidae,Macaca,148403059,8187455,3037157472,40.0,8235.0,0.30999019486665147,,2019-08-22
GCA_021498455.1,Colobus guereza,mantled guereza,33548,Mammalia,Primates,Cercopithecidae,Colobus,145964134,15612012,2963339203,35.0,9950.0,0.23903949837823468,,2022-01-19
GCA_036172295.1,Macaca mulatta,Rhesus monkey,9544,Mammalia,Primates,Cercopithecidae,Macaca,145208759,17712045,3114360084,40.0,8235.0,0.30999019486665147,,2024-01-26
GCA_007565055.1,Rhinopithecus roxellana,golden snub-nosed monkey,61622,Mammalia,Primates,Cercopithecidae,Rhinopithecus,144559847,5723610,3038460517,29.5,14750.0,0.13782709027232443,reference genome,2019-07-29
GCF_007565055.1,Rhinopithecus roxellana,golden snub-nosed monkey,61622,Mammalia,Primates,Cercopithecidae,Rhinopithecus,144559847,5723610,3038460517,29.5,14750.0,0.13782709027232443,reference genome,2019-07-29
GCA_008728515.1,Papio anubis,olive baboon,9555,Mammalia,Primates,Cercopithecidae,Papio,140274886,1464978,2869804647,,,,,2019-10-02
GCF_008728515.1,Papio anubis,olive baboon,9555,Mammalia,Primates,Cercopithecidae,Papio,140274886,1464978,2869804647,,,,reference genome,2019-10-02
GCA_008728515.2,Papio anubis,olive baboon,9555,Mammalia,Primates,Cercopithecidae,Papio,140185856,1465768,2869802739,,,,reference genome,2022-04-27
GCA_047655245.1,Pygathrix nigripes,Black-shanked douc langur,310352,Mammalia,Primates,Cercopithecidae,Pygathrix,139486693,6073853,2888895859,,,,,2025-02-11
GCA_000772465.1,Nasalis larvatus,proboscis monkey,43780,Mammalia,Primates,Cercopithecidae,Nasalis,137426304,13295,3011966170,25.1,14617.5,0.06829691404825078,,2014-11-10
GCA_047834645.1,Nasalis larvatus,proboscis monkey,43780,Mammalia,Primates,Cercopithecidae,Nasalis,135457967,4333480,2950091323,25.1,14617.5,0.06829691404825078,reference genome,2025-02-18
GCA_002776525.5,Piliocolobus tephrosceles,Ugandan red Colobus,591936,Mammalia,Primates,Cercopithecidae,Piliocolobus,131283114,100421,2993041957,,,,reference genome,2019-12-12
GCF_002776525.5,Piliocolobus tephrosceles,Ugandan red Colobus,591936,Mammalia,Primates,Cercopithecidae,Piliocolobus,131283114,100421,2993041957,,,,reference genome,2019-12-12
GCA_003255815.1,Theropithecus gelada,gelada,9565,Mammalia,Primates,Cercopithecidae,Theropithecus,130230028,310061,2889614139,36.0,16200.0,0.21788446844902287,reference genome,2018-06-19
GCF_003255815.1,Theropithecus gelada,gelada,9565,Mammalia,Primates,Cercopithecidae,Theropithecus,130230028,310061,2889614139,36.0,16200.0,0.21788446844902287,reference genome,2018-06-19
GCA_028533075.1,Theropithecus gelada,gelada,9565,Mammalia,Primates,Cercopithecidae,Theropithecus,120619367,49679,2878106698,36.0,16200.0,0.21788446844902287,,2023-02-10
GCA_028645565.1,Papio papio,Guinea baboon,100937,Mammalia,Primates,Cercopithecidae,Papio,116598389,44968,2908029665,,,,,2023-02-16
GCA_047676025.1,Chlorocebus sabaeus,green monkey,60711,Mammalia,Primates,Cercopithecidae,Chlorocebus,101768245,14472010,3445599628,,,,,2025-02-12
GCA_047675955.1,Chlorocebus sabaeus,green monkey,60711,Mammalia,Primates,Cercopithecidae,Chlorocebus,100816256,13913161,3267373866,,,,reference genome,2025-02-12
GCF_047675955.1,Chlorocebus sabaeus,green monkey,60711,Mammalia,Primates,Cercopithecidae,Chlorocebus,100816256,13913161,3267373866,,,,reference genome,2025-02-12
GCA_028551445.1,Miopithecus talapoin,talapoin,36231,Mammalia,Primates,Cercopithecidae,Miopithecus,99916881,76031,2969301606,27.7,1384.5,0.2725489580702627,reference genome,2023-02-09
GCA_000364345.1,Macaca fascicularis,crab-eating macaque,9541,Mammalia,Primates,Cercopithecidae,Macaca,88649475,86040,2946827162,39.0,6362.5,0.3166658574481902,,2013-06-12
GCF_000364345.1,Macaca fascicularis,crab-eating macaque,9541,Mammalia,Primates,Cercopithecidae,Macaca,88649475,86040,2946827162,39.0,6362.5,0.3166658574481902,,2013-06-12
GCA_003339765.3,Macaca mulatta,Rhesus monkey,9544,Mammalia,Primates,Cercopithecidae,Macaca,82346004,46608966,2971314966,40.0,8235.0,0.30999019486665147,,2019-02-13
GCF_003339765.1,Macaca mulatta,Rhesus monkey,9544,Mammalia,Primates,Cercopithecidae,Macaca,82346004,46608966,2971314966,40.0,8235.0,0.30999019486665147,,2019-02-13
GCA_000409795.2,Chlorocebus sabaeus,green monkey,60711,Mammalia,Primates,Cercopithecidae,Chlorocebus,81825804,90449,2789639778,,,,,2014-03-25
GCF_000409795.2,Chlorocebus sabaeus,green monkey,60711,Mammalia,Primates,Cercopithecidae,Chlorocebus,81825804,90449,2789639778,,,,,2014-03-25
GCA_028627265.1,Cercopithecus mitis,blue monkey,36225,Mammalia,Primates,Cercopithecidae,Cercopithecus,51119100,28335,3104799808,37.8,9000.0,0.2793370768989505,reference genome,2023-02-16
GCA_000165445.3,Microcebus murinus,gray mouse lemur,30608,Mammalia,Primates,Cheirogaleidae,Microcebus,108171978,210702,2487392024,18.2,64.8,0.2998727036719723,,2017-02-06
GCF_000165445.2,Microcebus murinus,gray mouse lemur,30608,Mammalia,Primates,Cheirogaleidae,Microcebus,108171978,210702,2487392024,18.2,64.8,0.2998727036719723,,2017-02-06
GCA_040939475.2,Microcebus murinus,gray mouse lemur,30608,Mammalia,Primates,Cheirogaleidae,Microcebus,105509149,83341972,2382784813,18.2,64.8,0.2998727036719723,,2025-06-05
GCA_040939455.2,Microcebus murinus,gray mouse lemur,30608,Mammalia,Primates,Cheirogaleidae,Microcebus,105226355,102817952,2350949499,18.2,64.8,0.2998727036719723,reference genome,2025-06-05
GCF_040939455.1,Microcebus murinus,gray mouse lemur,30608,Mammalia,Primates,Cheirogaleidae,Microcebus,105226355,102817952,2350949499,18.2,64.8,0.2998727036719723,reference genome,2025-06-05
GCA_050656345.1,Homo sapiens,human,9606,Mammalia,Primates,Hominidae,Homo,163647842,136612994,3064047955,122.5,62035.0,0.65774413892651,,2025-06-02
GCA_046332495.1,Homo sapiens,human,9606,Mammalia,Primates,Hominidae,Homo,156195506,104879180,2989343661,122.5,62035.0,0.65774413892651,,2024-12-27
GCA_018472695.2,Homo sapiens,human,9606,Mammalia,Primates,Hominidae,Homo,155602998,134785557,3037998802,122.5,62035.0,0.65774413892651,,2024-09-20
GCA_044165025.1,Homo sapiens,human,9606,Mammalia,Primates,Hominidae,Homo,155491826,134585109,3018486582,122.5,62035.0,0.65774413892651,,2024-10-31
GCA_046332355.1,Homo sapiens,human,9606,Mammalia,Primates,Hominidae,Homo,155318995,129483041,3046576214,122.5,62035.0,0.65774413892651,,2024-12-27
GCA_044166315.1,Homo sapiens,human,9606,Mammalia,Primates,Hominidae,Homo,155316348,143882573,3049492957,122.5,62035.0,0.65774413892651,,2024-10-31
GCA_046332225.1,Homo sapiens,human,9606,Mammalia,Primates,Hominidae,Homo,155233135,111328456,3018886770,122.5,62035.0,0.65774413892651,,2024-12-27
GCA_054883195.1,Homo sapiens,human,9606,Mammalia,Primates,Hominidae,Homo,155153153,155153153,3040318105,122.5,62035.0,0.65774413892651,,2026-01-30
GCA_046332365.1,Homo sapiens,human,9606,Mammalia,Primates,Hominidae,Homo,155122962,134223936,3013080344,122.5,62035.0,0.65774413892651,,2024-12-27
GCA_046332065.1,Homo sapiens,human,9606,Mammalia,Primates,Hominidae,Homo,155068577,121324348,3039052332,122.5,62035.0,0.65774413892651,,2024-12-27
GCA_046332145.1,Homo sapiens,human,9606,Mammalia,Primates,Hominidae,Homo,155042577,119971359,3017770296,122.5,62035.0,0.65774413892651,,2024-12-27
GCA_046332015.1,Homo sapiens,human,9606,Mammalia,Primates,Hominidae,Homo,154963437,133646597,3015312822,122.5,62035.0,0.65774413892651,,2024-12-27
GCA_046629225.1,Homo sapiens,human,9606,Mammalia,Primates,Hominidae,Homo,154960785,144781433,3051570842,122.5,62035.0,0.65774413892651,,2025-01-14
GCA_046629205.1,Homo sapiens,human,9606,Mammalia,Primates,Hominidae,Homo,154907672,134001802,3011895543,122.5,62035.0,0.65774413892651,,2025-01-14
GCA_042077855.1,Homo sapiens,human,9606,Mammalia,Primates,Hominidae,Homo,154814317,146412853,3026120360,122.5,62035.0,0.65774413892651,,2024-09-20
GCA_042077095.1,Homo sapiens,human,9606,Mammalia,Primates,Hominidae,Homo,154688120,120995922,3026197614,122.5,62035.0,0.65774413892651,,2024-09-20
GCA_044166845.1,Homo sapiens,human,9606,Mammalia,Primates,Hominidae,Homo,154603705,101810135,3017370777,122.5,62035.0,0.65774413892651,,2024-10-31
GCA_044166765.1,Homo sapiens,human,9606,Mammalia,Primates,Hominidae,Homo,154595248,111694659,3056229783,122.5,62035.0,0.65774413892651,,2024-10-31
GCA_046629575.1,Homo sapiens,human,9606,Mammalia,Primates,Hominidae,Homo,154558889,132536328,3016784086,122.5,62035.0,0.65774413892651,,2025-01-14
GCA_042077155.1,Homo sapiens,human,9606,Mammalia,Primates,Hominidae,Homo,154484123,142946269,3041447603,122.5,62035.0,0.65774413892651,,2024-09-20
GCA_021951015.1,Homo sapiens,human,9606,Mammalia,Primates,Hominidae,Homo,154412560,62879740,3061735012,122.5,62035.0,0.65774413892651,,2022-02-04
GCA_042078005.1,Homo sapiens,human,9606,Mammalia,Primates,Hominidae,Homo,154384728,119654175,3022551977,122.5,62035.0,0.65774413892651,,2024-09-20
GCA_042076715.1,Homo sapiens,human,9606,Mammalia,Primates,Hominidae,Homo,154384493,133265195,3040239101,122.5,62035.0,0.65774413892651,,2024-09-20
GCA_037177635.1,Homo sapiens,human,9606,Mammalia,Primates,Hominidae,Homo,154369205,96480592,3026057971,122.5,62035.0,0.65774413892651,,2024-03-18
GCA_050656315.1,Homo sapiens,human,9606,Mammalia,Primates,Hominidae,Homo,154368220,141000299,3065526917,122.5,62035.0,0.65774413892651,,2025-06-02
GCA_020881995.2,Homo sapiens,human,9606,Mammalia,Primates,Hominidae,Homo,154349815,154349815,216809844,122.5,62035.0,0.65774413892651,,2022-01-24
GCA_018852615.3,Homo sapiens,human,9606,Mammalia,Primates,Hominidae,Homo,154341397,154341397,3051512984,122.5,62035.0,0.65774413892651,,2024-07-18
GCA_046332235.1,Homo sapiens,human,9606,Mammalia,Primates,Hominidae,Homo,154332372,135059907,3071160971,122.5,62035.0,0.65774413892651,,2024-12-27
GCA_042028895.1,Homo sapiens,human,9606,Mammalia,Primates,Hominidae,Homo,154316515,134368275,3036229640,122.5,62035.0,0.65774413892651,,2024-09-19
GCA_041900265.2,Homo sapiens,human,9606,Mammalia,Primates,Hominidae,Homo,154298688,135911756,3051551634,122.5,62035.0,0.65774413892651,,2024-09-11
GCA_046629565.1,Homo sapiens,human,9606,Mammalia,Primates,Hominidae,Homo,154195550,134124285,3021965041,122.5,62035.0,0.65774413892651,,2025-01-14
GCA_046332475.1,Homo sapiens,human,9606,Mammalia,Primates,Hominidae,Homo,154181322,138568228,3030783315,122.5,62035.0,0.65774413892651,,2024-12-27
GCA_046629265.1,Homo sapiens,human,9606,Mammalia,Primates,Hominidae,Homo,154139224,134147671,3029363527,122.5,62035.0,0.65774413892651,,2025-01-14
GCA_046332305.1,Homo sapiens,human,9606,Mammalia,Primates,Hominidae,Homo,154131922,135633951,3051092209,122.5,62035.0,0.65774413892651,,2024-12-27
GCA_046332035.1,Homo sapiens,human,9606,Mammalia,Primates,Hominidae,Homo,154091411,140060080,3025370803,122.5,62035.0,0.65774413892651,,2024-12-27
GCA_018472595.2,Homo sapiens,human,9606,Mammalia,Primates,Hominidae,Homo,153967661,135124728,3030495477,122.5,62035.0,0.65774413892651,,2024-09-20
GCA_044164725.1,Homo sapiens,human,9606,Mammalia,Primates,Hominidae,Homo,153959892,134371020,3037908004,122.5,62035.0,0.65774413892651,,2024-10-31
GCA_046332005.1,Homo sapiens,human,9606,Mammalia,Primates,Hominidae,Homo,153709541,135088710,3018885713,122.5,62035.0,0.65774413892651,,2024-12-27
GCA_054883265.1,Homo sapiens,human,9606,Mammalia,Primates,Hominidae,Homo,153704768,153704768,3018323265,122.5,62035.0,0.65774413892651,,2026-01-30
GCA_037177555.1,Homo sapiens,human,9606,Mammalia,Primates,Hominidae,Homo,153473417,133706131,3032169569,122.5,62035.0,0.65774413892651,,2024-03-18
GCA_003634875.1,Homo sapiens,human,9606,Mammalia,Primates,Hominidae,Homo,152514555,26292878,2893174212,122.5,62035.0,0.65774413892651,,2018-10-19
GCA_044166635.1,Homo sapiens,human,9606,Mammalia,Primates,Hominidae,Homo,152042984,111892229,3038362524,122.5,62035.0,0.65774413892651,,2024-10-31
GCA_028885495.2,Gorilla gorilla gorilla,western lowland gorilla,9595,Mammalia,Primates,Hominidae,Gorilla,151562521,151425642,3554709948,,,,,2024-01-08
GCA_029281585.3,Gorilla gorilla gorilla,western lowland gorilla,9595,Mammalia,Primates,Hominidae,Gorilla,150804130,150804130,3545834224,,,,reference genome,2024-08-01
GCF_029281585.2,Gorilla gorilla gorilla,western lowland gorilla,9595,Mammalia,Primates,Hominidae,Gorilla,150804130,150804130,3545834224,,,,reference genome,2024-01-08
GCA_028885475.2,Gorilla gorilla gorilla,western lowland gorilla,9595,Mammalia,Primates,Hominidae,Gorilla,150804130,150804130,3351856267,,,,,2024-01-08
GCA_009914755.4,Homo sapiens,human,9606,Mammalia,Primates,Hominidae,Homo,150617247,150617247,3117275501,122.5,62035.0,0.65774413892651,,2022-01-24
GCF_009914755.1,Homo sapiens,human,9606,Mammalia,Primates,Hominidae,Homo,150617247,150617247,3117275501,122.5,62035.0,0.65774413892651,,2022-01-24
GCA_016695395.2,Homo sapiens,human,9606,Mammalia,Primates,Hominidae,Homo,150534096,12076592,2902197670,122.5,62035.0,0.65774413892651,,2021-01-19
GCA_011064465.2,Homo sapiens,human,9606,Mammalia,Primates,Hominidae,Homo,150154455,150154455,3125421876,122.5,62035.0,0.65774413892651,,2022-06-02
GCA_020497085.1,Homo sapiens,human,9606,Mammalia,Primates,Hominidae,Homo,150051441,20046962,2901817378,122.5,62035.0,0.65774413892651,,2021-10-14
GCA_018873775.2,Homo sapiens,human,9606,Mammalia,Primates,Hominidae,Homo,149697505,149697505,3116153243,122.5,62035.0,0.65774413892651,,2021-09-27
GCA_042078065.1,Homo sapiens,human,9606,Mammalia,Primates,Hominidae,Homo,148870724,136634561,2945819519,122.5,62035.0,0.65774413892651,,2024-09-20
GCA_024586135.1,Homo sapiens,human,9606,Mammalia,Primates,Hominidae,Homo,148018047,148018047,3104992915,122.5,62035.0,0.65774413892651,,2022-08-09
GCA_018466855.2,Homo sapiens,human,9606,Mammalia,Primates,Hominidae,Homo,147886747,117283867,3029726043,122.5,62035.0,0.65774413892651,,2024-09-20
GCA_042030975.1,Homo sapiens,human,9606,Mammalia,Primates,Hominidae,Homo,147832173,135094631,3032434283,122.5,62035.0,0.65774413892651,,2024-09-19
GCA_028858825.2,Pan paniscus,pygmy chimpanzee,9597,Mammalia,Primates,Hominidae,Pan,147478900,147478900,3076853215,55.0,39925.0,0.34015836113861875,,2024-01-08
GCA_042032465.1,Homo sapiens,human,9606,Mammalia,Primates,Hominidae,Homo,147465703,133325347,3039453116,122.5,62035.0,0.65774413892651,,2024-09-19
GCA_018469705.2,Homo sapiens,human,9606,Mammalia,Primates,Hominidae,Homo,147437824,109937756,3024996016,122.5,62035.0,0.65774413892651,,2024-09-20
GCA_042036935.1,Homo sapiens,human,9606,Mammalia,Primates,Hominidae,Homo,147412894,107159283,3039672830,122.5,62035.0,0.65774413892651,,2024-09-20
GCA_046629235.1,Homo sapiens,human,9606,Mammalia,Primates,Hominidae,Homo,147346606,133411240,2897340138,122.5,62035.0,0.65774413892651,,2025-01-14
GCA_044167135.1,Homo sapiens,human,9606,Mammalia,Primates,Hominidae,Homo,147204163,147204163,2960467225,122.5,62035.0,0.65774413892651,,2024-10-31
GCA_018470445.2,Homo sapiens,human,9606,Mammalia,Primates,Hominidae,Homo,147189717,101642805,3043119661,122.5,62035.0,0.65774413892651,,2024-09-20
GCA_042037725.1,Homo sapiens,human,9606,Mammalia,Primates,Hominidae,Homo,147172190,134375872,3047261165,122.5,62035.0,0.65774413892651,,2024-09-20
GCA_046332455.1,Homo sapiens,human,9606,Mammalia,Primates,Hominidae,Homo,147151709,103757535,2904760418,122.5,62035.0,0.65774413892651,,2024-12-27
GCA_042029915.1,Homo sapiens,human,9606,Mammalia,Primates,Hominidae,Homo,147042503,136052607,2929644872,122.5,62035.0,0.65774413892651,,2024-09-19
GCA_029289425.3,Pan paniscus,pygmy chimpanzee,9597,Mammalia,Primates,Hominidae,Pan,147028407,147028407,3244888708,55.0,39925.0,0.34015836113861875,reference genome,2024-08-13
GCF_029289425.2,Pan paniscus,pygmy chimpanzee,9597,Mammalia,Primates,Hominidae,Pan,147028407,147028407,3244888708,55.0,39925.0,0.34015836113861875,reference genome,2024-01-08
GCA_028858845.2,Pan paniscus,pygmy chimpanzee,9597,Mammalia,Primates,Hominidae,Pan,147028407,147028407,3210032406,55.0,39925.0,0.34015836113861875,,2024-01-08
GCA_041900115.2,Homo sapiens,human,9606,Mammalia,Primates,Hominidae,Homo,146983678,133554630,3035945985,122.5,62035.0,0.65774413892651,,2024-09-11
GCA_042076465.1,Homo sapiens,human,9606,Mammalia,Primates,Hominidae,Homo,146959166,110971474,3044583658,122.5,62035.0,0.65774413892651,,2024-09-20
GCA_046332025.1,Homo sapiens,human,9606,Mammalia,Primates,Hominidae,Homo,146930931,134404795,2964553196,122.5,62035.0,0.65774413892651,,2024-12-27
GCA_045524175.1,Homo sapiens,human,9606,Mammalia,Primates,Hominidae,Homo,146927759,134613555,3021712601,122.5,62035.0,0.65774413892651,,2024-12-02
GCA_018471515.2,Homo sapiens,human,9606,Mammalia,Primates,Hominidae,Homo,146844925,111880916,3029848475,122.5,62035.0,0.65774413892651,,2024-09-20
GCA_018852605.3,Homo sapiens,human,9606,Mammalia,Primates,Hominidae,Homo,146786823,146786823,2947895164,122.5,62035.0,0.65774413892651,,2024-07-19
GCA_018472685.2,Homo sapiens,human,9606,Mammalia,Primates,Hominidae,Homo,146779742,103013677,3023814063,122.5,62035.0,0.65774413892651,,2024-09-20
GCA_046116005.2,Homo sapiens,human,9606,Mammalia,Primates,Hominidae,Homo,146748451,136017482,3039522532,122.5,62035.0,0.65774413892651,,2024-12-16
GCA_021950905.1,Homo sapiens,human,9606,Mammalia,Primates,Hominidae,Homo,146747882,84927121,2959277077,122.5,62035.0,0.65774413892651,,2022-02-04
GCA_044166785.1,Homo sapiens,human,9606,Mammalia,Primates,Hominidae,Homo,146698031,132113927,3025804925,122.5,62035.0,0.65774413892651,,2024-10-31
GCA_042076925.1,Homo sapiens,human,9606,Mammalia,Primates,Hominidae,Homo,146624645,135520168,3037473810,122.5,62035.0,0.65774413892651,,2024-09-20
GCA_046332375.1,Homo sapiens,human,9606,Mammalia,Primates,Hominidae,Homo,146622731,127819649,2917234232,122.5,62035.0,0.65774413892651,,2024-12-27
GCA_044165205.1,Homo sapiens,human,9606,Mammalia,Primates,Hominidae,Homo,146612534,134701499,3037533074,122.5,62035.0,0.65774413892651,,2024-10-31
GCA_042077015.1,Homo sapiens,human,9606,Mammalia,Primates,Hominidae,Homo,146599930,135445018,2969014751,122.5,62035.0,0.65774413892651,,2024-09-20
GCA_042035275.1,Homo sapiens,human,9606,Mammalia,Primates,Hominidae,Homo,146584718,133977884,3037558876,122.5,62035.0,0.65774413892651,,2024-09-20
GCA_042077185.1,Homo sapiens,human,9606,Mammalia,Primates,Hominidae,Homo,146566796,111575001,3048770032,122.5,62035.0,0.65774413892651,,2024-09-20
GCA_044165565.2,Homo sapiens,human,9606,Mammalia,Primates,Hominidae,Homo,146562156,135202540,3033456211,122.5,62035.0,0.65774413892651,,2024-10-31
GCA_042027095.1,Homo sapiens,human,9606,Mammalia,Primates,Hominidae,Homo,146552655,111367101,3028300905,122.5,62035.0,0.65774413892651,,2024-09-19
GCA_042037435.1,Homo sapiens,human,9606,Mammalia,Primates,Hominidae,Homo,146524297,123341742,3031197062,122.5,62035.0,0.65774413892651,,2024-09-20
GCA_042077875.1,Homo sapiens,human,9606,Mammalia,Primates,Hominidae,Homo,146468527,107211229,3012520122,122.5,62035.0,0.65774413892651,,2024-09-20
GCA_045524515.1,Homo sapiens,human,9606,Mammalia,Primates,Hominidae,Homo,146415042,133153140,3062391666,122.5,62035.0,0.65774413892651,,2024-12-02
GCA_018472725.2,Homo sapiens,human,9606,Mammalia,Primates,Hominidae,Homo,146382201,92127474,3047759342,122.5,62035.0,0.65774413892651,,2024-09-20
GCA_044166515.1,Homo sapiens,human,9606,Mammalia,Primates,Hominidae,Homo,146364341,108060633,3041251865,122.5,62035.0,0.65774413892651,,2024-10-31
GCA_042077965.1,Homo sapiens,human,9606,Mammalia,Primates,Hominidae,Homo,146334305,105451097,2936962988,122.5,62035.0,0.65774413892651,,2024-09-20
GCA_042076825.1,Homo sapiens,human,9606,Mammalia,Primates,Hominidae,Homo,146310804,134873989,3019984776,122.5,62035.0,0.65774413892651,,2024-09-20
GCA_042037905.1,Homo sapiens,human,9606,Mammalia,Primates,Hominidae,Homo,146310541,111138324,3041756498,122.5,62035.0,0.65774413892651,,2024-09-20
GCA_028858775.3,Pan troglodytes,chimpanzee,9598,Mammalia,Primates,Hominidae,Pan,146288486,146288486,3177739762,59.4,44983.5,0.3654105575557711,reference genome,2024-12-09
GCF_028858775.2,Pan troglodytes,chimpanzee,9598,Mammalia,Primates,Hominidae,Pan,146288486,146288486,3177739762,59.4,44983.5,0.3654105575557711,reference genome,2024-01-08
GCA_042030705.2,Homo sapiens,human,9606,Mammalia,Primates,Hominidae,Homo,146275380,135893483,3045477063,122.5,62035.0,0.65774413892651,,2024-09-19
GCA_018469685.2,Homo sapiens,human,9606,Mammalia,Primates,Hominidae,Homo,146264433,132508536,3037723321,122.5,62035.0,0.65774413892651,,2024-09-20
GCA_016894425.1,Homo sapiens,human,9606,Mammalia,Primates,Hominidae,Homo,146259670,146259670,146259670,122.5,62035.0,0.65774413892651,,2021-02-16
GCA_042034525.1,Homo sapiens,human,9606,Mammalia,Primates,Hominidae,Homo,146246866,130677170,3044095661,122.5,62035.0,0.65774413892651,,2024-09-20
GCA_046332435.1,Homo sapiens,human,9606,Mammalia,Primates,Hominidae,Homo,146218127,135991310,2930010287,122.5,62035.0,0.65774413892651,,2024-12-27
GCA_046332325.1,Homo sapiens,human,9606,Mammalia,Primates,Hominidae,Homo,146198965,112864796,2911939063,122.5,62035.0,0.65774413892651,,2024-12-27
GCA_028885655.3,Pongo abelii,Sumatran orangutan,9601,Mammalia,Primates,Hominidae,Pongo,146197178,146197178,3259853530,,,,reference genome,2024-01-05
GCF_028885655.2,Pongo abelii,Sumatran orangutan,9601,Mammalia,Primates,Hominidae,Pongo,146197178,146197178,3259853530,,,,reference genome,2024-01-05
GCA_046056425.1,Homo sapiens,human,9606,Mammalia,Primates,Hominidae,Homo,146141635,127445586,3038206191,122.5,62035.0,0.65774413892651,,2024-12-13
GCA_042028065.2,Homo sapiens,human,9606,Mammalia,Primates,Hominidae,Homo,146107598,133639950,3026836399,122.5,62035.0,0.65774413892651,,2024-09-19
GCA_044165085.1,Homo sapiens,human,9606,Mammalia,Primates,Hominidae,Homo,146097210,112832619,3046644309,122.5,62035.0,0.65774413892651,,2024-10-31
GCA_042027765.2,Homo sapiens,human,9606,Mammalia,Primates,Hominidae,Homo,146068781,135217153,3033897226,122.5,62035.0,0.65774413892651,,2024-09-19
GCA_046116065.1,Homo sapiens,human,9606,Mammalia,Primates,Hominidae,Homo,145949764,111270799,2932473439,122.5,62035.0,0.65774413892651,,2024-12-16
GCA_042037155.1,Homo sapiens,human,9606,Mammalia,Primates,Hominidae,Homo,145941412,98033365,3035647295,122.5,62035.0,0.65774413892651,,2024-09-20
GCA_018472565.2,Homo sapiens,human,9606,Mammalia,Primates,Hominidae,Homo,145910189,98753216,3021393957,122.5,62035.0,0.65774413892651,,2024-09-20
GCA_018472835.2,Homo sapiens,human,9606,Mammalia,Primates,Hominidae,Homo,145891138,125970107,2943146018,122.5,62035.0,0.65774413892651,,2024-09-20
GCA_042037875.1,Homo sapiens,human,9606,Mammalia,Primates,Hominidae,Homo,145868865,133744264,3036230596,122.5,62035.0,0.65774413892651,,2024-09-20
GCA_042076685.1,Homo sapiens,human,9606,Mammalia,Primates,Hominidae,Homo,145858383,135510334,3051230101,122.5,62035.0,0.65774413892651,,2024-09-20
GCA_046332195.1,Homo sapiens,human,9606,Mammalia,Primates,Hominidae,Homo,145841060,140401979,2968374987,122.5,62035.0,0.65774413892651,,2024-12-27
GCA_046332285.1,Homo sapiens,human,9606,Mammalia,Primates,Hominidae,Homo,145777493,120427261,2914544910,122.5,62035.0,0.65774413892651,,2024-12-27
GCA_042031775.1,Homo sapiens,human,9606,Mammalia,Primates,Hominidae,Homo,145640313,134304874,3026253502,122.5,62035.0,0.65774413892651,,2024-09-19
GCA_045523115.1,Homo sapiens,human,9606,Mammalia,Primates,Hominidae,Homo,145637896,133196295,2933866521,122.5,62035.0,0.65774413892651,,2024-12-02
GCA_044166665.2,Homo sapiens,human,9606,Mammalia,Primates,Hominidae,Homo,145506536,114091217,3040992671,122.5,62035.0,0.65774413892651,,2024-10-31
GCA_042037625.1,Homo sapiens,human,9606,Mammalia,Primates,Hominidae,Homo,145461092,134247759,3041669822,122.5,62035.0,0.65774413892651,,2024-09-20
GCA_046629585.1,Homo sapiens,human,9606,Mammalia,Primates,Hominidae,Homo,145458170,133342447,2915641356,122.5,62035.0,0.65774413892651,,2025-01-14
GCA_046332135.1,Homo sapiens,human,9606,Mammalia,Primates,Hominidae,Homo,145431912,137101261,2923921428,122.5,62035.0,0.65774413892651,,2024-12-27
GCA_046332185.1,Homo sapiens,human,9606,Mammalia,Primates,Hominidae,Homo,145421388,135253169,2941018753,122.5,62035.0,0.65774413892651,,2024-12-27
GCA_042037765.1,Homo sapiens,human,9606,Mammalia,Primates,Hominidae,Homo,145355388,133374946,3019487537,122.5,62035.0,0.65774413892651,,2024-09-20
GCA_046332485.1,Homo sapiens,human,9606,Mammalia,Primates,Hominidae,Homo,145305005,136080202,2928042134,122.5,62035.0,0.65774413892651,,2024-12-27
GCA_018466985.2,Homo sapiens,human,9606,Mammalia,Primates,Hominidae,Homo,145235078,145235078,3033603604,122.5,62035.0,0.65774413892651,,2024-09-20
GCA_041899965.1,Homo sapiens,human,9606,Mammalia,Primates,Hominidae,Homo,145222850,102955487,3042936088,122.5,62035.0,0.65774413892651,,2024-09-11
GCA_044164705.1,Homo sapiens,human,9606,Mammalia,Primates,Hominidae,Homo,145166998,111113045,3025315903,122.5,62035.0,0.65774413892651,,2024-10-31
GCA_018472705.2,Homo sapiens,human,9606,Mammalia,Primates,Hominidae,Homo,145123535,135026607,2925221426,122.5,62035.0,0.65774413892651,,2024-09-20
GCA_046629215.1,Homo sapiens,human,9606,Mammalia,Primates,Hominidae,Homo,145027085,134730260,2910590402,122.5,62035.0,0.65774413892651,,2025-01-14
GCA_042029385.1,Homo sapiens,human,9606,Mammalia,Primates,Hominidae,Homo,144520206,137661311,3027932758,122.5,62035.0,0.65774413892651,,2024-09-19
GCA_042027665.2,Homo sapiens,human,9606,Mammalia,Primates,Hominidae,Homo,143688517,103201472,3057337446,122.5,62035.0,0.65774413892651,,2024-09-19
GCA_042036435.1,Homo sapiens,human,9606,Mammalia,Primates,Hominidae,Homo,143685523,133658670,2921041254,122.5,62035.0,0.65774413892651,,2024-09-20
GCA_042028145.1,Homo sapiens,human,9606,Mammalia,Primates,Hominidae,Homo,143670156,128806727,3033429154,122.5,62035.0,0.65774413892651,,2024-09-19
GCA_042028845.1,Homo sapiens,human,9606,Mammalia,Primates,Hominidae,Homo,143661611,117143061,3052668953,122.5,62035.0,0.65774413892651,,2024-09-19
GCA_028885625.3,Pongo pygmaeus,Bornean orangutan,9600,Mammalia,Primates,Hominidae,Pongo,143261986,140592248,3220935163,59.0,64475.0,0.33781741845653457,reference genome,2024-01-08
GCF_028885625.2,Pongo pygmaeus,Bornean orangutan,9600,Mammalia,Primates,Hominidae,Pongo,143261986,140592248,3220935163,59.0,64475.0,0.33781741845653457,reference genome,2024-01-08
GCA_042037925.1,Homo sapiens,human,9606,Mammalia,Primates,Hominidae,Homo,143097122,133179805,3025605445,122.5,62035.0,0.65774413892651,,2024-09-20
GCA_018472605.2,Homo sapiens,human,9606,Mammalia,Primates,Hominidae,Homo,142875830,142875830,3022730155,122.5,62035.0,0.65774413892651,,2024-09-20
GCA_042027545.1,Homo sapiens,human,9606,Mammalia,Primates,Hominidae,Homo,142518968,137300752,2934102778,122.5,62035.0,0.65774413892651,,2024-09-19
GCA_016700455.2,Homo sapiens,human,9606,Mammalia,Primates,Hominidae,Homo,142230338,13671004,2744463177,122.5,62035.0,0.65774413892651,,2021-01-19
GCA_014905855.1,Homo sapiens,human,9606,Mammalia,Primates,Hominidae,Homo,141953703,23601496,3085766330,122.5,62035.0,0.65774413892651,,2020-09-26
GCA_020497115.1,Homo sapiens,human,9606,Mammalia,Primates,Hominidae,Homo,141933136,24698710,3016802955,122.5,62035.0,0.65774413892651,,2021-10-14
GCA_015476435.1,Homo sapiens,human,9606,Mammalia,Primates,Hominidae,Homo,141840420,5215207,2953486705,122.5,62035.0,0.65774413892651,,2020-11-16
GCA_042076675.1,Homo sapiens,human,9606,Mammalia,Primates,Hominidae,Homo,141486743,137486831,3012861499,122.5,62035.0,0.65774413892651,,2024-09-20
GCA_018505845.3,Homo sapiens,human,9606,Mammalia,Primates,Hominidae,Homo,141322252,99900848,3032649500,122.5,62035.0,0.65774413892651,,2025-08-06
GCA_042030015.1,Homo sapiens,human,9606,Mammalia,Primates,Hominidae,Homo,141293537,128696179,2928958187,122.5,62035.0,0.65774413892651,,2024-09-19
GCA_042031325.1,Homo sapiens,human,9606,Mammalia,Primates,Hominidae,Homo,141194160,109263211,2946461234,122.5,62035.0,0.65774413892651,,2024-09-19
GCA_042028635.1,Homo sapiens,human,9606,Mammalia,Primates,Hominidae,Homo,141004403,119895189,3041286288,122.5,62035.0,0.65774413892651,,2024-09-19
GCA_041900365.1,Homo sapiens,human,9606,Mammalia,Primates,Hominidae,Homo,140945340,136110441,3027440921,122.5,62035.0,0.65774413892651,,2024-09-11
GCA_028858805.2,Pan troglodytes,chimpanzee,9598,Mammalia,Primates,Hominidae,Pan,140842815,140842815,2998472174,59.4,44983.5,0.3654105575557711,,2024-01-08
GCA_042031165.1,Homo sapiens,human,9606,Mammalia,Primates,Hominidae,Homo,140797485,135038399,3054779426,122.5,62035.0,0.65774413892651,,2024-09-19
GCA_045999905.1,Homo sapiens,human,9606,Mammalia,Primates,Hominidae,Homo,140668322,112315213,3040111072,122.5,62035.0,0.65774413892651,,2024-12-11
GCA_042037555.1,Homo sapiens,human,9606,Mammalia,Primates,Hominidae,Homo,140632703,133766909,3030795866,122.5,62035.0,0.65774413892651,,2024-09-20
GCA_028885685.2,Pongo abelii,Sumatran orangutan,9601,Mammalia,Primates,Hominidae,Pongo,140600164,140600164,3000996708,,,,,2024-01-05
GCA_043304965.1,Homo sapiens,human,9606,Mammalia,Primates,Hominidae,Homo,140582321,134030441,3042614938,122.5,62035.0,0.65774413892651,,2024-10-17
GCA_028885525.2,Pongo pygmaeus,Bornean orangutan,9600,Mammalia,Primates,Hominidae,Pongo,140580864,137913290,3007136161,59.0,64475.0,0.33781741845653457,,2024-01-08
GCA_042076565.1,Homo sapiens,human,9606,Mammalia,Primates,Hominidae,Homo,140541327,139361540,3027909530,122.5,62035.0,0.65774413892651,,2024-09-20
GCA_018471105.2,Homo sapiens,human,9606,Mammalia,Primates,Hominidae,Homo,140510613,105155120,3034007608,122.5,62035.0,0.65774413892651,,2024-09-20
GCA_042076865.1,Homo sapiens,human,9606,Mammalia,Primates,Hominidae,Homo,140503124,133172463,3033271007,122.5,62035.0,0.65774413892651,,2024-09-20
GCA_042027595.1,Homo sapiens,human,9606,Mammalia,Primates,Hominidae,Homo,140490222,132703900,3050536339,122.5,62035.0,0.65774413892651,,2024-09-19
GCA_042038875.1,Homo sapiens,human,9606,Mammalia,Primates,Hominidae,Homo,140471924,134403041,2938221349,122.5,62035.0,0.65774413892651,,2024-09-20
GCA_018470455.2,Homo sapiens,human,9606,Mammalia,Primates,Hominidae,Homo,140096138,91967322,3038223051,122.5,62035.0,0.65774413892651,,2024-09-20
GCA_018469665.2,Homo sapiens,human,9606,Mammalia,Primates,Hominidae,Homo,140089099,126989935,3022209588,122.5,62035.0,0.65774413892651,,2024-09-20
GCA_018471095.2,Homo sapiens,human,9606,Mammalia,Primates,Hominidae,Homo,140079229,109510415,3052185434,122.5,62035.0,0.65774413892651,,2024-09-20
GCA_043304535.1,Homo sapiens,human,9606,Mammalia,Primates,Hominidae,Homo,139868663,134609164,3033477337,122.5,62035.0,0.65774413892651,,2024-10-17
GCA_042030115.1,Homo sapiens,human,9606,Mammalia,Primates,Hominidae,Homo,139692652,134236179,3025983784,122.5,62035.0,0.65774413892651,,2024-09-19
GCA_042026535.1,Homo sapiens,human,9606,Mammalia,Primates,Hominidae,Homo,139568241,118012399,3041305379,122.5,62035.0,0.65774413892651,,2024-09-19
GCA_042038345.1,Homo sapiens,human,9606,Mammalia,Primates,Hominidae,Homo,139511608,129211965,3020697475,122.5,62035.0,0.65774413892651,,2024-09-20
GCA_042036515.1,Homo sapiens,human,9606,Mammalia,Primates,Hominidae,Homo,139497053,133426588,3034033633,122.5,62035.0,0.65774413892651,,2024-09-20
GCA_042036285.1,Homo sapiens,human,9606,Mammalia,Primates,Hominidae,Homo,139467863,130919272,3049855180,122.5,62035.0,0.65774413892651,,2024-09-20
GCA_042076455.1,Homo sapiens,human,9606,Mammalia,Primates,Hominidae,Homo,139309162,133272142,2942097360,122.5,62035.0,0.65774413892651,,2024-09-20
GCA_046056435.1,Homo sapiens,human,9606,Mammalia,Primates,Hominidae,Homo,139154523,112818513,2927203238,122.5,62035.0,0.65774413892651,,2024-12-13
GCA_044165925.1,Homo sapiens,human,9606,Mammalia,Primates,Hominidae,Homo,138866811,108190518,3042981283,122.5,62035.0,0.65774413892651,,2024-10-31
GCA_045524245.1,Homo sapiens,human,9606,Mammalia,Primates,Hominidae,Homo,138774716,124502371,2928019044,122.5,62035.0,0.65774413892651,,2024-12-02
GCA_042036255.1,Homo sapiens,human,9606,Mammalia,Primates,Hominidae,Homo,138710879,133532687,3031047894,122.5,62035.0,0.65774413892651,,2024-09-20
GCA_018504085.2,Homo sapiens,human,9606,Mammalia,Primates,Hominidae,Homo,138698082,125688124,3038058923,122.5,62035.0,0.65774413892651,,2024-10-17
GCA_042034335.1,Homo sapiens,human,9606,Mammalia,Primates,Hominidae,Homo,138694996,138694996,3050288669,122.5,62035.0,0.65774413892651,,2024-09-20
GCA_018505825.3,Homo sapiens,human,9606,Mammalia,Primates,Hominidae,Homo,138680953,106726885,3032667747,122.5,62035.0,0.65774413892651,,2024-10-17
GCA_042028275.1,Homo sapiens,human,9606,Mammalia,Primates,Hominidae,Homo,138633847,130751236,3040759426,122.5,62035.0,0.65774413892651,,2024-09-19
GCA_042035195.1,Homo sapiens,human,9606,Mammalia,Primates,Hominidae,Homo,138588803,108961022,3043521817,122.5,62035.0,0.65774413892651,,2024-09-20
GCA_042037825.1,Homo sapiens,human,9606,Mammalia,Primates,Hominidae,Homo,138401026,126116857,3034790068,122.5,62035.0,0.65774413892651,,2024-09-20
GCA_046000115.1,Homo sapiens,human,9606,Mammalia,Primates,Hominidae,Homo,138394246,111391340,2916304162,122.5,62035.0,0.65774413892651,,2024-12-11
GCA_018504065.2,Homo sapiens,human,9606,Mammalia,Primates,Hominidae,Homo,138300147,110993309,3036416205,122.5,62035.0,0.65774413892651,,2024-10-17
GCA_018503245.2,Homo sapiens,human,9606,Mammalia,Primates,Hominidae,Homo,138279518,106244626,3055461096,122.5,62035.0,0.65774413892651,,2024-10-17
GCA_045524125.1,Homo sapiens,human,9606,Mammalia,Primates,Hominidae,Homo,138260617,134573075,2922783173,122.5,62035.0,0.65774413892651,,2024-12-02
GCA_042034585.1,Homo sapiens,human,9606,Mammalia,Primates,Hominidae,Homo,138201436,111001097,3047748106,122.5,62035.0,0.65774413892651,,2024-09-20
GCA_042034325.1,Homo sapiens,human,9606,Mammalia,Primates,Hominidae,Homo,138119534,101605781,2947572195,122.5,62035.0,0.65774413892651,,2024-09-20
GCA_042037355.1,Homo sapiens,human,9606,Mammalia,Primates,Hominidae,Homo,138005898,134675934,3032062714,122.5,62035.0,0.65774413892651,,2024-09-20
GCA_043304515.1,Homo sapiens,human,9606,Mammalia,Primates,Hominidae,Homo,137926097,137509463,3029610539,122.5,62035.0,0.65774413892651,,2024-10-17
GCA_042076665.1,Homo sapiens,human,9606,Mammalia,Primates,Hominidae,Homo,137865197,129131645,3037753962,122.5,62035.0,0.65774413892651,,2024-09-20
GCA_042077085.1,Homo sapiens,human,9606,Mammalia,Primates,Hominidae,Homo,137835423,134937965,2949058313,122.5,62035.0,0.65774413892651,,2024-09-20
GCA_042027145.1,Homo sapiens,human,9606,Mammalia,Primates,Hominidae,Homo,137762049,122921261,3041822242,122.5,62035.0,0.65774413892651,,2024-09-19
GCA_043305115.1,Homo sapiens,human,9606,Mammalia,Primates,Hominidae,Homo,137645245,111051675,3042147490,122.5,62035.0,0.65774413892651,,2024-10-17
GCA_044166395.1,Homo sapiens,human,9606,Mammalia,Primates,Hominidae,Homo,137643465,105595841,3034051429,122.5,62035.0,0.65774413892651,,2024-10-31
GCA_042077305.1,Homo sapiens,human,9606,Mammalia,Primates,Hominidae,Homo,137595772,133930769,3038440209,122.5,62035.0,0.65774413892651,,2024-09-20
GCA_018472575.2,Homo sapiens,human,9606,Mammalia,Primates,Hominidae,Homo,137559864,136121883,2916144033,122.5,62035.0,0.65774413892651,,2024-09-20
GCA_042029485.1,Homo sapiens,human,9606,Mammalia,Primates,Hominidae,Homo,137540951,134067740,3025764950,122.5,62035.0,0.65774413892651,,2024-09-19
GCA_042078025.1,Homo sapiens,human,9606,Mammalia,Primates,Hominidae,Homo,137537084,111859824,3056461595,122.5,62035.0,0.65774413892651,,2024-09-20
GCA_042034315.1,Homo sapiens,human,9606,Mammalia,Primates,Hominidae,Homo,137468109,133373571,2943401465,122.5,62035.0,0.65774413892651,,2024-09-20
GCA_018472845.2,Homo sapiens,human,9606,Mammalia,Primates,Hominidae,Homo,137222114,133960273,3036541936,122.5,62035.0,0.65774413892651,,2024-09-20
GCA_018471085.2,Homo sapiens,human,9606,Mammalia,Primates,Hominidae,Homo,137217898,126946641,3038252594,122.5,62035.0,0.65774413892651,,2024-09-20
GCA_042034345.1,Homo sapiens,human,9606,Mammalia,Primates,Hominidae,Homo,137210850,128660614,3030693438,122.5,62035.0,0.65774413892651,,2024-09-20
GCA_043304645.1,Homo sapiens,human,9606,Mammalia,Primates,Hominidae,Homo,137185745,124942138,2936552828,122.5,62035.0,0.65774413892651,,2024-10-17
GCA_042077005.1,Homo sapiens,human,9606,Mammalia,Primates,Hominidae,Homo,137179791,130533233,3018663442,122.5,62035.0,0.65774413892651,,2024-09-20
GCA_042029905.1,Homo sapiens,human,9606,Mammalia,Primates,Hominidae,Homo,137169833,133531697,3034593747,122.5,62035.0,0.65774413892651,,2024-09-19
GCA_043304975.1,Homo sapiens,human,9606,Mammalia,Primates,Hominidae,Homo,137148065,137148065,2920853688,122.5,62035.0,0.65774413892651,,2024-10-17
GCA_018469945.2,Homo sapiens,human,9606,Mammalia,Primates,Hominidae,Homo,137141014,96042229,3055623940,122.5,62035.0,0.65774413892651,,2024-10-17
GCA_042076885.1,Homo sapiens,human,9606,Mammalia,Primates,Hominidae,Homo,137138020,132182243,3018296640,122.5,62035.0,0.65774413892651,,2024-09-20
GCA_042026475.1,Homo sapiens,human,9606,Mammalia,Primates,Hominidae,Homo,137110937,133427943,3026412175,122.5,62035.0,0.65774413892651,,2024-09-19
GCA_044164665.1,Homo sapiens,human,9606,Mammalia,Primates,Hominidae,Homo,137038241,133337158,3035885272,122.5,62035.0,0.65774413892651,,2024-10-31
GCA_042037705.1,Homo sapiens,human,9606,Mammalia,Primates,Hominidae,Homo,137030409,125553825,3015245153,122.5,62035.0,0.65774413892651,,2024-09-20
GCA_042028775.1,Homo sapiens,human,9606,Mammalia,Primates,Hominidae,Homo,137020912,103191339,2943616750,122.5,62035.0,0.65774413892651,,2024-09-19
GCA_018852585.2,Homo sapiens,human,9606,Mammalia,Primates,Hominidae,Homo,136921572,133325902,3039211445,122.5,62035.0,0.65774413892651,,2024-12-11
GCA_044166095.1,Homo sapiens,human,9606,Mammalia,Primates,Hominidae,Homo,136886162,110432423,3053320161,122.5,62035.0,0.65774413892651,,2024-10-31
GCA_042029495.1,Homo sapiens,human,9606,Mammalia,Primates,Hominidae,Homo,136857623,134010116,3037116985,122.5,62035.0,0.65774413892651,,2024-09-19
GCA_042032565.1,Homo sapiens,human,9606,Mammalia,Primates,Hominidae,Homo,136749502,134102951,3039901087,122.5,62035.0,0.65774413892651,,2024-09-19
GCA_018471545.2,Homo sapiens,human,9606,Mammalia,Primates,Hominidae,Homo,136727744,112193775,3023430987,122.5,62035.0,0.65774413892651,,2024-09-20
GCA_042032555.1,Homo sapiens,human,9606,Mammalia,Primates,Hominidae,Homo,136713237,120123898,2937497056,122.5,62035.0,0.65774413892651,,2024-09-19
GCA_018469865.2,Homo sapiens,human,9606,Mammalia,Primates,Hominidae,Homo,136686401,106560555,3037322176,122.5,62035.0,0.65774413892651,,2024-09-20
GCA_042037225.1,Homo sapiens,human,9606,Mammalia,Primates,Hominidae,Homo,136586003,113771190,3046385061,122.5,62035.0,0.65774413892651,,2024-09-20
GCA_044164745.1,Homo sapiens,human,9606,Mammalia,Primates,Hominidae,Homo,136532944,119660345,3042538325,122.5,62035.0,0.65774413892651,,2024-10-31
GCA_042031355.1,Homo sapiens,human,9606,Mammalia,Primates,Hominidae,Homo,136513831,133294904,3038043089,122.5,62035.0,0.65774413892651,,2024-09-19
GCA_042031805.1,Homo sapiens,human,9606,Mammalia,Primates,Hominidae,Homo,136434176,107506565,3039435323,122.5,62035.0,0.65774413892651,,2024-09-19
GCA_042028875.1,Homo sapiens,human,9606,Mammalia,Primates,Hominidae,Homo,136413511,122374351,3029858464,122.5,62035.0,0.65774413892651,,2024-09-19
GCA_018471065.2,Homo sapiens,human,9606,Mammalia,Primates,Hominidae,Homo,136393325,133490652,3033390826,122.5,62035.0,0.65774413892651,,2024-09-20
GCA_041899975.1,Homo sapiens,human,9606,Mammalia,Primates,Hominidae,Homo,136342499,98166087,2940836153,122.5,62035.0,0.65774413892651,,2024-09-11
GCA_042034195.1,Homo sapiens,human,9606,Mammalia,Primates,Hominidae,Homo,136321951,110344908,3055789294,122.5,62035.0,0.65774413892651,,2024-09-20
GCA_900086635.1,Pongo pygmaeus,Bornean orangutan,9600,Mammalia,Primates,Hominidae,Pongo,136302887,17285,136302887,59.0,64475.0,0.33781741845653457,,2016-07-09
GCA_046000005.1,Homo sapiens,human,9606,Mammalia,Primates,Hominidae,Homo,136286965,134928668,2957105898,122.5,62035.0,0.65774413892651,,2024-12-11
GCA_042037975.1,Homo sapiens,human,9606,Mammalia,Primates,Hominidae,Homo,136217396,100099542,2934086275,122.5,62035.0,0.65774413892651,,2024-09-20
GCA_042038595.1,Homo sapiens,human,9606,Mammalia,Primates,Hominidae,Homo,136198776,129672142,3031231766,122.5,62035.0,0.65774413892651,,2024-09-20
GCA_018469695.2,Homo sapiens,human,9606,Mammalia,Primates,Hominidae,Homo,136179005,106405428,3020299646,122.5,62035.0,0.65774413892651,,2024-09-20
GCA_042034285.1,Homo sapiens,human,9606,Mammalia,Primates,Hominidae,Homo,136171873,112004102,2929677415,122.5,62035.0,0.65774413892651,,2024-09-20
GCA_042076855.1,Homo sapiens,human,9606,Mammalia,Primates,Hominidae,Homo,136159698,133122227,2958934336,122.5,62035.0,0.65774413892651,,2024-09-20
GCA_042030135.1,Homo sapiens,human,9606,Mammalia,Primates,Hominidae,Homo,136150118,106533774,2949481628,122.5,62035.0,0.65774413892651,,2024-09-19
GCA_042034505.1,Homo sapiens,human,9606,Mammalia,Primates,Hominidae,Homo,136077604,134578797,3039410865,122.5,62035.0,0.65774413892651,,2024-09-20
GCA_042077885.1,Homo sapiens,human,9606,Mammalia,Primates,Hominidae,Homo,136057803,128757022,3025361343,122.5,62035.0,0.65774413892651,,2024-09-20
GCA_018469935.2,Homo sapiens,human,9606,Mammalia,Primates,Hominidae,Homo,136054812,135844052,3046045286,122.5,62035.0,0.65774413892651,,2024-09-20
GCA_042029645.1,Homo sapiens,human,9606,Mammalia,Primates,Hominidae,Homo,136039179,103264327,3031314152,122.5,62035.0,0.65774413892651,,2024-09-19
GCA_042077995.1,Homo sapiens,human,9606,Mammalia,Primates,Hominidae,Homo,135982360,135982360,3008366934,122.5,62035.0,0.65774413892651,,2024-09-20
GCA_018503275.3,Homo sapiens,human,9606,Mammalia,Primates,Hominidae,Homo,135978293,92183995,3024634577,122.5,62035.0,0.65774413892651,,2024-12-11
GCA_046116025.1,Homo sapiens,human,9606,Mammalia,Primates,Hominidae,Homo,135920409,133405611,3043861278,122.5,62035.0,0.65774413892651,,2024-12-16
GCA_042077625.1,Homo sapiens,human,9606,Mammalia,Primates,Hominidae,Homo,135916283,134878745,2939438464,122.5,62035.0,0.65774413892651,,2024-09-20
GCA_044166535.1,Homo sapiens,human,9606,Mammalia,Primates,Hominidae,Homo,135901129,133127859,2925557644,122.5,62035.0,0.65774413892651,,2024-10-31
GCA_042077025.1,Homo sapiens,human,9606,Mammalia,Primates,Hominidae,Homo,135893399,98090427,2954194670,122.5,62035.0,0.65774413892651,,2024-09-20
GCA_044165725.1,Homo sapiens,human,9606,Mammalia,Primates,Hominidae,Homo,135869566,111681782,3022407735,122.5,62035.0,0.65774413892651,,2024-10-31
GCA_018469965.2,Homo sapiens,human,9606,Mammalia,Primates,Hominidae,Homo,135856640,134471244,2937739660,122.5,62035.0,0.65774413892651,,2024-09-20
GCA_018467005.2,Homo sapiens,human,9606,Mammalia,Primates,Hominidae,Homo,135843703,102882194,2934042468,122.5,62035.0,0.65774413892651,,2024-09-20
GCA_018470425.2,Homo sapiens,human,9606,Mammalia,Primates,Hominidae,Homo,135824751,101243250,2945414934,122.5,62035.0,0.65774413892651,,2024-09-20
GCA_042076985.1,Homo sapiens,human,9606,Mammalia,Primates,Hominidae,Homo,135799517,133766385,3068129497,122.5,62035.0,0.65774413892651,,2024-09-20
GCA_044165335.1,Homo sapiens,human,9606,Mammalia,Primates,Hominidae,Homo,135754460,111688029,3034438376,122.5,62035.0,0.65774413892651,,2024-10-31
GCA_044166645.1,Homo sapiens,human,9606,Mammalia,Primates,Hominidae,Homo,135707127,135707127,3097148207,122.5,62035.0,0.65774413892651,,2024-10-31
GCA_018504075.2,Homo sapiens,human,9606,Mammalia,Primates,Hominidae,Homo,135704109,102291905,3043950469,122.5,62035.0,0.65774413892651,,2024-10-17
GCA_042034465.1,Homo sapiens,human,9606,Mammalia,Primates,Hominidae,Homo,135682654,134954340,3036353878,122.5,62035.0,0.65774413892651,,2024-09-20
GCA_042038095.1,Homo sapiens,human,9606,Mammalia,Primates,Hominidae,Homo,135676466,114546763,3036090096,122.5,62035.0,0.65774413892651,,2024-09-20
GCA_042027065.1,Homo sapiens,human,9606,Mammalia,Primates,Hominidae,Homo,135672165,135373843,3035409281,122.5,62035.0,0.65774413892651,,2024-09-19
GCA_042038885.1,Homo sapiens,human,9606,Mammalia,Primates,Hominidae,Homo,135653034,108272113,2944823524,122.5,62035.0,0.65774413892651,,2024-09-20
GCA_042027505.1,Homo sapiens,human,9606,Mammalia,Primates,Hominidae,Homo,135646472,111442317,3048266136,122.5,62035.0,0.65774413892651,,2024-09-19
GCA_042038865.1,Homo sapiens,human,9606,Mammalia,Primates,Hominidae,Homo,135644138,135644138,2927093043,122.5,62035.0,0.65774413892651,,2024-09-20
GCA_018469955.3,Homo sapiens,human,9606,Mammalia,Primates,Hominidae,Homo,135613090,96214595,3035795675,122.5,62035.0,0.65774413892651,,2024-10-17
GCA_042036805.1,Homo sapiens,human,9606,Mammalia,Primates,Hominidae,Homo,135604956,131792052,2951772771,122.5,62035.0,0.65774413892651,,2024-09-20
GCA_041900135.2,Homo sapiens,human,9606,Mammalia,Primates,Hominidae,Homo,135602307,107671399,3044679122,122.5,62035.0,0.65774413892651,,2024-09-11
GCA_042029545.1,Homo sapiens,human,9606,Mammalia,Primates,Hominidae,Homo,135595487,98811830,3038126278,122.5,62035.0,0.65774413892651,,2024-09-19
GCA_042027475.1,Homo sapiens,human,9606,Mammalia,Primates,Hominidae,Homo,135591016,123794045,2919563000,122.5,62035.0,0.65774413892651,,2024-09-19
GCA_046000045.1,Homo sapiens,human,9606,Mammalia,Primates,Hominidae,Homo,135560953,106856053,2950353362,122.5,62035.0,0.65774413892651,,2024-12-11
GCA_042077575.1,Homo sapiens,human,9606,Mammalia,Primates,Hominidae,Homo,135549307,134249167,2968912520,122.5,62035.0,0.65774413892651,,2024-09-20
GCA_042028835.1,Homo sapiens,human,9606,Mammalia,Primates,Hominidae,Homo,135521074,133429102,2915362507,122.5,62035.0,0.65774413892651,,2024-09-19
GCA_042077475.1,Homo sapiens,human,9606,Mammalia,Primates,Hominidae,Homo,135513929,133815977,3030281100,122.5,62035.0,0.65774413892651,,2024-09-20
GCA_018505865.2,Homo sapiens,human,9606,Mammalia,Primates,Hominidae,Homo,135493725,97869362,3035503866,122.5,62035.0,0.65774413892651,,2024-10-17
GCA_042032115.1,Homo sapiens,human,9606,Mammalia,Primates,Hominidae,Homo,135478579,134846101,3033776997,122.5,62035.0,0.65774413892651,,2024-09-19
GCA_042028725.1,Homo sapiens,human,9606,Mammalia,Primates,Hominidae,Homo,135456634,101021022,3033693090,122.5,62035.0,0.65774413892651,,2024-09-19
GCA_044166585.1,Homo sapiens,human,9606,Mammalia,Primates,Hominidae,Homo,135447653,111638666,3049741901,122.5,62035.0,0.65774413892651,,2024-10-31
GCA_042036535.1,Homo sapiens,human,9606,Mammalia,Primates,Hominidae,Homo,135444183,102096646,2947111749,122.5,62035.0,0.65774413892651,,2024-09-20
GCA_042036395.1,Homo sapiens,human,9606,Mammalia,Primates,Hominidae,Homo,135436670,102731640,3024215338,122.5,62035.0,0.65774413892651,,2024-09-20
GCA_044166805.1,Homo sapiens,human,9606,Mammalia,Primates,Hominidae,Homo,135426305,133597816,3032885449,122.5,62035.0,0.65774413892651,,2024-10-31
GCA_042037885.1,Homo sapiens,human,9606,Mammalia,Primates,Hominidae,Homo,135424007,134098084,3027524738,122.5,62035.0,0.65774413892651,,2024-09-20
GCA_042077985.1,Homo sapiens,human,9606,Mammalia,Primates,Hominidae,Homo,135396448,105700205,3034419784,122.5,62035.0,0.65774413892651,,2024-09-20
GCA_044165125.1,Homo sapiens,human,9606,Mammalia,Primates,Hominidae,Homo,135394871,132631459,2928664823,122.5,62035.0,0.65774413892651,,2024-10-31
GCA_042077465.1,Homo sapiens,human,9606,Mammalia,Primates,Hominidae,Homo,135393057,135052193,3031178199,122.5,62035.0,0.65774413892651,,2024-09-20
GCA_042028645.1,Homo sapiens,human,9606,Mammalia,Primates,Hominidae,Homo,135391092,118529733,2963613904,122.5,62035.0,0.65774413892651,,2024-09-19
GCA_043304655.1,Homo sapiens,human,9606,Mammalia,Primates,Hominidae,Homo,135378190,108931499,3032891435,122.5,62035.0,0.65774413892651,,2024-10-17
GCA_018506945.2,Homo sapiens,human,9606,Mammalia,Primates,Hominidae,Homo,135360093,107334447,2936560154,122.5,62035.0,0.65774413892651,,2024-12-13
GCA_042028945.1,Homo sapiens,human,9606,Mammalia,Primates,Hominidae,Homo,135357399,112305080,3058096967,122.5,62035.0,0.65774413892651,,2024-09-19
GCA_018471345.2,Homo sapiens,human,9606,Mammalia,Primates,Hominidae,Homo,135354631,109892213,3026689161,122.5,62035.0,0.65774413892651,,2024-09-20
GCA_042077735.1,Homo sapiens,human,9606,Mammalia,Primates,Hominidae,Homo,135341326,135341326,3023881521,122.5,62035.0,0.65774413892651,,2024-09-20
GCA_042034155.1,Homo sapiens,human,9606,Mammalia,Primates,Hominidae,Homo,135338140,111115736,3051980980,122.5,62035.0,0.65774413892651,,2024-09-20
GCA_042026455.1,Homo sapiens,human,9606,Mammalia,Primates,Hominidae,Homo,135336959,114378716,3053498592,122.5,62035.0,0.65774413892651,,2024-09-19
GCA_042026465.1,Homo sapiens,human,9606,Mammalia,Primates,Hominidae,Homo,135329459,111735059,3057551557,122.5,62035.0,0.65774413892651,,2024-09-19
GCA_044165595.2,Homo sapiens,human,9606,Mammalia,Primates,Hominidae,Homo,135326271,133652110,3034244664,122.5,62035.0,0.65774413892651,,2024-10-31
GCA_044167285.1,Homo sapiens,human,9606,Mammalia,Primates,Hominidae,Homo,135293998,102914233,3028758977,122.5,62035.0,0.65774413892651,,2024-10-31
GCA_042037855.1,Homo sapiens,human,9606,Mammalia,Primates,Hominidae,Homo,135286521,132727226,3031853446,122.5,62035.0,0.65774413892651,,2024-09-20
GCA_042036925.1,Homo sapiens,human,9606,Mammalia,Primates,Hominidae,Homo,135278595,98587931,2932691154,122.5,62035.0,0.65774413892651,,2024-09-20
GCA_042077485.1,Homo sapiens,human,9606,Mammalia,Primates,Hominidae,Homo,135276798,133386813,2939316511,122.5,62035.0,0.65774413892651,,2024-09-20
GCA_042030055.1,Homo sapiens,human,9606,Mammalia,Primates,Hominidae,Homo,135262305,109442972,2922212188,122.5,62035.0,0.65774413892651,,2024-09-19
GCA_042036915.1,Homo sapiens,human,9606,Mammalia,Primates,Hominidae,Homo,135255137,127334373,3019426168,122.5,62035.0,0.65774413892651,,2024-09-20
GCA_018504055.2,Homo sapiens,human,9606,Mammalia,Primates,Hominidae,Homo,135253577,123187761,3028964752,122.5,62035.0,0.65774413892651,,2024-10-17
GCA_046056445.1,Homo sapiens,human,9606,Mammalia,Primates,Hominidae,Homo,135252010,129844903,3051951431,122.5,62035.0,0.65774413892651,,2024-12-13
GCA_018504635.3,Homo sapiens,human,9606,Mammalia,Primates,Hominidae,Homo,135248830,87910702,3052018008,122.5,62035.0,0.65774413892651,,2024-10-17
GCA_018469675.2,Homo sapiens,human,9606,Mammalia,Primates,Hominidae,Homo,135247494,125689318,2917123521,122.5,62035.0,0.65774413892651,,2024-09-20
GCA_045999895.1,Homo sapiens,human,9606,Mammalia,Primates,Hominidae,Homo,135195926,102835591,3044290788,122.5,62035.0,0.65774413892651,,2024-12-11
GCA_018504655.2,Homo sapiens,human,9606,Mammalia,Primates,Hominidae,Homo,135195836,97398880,3047902479,122.5,62035.0,0.65774413892651,,2024-10-17
GCA_046000055.1,Homo sapiens,human,9606,Mammalia,Primates,Hominidae,Homo,135194150,135141784,3028964855,122.5,62035.0,0.65774413892651,,2024-12-11
GCA_018472865.2,Homo sapiens,human,9606,Mammalia,Primates,Hominidae,Homo,135180464,102460800,3049871774,122.5,62035.0,0.65774413892651,,2024-09-20
GCA_042036275.1,Homo sapiens,human,9606,Mammalia,Primates,Hominidae,Homo,135154786,107524252,3039304384,122.5,62035.0,0.65774413892651,,2024-09-20
GCA_041900245.1,Homo sapiens,human,9606,Mammalia,Primates,Hominidae,Homo,135153932,103282266,3034396854,122.5,62035.0,0.65774413892651,,2024-09-11
GCA_042028935.1,Homo sapiens,human,9606,Mammalia,Primates,Hominidae,Homo,135136833,106447152,3035355339,122.5,62035.0,0.65774413892651,,2024-09-19
GCA_042077495.1,Homo sapiens,human,9606,Mammalia,Primates,Hominidae,Homo,135116613,135116613,3048886802,122.5,62035.0,0.65774413892651,,2024-09-20
GCA_045523135.1,Homo sapiens,human,9606,Mammalia,Primates,Hominidae,Homo,135095353,103527612,3047451075,122.5,62035.0,0.65774413892651,,2024-12-02
GCA_018503265.2,Homo sapiens,human,9606,Mammalia,Primates,Hominidae,Homo,135069098,98523824,3038833213,122.5,62035.0,0.65774413892651,,2024-12-11
GCA_042027645.2,Homo sapiens,human,9606,Mammalia,Primates,Hominidae,Homo,135056423,112182633,3040236151,122.5,62035.0,0.65774413892651,,2024-09-19
GCA_042077865.1,Homo sapiens,human,9606,Mammalia,Primates,Hominidae,Homo,135052250,133573433,3042866138,122.5,62035.0,0.65774413892651,,2024-09-20
GCA_018852595.2,Homo sapiens,human,9606,Mammalia,Primates,Hominidae,Homo,135032050,99203608,2937451479,122.5,62035.0,0.65774413892651,,2024-12-11
GCA_044165645.1,Homo sapiens,human,9606,Mammalia,Primates,Hominidae,Homo,135022139,120050300,3019355776,122.5,62035.0,0.65774413892651,,2024-10-31
GCA_042036105.1,Homo sapiens,human,9606,Mammalia,Primates,Hominidae,Homo,135020942,109153622,3031192456,122.5,62035.0,0.65774413892651,,2024-09-20
GCA_042031205.1,Homo sapiens,human,9606,Mammalia,Primates,Hominidae,Homo,135014831,106099690,2932179058,122.5,62035.0,0.65774413892651,,2024-09-19
GCA_043304525.1,Homo sapiens,human,9606,Mammalia,Primates,Hominidae,Homo,135013515,111469595,3028269862,122.5,62035.0,0.65774413892651,,2024-10-17
GCA_018472825.2,Homo sapiens,human,9606,Mammalia,Primates,Hominidae,Homo,134971037,132560287,3038725877,122.5,62035.0,0.65774413892651,,2024-09-20
GCA_018505835.3,Homo sapiens,human,9606,Mammalia,Primates,Hominidae,Homo,134959787,108176534,2944546197,122.5,62035.0,0.65774413892651,,2025-01-31
GCA_041900255.1,Homo sapiens,human,9606,Mammalia,Primates,Hominidae,Homo,134954437,101022985,3055608753,122.5,62035.0,0.65774413892651,,2024-09-11
GCA_042077595.1,Homo sapiens,human,9606,Mammalia,Primates,Hominidae,Homo,134952431,107616121,2933014140,122.5,62035.0,0.65774413892651,,2024-09-20
GCA_042037895.1,Homo sapiens,human,9606,Mammalia,Primates,Hominidae,Homo,134930287,111273896,3038712028,122.5,62035.0,0.65774413892651,,2024-09-20
GCA_018472855.2,Homo sapiens,human,9606,Mammalia,Primates,Hominidae,Homo,134922011,91431363,3052581172,122.5,62035.0,0.65774413892651,,2024-09-20
GCA_046056495.2,Homo sapiens,human,9606,Mammalia,Primates,Hominidae,Homo,134912882,133843756,3020949632,122.5,62035.0,0.65774413892651,,2024-12-13
GCA_042076445.1,Homo sapiens,human,9606,Mammalia,Primates,Hominidae,Homo,134910473,108563488,2938416004,122.5,62035.0,0.65774413892651,,2024-09-20
GCA_042030035.1,Homo sapiens,human,9606,Mammalia,Primates,Hominidae,Homo,134910399,134115449,2918017029,122.5,62035.0,0.65774413892651,,2024-09-19
GCA_018506975.3,Homo sapiens,human,9606,Mammalia,Primates,Hominidae,Homo,134903419,104580392,3041642981,122.5,62035.0,0.65774413892651,,2024-12-11
GCA_042036525.1,Homo sapiens,human,9606,Mammalia,Primates,Hominidae,Homo,134895139,109054958,3033729543,122.5,62035.0,0.65774413892651,,2024-09-20
GCA_042031955.1,Homo sapiens,human,9606,Mammalia,Primates,Hominidae,Homo,134892869,111995602,3031354060,122.5,62035.0,0.65774413892651,,2024-09-19
GCA_042035225.1,Homo sapiens,human,9606,Mammalia,Primates,Hominidae,Homo,134883353,129345581,3030599104,122.5,62035.0,0.65774413892651,,2024-09-20
GCA_042077285.1,Homo sapiens,human,9606,Mammalia,Primates,Hominidae,Homo,134877616,111250450,3045537107,122.5,62035.0,0.65774413892651,,2024-09-20
GCA_042032545.1,Homo sapiens,human,9606,Mammalia,Primates,Hominidae,Homo,134869013,133900270,2945953867,122.5,62035.0,0.65774413892651,,2024-09-19
GCA_042077695.1,Homo sapiens,human,9606,Mammalia,Primates,Hominidae,Homo,134865115,108093600,3042024418,122.5,62035.0,0.65774413892651,,2024-09-20
GCA_044166625.1,Homo sapiens,human,9606,Mammalia,Primates,Hominidae,Homo,134862294,103939308,3020020935,122.5,62035.0,0.65774413892651,,2024-10-31
GCA_042077765.1,Homo sapiens,human,9606,Mammalia,Primates,Hominidae,Homo,134860118,132891317,3033390545,122.5,62035.0,0.65774413892651,,2024-09-20
GCA_042037715.1,Homo sapiens,human,9606,Mammalia,Primates,Hominidae,Homo,134855658,134855658,3024520661,122.5,62035.0,0.65774413892651,,2024-09-20
GCA_044166285.1,Homo sapiens,human,9606,Mammalia,Primates,Hominidae,Homo,134827433,112262779,2931797765,122.5,62035.0,0.65774413892651,,2024-10-31
GCA_042077425.1,Homo sapiens,human,9606,Mammalia,Primates,Hominidae,Homo,134817384,92895014,3035580732,122.5,62035.0,0.65774413892651,,2024-09-20
GCA_044165735.1,Homo sapiens,human,9606,Mammalia,Primates,Hominidae,Homo,134805934,134544783,3041632543,122.5,62035.0,0.65774413892651,,2024-10-31
GCA_045523085.1,Homo sapiens,human,9606,Mammalia,Primates,Hominidae,Homo,134782105,134782105,3047904344,122.5,62035.0,0.65774413892651,,2024-12-02
GCA_044166135.2,Homo sapiens,human,9606,Mammalia,Primates,Hominidae,Homo,134780398,116604358,3049349223,122.5,62035.0,0.65774413892651,,2024-10-31
GCA_018467015.2,Homo sapiens,human,9606,Mammalia,Primates,Hominidae,Homo,134772533,134272382,3034953532,122.5,62035.0,0.65774413892651,,2024-09-20
GCA_042032445.1,Homo sapiens,human,9606,Mammalia,Primates,Hominidae,Homo,134770037,115989372,2945862781,122.5,62035.0,0.65774413892651,,2024-09-19
GCA_045524615.1,Homo sapiens,human,9606,Mammalia,Primates,Hominidae,Homo,134750145,100987154,3040431573,122.5,62035.0,0.65774413892651,,2024-12-02
GCA_042037445.1,Homo sapiens,human,9606,Mammalia,Primates,Hominidae,Homo,134740066,127569596,3027522558,122.5,62035.0,0.65774413892651,,2024-09-20
GCA_044166465.2,Homo sapiens,human,9606,Mammalia,Primates,Hominidae,Homo,134719390,133411682,3051306896,122.5,62035.0,0.65774413892651,,2024-10-31
GCA_042032345.1,Homo sapiens,human,9606,Mammalia,Primates,Hominidae,Homo,134698176,133447960,2965182099,122.5,62035.0,0.65774413892651,,2024-09-19
GCA_042076735.1,Homo sapiens,human,9606,Mammalia,Primates,Hominidae,Homo,134693606,133359032,3031717414,122.5,62035.0,0.65774413892651,,2024-09-20
GCA_041900235.1,Homo sapiens,human,9606,Mammalia,Primates,Hominidae,Homo,134682406,107127701,2918687843,122.5,62035.0,0.65774413892651,,2024-09-11
GCA_018470435.2,Homo sapiens,human,9606,Mammalia,Primates,Hominidae,Homo,134682376,111191427,2927481637,122.5,62035.0,0.65774413892651,,2024-09-20
GCA_042077335.1,Homo sapiens,human,9606,Mammalia,Primates,Hominidae,Homo,134679219,124094187,3014222305,122.5,62035.0,0.65774413892651,,2024-09-20
GCA_018472585.2,Homo sapiens,human,9606,Mammalia,Primates,Hominidae,Homo,134672440,107340998,2941519674,122.5,62035.0,0.65774413892651,,2024-09-20
GCA_042031175.1,Homo sapiens,human,9606,Mammalia,Primates,Hominidae,Homo,134642290,111036643,3036756203,122.5,62035.0,0.65774413892651,,2024-09-19
GCA_018469425.2,Homo sapiens,human,9606,Mammalia,Primates,Hominidae,Homo,134634819,134443836,3045861377,122.5,62035.0,0.65774413892651,,2024-09-20
GCA_018470465.2,Homo sapiens,human,9606,Mammalia,Primates,Hominidae,Homo,134629330,108995514,3033980100,122.5,62035.0,0.65774413892651,,2024-09-20
GCA_042031845.1,Homo sapiens,human,9606,Mammalia,Primates,Hominidae,Homo,134609686,134484557,3056560985,122.5,62035.0,0.65774413892651,,2024-09-19
GCA_042029955.1,Homo sapiens,human,9606,Mammalia,Primates,Hominidae,Homo,134586742,101292842,2947393700,122.5,62035.0,0.65774413892651,,2024-09-19
GCA_044165215.1,Homo sapiens,human,9606,Mammalia,Primates,Hominidae,Homo,134577915,129914126,3034131346,122.5,62035.0,0.65774413892651,,2024-10-31
GCA_042030125.1,Homo sapiens,human,9606,Mammalia,Primates,Hominidae,Homo,134565846,129036150,2927595203,122.5,62035.0,0.65774413892651,,2024-09-19
GCA_042032535.1,Homo sapiens,human,9606,Mammalia,Primates,Hominidae,Homo,134545739,134545739,2928579478,122.5,62035.0,0.65774413892651,,2024-09-19
GCA_018504625.2,Homo sapiens,human,9606,Mammalia,Primates,Hominidae,Homo,134544231,92194898,3035733452,122.5,62035.0,0.65774413892651,,2024-10-17
GCA_018503285.2,Homo sapiens,human,9606,Mammalia,Primates,Hominidae,Homo,134533833,97692243,3037177237,122.5,62035.0,0.65774413892651,,2024-10-17
GCA_018471075.2,Homo sapiens,human,9606,Mammalia,Primates,Hominidae,Homo,134521685,106746823,2934219507,122.5,62035.0,0.65774413892651,,2024-09-20
GCA_042031265.1,Homo sapiens,human,9606,Mammalia,Primates,Hominidae,Homo,134518744,133697027,2937713519,122.5,62035.0,0.65774413892651,,2024-09-19
GCA_042027485.1,Homo sapiens,human,9606,Mammalia,Primates,Hominidae,Homo,134515644,101868892,3038198364,122.5,62035.0,0.65774413892651,,2024-09-19
GCA_042027135.1,Homo sapiens,human,9606,Mammalia,Primates,Hominidae,Homo,134504889,105193844,3038851516,122.5,62035.0,0.65774413892651,,2024-09-19
GCA_042035175.1,Homo sapiens,human,9606,Mammalia,Primates,Hominidae,Homo,134504604,110975390,3053750006,122.5,62035.0,0.65774413892651,,2024-09-20
GCA_042031485.1,Homo sapiens,human,9606,Mammalia,Primates,Hominidae,Homo,134494821,101134065,3040582064,122.5,62035.0,0.65774413892651,,2024-09-19
GCA_045524165.1,Homo sapiens,human,9606,Mammalia,Primates,Hominidae,Homo,134494775,116025717,3041799928,122.5,62035.0,0.65774413892651,,2024-12-02
GCA_018471555.2,Homo sapiens,human,9606,Mammalia,Primates,Hominidae,Homo,134490528,130040622,2916550023,122.5,62035.0,0.65774413892651,,2024-09-20
GCA_042036505.1,Homo sapiens,human,9606,Mammalia,Primates,Hominidae,Homo,134485713,104670928,2926859353,122.5,62035.0,0.65774413892651,,2024-09-20
GCA_041899995.1,Homo sapiens,human,9606,Mammalia,Primates,Hominidae,Homo,134466608,108750579,3047020924,122.5,62035.0,0.65774413892651,,2024-09-11
GCA_042038585.1,Homo sapiens,human,9606,Mammalia,Primates,Hominidae,Homo,134456234,110829824,3025421525,122.5,62035.0,0.65774413892651,,2024-09-20
GCA_018471535.2,Homo sapiens,human,9606,Mammalia,Primates,Hominidae,Homo,134455264,107578719,3033060697,122.5,62035.0,0.65774413892651,,2024-09-20
GCA_046116015.1,Homo sapiens,human,9606,Mammalia,Primates,Hominidae,Homo,134434350,132666505,3021544271,122.5,62035.0,0.65774413892651,,2024-12-16
GCA_018503585.2,Homo sapiens,human,9606,Mammalia,Primates,Hominidae,Homo,134404956,65632029,3047557822,122.5,62035.0,0.65774413892651,,2024-10-17
GCA_041900085.1,Homo sapiens,human,9606,Mammalia,Primates,Hominidae,Homo,134398299,97887394,2943966799,122.5,62035.0,0.65774413892651,,2024-09-11
GCA_041900145.1,Homo sapiens,human,9606,Mammalia,Primates,Hominidae,Homo,134368155,133732469,2916291803,122.5,62035.0,0.65774413892651,,2024-09-11
GCA_044166575.1,Homo sapiens,human,9606,Mammalia,Primates,Hominidae,Homo,134346481,103846157,2930096732,122.5,62035.0,0.65774413892651,,2024-10-31
GCA_042034305.1,Homo sapiens,human,9606,Mammalia,Primates,Hominidae,Homo,134339229,130907135,3044785494,122.5,62035.0,0.65774413892651,,2024-09-20
GCA_042028025.2,Homo sapiens,human,9606,Mammalia,Primates,Hominidae,Homo,134334521,103265692,3039148060,122.5,62035.0,0.65774413892651,,2024-09-19
GCA_042034145.1,Homo sapiens,human,9606,Mammalia,Primates,Hominidae,Homo,134321373,111508531,3037284404,122.5,62035.0,0.65774413892651,,2024-09-20
GCA_018506155.2,Homo sapiens,human,9606,Mammalia,Primates,Hominidae,Homo,134316203,97914071,2939964980,122.5,62035.0,0.65774413892651,,2024-10-17
GCA_042034175.1,Homo sapiens,human,9606,Mammalia,Primates,Hominidae,Homo,134306596,133443848,3019095252,122.5,62035.0,0.65774413892651,,2024-09-20
GCA_018469415.2,Homo sapiens,human,9606,Mammalia,Primates,Hominidae,Homo,134294824,111551517,3025321995,122.5,62035.0,0.65774413892651,,2024-09-20
GCA_042030175.2,Homo sapiens,human,9606,Mammalia,Primates,Hominidae,Homo,134284582,110322687,3026849626,122.5,62035.0,0.65774413892651,,2024-09-19
GCA_045524135.1,Homo sapiens,human,9606,Mammalia,Primates,Hominidae,Homo,134266128,134266128,3021374115,122.5,62035.0,0.65774413892651,,2024-12-02
GCA_042029925.1,Homo sapiens,human,9606,Mammalia,Primates,Hominidae,Homo,134257556,133321827,3032439686,122.5,62035.0,0.65774413892651,,2024-09-19
GCA_042035185.1,Homo sapiens,human,9606,Mammalia,Primates,Hominidae,Homo,134251913,102790354,3052417325,122.5,62035.0,0.65774413892651,,2024-09-20
GCA_042027455.1,Homo sapiens,human,9606,Mammalia,Primates,Hominidae,Homo,134249047,133918786,3030521506,122.5,62035.0,0.65774413892651,,2024-09-19
GCA_045999875.1,Homo sapiens,human,9606,Mammalia,Primates,Hominidae,Homo,134233597,120498315,3025934158,122.5,62035.0,0.65774413892651,,2024-12-11
GCA_042028155.1,Homo sapiens,human,9606,Mammalia,Primates,Hominidae,Homo,134231696,103362516,3032824460,122.5,62035.0,0.65774413892651,,2024-09-19
GCA_042030255.2,Homo sapiens,human,9606,Mammalia,Primates,Hominidae,Homo,134227781,111307783,3027354163,122.5,62035.0,0.65774413892651,,2024-09-19
GCA_018503525.2,Homo sapiens,human,9606,Mammalia,Primates,Hominidae,Homo,134190597,91188860,3035190217,122.5,62035.0,0.65774413892651,,2024-10-17
GCA_042077745.1,Homo sapiens,human,9606,Mammalia,Primates,Hominidae,Homo,134178702,108605997,3034849534,122.5,62035.0,0.65774413892651,,2024-09-20
GCA_018471525.2,Homo sapiens,human,9606,Mammalia,Primates,Hominidae,Homo,134172392,126956616,3029782018,122.5,62035.0,0.65774413892651,,2024-09-20
GCA_044167235.1,Homo sapiens,human,9606,Mammalia,Primates,Hominidae,Homo,134149434,133888901,3022190943,122.5,62035.0,0.65774413892651,,2024-10-31
GCA_042031945.1,Homo sapiens,human,9606,Mammalia,Primates,Hominidae,Homo,134147720,111420198,3038686895,122.5,62035.0,0.65774413892651,,2024-09-19
GCA_042077135.1,Homo sapiens,human,9606,Mammalia,Primates,Hominidae,Homo,134108137,111110023,3028284899,122.5,62035.0,0.65774413892651,,2024-09-20
GCA_042032625.1,Homo sapiens,human,9606,Mammalia,Primates,Hominidae,Homo,134098599,101204386,2916172338,122.5,62035.0,0.65774413892651,,2024-09-19
GCA_042026525.1,Homo sapiens,human,9606,Mammalia,Primates,Hominidae,Homo,134039818,132654058,3027120748,122.5,62035.0,0.65774413892651,,2024-09-19
GCA_018504665.2,Homo sapiens,human,9606,Mammalia,Primates,Hominidae,Homo,134038678,75552083,3039155404,122.5,62035.0,0.65774413892651,,2024-10-17
GCA_042037735.1,Homo sapiens,human,9606,Mammalia,Primates,Hominidae,Homo,134018886,119795150,3027002481,122.5,62035.0,0.65774413892651,,2024-09-20
GCA_042030025.1,Homo sapiens,human,9606,Mammalia,Primates,Hominidae,Homo,133998937,104609862,2934867679,122.5,62035.0,0.65774413892651,,2024-09-19
GCA_041899985.1,Homo sapiens,human,9606,Mammalia,Primates,Hominidae,Homo,133997970,107407794,2942439609,122.5,62035.0,0.65774413892651,,2024-09-11
GCA_042034105.1,Homo sapiens,human,9606,Mammalia,Primates,Hominidae,Homo,133984953,95048477,3035013749,122.5,62035.0,0.65774413892651,,2024-09-20
GCA_018466845.2,Homo sapiens,human,9606,Mammalia,Primates,Hominidae,Homo,133974451,109255843,3046522005,122.5,62035.0,0.65774413892651,,2024-09-20
GCA_042028975.1,Homo sapiens,human,9606,Mammalia,Primates,Hominidae,Homo,133932905,111207802,3031991793,122.5,62035.0,0.65774413892651,,2024-09-19
GCA_044164695.1,Homo sapiens,human,9606,Mammalia,Primates,Hominidae,Homo,133821624,116106248,3043797705,122.5,62035.0,0.65774413892651,,2024-10-31
GCA_018473295.2,Homo sapiens,human,9606,Mammalia,Primates,Hominidae,Homo,133807500,102389682,3045612164,122.5,62035.0,0.65774413892651,,2024-09-20
GCA_042076555.1,Homo sapiens,human,9606,Mammalia,Primates,Hominidae,Homo,133733977,103952127,3024605137,122.5,62035.0,0.65774413892651,,2024-09-20
GCA_046043145.2,Homo sapiens,human,9606,Mammalia,Primates,Hominidae,Homo,133728133,98495231,3027538293,122.5,62035.0,0.65774413892651,,2024-12-12
GCA_018503575.2,Homo sapiens,human,9606,Mammalia,Primates,Hominidae,Homo,133707953,89367286,3019047514,122.5,62035.0,0.65774413892651,,2024-10-17
GCA_042038895.1,Homo sapiens,human,9606,Mammalia,Primates,Hominidae,Homo,133683676,112681092,2951334881,122.5,62035.0,0.65774413892651,,2024-09-20
GCA_042077635.1,Homo sapiens,human,9606,Mammalia,Primates,Hominidae,Homo,133667927,133667927,3021847772,122.5,62035.0,0.65774413892651,,2024-09-20
GCA_044166615.1,Homo sapiens,human,9606,Mammalia,Primates,Hominidae,Homo,133664368,108438243,3003384081,122.5,62035.0,0.65774413892651,,2024-10-31
GCA_018505855.2,Homo sapiens,human,9606,Mammalia,Primates,Hominidae,Homo,133650875,97268550,2959450968,122.5,62035.0,0.65774413892651,,2024-10-17
GCA_042030635.2,Homo sapiens,human,9606,Mammalia,Primates,Hominidae,Homo,133648505,119387471,3042975522,122.5,62035.0,0.65774413892651,,2024-09-19
GCA_042032525.1,Homo sapiens,human,9606,Mammalia,Primates,Hominidae,Homo,133645319,133043050,3036190794,122.5,62035.0,0.65774413892651,,2024-09-19
GCA_042030595.2,Homo sapiens,human,9606,Mammalia,Primates,Hominidae,Homo,133624777,97242840,3025956184,122.5,62035.0,0.65774413892651,,2024-09-19
GCA_042028805.1,Homo sapiens,human,9606,Mammalia,Primates,Hominidae,Homo,133622060,107685214,2907467825,122.5,62035.0,0.65774413892651,,2024-09-19
GCA_046000095.1,Homo sapiens,human,9606,Mammalia,Primates,Hominidae,Homo,133611855,103707637,2948871118,122.5,62035.0,0.65774413892651,,2024-12-11
GCA_042027105.1,Homo sapiens,human,9606,Mammalia,Primates,Hominidae,Homo,133602223,105542541,3030366186,122.5,62035.0,0.65774413892651,,2024-09-19
GCA_018466835.2,Homo sapiens,human,9606,Mammalia,Primates,Hominidae,Homo,133600428,112912087,3031856628,122.5,62035.0,0.65774413892651,,2024-09-20
GCA_042076705.1,Homo sapiens,human,9606,Mammalia,Primates,Hominidae,Homo,133600188,110973584,3023889943,122.5,62035.0,0.65774413892651,,2024-09-20
GCA_042028705.1,Homo sapiens,human,9606,Mammalia,Primates,Hominidae,Homo,133580826,110748663,3040466643,122.5,62035.0,0.65774413892651,,2024-09-19
GCA_018504375.2,Homo sapiens,human,9606,Mammalia,Primates,Hominidae,Homo,133578952,107141109,3032131028,122.5,62035.0,0.65774413892651,,2024-12-11
GCA_041900015.1,Homo sapiens,human,9606,Mammalia,Primates,Hominidae,Homo,133559377,112087724,3005458690,122.5,62035.0,0.65774413892651,,2024-09-11
GCA_042030695.2,Homo sapiens,human,9606,Mammalia,Primates,Hominidae,Homo,133552631,105215903,3042875448,122.5,62035.0,0.65774413892651,,2024-09-19
GCA_042077145.1,Homo sapiens,human,9606,Mammalia,Primates,Hominidae,Homo,133547253,111514476,3036743481,122.5,62035.0,0.65774413892651,,2024-09-20
GCA_042076995.1,Homo sapiens,human,9606,Mammalia,Primates,Hominidae,Homo,133527061,108133243,3032664379,122.5,62035.0,0.65774413892651,,2024-09-20
GCA_042027495.1,Homo sapiens,human,9606,Mammalia,Primates,Hominidae,Homo,133522353,123018179,3043162374,122.5,62035.0,0.65774413892651,,2024-09-19
GCA_044166435.1,Homo sapiens,human,9606,Mammalia,Primates,Hominidae,Homo,133510924,101885089,2957426484,122.5,62035.0,0.65774413892651,,2024-10-31
GCA_042036305.1,Homo sapiens,human,9606,Mammalia,Primates,Hominidae,Homo,133496569,91580421,3018936457,122.5,62035.0,0.65774413892651,,2024-09-20
GCA_042078085.1,Homo sapiens,human,9606,Mammalia,Primates,Hominidae,Homo,133468945,133468945,3061484900,122.5,62035.0,0.65774413892651,,2024-09-20
GCA_042034575.1,Homo sapiens,human,9606,Mammalia,Primates,Hominidae,Homo,133468279,110294129,3038897315,122.5,62035.0,0.65774413892651,,2024-09-20
GCA_018469925.2,Homo sapiens,human,9606,Mammalia,Primates,Hominidae,Homo,133453108,133453108,3038074426,122.5,62035.0,0.65774413892651,,2024-09-20
GCA_018472715.2,Homo sapiens,human,9606,Mammalia,Primates,Hominidae,Homo,133451366,107974947,3029527752,122.5,62035.0,0.65774413892651,,2024-09-20
GCA_042028795.1,Homo sapiens,human,9606,Mammalia,Primates,Hominidae,Homo,133443204,112200762,3045913237,122.5,62035.0,0.65774413892651,,2024-09-19
GCA_042027445.1,Homo sapiens,human,9606,Mammalia,Primates,Hominidae,Homo,133436210,129499622,3037010997,122.5,62035.0,0.65774413892651,,2024-09-19
GCA_046000135.1,Homo sapiens,human,9606,Mammalia,Primates,Hominidae,Homo,133411460,105405949,3019161849,122.5,62035.0,0.65774413892651,,2024-12-11
GCA_042031155.1,Homo sapiens,human,9606,Mammalia,Primates,Hominidae,Homo,133410962,105879431,3041119961,122.5,62035.0,0.65774413892651,,2024-09-19
GCA_042076545.1,Homo sapiens,human,9606,Mammalia,Primates,Hominidae,Homo,133410738,106929703,3044734359,122.5,62035.0,0.65774413892651,,2024-09-20
GCA_042077755.1,Homo sapiens,human,9606,Mammalia,Primates,Hominidae,Homo,133398295,111428626,3045366917,122.5,62035.0,0.65774413892651,,2024-09-20
GCA_042027655.2,Homo sapiens,human,9606,Mammalia,Primates,Hominidae,Homo,133388926,122962790,3033001767,122.5,62035.0,0.65774413892651,,2024-09-19
GCA_042030045.1,Homo sapiens,human,9606,Mammalia,Primates,Hominidae,Homo,133358310,121177034,2916555126,122.5,62035.0,0.65774413892651,,2024-09-19
GCA_018503255.2,Homo sapiens,human,9606,Mammalia,Primates,Hominidae,Homo,133348541,97046940,3031773023,122.5,62035.0,0.65774413892651,,2024-10-17
GCA_042028165.1,Homo sapiens,human,9606,Mammalia,Primates,Hominidae,Homo,133337808,107606467,3033865973,122.5,62035.0,0.65774413892651,,2024-09-19
GCA_042076535.1,Homo sapiens,human,9606,Mammalia,Primates,Hominidae,Homo,133326395,107059334,3063332453,122.5,62035.0,0.65774413892651,,2024-09-20
GCA_042037995.1,Homo sapiens,human,9606,Mammalia,Primates,Hominidae,Homo,133310546,95486100,2928323943,122.5,62035.0,0.65774413892651,,2024-09-20
GCA_018506955.2,Homo sapiens,human,9606,Mammalia,Primates,Hominidae,Homo,133285220,116107301,3035753094,122.5,62035.0,0.65774413892651,,2024-12-11
GCA_044166065.2,Homo sapiens,human,9606,Mammalia,Primates,Hominidae,Homo,133267414,102806034,3021762578,122.5,62035.0,0.65774413892651,,2024-10-31
GCA_018504045.2,Homo sapiens,human,9606,Mammalia,Primates,Hominidae,Homo,133218714,107341909,2919240460,122.5,62035.0,0.65774413892651,,2024-12-11
GCA_018469405.2,Homo sapiens,human,9606,Mammalia,Primates,Hominidae,Homo,133185412,119353117,3039819224,122.5,62035.0,0.65774413892651,,2024-09-20
GCA_042036495.1,Homo sapiens,human,9606,Mammalia,Primates,Hominidae,Homo,133158193,93271440,2949762196,122.5,62035.0,0.65774413892651,,2024-09-20
GCA_042077165.1,Homo sapiens,human,9606,Mammalia,Primates,Hominidae,Homo,133151388,108532765,3043947596,122.5,62035.0,0.65774413892651,,2024-09-20
GCA_046043155.1,Homo sapiens,human,9606,Mammalia,Primates,Hominidae,Homo,133150949,129962483,2935131877,122.5,62035.0,0.65774413892651,,2024-12-12
GCA_042036795.1,Homo sapiens,human,9606,Mammalia,Primates,Hominidae,Homo,133131022,97483738,2940701950,122.5,62035.0,0.65774413892651,,2024-09-20
GCA_018504365.2,Homo sapiens,human,9606,Mammalia,Primates,Hominidae,Homo,133120182,105491724,3031854471,122.5,62035.0,0.65774413892651,,2024-10-17
GCA_018506965.2,Homo sapiens,human,9606,Mammalia,Primates,Hominidae,Homo,133010346,109964942,3039577984,122.5,62035.0,0.65774413892651,,2024-12-13
GCA_044165395.1,Homo sapiens,human,9606,Mammalia,Primates,Hominidae,Homo,132965903,111163106,3036418221,122.5,62035.0,0.65774413892651,,2024-10-31
GCA_044166835.1,Homo sapiens,human,9606,Mammalia,Primates,Hominidae,Homo,132952852,108049179,3052310495,122.5,62035.0,0.65774413892651,,2024-10-31
GCA_018473315.2,Homo sapiens,human,9606,Mammalia,Primates,Hominidae,Homo,132914900,106855795,3060546927,122.5,62035.0,0.65774413892651,,2024-09-20
GCA_042031405.1,Homo sapiens,human,9606,Mammalia,Primates,Hominidae,Homo,132903735,111126961,3029698369,122.5,62035.0,0.65774413892651,,2024-09-19
GCA_042077615.1,Homo sapiens,human,9606,Mammalia,Primates,Hominidae,Homo,132883297,96943801,2950568788,122.5,62035.0,0.65774413892651,,2024-09-20
GCA_044166545.1,Homo sapiens,human,9606,Mammalia,Primates,Hominidae,Homo,132834294,96974739,2949496588,122.5,62035.0,0.65774413892651,,2024-10-31
GCA_041900275.1,Homo sapiens,human,9606,Mammalia,Primates,Hominidae,Homo,132717354,100759445,3036857329,122.5,62035.0,0.65774413892651,,2024-09-11
GCA_042029535.1,Homo sapiens,human,9606,Mammalia,Primates,Hominidae,Homo,132703527,96701097,3036076764,122.5,62035.0,0.65774413892651,,2024-09-19
GCA_042029935.1,Homo sapiens,human,9606,Mammalia,Primates,Hominidae,Homo,132088689,107199321,3031318528,122.5,62035.0,0.65774413892651,,2024-09-19
GCA_018506165.3,Homo sapiens,human,9606,Mammalia,Primates,Hominidae,Homo,132004006,99449741,3066052472,122.5,62035.0,0.65774413892651,,2024-10-17
GCA_018469875.2,Homo sapiens,human,9606,Mammalia,Primates,Hominidae,Homo,131913761,101903330,3042937650,122.5,62035.0,0.65774413892651,,2024-09-20
GCA_046000145.1,Homo sapiens,human,9606,Mammalia,Primates,Hominidae,Homo,131899995,122318195,2918542776,122.5,62035.0,0.65774413892651,,2024-12-11
GCA_045999885.1,Homo sapiens,human,9606,Mammalia,Primates,Hominidae,Homo,131848520,104817825,3046800922,122.5,62035.0,0.65774413892651,,2024-12-11
GCA_045999925.1,Homo sapiens,human,9606,Mammalia,Primates,Hominidae,Homo,131319597,109792801,3018598947,122.5,62035.0,0.65774413892651,,2024-12-11
GCA_042032335.1,Homo sapiens,human,9606,Mammalia,Primates,Hominidae,Homo,130822804,127612055,3025522757,122.5,62035.0,0.65774413892651,,2024-09-19
GCA_041900385.2,Homo sapiens,human,9606,Mammalia,Primates,Hominidae,Homo,130190500,115046533,3018846753,122.5,62035.0,0.65774413892651,,2024-09-11
GCA_042036425.1,Homo sapiens,human,9606,Mammalia,Primates,Hominidae,Homo,130171955,102792675,3032267815,122.5,62035.0,0.65774413892651,,2024-09-20
GCA_042030215.1,Homo sapiens,human,9606,Mammalia,Primates,Hominidae,Homo,130102062,109218989,2965356762,122.5,62035.0,0.65774413892651,,2024-09-19
GCA_042031275.1,Homo sapiens,human,9606,Mammalia,Primates,Hominidae,Homo,130064362,112037638,2930645488,122.5,62035.0,0.65774413892651,,2024-09-19
GCA_042030185.2,Homo sapiens,human,9606,Mammalia,Primates,Hominidae,Homo,129552994,103331747,3034532460,122.5,62035.0,0.65774413892651,,2024-09-19
GCA_042077605.1,Homo sapiens,human,9606,Mammalia,Primates,Hominidae,Homo,129433389,111085699,3032656490,122.5,62035.0,0.65774413892651,,2024-09-20
GCA_042076875.1,Homo sapiens,human,9606,Mammalia,Primates,Hominidae,Homo,128942370,95476640,3024804588,122.5,62035.0,0.65774413892651,,2024-09-20
GCA_018472765.3,Homo sapiens,human,9606,Mammalia,Primates,Hominidae,Homo,128532055,100805894,3034840463,122.5,62035.0,0.65774413892651,,2024-10-11
GCA_042036205.1,Homo sapiens,human,9606,Mammalia,Primates,Hominidae,Homo,128314980,111328869,3031426012,122.5,62035.0,0.65774413892651,,2024-09-20
GCA_018467155.2,Homo sapiens,human,9606,Mammalia,Primates,Hominidae,Homo,128175991,111402458,3024486138,122.5,62035.0,0.65774413892651,,2024-09-20
GCA_018506125.3,Homo sapiens,human,9606,Mammalia,Primates,Hominidae,Homo,127234010,100854514,3032070338,122.5,62035.0,0.65774413892651,,2024-10-17
GCA_018473305.2,Homo sapiens,human,9606,Mammalia,Primates,Hominidae,Homo,126663138,100807991,3055037310,122.5,62035.0,0.65774413892651,,2024-09-20
GCA_042077505.1,Homo sapiens,human,9606,Mammalia,Primates,Hominidae,Homo,124687625,105723567,3025309811,122.5,62035.0,0.65774413892651,,2024-09-20
GCA_042036245.1,Homo sapiens,human,9606,Mammalia,Primates,Hominidae,Homo,124209027,103989823,3023668152,122.5,62035.0,0.65774413892651,,2024-09-20
GCA_041900165.1,Homo sapiens,human,9606,Mammalia,Primates,Hominidae,Homo,123114408,98662242,2908671283,122.5,62035.0,0.65774413892651,,2024-09-11
GCA_042031415.1,Homo sapiens,human,9606,Mammalia,Primates,Hominidae,Homo,122061971,102308763,3027045573,122.5,62035.0,0.65774413892651,,2024-09-19
GCA_042077345.1,Homo sapiens,human,9606,Mammalia,Primates,Hominidae,Homo,114186492,99567452,3042903765,122.5,62035.0,0.65774413892651,,2024-09-20
GCA_042036445.1,Homo sapiens,human,9606,Mammalia,Primates,Hominidae,Homo,111571999,107398536,2937665312,122.5,62035.0,0.65774413892651,,2024-09-20
GCA_042031255.1,Homo sapiens,human,9606,Mammalia,Primates,Hominidae,Homo,111381066,111381066,3035895274,122.5,62035.0,0.65774413892651,,2024-09-19
GCA_018467165.2,Homo sapiens,human,9606,Mammalia,Primates,Hominidae,Homo,111347962,91993568,3042586116,122.5,62035.0,0.65774413892651,,2024-09-20
GCA_018504645.2,Homo sapiens,human,9606,Mammalia,Primates,Hominidae,Homo,111063775,98067334,2915645599,122.5,62035.0,0.65774413892651,,2024-10-17
GCA_042027635.2,Homo sapiens,human,9606,Mammalia,Primates,Hominidae,Homo,111018164,98189854,3042209544,122.5,62035.0,0.65774413892651,,2024-09-19
GCA_042031315.1,Homo sapiens,human,9606,Mammalia,Primates,Hominidae,Homo,110932151,110666499,2935934041,122.5,62035.0,0.65774413892651,,2024-09-19
GCA_042030225.2,Homo sapiens,human,9606,Mammalia,Primates,Hominidae,Homo,110847098,98399380,3051460281,122.5,62035.0,0.65774413892651,,2024-09-19
GCA_042030605.1,Homo sapiens,human,9606,Mammalia,Primates,Hominidae,Homo,110597748,96619145,3041527965,122.5,62035.0,0.65774413892651,,2024-09-19
GCA_042034215.1,Homo sapiens,human,9606,Mammalia,Primates,Hominidae,Homo,110396642,98886298,2971533575,122.5,62035.0,0.65774413892651,,2024-09-20
GCA_042028475.1,Homo sapiens,human,9606,Mammalia,Primates,Hominidae,Homo,110025900,100626649,3042903063,122.5,62035.0,0.65774413892651,,2024-09-19
GCA_042077705.1,Homo sapiens,human,9606,Mammalia,Primates,Hominidae,Homo,109376360,101045337,3015981817,122.5,62035.0,0.65774413892651,,2024-09-20
GCA_042077325.1,Homo sapiens,human,9606,Mammalia,Primates,Hominidae,Homo,108288254,108288254,3027406095,122.5,62035.0,0.65774413892651,,2024-09-20
GCA_041900105.1,Homo sapiens,human,9606,Mammalia,Primates,Hominidae,Homo,107656395,92247016,3039579738,122.5,62035.0,0.65774413892651,,2024-09-11
GCA_042032395.1,Homo sapiens,human,9606,Mammalia,Primates,Hominidae,Homo,106928378,105124673,2941882306,122.5,62035.0,0.65774413892651,,2024-09-19
GCA_042076525.1,Homo sapiens,human,9606,Mammalia,Primates,Hominidae,Homo,104558449,101995889,2921296798,122.5,62035.0,0.65774413892651,,2024-09-20
GCA_002880775.3,Pongo abelii,Sumatran orangutan,9601,Mammalia,Primates,Hominidae,Pongo,98475126,11074009,3065035716,,,,,2018-01-19
GCF_002880775.1,Pongo abelii,Sumatran orangutan,9601,Mammalia,Primates,Hominidae,Pongo,98475126,11074009,3065035716,,,,,2018-01-19
GCA_001524155.4,Homo sapiens,human,9606,Mammalia,Primates,Hominidae,Homo,89467683,29140631,3088495238,122.5,62035.0,0.65774413892651,,2017-07-19
GCA_002180035.3,Homo sapiens,human,9606,Mammalia,Primates,Hominidae,Homo,89384495,29396877,3094330096,122.5,62035.0,0.65774413892651,,2018-05-22
GCA_002077035.3,Homo sapiens,human,9606,Mammalia,Primates,Hominidae,Homo,89003101,16821028,3088210890,122.5,62035.0,0.65774413892651,,2018-02-09
GCA_000151905.3,Gorilla gorilla gorilla,western lowland gorilla,9595,Mammalia,Primates,Hominidae,Gorilla,81227029,52934,3063346382,,,,,2014-12-19
GCF_000151905.2,Gorilla gorilla gorilla,western lowland gorilla,9595,Mammalia,Primates,Hominidae,Gorilla,81227029,52934,3063346382,,,,,2014-12-19
GCA_037575895.1,Homo sapiens,human,9606,Mammalia,Primates,Hominidae,Homo,81061439,81061439,2982104557,122.5,62035.0,0.65774413892651,,2024-03-27
GCA_001292825.2,Homo sapiens,human,9606,Mammalia,Primates,Hominidae,Homo,74315606,373039,2872295476,122.5,62035.0,0.65774413892651,,2015-11-12
GCA_000001405.29,Homo sapiens,human,9606,Mammalia,Primates,Hominidae,Homo,67794873,57879411,3099734149,122.5,62035.0,0.65774413892651,reference genome,2022-02-03
GCF_000001405.40,Homo sapiens,human,9606,Mammalia,Primates,Hominidae,Homo,67794873,57879411,3099441038,122.5,62035.0,0.65774413892651,reference genome,2022-02-03
GCA_964035085.1,Homo sapiens,human,9606,Mammalia,Primates,Hominidae,Homo,58903441,58903441,59092759,122.5,62035.0,0.65774413892651,,2024-04-28
GCA_000002135.3,Homo sapiens,human,9606,Mammalia,Primates,Hominidae,Homo,58008433,6194666,158329839,122.5,62035.0,0.65774413892651,,2004-09-01
GCF_000002135.2,Homo sapiens,human,9606,Mammalia,Primates,Hominidae,Homo,58008433,6194666,158329839,122.5,62035.0,0.65774413892651,,2004-09-01
GCA_964035025.1,Homo sapiens,human,9606,Mammalia,Primates,Hominidae,Homo,54782457,54782457,54796626,122.5,62035.0,0.65774413892651,,2024-04-28
GCA_013052645.3,Pan paniscus,pygmy chimpanzee,9597,Mammalia,Primates,Hominidae,Pan,53386619,15060308,3203531224,55.0,39925.0,0.34015836113861875,,2021-03-18
GCA_002880755.3,Pan troglodytes,chimpanzee,9598,Mammalia,Primates,Hominidae,Pan,53103722,12421315,3024031013,59.4,44983.5,0.3654105575557711,,2018-01-19
GCF_002880755.1,Pan troglodytes,chimpanzee,9598,Mammalia,Primates,Hominidae,Pan,53103722,12268567,3050381528,59.4,44983.5,0.3654105575557711,,2018-01-19
GCA_000306695.2,Homo sapiens,human,9606,Mammalia,Primates,Hominidae,Homo,50362920,143936,3037866619,122.5,62035.0,0.65774413892651,,2013-06-14
GCF_000306695.2,Homo sapiens,human,9606,Mammalia,Primates,Hominidae,Homo,50362920,143936,3037866619,122.5,62035.0,0.65774413892651,,2013-06-14
GCA_047372625.1,Hoolock leuconedys,eastern hoolock gibbon,593543,Mammalia,Primates,Hylobatidae,Hoolock,159996863,79153354,2760609521,,,,reference genome,2025-02-03
GCA_028878055.3,Symphalangus syndactylus,siamang,9590,Mammalia,Primates,Hylobatidae,Symphalangus,146713733,146713733,3262887708,43.0,10900.0,0.32219339027175686,reference genome,2024-06-20
GCF_028878055.3,Symphalangus syndactylus,siamang,9590,Mammalia,Primates,Hylobatidae,Symphalangus,146713733,146713733,3262887708,43.0,10900.0,0.32219339027175686,reference genome,2024-01-05
GCA_028878085.3,Symphalangus syndactylus,siamang,9590,Mammalia,Primates,Hylobatidae,Symphalangus,144673617,144673617,3097367794,43.0,10900.0,0.32219339027175686,,2024-01-05
GCA_021498465.1,Hylobates pileatus,pileated gibbon,9589,Mammalia,Primates,Hylobatidae,Hylobates,131825309,17385161,2851401333,38.0,5735.0,0.3124974371507434,reference genome,2022-01-19
GCA_040113115.1,Nomascus leucogenys,northern white-cheeked gibbon,61853,Mammalia,Primates,Hylobatidae,Nomascus,124246014,102188915,3068802784,44.1,6000.0,0.374058173204705,,2024-06-12
GCA_040113105.1,Nomascus leucogenys,northern white-cheeked gibbon,61853,Mammalia,Primates,Hylobatidae,Nomascus,121177099,85672497,2959653166,44.1,6000.0,0.374058173204705,,2024-06-12
GCA_028642525.1,Symphalangus syndactylus,siamang,9590,Mammalia,Primates,Hylobatidae,Symphalangus,87438310,32309,2896079755,43.0,10900.0,0.32219339027175686,,2023-02-16
GCA_000146795.3,Nomascus leucogenys,northern white-cheeked gibbon,61853,Mammalia,Primates,Hylobatidae,Nomascus,52956880,35148,2962060179,44.1,6000.0,0.374058173204705,,2012-12-08
GCF_000146795.2,Nomascus leucogenys,northern white-cheeked gibbon,61853,Mammalia,Primates,Hylobatidae,Nomascus,52956880,35148,2962060179,44.1,6000.0,0.374058173204705,,2012-12-08
GCA_028533085.1,Varecia variegata,ruffed lemur,9455,Mammalia,Primates,Lemuridae,Varecia,128811464,40155,2424021081,39.4,3482.3,0.36238428761986996,reference genome,2023-02-10
GCA_020740605.1,Lemur catta,Ring-tailed lemur,9447,Mammalia,Primates,Lemuridae,Lemur,102162704,32529614,2245584463,37.3,2555.0,0.3598072497908724,reference genome,2021-11-04
GCF_020740605.2,Lemur catta,Ring-tailed lemur,9447,Mammalia,Primates,Lemuridae,Lemur,102162704,32529614,2245584463,37.3,2555.0,0.3598072497908724,reference genome,2021-11-04
GCA_043251655.1,Eulemur rufifrons,Bennett's brown lemur,859984,Mammalia,Primates,Lemuridae,Eulemur,101660362,1586978,2157098113,,,,,2024-10-17
GCA_041146395.1,Eulemur rufifrons,Bennett's brown lemur,859984,Mammalia,Primates,Lemuridae,Eulemur,100874195,89959899,2415577446,,,,reference genome,2024-08-16
GCF_041146395.1,Eulemur rufifrons,Bennett's brown lemur,859984,Mammalia,Primates,Lemuridae,Eulemur,100874195,89959899,2415577446,,,,reference genome,2024-08-16
GCA_028534055.1,Eulemur mongoz,mongoose lemur,34828,Mammalia,Primates,Lemuridae,Eulemur,82429097,38022,2476385662,36.2,1555.0,0.38082242576845005,reference genome,2023-02-09
GCA_027406575.1,Nycticebus coucang,slow loris,9470,Mammalia,Primates,Lorisidae,Nycticebus,135917784,41197715,2917154053,25.8,890.5,0.27191865696469364,reference genome,2022-12-28
GCF_027406575.1,Nycticebus coucang,slow loris,9470,Mammalia,Primates,Lorisidae,Nycticebus,135917784,41197715,2917154053,25.8,890.5,0.27191865696469364,reference genome,2022-12-28
GCA_023898255.1,Nycticebus bengalensis,Bengal slow loris,261741,Mammalia,Primates,Lorisidae,Nycticebus,128767214,19794679,2856254458,,,,reference genome,2022-06-27
GCA_040437455.1,Plecturocebus cupreus,coppery titi,202457,Mammalia,Primates,Pitheciidae,Plecturocebus,130776705,16955781,2764079242,26.4,1120.0,0.2661957989575485,reference genome,2024-07-02
GCA_028551515.1,Pithecia pithecia,white-faced saki,43777,Mammalia,Primates,Pitheciidae,Pithecia,103980617,53327,3051940974,36.0,1480.0,0.38180254137592806,,2023-02-09
GCA_033060105.1,Elephas maximus,Asiatic elephant,9783,Mammalia,Proboscidea,Elephantidae,Elephas,130469234,77194844,3377773971,65.5,3178000.0,0.11621272752786127,,2023-10-26
GCA_024166365.1,Elephas maximus indicus,,99487,Mammalia,Proboscidea,Elephantidae,Elephas,127432672,87987108,3401247148,,,,reference genome,2022-07-06
GCF_024166365.1,Elephas maximus indicus,,99487,Mammalia,Proboscidea,Elephantidae,Elephas,127432672,87987108,3401247148,,,,reference genome,2022-07-06
GCA_051911805.1,Elephas maximus indicus,,99487,Mammalia,Proboscidea,Elephantidae,Elephas,125802197,88213608,3106194800,,,,,2025-08-11
GCA_051911825.1,Elephas maximus indicus,,99487,Mammalia,Proboscidea,Elephantidae,Elephas,125437426,75101715,3377912597,,,,,2025-08-11
GCA_032718755.1,Elephas maximus,Asiatic elephant,9783,Mammalia,Proboscidea,Elephantidae,Elephas,124428925,43858507,3131795632,65.5,3178000.0,0.11621272752786127,,2023-10-17
GCA_032717405.1,Loxodonta africana,African savanna elephant,9785,Mammalia,Proboscidea,Elephantidae,Loxodonta,122926248,64227854,3104041151,65.0,4800000.0,0.08463791460362868,,2023-10-17
GCA_033060095.1,Loxodonta africana,African savanna elephant,9785,Mammalia,Proboscidea,Elephantidae,Loxodonta,122446792,71750044,3313860776,65.0,4800000.0,0.08463791460362868,,2023-10-26
GCA_032717415.1,Loxodonta africana,African savanna elephant,9785,Mammalia,Proboscidea,Elephantidae,Loxodonta,122288900,78024827,3267373081,65.0,4800000.0,0.08463791460362868,,2023-10-17
GCA_032718585.1,Elephas maximus,Asiatic elephant,9783,Mammalia,Proboscidea,Elephantidae,Elephas,121677346,49989079,3329733255,65.5,3178000.0,0.11621272752786127,,2023-10-17
GCA_030014295.1,Loxodonta africana,African savanna elephant,9785,Mammalia,Proboscidea,Elephantidae,Loxodonta,119600562,82653632,3540876381,65.0,4800000.0,0.08463791460362868,reference genome,2023-05-16
GCF_030014295.1,Loxodonta africana,African savanna elephant,9785,Mammalia,Proboscidea,Elephantidae,Loxodonta,119600562,82653632,3540876381,65.0,4800000.0,0.08463791460362868,reference genome,2023-05-16
GCA_964261345.1,Heterocephalus glaber,naked mole-rat,10181,Mammalia,Rodentia,Bathyergidae,Heterocephalus,97315161,3219654,2474733770,31.0,35.0,0.5733560202750494,,2024-09-07
GCA_963923965.1,Heterocephalus glaber,naked mole-rat,10181,Mammalia,Rodentia,Bathyergidae,Heterocephalus,97315161,3168000,2500289933,31.0,35.0,0.5733560202750494,,2024-01-19
GCA_964261355.1,Heterocephalus glaber,naked mole-rat,10181,Mammalia,Rodentia,Bathyergidae,Heterocephalus,96917872,2750000,2474531762,31.0,35.0,0.5733560202750494,,2024-09-07
GCA_963923975.1,Heterocephalus glaber,naked mole-rat,10181,Mammalia,Rodentia,Bathyergidae,Heterocephalus,96917872,2716667,2500477843,31.0,35.0,0.5733560202750494,,2024-01-19
GCA_944319715.1,Heterocephalus glaber,naked mole-rat,10181,Mammalia,Rodentia,Bathyergidae,Heterocephalus,95752777,3438577,2500134508,31.0,35.0,0.5733560202750494,,2022-07-01
GCA_944319725.1,Heterocephalus glaber,naked mole-rat,10181,Mammalia,Rodentia,Bathyergidae,Heterocephalus,94825129,2890005,2499441111,31.0,35.0,0.5733560202750494,,2022-07-01
GCA_053478225.1,Fukomys anselli,Ansell's mole-rat,261002,Mammalia,Rodentia,Bathyergidae,Fukomys,72399386,21598940,2274106617,,,,reference genome,2025-11-14
GCA_047511655.2,Castor canadensis,American beaver,51338,Mammalia,Rodentia,Castoridae,Castor,158968201,59379167,2814832999,23.4,20250.0,0.01551252112158541,reference genome,2025-02-10
GCF_047511655.1,Castor canadensis,American beaver,51338,Mammalia,Rodentia,Castoridae,Castor,158968201,59379167,2814832999,23.4,20250.0,0.01551252112158541,reference genome,2025-02-10
GCA_047511605.2,Castor canadensis,American beaver,51338,Mammalia,Rodentia,Castoridae,Castor,158538439,49955893,2761005066,23.4,20250.0,0.01551252112158541,,2025-02-10
GCA_001984765.2,Castor canadensis,American beaver,51338,Mammalia,Rodentia,Castoridae,Castor,158004004,144908913,2815113504,23.4,20250.0,0.01551252112158541,,2026-01-29
GCA_977036005.1,Castor fiber,Eurasian beaver,10185,Mammalia,Rodentia,Castoridae,Castor,144294294,48519000,2824180382,,,,reference genome,2025-11-13
GCA_964304595.1,Cricetus cricetus,black-bellied hamster,10034,Mammalia,Rodentia,Cricetidae,Cricetus,305542590,47690202,2520162027,3.6,506.7,-0.5447739389244606,reference genome,2024-11-06
GCA_003668045.2,Cricetulus griseus,Chinese hamster,10029,Mammalia,Rodentia,Cricetidae,Cricetulus,274391693,2711962,2366634374,,,,,2020-06-11
GCF_003668045.3,Cricetulus griseus,Chinese hamster,10029,Mammalia,Rodentia,Cricetidae,Cricetulus,274391693,2711962,2366634374,,,,,2020-06-11
GCA_023856395.1,Phodopus sungorus,winter white dwarf hamster,10044,Mammalia,Rodentia,Cricetidae,Phodopus,165747135,53079,2119204330,3.9,23.4,-0.29936219470832104,,2022-06-29
GCA_903992535.2,Arvicola amphibius,Eurasian water vole,1047088,Mammalia,Rodentia,Cricetidae,Arvicola,158924400,5392280,2297766297,2.5,120.0,-0.6044673452974508,reference genome,2021-05-15
GCF_903992535.2,Arvicola amphibius,Eurasian water vole,1047088,Mammalia,Rodentia,Cricetidae,Arvicola,158924400,5392280,2297766297,2.5,120.0,-0.6044673452974508,reference genome,2021-05-15
GCA_037038515.1,Microtus pennsylvanicus,meadow vole,10058,Mammalia,Rodentia,Cricetidae,Microtus,125308425,47175454,2369119668,,,,reference genome,2024-03-06
GCF_037038515.1,Microtus pennsylvanicus,meadow vole,10058,Mammalia,Rodentia,Cricetidae,Microtus,125308425,47175454,2369119668,,,,reference genome,2024-03-06
GCA_049852395.1,Peromyscus maniculatus bairdii,prairie deer mouse,230844,Mammalia,Rodentia,Cricetidae,Peromyscus,122208007,32642229,2587065283,,,,reference genome,2025-04-22
GCF_049852395.1,Peromyscus maniculatus bairdii,prairie deer mouse,230844,Mammalia,Rodentia,Cricetidae,Peromyscus,122208007,32642229,2587065283,,,,reference genome,2025-04-22
GCA_049852355.1,Peromyscus maniculatus gambelii,,3406445,Mammalia,Rodentia,Cricetidae,Peromyscus,121800740,29751781,2631712304,,,,,2025-04-22
GCA_049852335.1,Peromyscus maniculatus rubidus,,3080742,Mammalia,Rodentia,Cricetidae,Peromyscus,121651058,30524957,2581581139,,,,,2025-04-22
GCA_049852375.1,Peromyscus maniculatus nubiterrae,,754487,Mammalia,Rodentia,Cricetidae,Peromyscus,121512914,33666505,2483513858,,,,,2025-04-22
GCA_047301775.1,Sigmodon hispidus,hispid cotton rat,42415,Mammalia,Rodentia,Cricetidae,Sigmodon,118707662,77390441,2668580129,5.2,185.0,-0.31605514314472427,reference genome,2025-01-30
GCA_037039175.1,Microtus pennsylvanicus,meadow vole,10058,Mammalia,Rodentia,Cricetidae,Microtus,118374433,63584353,2156400253,,,,,2024-03-06
GCA_003704135.2,Peromyscus polionotus subgriseus,,369710,Mammalia,Rodentia,Cricetidae,Peromyscus,117603569,13217,2645110392,,,,,2019-04-26
GCA_003704035.3,Peromyscus maniculatus bairdii,prairie deer mouse,230844,Mammalia,Rodentia,Cricetidae,Peromyscus,115033041,30111,2512423440,,,,,2020-09-17
GCF_003704035.1,Peromyscus maniculatus bairdii,prairie deer mouse,230844,Mammalia,Rodentia,Cricetidae,Peromyscus,115033041,30111,2512423440,,,,,2020-09-17
GCA_004664715.2,Peromyscus leucopus,white-footed mouse,10041,Mammalia,Rodentia,Cricetidae,Peromyscus,114273790,3487364,2475164510,7.9,23.0,0.008381351032846096,reference genome,2020-10-02
GCF_004664715.2,Peromyscus leucopus,white-footed mouse,10041,Mammalia,Rodentia,Cricetidae,Peromyscus,114273790,3487364,2475164510,7.9,23.0,0.008381351032846096,reference genome,2020-10-02
GCA_903995425.1,Onychomys torridus,southern grasshopper mouse,38674,Mammalia,Rodentia,Cricetidae,Onychomys,112723509,2276141,2468394440,4.6,22.0,-0.22344296867563518,reference genome,2020-08-21
GCF_903995425.1,Onychomys torridus,southern grasshopper mouse,38674,Mammalia,Rodentia,Cricetidae,Onychomys,112723509,2276141,2468394440,4.6,22.0,-0.22344296867563518,reference genome,2020-08-21
GCA_949787125.1,Onychomys torridus,southern grasshopper mouse,38674,Mammalia,Rodentia,Cricetidae,Onychomys,112723509,2287010,2461999269,4.6,22.0,-0.22344296867563518,,2023-04-12
GCA_026229955.2,Peromyscus maniculatus sonoriensis,,372063,Mammalia,Rodentia,Cricetidae,Peromyscus,110437847,10714300,2828207836,,,,,2026-01-22
GCA_949786405.1,Onychomys arenicola,Chihuahuan grasshopper mouse,38679,Mammalia,Rodentia,Cricetidae,Onychomys,108432058,26219289,2871851351,,,,reference genome,2023-04-08
GCA_041721565.1,Sigmodon hispidus,hispid cotton rat,42415,Mammalia,Rodentia,Cricetidae,Sigmodon,107795196,360703,2504706843,5.2,185.0,-0.31605514314472427,,2024-09-03
GCA_949786425.1,Onychomys arenicola,Chihuahuan grasshopper mouse,38679,Mammalia,Rodentia,Cricetidae,Onychomys,102486503,29018958,2893799444,,,,,2023-04-08
GCA_055000105.1,Myodes glareolus,Bank vole,447135,Mammalia,Rodentia,Cricetidae,Myodes,98460877,31957,2231755126,4.9,20.8,-0.19216259922663614,,2026-02-04
GCA_949786415.1,Peromyscus eremicus,cactus mouse,42410,Mammalia,Rodentia,Cricetidae,Peromyscus,97176920,1332236,2916547091,7.4,25.0,-0.025725649792440186,reference genome,2023-04-08
GCF_949786415.1,Peromyscus eremicus,cactus mouse,42410,Mammalia,Rodentia,Cricetidae,Peromyscus,97176920,1332236,2916547091,7.4,25.0,-0.025725649792440186,reference genome,2023-04-08
GCA_949786435.1,Peromyscus eremicus,cactus mouse,42410,Mammalia,Rodentia,Cricetidae,Peromyscus,96210102,1422290,2908086432,7.4,25.0,-0.025725649792440186,,2023-04-08
GCA_050000055.1,Neotoma floridana,eastern woodrat,42409,Mammalia,Rodentia,Cricetidae,Neotoma,95007747,28556977,3228206949,8.6,291.0,-0.12858824585286865,reference genome,2025-04-29
GCA_050000045.1,Neotoma floridana,eastern woodrat,42409,Mammalia,Rodentia,Cricetidae,Neotoma,94217888,30010264,2822897152,8.6,291.0,-0.12858824585286865,,2025-04-29
GCA_949786385.1,Onychomys leucogaster,northern grasshopper mouse,38668,Mammalia,Rodentia,Cricetidae,Onychomys,94124810,19200283,3152994889,5.6,32.5,-0.16474126018953528,reference genome,2023-04-08
GCA_949786395.1,Onychomys leucogaster,northern grasshopper mouse,38668,Mammalia,Rodentia,Cricetidae,Onychomys,92738233,20532404,3068077476,5.6,32.5,-0.16474126018953528,,2023-04-08
GCA_054502245.1,Alexandromys fortis,reed vole,100897,Mammalia,Rodentia,Cricetidae,Alexandromys,91234584,68894778,2286498262,,,,,2026-01-15
GCA_982192425.1,Myodes glareolus,Bank vole,447135,Mammalia,Rodentia,Cricetidae,Myodes,90684812,14620921,2585094733,4.9,20.8,-0.19216259922663614,,2026-03-08
GCA_950005125.1,Chionomys nivalis,European snow vole,269649,Mammalia,Rodentia,Cricetidae,Chionomys,88844950,30960136,2393390621,,,,reference genome,2023-05-01
GCF_950005125.1,Chionomys nivalis,European snow vole,269649,Mammalia,Rodentia,Cricetidae,Chionomys,88844950,30960136,2393390621,,,,reference genome,2023-05-01
GCA_040207285.2,Clethrionomys rutilus,Northern red-backed vole,537920,Mammalia,Rodentia,Cricetidae,Clethrionomys,87441830,42196457,2398514924,,,,reference genome,2025-02-12
GCA_047571435.1,Neodon fuscus,Smokey vole,771787,Mammalia,Rodentia,Cricetidae,Neodon,83801500,25369699,2264304678,,,,reference genome,2025-02-10
GCA_048771875.1,Ctenodactylus gundi,northern gundi,10166,Mammalia,Rodentia,Ctenodactylidae,Ctenodactylus,108787391,38834406,2184404205,5.8,288.8,-0.2991388676093115,reference genome,2025-03-21
GCA_048771865.1,Ctenodactylus gundi,northern gundi,10166,Mammalia,Rodentia,Ctenodactylidae,Ctenodactylus,106936071,27843871,2329663899,5.8,288.8,-0.2991388676093115,,2025-03-21
GCA_020740685.1,Jaculus jaculus,lesser Egyptian jerboa,51337,Mammalia,Rodentia,Dipodidae,Jaculus,158244790,22104564,2863848715,7.3,55.0,-0.08564373507765821,reference genome,2021-11-04
GCF_020740685.1,Jaculus jaculus,lesser Egyptian jerboa,51337,Mammalia,Rodentia,Dipodidae,Jaculus,158244790,22104564,2863848715,7.3,55.0,-0.08564373507765821,reference genome,2021-11-04
GCA_036346955.1,Dipus sagitta,northern three-toed jerboa,73863,Mammalia,Rodentia,Dipodidae,Dipus,147241050,28651707,2816644003,,,,reference genome,2024-02-05
GCA_028451465.1,Erethizon dorsatum,North American porcupine,34844,Mammalia,Rodentia,Erethizontidae,Erethizon,127995937,19239546,2432130964,,,,reference genome,2023-02-06
GCA_031878675.1,Thomomys bottae,Botta's pocket gopher,10013,Mammalia,Rodentia,Geomyidae,Thomomys,64418693,5921125,2025633870,6.1,115.5,-0.21445937089829503,,2023-09-25
GCA_031878665.1,Thomomys bottae,Botta's pocket gopher,10013,Mammalia,Rodentia,Geomyidae,Thomomys,61325068,6183328,1879249320,6.1,115.5,-0.21445937089829503,,2023-09-25
GCA_963383645.1,Muscardinus avellanarius,hazel dormouse,39082,Mammalia,Rodentia,Gliridae,Muscardinus,119481734,2432660,2497503975,5.3,27.3,-0.1767102334649897,reference genome,2023-08-26
GCA_051143605.1,Eliomys quercinus,garden dormouse,53277,Mammalia,Rodentia,Gliridae,Eliomys,108114398,51740598,2391831224,5.5,82.5,-0.23637821237901135,reference genome,2025-06-30
GCA_051143595.1,Eliomys quercinus,garden dormouse,53277,Mammalia,Rodentia,Gliridae,Eliomys,107541173,45399149,2208543884,5.5,82.5,-0.23637821237901135,,2025-06-30
GCA_023159225.1,Perognathus longimembris pacificus,Pacific pocket mouse,214514,Mammalia,Rodentia,Heteromyidae,Perognathus,72679016,7389774,2212099196,,,,reference genome,2022-04-27
GCF_023159225.1,Perognathus longimembris pacificus,Pacific pocket mouse,214514,Mammalia,Rodentia,Heteromyidae,Perognathus,72679016,7389774,2212099196,,,,reference genome,2022-04-27
GCA_015741225.1,Hydrochoerus hydrochaeris,capybara,10149,Mammalia,Rodentia,Hydrochaeridae,Hydrochoerus,71052467,78808,2590838763,15.1,55000.0,-0.2431699776513303,,2020-12-04
GCA_011064425.1,Rattus rattus,black rat,10117,Mammalia,Rodentia,Muridae,Rattus,158824752,1635336,2382770976,4.2,200.0,-0.4141495517373518,reference genome,2020-03-04
GCF_011064425.1,Rattus rattus,black rat,10117,Mammalia,Rodentia,Muridae,Rattus,158824752,1635336,2382770976,4.2,200.0,-0.4141495517373518,reference genome,2020-03-04
GCA_011800105.1,Rattus rattus,black rat,10117,Mammalia,Rodentia,Muridae,Rattus,145848398,31539,2250262423,4.2,200.0,-0.4141495517373518,,2020-04-01
GCA_023515785.2,Rattus norvegicus,Norway rat,10116,Mammalia,Rodentia,Muridae,Rattus,140697154,24520032,2865158578,3.8,300.0,-0.48538955219358315,,2024-02-29
GCA_045687965.1,Rattus norvegicus,Norway rat,10116,Mammalia,Rodentia,Muridae,Rattus,139969333,41701269,2842656376,3.8,300.0,-0.48538955219358315,,2024-12-04
GCA_045687995.1,Rattus norvegicus,Norway rat,10116,Mammalia,Rodentia,Muridae,Rattus,139830128,43604662,2845920730,3.8,300.0,-0.48538955219358315,,2024-12-04
GCA_023515805.2,Rattus norvegicus,Norway rat,10116,Mammalia,Rodentia,Muridae,Rattus,139493494,27772074,2910751356,3.8,300.0,-0.48538955219358315,,2024-08-16
GCA_964188545.1,Mus musculus castaneus,southeastern Asian house mouse,10091,Mammalia,Rodentia,Muridae,Mus,139012417,107094373,2950550120,,,,,2024-06-23
GCA_021556685.1,Rattus norvegicus,Norway rat,10116,Mammalia,Rodentia,Muridae,Rattus,138881597,50481003,2907517304,3.8,300.0,-0.48538955219358315,,2022-01-24
GCA_045688005.1,Rattus norvegicus,Norway rat,10116,Mammalia,Rodentia,Muridae,Rattus,138878041,42620618,2844320943,3.8,300.0,-0.48538955219358315,,2024-12-04
GCA_041222355.1,Rattus norvegicus,Norway rat,10116,Mammalia,Rodentia,Muridae,Rattus,138538352,44377000,2792069624,3.8,300.0,-0.48538955219358315,,2024-08-13
GCA_036323735.1,Rattus norvegicus,Norway rat,10116,Mammalia,Rodentia,Muridae,Rattus,137014596,64250101,2849581192,3.8,300.0,-0.48538955219358315,reference genome,2024-01-31
GCF_036323735.1,Rattus norvegicus,Norway rat,10116,Mammalia,Rodentia,Muridae,Rattus,137014596,64250101,2849581192,3.8,300.0,-0.48538955219358315,reference genome,2024-01-31
GCA_015227675.2,Rattus norvegicus,Norway rat,10116,Mammalia,Rodentia,Muridae,Rattus,135012528,29198295,2647899415,3.8,300.0,-0.48538955219358315,,2020-11-10
GCF_015227675.2,Rattus norvegicus,Norway rat,10116,Mammalia,Rodentia,Muridae,Rattus,135012528,29198295,2647899415,3.8,300.0,-0.48538955219358315,,2020-11-10
GCA_001624445.1,Mus musculus castaneus,southeastern Asian house mouse,10091,Mammalia,Rodentia,Muridae,Mus,133752109,11642,2653974351,,,,,2016-04-26
GCA_001624835.1,Mus musculus domesticus,western European house mouse,10092,Mammalia,Rodentia,Muridae,Mus,133184209,11777,2689641256,,,,,2016-04-26
GCA_921999095.2,Mus musculus molossinus,Japanese wild mouse,57486,Mammalia,Rodentia,Muridae,Mus,133124609,14400882,2727417884,,,,,2022-07-01
GCA_001624865.1,Mus spretus,western wild mouse,10096,Mammalia,Rodentia,Muridae,Mus,131945496,17887,2625571169,,,,,2016-04-26
GCA_921997135.2,Mus spretus,western wild mouse,10096,Mammalia,Rodentia,Muridae,Mus,129120363,10023970,2546527799,,,,reference genome,2022-06-30
GCA_029890205.1,Acomys cahirinus,Egyptian spiny mouse,10068,Mammalia,Rodentia,Muridae,Acomys,128545730,55022522,2270846306,5.9,45.2,-0.16467243657822772,reference genome,2023-05-01
GCA_001624775.1,Mus musculus musculus,eastern European house mouse,39442,Mammalia,Rodentia,Muridae,Mus,128387505,5105,2559971091,,,,,2016-04-26
GCA_921998335.2,Mus musculus musculus,eastern European house mouse,39442,Mammalia,Rodentia,Muridae,Mus,126992800,26698258,2507108059,,,,,2022-07-01
GCA_921998345.2,Mus musculus domesticus,western European house mouse,10092,Mammalia,Rodentia,Muridae,Mus,126894850,6279527,2519241035,,,,,2022-07-01
GCA_907169655.1,Acomys percivali,Percival's spiny mouse,83527,Mammalia,Rodentia,Muridae,Acomys,126270630,26477,2302049166,,,,reference genome,2021-07-06
GCA_921999005.2,Mus musculus castaneus,southeastern Asian house mouse,10091,Mammalia,Rodentia,Muridae,Mus,126140585,32955239,2519847465,,,,,2022-07-01
GCA_907164505.1,Acomys kempi,Kemp's spiny mouse,83762,Mammalia,Rodentia,Muridae,Acomys,125230826,33625,2162154686,,,,reference genome,2021-07-06
GCA_907164435.1,Acomys dimidiatus,,60744,Mammalia,Rodentia,Muridae,Acomys,124365287,33040,2302401611,,,,reference genome,2021-07-06
GCA_964271855.5,Acomys minous,Crete spiny mouse,83528,Mammalia,Rodentia,Muridae,Acomys,122851966,29281624,2350177229,,,,reference genome,2025-07-07
GCF_900094665.2,Mus caroli,Ryukyu mouse,10089,Mammalia,Rodentia,Muridae,Mus,122627250,30921,2552816249,,,,reference genome,2017-04-28
GCA_900094665.2,Mus caroli,Ryukyu mouse,10089,Mammalia,Rodentia,Muridae,Mus,122627250,30917,2553112587,,,,reference genome,2017-04-28
GCA_030254825.1,Meriones unguiculatus,Mongolian gerbil,10047,Mammalia,Rodentia,Muridae,Meriones,122584302,50173090,2702201048,6.3,53.2,-0.1473467270742993,reference genome,2023-06-12
GCF_030254825.1,Meriones unguiculatus,Mongolian gerbil,10047,Mammalia,Rodentia,Muridae,Meriones,122584302,50173090,2702201048,6.3,53.2,-0.1473467270742993,reference genome,2023-06-12
GCA_947179515.1,Apodemus sylvaticus,European woodmouse,10129,Mammalia,Rodentia,Muridae,Apodemus,120938251,4449850,2889785202,6.3,23.4,-0.09108625228123857,reference genome,2022-10-28
GCF_947179515.1,Apodemus sylvaticus,European woodmouse,10129,Mammalia,Rodentia,Muridae,Apodemus,120938251,4449850,2889785202,6.3,23.4,-0.09108625228123857,reference genome,2022-10-28
GCA_964023405.1,Apodemus agrarius,Eurasian field mouse,39030,Mammalia,Rodentia,Muridae,Apodemus,119125257,35188814,2613523018,,,,reference genome,2024-04-12
GCA_008632895.1,Mastomys coucha,southern multimammate mouse,35658,Mammalia,Rodentia,Muridae,Mastomys,118621203,30483,2507168619,,,,reference genome,2019-09-24
GCF_008632895.1,Mastomys coucha,southern multimammate mouse,35658,Mammalia,Rodentia,Muridae,Mastomys,118621203,30483,2507168619,,,,reference genome,2019-09-24
GCA_900095145.2,Mus pahari,shrew mouse,10093,Mammalia,Rodentia,Muridae,Mus,111406228,29465,2475012951,,,,reference genome,2017-04-28
GCF_900095145.1,Mus pahari,shrew mouse,10093,Mammalia,Rodentia,Muridae,Mus,111406228,29465,2475012951,,,,reference genome,2017-04-28
GCA_048544855.1,Mus musculus musculus,eastern European house mouse,39442,Mammalia,Rodentia,Muridae,Mus,99757035,28738779,99757035,,,,,2025-03-12
GCA_028551405.1,Uromys caudimaculatus,giant uromys,36800,Mammalia,Rodentia,Muridae,Uromys,99048585,49660,2615851634,,,,reference genome,2023-02-09
GCA_011762505.3,Arvicanthis niloticus,Nile rat,61156,Mammalia,Rodentia,Muridae,Arvicanthis,82689117,11143170,2496761438,6.7,110.0,-0.17037228336789956,reference genome,2025-01-29
GCF_011762505.2,Arvicanthis niloticus,Nile rat,61156,Mammalia,Rodentia,Muridae,Arvicanthis,82689117,11143170,2496761438,6.7,110.0,-0.17037228336789956,reference genome,2025-01-29
GCA_028658305.1,Pachyuromys duprasi,fat-tailed gerbil,298894,Mammalia,Rodentia,Muridae,Pachyuromys,70283636,47672,2488923329,8.3,40.0,-0.008074464047661545,reference genome,2023-02-17
GCA_903995435.1,Acomys russatus,golden spiny mouse,60746,Mammalia,Rodentia,Muridae,Acomys,66475698,4450755,2301522284,,,,reference genome,2020-08-21
GCF_903995435.1,Acomys russatus,golden spiny mouse,60746,Mammalia,Rodentia,Muridae,Acomys,66475698,4450755,2301522284,,,,reference genome,2020-08-21
GCA_963924665.1,Micromys minutus,European harvest mouse,13151,Mammalia,Rodentia,Muridae,Micromys,59776753,1835000,2651771171,3.8,6.0,-0.2174164898999379,reference genome,2024-01-29
GCA_016881025.1,Ictidomys tridecemlineatus,thirteen-lined ground squirrel,43179,Mammalia,Rodentia,Sciuridae,Ictidomys,193221680,44127,2478949113,7.9,172.7,-0.12971861548635244,,2021-02-17
GCF_016881025.1,Ictidomys tridecemlineatus,thirteen-lined ground squirrel,43179,Mammalia,Rodentia,Sciuridae,Ictidomys,193221680,44127,2478949113,7.9,172.7,-0.12971861548635244,,2021-02-17
GCA_052094965.1,Ictidomys tridecemlineatus,thirteen-lined ground squirrel,43179,Mammalia,Rodentia,Sciuridae,Ictidomys,185360950,13926175,2589558247,7.9,172.7,-0.12971861548635244,,2025-08-18
GCA_045843805.1,Urocitellus parryii,Arctic ground squirrel,9999,Mammalia,Rodentia,Sciuridae,Urocitellus,184159334,23164455,2935776410,,,,reference genome,2024-12-13
GCF_045843805.1,Urocitellus parryii,Arctic ground squirrel,9999,Mammalia,Rodentia,Sciuridae,Urocitellus,184159334,23164455,2935776410,,,,reference genome,2024-12-13
GCA_025594165.1,Tamias sibiricus,Siberian chipmunk,64680,Mammalia,Rodentia,Sciuridae,Tamias,172614981,9422552,2643750606,9.6,85.0,0.003485407109716565,,2022-10-06
GCA_045843765.1,Urocitellus parryii,Arctic ground squirrel,9999,Mammalia,Rodentia,Sciuridae,Urocitellus,168114946,19265769,2750197790,,,,,2024-12-12
GCA_047496905.1,Tamias sibiricus,Siberian chipmunk,64680,Mammalia,Rodentia,Sciuridae,Tamias,166459957,9155588,2601791133,9.6,85.0,0.003485407109716565,reference genome,2025-02-07
GCA_051107445.1,Pteromys volans,Siberian flying squirrel,55152,Mammalia,Rodentia,Sciuridae,Pteromys,157387023,60698384,2848323221,11.4,130.0,0.049014582399513174,reference genome,2025-06-26
GCA_052094955.1,Ictidomys tridecemlineatus,thirteen-lined ground squirrel,43179,Mammalia,Rodentia,Sciuridae,Ictidomys,157082519,10558370,3144977123,7.9,172.7,-0.12971861548635244,reference genome,2025-08-18
GCF_052094955.1,Ictidomys tridecemlineatus,thirteen-lined ground squirrel,43179,Mammalia,Rodentia,Sciuridae,Ictidomys,157082519,10558370,3144977123,7.9,172.7,-0.12971861548635244,reference genome,2025-08-18
GCA_964194105.1,Spermophilus citellus,European ground squirrel,9997,Mammalia,Rodentia,Sciuridae,Spermophilus,155990855,3445081,3090032603,6.7,217.0,-0.21691225783342327,reference genome,2024-06-28
GCA_902686455.2,Sciurus vulgaris,Eurasian red squirrel,55149,Mammalia,Rodentia,Sciuridae,Sciurus,153872958,16333633,2878591032,14.8,600.0,0.05760807571395232,reference genome,2020-07-31
GCF_902686455.1,Sciurus vulgaris,Eurasian red squirrel,55149,Mammalia,Rodentia,Sciuridae,Sciurus,153872958,16333633,2878591032,14.8,600.0,0.05760807571395232,reference genome,2019-11-20
GCA_902686445.2,Sciurus carolinensis,gray squirrel,30640,Mammalia,Rodentia,Sciuridae,Sciurus,148229995,13975867,2815397268,23.6,533.0,0.26836931157117827,reference genome,2020-07-31
GCF_902686445.1,Sciurus carolinensis,gray squirrel,30640,Mammalia,Rodentia,Sciuridae,Sciurus,148229995,13975867,2815397268,23.6,533.0,0.26836931157117827,reference genome,2020-07-31
GCA_047512175.1,Marmota flaviventris,yellow-bellied marmot,93162,Mammalia,Rodentia,Sciuridae,Marmota,138730837,47537411,2467036054,21.2,3500.0,0.09287663420527115,,2025-02-10
GCA_047511675.1,Marmota flaviventris,yellow-bellied marmot,93162,Mammalia,Rodentia,Sciuridae,Marmota,136846803,52587502,2704651887,21.2,3500.0,0.09287663420527115,reference genome,2025-02-10
GCF_047511675.1,Marmota flaviventris,yellow-bellied marmot,93162,Mammalia,Rodentia,Sciuridae,Marmota,136846803,52587502,2704651887,21.2,3500.0,0.09287663420527115,reference genome,2025-02-10
GCA_028644305.1,Xerus rutilus,unstriped ground squirrel,226860,Mammalia,Rodentia,Sciuridae,Xerus,127260801,58140,2750758914,,,,reference genome,2023-02-16
GCA_051821045.1,Otospermophilus beecheyi,California ground squirrel,34862,Mammalia,Rodentia,Sciuridae,Otospermophilus,124984502,418950,2269446536,,,,reference genome,2025-08-05
GCA_048772825.1,Callospermophilus lateralis,golden-mantled ground squirrel,76772,Mammalia,Rodentia,Sciuridae,Callospermophilus,114988597,13623428,3349745798,10.4,157.6,-0.004044916660339126,,2025-03-21
GCF_048772825.1,Callospermophilus lateralis,golden-mantled ground squirrel,76772,Mammalia,Rodentia,Sciuridae,Callospermophilus,114988597,13623428,3349745798,10.4,157.6,-0.004044916660339126,,2025-03-21
GCA_048772815.1,Callospermophilus lateralis,golden-mantled ground squirrel,76772,Mammalia,Rodentia,Sciuridae,Callospermophilus,94176142,6579271,4646974320,10.4,157.6,-0.004044916660339126,reference genome,2025-03-21
GCF_048772815.1,Callospermophilus lateralis,golden-mantled ground squirrel,76772,Mammalia,Rodentia,Sciuridae,Callospermophilus,94176142,6579271,4646974320,10.4,157.6,-0.004044916660339126,reference genome,2025-03-21
GCA_049190835.1,Myospalax aspalax,false zokor,213498,Mammalia,Rodentia,Spalacidae,Myospalax,89298488,37952886,3014030832,,,,reference genome,2025-03-31
GCA_035773235.1,Eospalax fontanierii,,146134,Mammalia,Rodentia,Spalacidae,Eospalax,82041474,59200000,2699079450,,,,reference genome,2024-01-24
GCA_049190895.1,Myospalax psilurus,,146129,Mammalia,Rodentia,Spalacidae,Myospalax,76917133,23106468,3313470922,,,,reference genome,2025-03-31
GCA_026018925.2,Tupaia tana,large tree shrew,70687,Mammalia,Scandentia,Tupaiidae,Tupaia,111208849,7301848,2948301657,11.6,197.8,0.027816820533683506,reference genome,2025-12-17
GCA_033439345.1,Tupaia chinensis,Chinese tree shrew,246437,Mammalia,Scandentia,Tupaiidae,Tupaia,104643080,3217288,2667459972,,,,,2023-11-09
GCA_030035585.1,Dugong dugon,dugong,29137,Mammalia,Sirenia,Dugongidae,Dugong,140670990,57632671,3158488110,73.0,360000.0,0.3124803788588286,reference genome,2023-05-18
GCA_040182945.1,Dugong dugon,dugong,29137,Mammalia,Sirenia,Dugongidae,Dugong,136909105,272829,3061735718,73.0,360000.0,0.3124803788588286,,2024-06-14
GCA_046562895.1,Trichechus inunguis,Amazon manatee,9777,Mammalia,Sirenia,Trichechidae,Trichechus,123530250,25109643,3320339069,40.0,480000.0,0.03151132587086414,reference genome,2025-01-08
GCA_046562985.1,Trichechus inunguis,Amazon manatee,9777,Mammalia,Sirenia,Trichechidae,Trichechus,121225153,16297374,3071794592,40.0,480000.0,0.03151132587086414,,2025-01-08
GCA_054668785.1,Orycteropus afer,aardvark,9818,Mammalia,Tubulidentata,Orycteropodidae,Orycteropus,655437740,166734673,4714243411,29.8,60000.0,0.04610907123099306,,2026-01-23
GCA_054668755.1,Orycteropus afer,aardvark,9818,Mammalia,Tubulidentata,Orycteropodidae,Orycteropus,643834862,195783007,4292536414,29.8,60000.0,0.04610907123099306,,2026-01-23
GCA_964187855.1,Myxine glutinosa,Atlantic hagfish,7769,Myxini,Myxiniformes,Myxinidae,Myxine,192170830,739991,3057504053,,,,reference genome,2024-06-18
GCF_964187855.1,Myxine glutinosa,Atlantic hagfish,7769,Myxini,Myxiniformes,Myxinidae,Myxine,192170830,739991,3057504053,,,,reference genome,2024-06-18
GCA_040869285.1,Myxine glutinosa,Atlantic hagfish,7769,Myxini,Myxiniformes,Myxinidae,Myxine,156894492,847554,3829258836,,,,,2024-07-30
GCF_040869285.1,Myxine glutinosa,Atlantic hagfish,7769,Myxini,Myxiniformes,Myxinidae,Myxine,156894492,847554,3829258836,,,,,2024-07-30
GCA_035128595.1,Eptatretus atami,,50612,Myxini,Myxiniformes,Myxinidae,Eptatretus,147609921,12689,2517612418,,,,reference genome,2024-01-09
GCA_041222605.1,Eptatretus okinoseanus,,7767,Myxini,Myxiniformes,Myxinidae,Eptatretus,110357792,2770831,1888650646,,,,reference genome,2024-08-13
GCA_045345515.1,Morphnus guianensis,crested eagle,252789,Neognathae,Accipitriformes,Accipitridae,Morphnus,61450600,26372894,1576624229,,,,reference genome,2024-12-02
GCA_045345505.1,Morphnus guianensis,crested eagle,252789,Neognathae,Accipitriformes,Accipitridae,Morphnus,58544916,28221181,1316595704,,,,,2024-12-02
GCA_026419915.1,Harpia harpyja,harpy eagle,202280,Neognathae,Accipitriformes,Accipitridae,Harpia,58111031,16799191,1351447071,16.8,4800.0,-0.29706281885373187,reference genome,2022-11-27
GCF_026419915.1,Harpia harpyja,harpy eagle,202280,Neognathae,Accipitriformes,Accipitridae,Harpia,58111031,16799191,1351447071,16.8,4800.0,-0.29706281885373187,reference genome,2022-11-27
GCA_028022735.1,Gypaetus barbatus,lammergeier,33610,Neognathae,Accipitriformes,Accipitridae,Gypaetus,52189775,18064636,1365299843,40.0,5070.0,0.07467750201982581,reference genome,2023-01-31
GCA_037962945.1,Sarcoramphus papa,king vulture,43583,Neognathae,Accipitriformes,Cathartidae,Sarcoramphus,96420541,40899883,1543931415,40.0,3405.0,0.11112553776488121,reference genome,2024-04-04
GCA_037950955.1,Sarcoramphus papa,king vulture,43583,Neognathae,Accipitriformes,Cathartidae,Sarcoramphus,87061668,30635722,1469241744,40.0,3405.0,0.11112553776488121,,2024-04-04
GCA_018139145.2,Gymnogyps californianus,California condor,33616,Neognathae,Accipitriformes,Cathartidae,Gymnogyps,85355094,17075888,1240248578,45.0,11175.0,0.05346986945072252,reference genome,2022-09-01
GCF_018139145.2,Gymnogyps californianus,California condor,33616,Neognathae,Accipitriformes,Cathartidae,Gymnogyps,85355094,17075888,1240248578,45.0,11175.0,0.05346986945072252,reference genome,2022-09-01
GCA_039700855.2,Vultur gryphus,Andean condor,8924,Neognathae,Accipitriformes,Cathartidae,Vultur,84949164,21673,1190354707,79.0,10500.0,0.3035887365412142,reference genome,2025-05-07
GCA_009819795.1,Aythya fuligula,tufted duck,219594,Neognathae,Anseriformes,Anatidae,Aythya,85905639,17816505,1126988109,45.2,701.5,0.3088421357018267,reference genome,2019-12-31
GCF_009819795.1,Aythya fuligula,tufted duck,219594,Neognathae,Anseriformes,Anatidae,Aythya,85905639,17816505,1126988109,45.2,701.5,0.3088421357018267,reference genome,2019-12-31
GCA_030142145.1,Somateria mollissima,common eider,76058,Neognathae,Anseriformes,Anatidae,Somateria,85846784,106998,1105825584,37.8,2130.0,0.12950833209286294,,2023-06-05
GCA_026413565.1,Aythya baeri,Baer's pochard,1177618,Neognathae,Anseriformes,Anatidae,Aythya,85749954,29098202,1144760485,,,,reference genome,2022-11-27
GCA_029042245.1,Aythya marila,greater scaup,189534,Neognathae,Anseriformes,Anatidae,Aythya,85439399,32460729,1135194460,22.1,928.5,-0.027571681078179422,reference genome,2023-03-15
GCA_042478095.1,Aythya ferina,common pochard,219593,Neognathae,Anseriformes,Anatidae,Aythya,85018818,31429927,1130787795,23.2,823.0,0.004566972773198286,reference genome,2024-10-03
GCA_013377495.2,Cygnus atratus,black swan,8868,Neognathae,Anseriformes,Anatidae,Cygnus,84552148,28995010,1124217020,,,,reference genome,2022-08-03
GCF_013377495.2,Cygnus atratus,black swan,8868,Neognathae,Anseriformes,Anatidae,Cygnus,84552148,28995010,1124217020,,,,reference genome,2022-08-03
GCA_036873955.1,Mergus octosetaceus,Brazilian merganser,1570318,Neognathae,Anseriformes,Anatidae,Mergus,83836255,10800487,1245774584,,,,reference genome,2024-02-26
GCA_048319975.1,Cairina moschata,Muscovy duck,8855,Neognathae,Anseriformes,Anatidae,Cairina,82343468,9791839,1100132706,,,,reference genome,2025-03-04
GCA_025388735.1,Anser cygnoides,Swan goose,8845,Neognathae,Anseriformes,Anatidae,Anser,81861053,21589146,1278045749,,,,,2022-09-25
GCA_009769625.2,Cygnus olor,mute swan,8869,Neognathae,Anseriformes,Anatidae,Cygnus,81481363,8308965,1134169903,70.0,8300.0,0.27258629040587623,reference genome,2021-03-31
GCF_009769625.2,Cygnus olor,mute swan,8869,Neognathae,Anseriformes,Anatidae,Cygnus,81481363,8308965,1134169903,70.0,8300.0,0.27258629040587623,reference genome,2021-03-31
GCA_030515125.1,Anser cygnoides,Swan goose,8845,Neognathae,Anseriformes,Anatidae,Anser,81474995,3297282,1128398295,,,,,2023-07-26
GCA_054644365.1,Anser cygnoides,Swan goose,8845,Neognathae,Anseriformes,Anatidae,Anser,81055700,54135724,1305488053,,,,,2026-01-22
GCA_040182565.1,Anser cygnoides,Swan goose,8845,Neognathae,Anseriformes,Anatidae,Anser,81007908,39655246,1215337776,,,,reference genome,2024-06-14
GCF_040182565.1,Anser cygnoides,Swan goose,8845,Neognathae,Anseriformes,Anatidae,Anser,81007908,39655246,1215337776,,,,reference genome,2024-06-14
GCA_965277985.1,Anser erythropus,Lesser white-fronted goose,132586,Neognathae,Anseriformes,Anatidae,Anser,80247187,2382381,1339878510,,,,reference genome,2025-05-04
GCA_964211825.1,Aythya ferina,common pochard,219593,Neognathae,Anseriformes,Anatidae,Aythya,79844515,4150808,1252302973,23.2,823.0,0.004566972773198286,,2024-07-31
GCA_965278175.1,Alopochen aegyptiaca,Egyptian goose,30382,Neognathae,Anseriformes,Anatidae,Alopochen,79723726,4748427,1272231060,25.5,1900.0,-0.030981366480937522,reference genome,2025-05-08
GCA_964034855.1,Anser brachyrhynchus,Pink-footed goose,132585,Neognathae,Anseriformes,Anatidae,Anser,79251119,2049950,1287320976,40.9,2645.0,0.1439134887525717,reference genome,2024-04-27
GCA_965231335.1,Branta canadensis,Canada goose,8853,Neognathae,Anseriformes,Anatidae,Branta,78989891,3892771,1311882472,42.0,3200.0,0.13799992223112212,reference genome,2025-03-29
GCA_964211835.1,Anser anser,Domestic goose,8843,Neognathae,Anseriformes,Anatidae,Anser,78965412,2674135,1313438308,31.0,3308.5,0.003059475372253928,reference genome,2024-07-31
GCA_965250395.1,Anser fabalis,Taiga bean goose,132587,Neognathae,Anseriformes,Anatidae,Anser,78817196,2200672,1316274463,25.6,3348.0,-0.08114886065476767,reference genome,2025-04-20
GCA_951416345.1,Somateria mollissima,common eider,76058,Neognathae,Anseriformes,Anatidae,Somateria,78490558,9245871,1079261109,37.8,2130.0,0.12950833209286294,reference genome,2023-06-27
GCA_965151615.1,Cygnus columbianus,tundra swan,110926,Neognathae,Anseriformes,Anatidae,Cygnus,78162771,3838603,1293521421,24.1,6350.0,-0.16597596646195623,reference genome,2025-02-15
GCA_963989345.1,Clangula hyemalis,long-tailed duck,197941,Neognathae,Anseriformes,Anatidae,Clangula,78069974,3738964,1206087415,22.7,872.0,-0.010190129085551503,reference genome,2024-03-14
GCA_026259575.1,Anser cygnoides,Swan goose,8845,Neognathae,Anseriformes,Anatidae,Anser,77798581,22747468,1153444501,,,,,2022-11-23
GCA_036850655.1,Mergus octosetaceus,Brazilian merganser,1570318,Neognathae,Anseriformes,Anatidae,Mergus,77730658,10490917,1213885900,,,,,2024-02-26
GCA_054883635.1,Spatula clypeata,Northern shoveler,75838,Neognathae,Anseriformes,Anatidae,Spatula,77553093,26869251,1165814024,,,,reference genome,2026-01-30
GCA_951411735.1,Somateria mollissima,common eider,76058,Neognathae,Anseriformes,Anatidae,Somateria,77552753,7862886,1205423405,37.8,2130.0,0.12950833209286294,,2023-06-27
GCA_018104995.1,Cairina moschata,Muscovy duck,8855,Neognathae,Anseriformes,Anatidae,Cairina,77345420,315520,1118556028,,,,,2021-04-23
GCA_964035555.1,Netta rufina,red-crested pochard,30387,Neognathae,Anseriformes,Anatidae,Netta,77261329,3347974,1166961997,8.8,1118.0,-0.44448562304550343,reference genome,2024-04-29
GCA_971847395.1,Mergellus albellus,Smew,107026,Neognathae,Anseriformes,Anatidae,Mergellus,77103717,2393000,1298127596,10.0,610.0,-0.3335002654076755,reference genome,2025-09-13
GCA_965140915.1,Aythya marila,greater scaup,189534,Neognathae,Anseriformes,Anatidae,Aythya,77037309,3182246,1224516623,22.1,928.5,-0.027571681078179422,,2025-02-13
GCA_053567805.1,Anas acuta,northern pintail,28680,Neognathae,Anseriformes,Anatidae,Anas,77014527,77014527,1198851733,27.4,721.0,0.08894396163405838,,2025-11-18
GCA_976225485.1,Aythya fuligula,tufted duck,219594,Neognathae,Anseriformes,Anatidae,Aythya,76924276,3978115,1175427868,45.2,701.5,0.3088421357018267,,2025-10-26
GCA_053567875.1,Mareca falcata,falcated duck,75844,Neognathae,Anseriformes,Anatidae,Mareca,76775030,41080195,1183678463,,,,reference genome,2025-11-18
GCA_977066335.1,Spatula clypeata,Northern shoveler,75838,Neognathae,Anseriformes,Anatidae,Spatula,76684505,3649032,1236960625,,,,,2025-11-28
GCA_053567865.1,Anas crecca,Common teal,75839,Neognathae,Anseriformes,Anatidae,Anas,76541717,76541717,1224007728,27.1,343.8,0.15196708800414083,reference genome,2025-11-18
GCA_963932015.1,Anas acuta,northern pintail,28680,Neognathae,Anseriformes,Anatidae,Anas,76435830,3416933,1189296988,27.4,721.0,0.08894396163405838,reference genome,2024-02-07
GCF_963932015.1,Anas acuta,northern pintail,28680,Neognathae,Anseriformes,Anatidae,Anas,76435830,3416933,1189296988,27.4,721.0,0.08894396163405838,reference genome,2024-02-07
GCA_054883605.1,Sibirionetta formosa,Baikal teal,56278,Neognathae,Anseriformes,Anatidae,Sibirionetta,76402273,36461813,1154117424,,,,reference genome,2026-01-30
GCA_002743455.1,Anas platyrhynchos platyrhynchos,common mallard,8840,Neognathae,Anseriformes,Anatidae,Anas,74988519,88037,1136415614,,,,,2017-11-03
GCA_054883575.1,Anas zonorhyncha,Eastern spot-billed duck,75864,Neognathae,Anseriformes,Anatidae,Anas,68264297,64774675,1303404548,,,,reference genome,2026-01-30
GCA_964211785.1,Anser anser,Domestic goose,8843,Neognathae,Anseriformes,Anatidae,Anser,67215310,2662746,1168290161,31.0,3308.5,0.003059475372253928,,2024-07-31
GCA_965642265.1,Branta leucopsis,barnacle goose,184711,Neognathae,Anseriformes,Anatidae,Branta,66377272,6988405,1346851039,28.2,1687.0,0.023613751381700077,reference genome,2025-07-19
GCA_964059595.1,Bucephala clangula,common goldeneye,107022,Neognathae,Anseriformes,Anatidae,Bucephala,66356865,4272793,1190922165,18.4,895.86,-0.10386969041575056,reference genome,2024-06-06
GCA_965278785.1,Mareca strepera,gadwall,75861,Neognathae,Anseriformes,Anatidae,Mareca,66097916,2097805,1300597795,,,,reference genome,2025-05-10
GCA_965278775.1,Cygnus cygnus,common whooper,219595,Neognathae,Anseriformes,Anatidae,Cygnus,65831537,2482267,1387568417,26.5,9350.0,-0.16017209313072422,reference genome,2025-05-10
GCA_025583725.1,Anser indicus,Bar-headed goose,8846,Neognathae,Anseriformes,Anatidae,Anser,65774817,5739385,1129455536,,,,reference genome,2022-10-06
GCA_971812175.1,Mergellus albellus,Smew,107026,Neognathae,Anseriformes,Anatidae,Mergellus,65538291,2538332,1160594237,10.0,610.0,-0.3335002654076755,,2025-09-13
GCA_977964035.1,Mergus serrator,,8879,Neognathae,Anseriformes,Anatidae,Mergus,65261140,2748324,1413260963,21.3,1020.6,-0.05224330660788934,reference genome,2026-02-01
GCA_977964335.1,Mergus serrator,,8879,Neognathae,Anseriformes,Anatidae,Mergus,65202210,3221568,1320954292,21.3,1020.6,-0.05224330660788934,,2025-12-17
GCA_976913865.1,Anser albifrons,White-fronted goose,50365,Neognathae,Anseriformes,Anatidae,Anser,62180537,1821908,1311784712,47.0,2681.0,0.20305031301707377,reference genome,2025-10-26
GCA_020740795.1,Apus apus,common swift,8895,Neognathae,Apodiformes,Apodidae,Apus,115508478,25561769,1100361224,21.1,37.6,0.2458986421221132,reference genome,2021-11-04
GCF_020740795.1,Apus apus,common swift,8895,Neognathae,Apodiformes,Apodidae,Apus,115508478,25561769,1100361224,21.1,37.6,0.2458986421221132,reference genome,2021-11-04
GCA_020745705.1,Hemiprocne comata,,243314,Neognathae,Apodiformes,Apodidae,Hemiprocne,91346199,20531774,1164793941,,,,reference genome,2021-11-05
GCA_003957555.2,Calypte anna,Anna's hummingbird,9244,Neognathae,Apodiformes,Trochilidae,Calypte,74081004,14522327,1059687259,8.5,4.4,0.04745914586751232,reference genome,2019-05-17
GCF_003957555.1,Calypte anna,Anna's hummingbird,9244,Neognathae,Apodiformes,Trochilidae,Calypte,74081004,14522327,1059687259,8.5,4.4,0.04745914586751232,reference genome,2019-05-16
GCA_036169615.1,Heliangelus exortis,,472823,Neognathae,Apodiformes,Trochilidae,Heliangelus,73898144,8413062,1049650714,,,,reference genome,2024-01-26
GCF_036169615.1,Heliangelus exortis,,472823,Neognathae,Apodiformes,Trochilidae,Heliangelus,73898144,8413062,1049650714,,,,reference genome,2024-01-26
GCA_054051235.1,Chalcostigma stanleyi,,689208,Neognathae,Apodiformes,Trochilidae,Chalcostigma,73105083,1579170,1042267249,,,,reference genome,2025-12-17
GCA_023637945.2,Phaethornis superciliosus,long-tailed hermit,46513,Neognathae,Apodiformes,Trochilidae,Phaethornis,72671965,35194150,1020009783,,,,reference genome,2025-02-06
GCA_054372455.1,Selasphorus platycercus,broad-tailed hummingbird,240704,Neognathae,Apodiformes,Trochilidae,Selasphorus,72349162,27428828,1009456933,14.0,4.2,0.2684274388233353,reference genome,2026-01-06
GCA_054051245.1,Chalcostigma stanleyi,,689208,Neognathae,Apodiformes,Trochilidae,Chalcostigma,72296937,1621151,1023131045,,,,,2025-12-17
GCA_907165065.1,Caprimulgus europaeus,Eurasian nightjar,111811,Neognathae,Caprimulgiformes,Caprimulgidae,Caprimulgus,82614289,30622946,1177791212,11.9,67.0,-0.05572766220274006,reference genome,2021-05-17
GCF_907165065.1,Caprimulgus europaeus,Eurasian nightjar,111811,Neognathae,Caprimulgiformes,Caprimulgidae,Caprimulgus,82614289,30622946,1177791212,11.9,67.0,-0.05572766220274006,reference genome,2021-05-17
GCA_028020825.1,Podargus strigoides,tawny frogmouth,8905,Neognathae,Caprimulgiformes,Podargidae,Podargus,58393285,11637970,1271141449,,,,reference genome,2023-01-31
GCA_054099775.1,Steatornis caripensis,oilbird,48435,Neognathae,Caprimulgiformes,Steatornithidae,Steatornis,84204331,44324291,1367945121,,,,reference genome,2025-12-18
GCA_054099845.1,Steatornis caripensis,oilbird,48435,Neognathae,Caprimulgiformes,Steatornithidae,Steatornis,83830409,44910062,1200758481,,,,,2025-12-18
GCA_008658365.1,Alca torda,razorbill,28689,Neognathae,Charadriiformes,Alcidae,Alca,84526827,18221265,1178473458,42.0,726.0,0.2738099574363353,reference genome,2019-10-10
GCA_017639485.1,Pluvialis apricaria,,670352,Neognathae,Charadriiformes,Charadriidae,Pluvialis,87527607,15203797,1247746888,12.8,214.0,-0.13038702765940124,reference genome,2021-03-30
GCA_965286855.1,Vanellus vanellus,,100859,Neognathae,Charadriiformes,Charadriidae,Vanellus,87105696,22783031,1393446359,24.5,218.5,0.14966380833410486,reference genome,2025-06-07
GCA_053477275.1,Charadrius alexandrinus x Charadrius dealbatus,,2697428,Neognathae,Charadriiformes,Charadriidae,Charadrius,84072220,23698919,1205393496,,,,reference genome,2025-11-14
GCA_965231255.1,Vanellus vanellus,,100859,Neognathae,Charadriiformes,Charadriidae,Vanellus,82789932,1930563,1476605334,24.5,218.5,0.14966380833410486,,2025-03-28
GCA_976988815.1,Haematopus ostralegus,Eurasian oystercatcher,31908,Neognathae,Charadriiformes,Haematopodidae,Haematopus,87398943,4836579,1305996864,43.3,480.0,0.32493110036011585,reference genome,2025-11-08
GCA_976988755.1,Haematopus ostralegus,Eurasian oystercatcher,31908,Neognathae,Charadriiformes,Haematopodidae,Haematopus,85971649,4999330,1290388642,43.3,480.0,0.32493110036011585,,2025-10-10
GCA_965649815.1,Larus marinus,,8912,Neognathae,Charadriiformes,Laridae,Larus,101702972,4427508,1239846396,29.2,1658.5,0.04030744485812532,reference genome,2025-07-31
GCA_965654465.1,Larus glaucescens,glaucous-winged gull,119606,Neognathae,Charadriiformes,Laridae,Larus,99528583,3859372,1225395165,32.0,908.0,0.13523010130492996,reference genome,2025-08-03
GCA_964199725.2,Larus michahellis,yellow-legged gull,119627,Neognathae,Charadriiformes,Laridae,Larus,98331555,3730653,1224408023,,,,,2025-07-31
GCA_965654445.1,Larus occidentalis,,126713,Neognathae,Charadriiformes,Laridae,Larus,97575237,3921826,1232342620,33.9,931.5,0.1579404014950314,reference genome,2025-08-03
GCA_965654415.1,Larus hyperboreus,,119637,Neognathae,Charadriiformes,Laridae,Larus,96916423,3123111,1222596547,21.1,1210.0,-0.07192598938634487,reference genome,2025-08-03
GCA_964417175.1,Larus argentatus,herring gull,35669,Neognathae,Charadriiformes,Laridae,Larus,88668981,3525167,1417836755,49.0,1094.0,0.3032146097820039,reference genome,2024-12-05
GCA_965649785.1,Larus marinus,,8912,Neognathae,Charadriiformes,Laridae,Larus,88539195,4327725,1427211259,29.2,1658.5,0.04030744485812532,,2025-07-31
GCA_963932325.2,Larus fuscus,,8915,Neognathae,Charadriiformes,Laridae,Larus,88510922,3559350,1291628069,34.9,766.2,0.18845185070528614,reference genome,2025-08-23
GCA_966204495.1,Larus canus,,28681,Neognathae,Charadriiformes,Laridae,Larus,88504857,3838233,1317714504,33.7,430.6,0.22601667501877176,reference genome,2025-08-24
GCA_028500815.1,Rissa tridactyla,black-legged kittiwake,75485,Neognathae,Charadriiformes,Laridae,Rissa,88208671,15653959,1353621101,28.5,317.0,0.18127318198912912,reference genome,2023-02-09
GCF_028500815.1,Rissa tridactyla,black-legged kittiwake,75485,Neognathae,Charadriiformes,Laridae,Rissa,88208671,15653959,1353621101,28.5,317.0,0.18127318198912912,reference genome,2023-02-09
GCA_964199755.1,Larus michahellis,yellow-legged gull,119627,Neognathae,Charadriiformes,Laridae,Larus,87713602,4216312,1405564706,,,,,2024-07-14
GCF_964199755.1,Larus michahellis,yellow-legged gull,119627,Neognathae,Charadriiformes,Laridae,Larus,87713602,4216312,1405564706,,,,reference genome,2024-07-14
GCA_966207165.1,Larus canus,,28681,Neognathae,Charadriiformes,Laridae,Larus,87583120,3787740,1387001037,33.7,430.6,0.22601667501877176,,2025-08-24
GCA_964199755.2,Larus michahellis,yellow-legged gull,119627,Neognathae,Charadriiformes,Laridae,Larus,86639822,3360787,1466224372,,,,reference genome,2025-07-31
GCA_963932225.2,Larus fuscus,,8915,Neognathae,Charadriiformes,Laridae,Larus,86173170,3007703,1425657605,34.9,766.2,0.18845185070528614,,2025-08-23
GCA_964417125.1,Larus argentatus,herring gull,35669,Neognathae,Charadriiformes,Laridae,Larus,85940022,4497000,1256866793,49.0,1094.0,0.3032146097820039,,2024-12-05
GCA_965654385.1,Larus glaucescens,glaucous-winged gull,119606,Neognathae,Charadriiformes,Laridae,Larus,85721269,3410995,1446586518,32.0,908.0,0.13523010130492996,,2025-08-03
GCA_965654215.1,Larus hyperboreus,,119637,Neognathae,Charadriiformes,Laridae,Larus,85666633,2840269,1458800923,21.1,1210.0,-0.07192598938634487,,2025-08-03
GCA_965654455.1,Larus occidentalis,,126713,Neognathae,Charadriiformes,Laridae,Larus,85627649,3779439,1443155878,33.9,931.5,0.1579404014950314,,2025-08-03
GCA_009819605.1,Sterna hirundo,Common tern,108405,Neognathae,Charadriiformes,Laridae,Sterna,85487239,22002498,1229953488,33.0,120.0,0.3338806043356948,reference genome,2019-12-31
GCA_053573735.1,Leucophaeus fuliginosus,Lava gull,328047,Neognathae,Charadriiformes,Laridae,Leucophaeus,85146451,42764735,1311830680,,,,reference genome,2025-11-21
GCA_963924245.1,Chroicocephalus ridibundus,black-headed gull,1192867,Neognathae,Charadriiformes,Laridae,Chroicocephalus,83755488,4003687,1417554307,32.9,306.0,0.24685767044300944,reference genome,2024-01-20
GCF_963924245.1,Chroicocephalus ridibundus,black-headed gull,1192867,Neognathae,Charadriiformes,Laridae,Chroicocephalus,83755488,4003687,1417554307,32.9,306.0,0.24685767044300944,reference genome,2024-01-20
GCA_030820635.1,Chroicocephalus ridibundus,black-headed gull,1192867,Neognathae,Charadriiformes,Laridae,Chroicocephalus,83560245,18400000,1243762172,32.9,306.0,0.24685767044300944,,2023-08-18
GCA_028501385.1,Rissa tridactyla,black-legged kittiwake,75485,Neognathae,Charadriiformes,Laridae,Rissa,82691832,18169445,1268441171,28.5,317.0,0.18127318198912912,,2023-02-10
GCA_964106895.1,Numenius arquata,Eurasian curlew,31919,Neognathae,Charadriiformes,Scolopacidae,Numenius,63363742,2605715,1348859203,31.8,728.0,0.15273591362197236,reference genome,2024-06-06
GCF_964106895.1,Numenius arquata,Eurasian curlew,31919,Neognathae,Charadriiformes,Scolopacidae,Numenius,63363742,2605715,1348859203,31.8,728.0,0.15273591362197236,reference genome,2024-06-06
GCA_034638445.1,Ciconia boyciana,Oriental stork,52775,Neognathae,Ciconiiformes,Ciconiidae,Ciconia,102765642,35788150,1240615254,48.1,4850.5,0.15881476298884611,reference genome,2023-12-27
GCF_034638445.1,Ciconia boyciana,Oriental stork,52775,Neognathae,Ciconiiformes,Ciconiidae,Ciconia,102765642,35788150,1240615254,48.1,4850.5,0.15881476298884611,reference genome,2023-12-27
GCA_017639555.1,Ciconia maguari,,52777,Neognathae,Ciconiiformes,Ciconiidae,Ciconia,85554746,23757428,1239415939,20.4,4000.0,-0.19604931465063968,reference genome,2021-03-30
GCA_035582795.1,Mycteria americana,wood stork,33587,Neognathae,Ciconiiformes,Ciconiidae,Mycteria,80020930,36845572,1348542611,27.0,2500.0,-0.031284101601782854,reference genome,2024-01-12
GCF_035582795.1,Mycteria americana,wood stork,33587,Neognathae,Ciconiiformes,Ciconiidae,Mycteria,80020930,36845572,1348542611,27.0,2500.0,-0.031284101601782854,reference genome,2024-01-12
GCA_028858725.2,Colius striatus,speckled mousebird,57412,Neognathae,Coliiformes,Coliidae,Colius,89023854,21931325,1212464869,11.5,51.0,-0.04559419428947975,reference genome,2023-02-24
GCF_028858725.1,Colius striatus,speckled mousebird,57412,Neognathae,Coliiformes,Coliidae,Colius,89023854,21931325,1212464869,11.5,51.0,-0.04559419428947975,reference genome,2023-02-24
GCA_028858625.2,Colius striatus,speckled mousebird,57412,Neognathae,Coliiformes,Coliidae,Colius,59190243,21724867,1153503718,11.5,51.0,-0.04559419428947975,,2023-02-24
GCA_036010745.1,Caloenas nicobarica,Nicobar pigeon,187106,Neognathae,Columbiformes,Columbidae,Caloenas,107988563,24693610,1197404482,20.5,519.0,-0.00695508035841641,,2024-01-24
GCA_032719375.1,Columba livia,rock pigeon,8932,Neognathae,Columbiformes,Columbidae,Columba,95288922,95288922,1295808506,35.0,358.7,0.2591814631735927,,2023-10-18
GCA_901699155.2,Streptopelia turtur,,177155,Neognathae,Columbiformes,Columbidae,Streptopelia,81365208,3790373,1178816852,13.2,132.0,-0.07278561586562082,reference genome,2021-05-17
GCA_036013445.1,Caloenas nicobarica,Nicobar pigeon,187106,Neognathae,Columbiformes,Columbidae,Caloenas,79699707,25101800,1285834579,20.5,519.0,-0.00695508035841641,reference genome,2024-01-26
GCF_036013445.1,Caloenas nicobarica,Nicobar pigeon,187106,Neognathae,Columbiformes,Columbidae,Caloenas,79699707,25101800,1285834579,20.5,519.0,-0.00695508035841641,reference genome,2024-01-26
GCA_964273445.1,Streptopelia decaocto,Eurasian collared-dove,177147,Neognathae,Columbiformes,Columbidae,Streptopelia,78754139,2425281,1290939990,17.9,157.4,0.04338070219762824,reference genome,2024-10-04
GCA_964273585.1,Streptopelia decaocto,Eurasian collared-dove,177147,Neognathae,Columbiformes,Columbidae,Streptopelia,78428900,2790637,1200501445,17.9,157.4,0.04338070219762824,,2024-10-04
GCA_963082525.1,Nesoenas mayeri,pink pigeon,187126,Neognathae,Columbiformes,Columbidae,Nesoenas,78184682,4840756,1183254979,,,,reference genome,2023-08-09
GCA_040285205.1,Columba livia,rock pigeon,8932,Neognathae,Columbiformes,Columbidae,Columba,77020822,7491769,1107711294,35.0,358.7,0.2591814631735927,,2024-06-25
GCA_055754855.1,Columba livia,rock pigeon,8932,Neognathae,Columbiformes,Columbidae,Columba,76594100,44145000,1359329535,35.0,358.7,0.2591814631735927,,2026-03-09
GCA_965250375.1,Columba palumbus,,8934,Neognathae,Columbiformes,Columbidae,Columba,72549161,3440717,1362502569,17.7,490.0,-0.06547134751284234,reference genome,2025-04-20
GCA_037038585.2,Patagioenas fasciata,band-tailed pigeon,372321,Neognathae,Columbiformes,Columbidae,Patagioenas,71669782,48246320,1454324034,18.5,315.0,-0.005820479811867507,reference genome,2025-02-07
GCF_037038585.1,Patagioenas fasciata,band-tailed pigeon,372321,Neognathae,Columbiformes,Columbidae,Patagioenas,71669782,48246320,1454324034,18.5,315.0,-0.005820479811867507,reference genome,2025-02-07
GCA_036971685.2,Patagioenas fasciata,band-tailed pigeon,372321,Neognathae,Columbiformes,Columbidae,Patagioenas,70857732,63448456,1198742887,18.5,315.0,-0.005820479811867507,,2025-02-10
GCA_036013475.2,Columba livia,rock pigeon,8932,Neognathae,Columbiformes,Columbidae,Columba,68980706,14042120,1325566026,35.0,358.7,0.2591814631735927,reference genome,2024-04-08
GCF_036013475.1,Columba livia,rock pigeon,8932,Neognathae,Columbiformes,Columbidae,Columba,68980706,14042120,1325566026,35.0,358.7,0.2591814631735927,reference genome,2024-04-08
GCA_036010775.2,Columba livia,rock pigeon,8932,Neognathae,Columbiformes,Columbidae,Columba,68652091,17433930,1181506259,35.0,358.7,0.2591814631735927,,2024-04-08
GCA_017976375.1,Cuculus canorus,common cuckoo,55661,Neognathae,Cuculiformes,Cuculidae,Cuculus,78325852,20797936,1180136575,12.9,111.5,-0.0673172723067621,reference genome,2021-04-15
GCF_017976375.1,Cuculus canorus,common cuckoo,55661,Neognathae,Cuculiformes,Cuculidae,Cuculus,78325852,20797936,1180136575,12.9,111.5,-0.0673172723067621,reference genome,2021-04-15
GCA_032191515.2,Phaenicophaeus curvirostris,,33595,Neognathae,Cuculiformes,Cuculidae,Phaenicophaeus,70715910,17162444,1315410253,,,,reference genome,2023-09-29
GCF_032191515.1,Phaenicophaeus curvirostris,,33595,Neognathae,Cuculiformes,Cuculidae,Phaenicophaeus,70715910,17162444,1315410253,,,,reference genome,2023-09-29
GCA_027574665.1,Rhynochetos jubatus,kagu,54386,Neognathae,Eurypygiformes,Rhynochetidae,Rhynochetos,63592491,10485863,1331454348,,,,reference genome,2023-01-09
GCA_965282645.1,Falco peregrinus,peregrine falcon,8954,Neognathae,Falconiformes,Falconidae,Falco,113526587,5509184,1209127676,25.0,840.0,0.035147072418916014,,2025-05-18
GCA_023634155.1,Falco peregrinus,peregrine falcon,8954,Neognathae,Falconiformes,Falconidae,Falco,93682670,15744644,1311580791,25.0,840.0,0.035147072418916014,reference genome,2022-06-02
GCF_023634155.1,Falco peregrinus,peregrine falcon,8954,Neognathae,Falconiformes,Falconidae,Falco,93682670,15744644,1311580791,25.0,840.0,0.035147072418916014,reference genome,2022-06-02
GCA_965282525.1,Falco peregrinus,peregrine falcon,8954,Neognathae,Falconiformes,Falconidae,Falco,93426718,5500399,1284654402,25.0,840.0,0.035147072418916014,,2025-05-18
GCA_023634085.1,Falco cherrug,Saker falcon,345164,Neognathae,Falconiformes,Falconidae,Falco,92426045,21245687,1309366964,15.9,966.0,-0.17419184563455015,reference genome,2022-06-02
GCF_023634085.1,Falco cherrug,Saker falcon,345164,Neognathae,Falconiformes,Falconidae,Falco,92426045,21245687,1309366964,15.9,966.0,-0.17419184563455015,reference genome,2022-06-02
GCA_963210335.1,Falco punctatus,,148596,Neognathae,Falconiformes,Falconidae,Falco,92385878,4755657,1279260504,10.0,169.5,-0.2162531976818789,reference genome,2023-08-19
GCA_976974655.1,Falco tinnunculus,common kestrel,100819,Neognathae,Falconiformes,Falconidae,Falco,92215987,5189005,1201163297,23.8,184.0,0.15280858999972735,reference genome,2025-10-05
GCF_017639655.2,Falco naumanni,lesser kestrel,148594,Neognathae,Falconiformes,Falconidae,Falco,91761059,13754753,1215702009,10.9,152.5,-0.1691503070159952,reference genome,2021-03-30
GCA_017639655.1,Falco naumanni,lesser kestrel,148594,Neognathae,Falconiformes,Falconidae,Falco,91761059,13754753,1215702009,10.9,152.5,-0.1691503070159952,reference genome,2021-03-30
GCA_976974455.1,Falco tinnunculus,common kestrel,100819,Neognathae,Falconiformes,Falconidae,Falco,91707238,4874000,1417225294,23.8,184.0,0.15280858999972735,,2025-10-26
GCA_023638135.1,Falco biarmicus,lanner falcon,345155,Neognathae,Falconiformes,Falconidae,Falco,91472507,24892811,1285492283,,,,reference genome,2022-06-02
GCF_023638135.1,Falco biarmicus,lanner falcon,345155,Neognathae,Falconiformes,Falconidae,Falco,91472507,24892811,1285492283,,,,reference genome,2022-06-02
GCA_015220075.1,Falco rusticolus,gyrfalcon,120794,Neognathae,Falconiformes,Falconidae,Falco,91094845,15323486,1195829278,13.5,1406.5,-0.2796523768023209,reference genome,2020-11-03
GCF_015220075.1,Falco rusticolus,gyrfalcon,120794,Neognathae,Falconiformes,Falconidae,Falco,91094845,15323486,1195829278,13.5,1406.5,-0.2796523768023209,reference genome,2020-11-03
GCA_965278835.1,Alectoris graeca,rock partridge,40178,Neognathae,Galliformes,Phasianidae,Alectoris,97991491,43679502,1114500572,,,,reference genome,2025-05-31
GCA_045791835.1,Pavo cristatus,Indian peafowl,9049,Neognathae,Galliformes,Phasianidae,Pavo,94977930,30501418,1041763075,23.2,4200.0,-0.14465852572303883,reference genome,2024-12-06
GCA_035666275.1,Alectoris chukar,chukar partridge,9078,Neognathae,Galliformes,Phasianidae,Alectoris,93605039,1069603,1034932086,,,,reference genome,2024-01-17
GCA_965225075.1,Pavo cristatus,Indian peafowl,9049,Neognathae,Galliformes,Phasianidae,Pavo,93074296,3567650,1036604390,23.2,4200.0,-0.14465852572303883,,2025-03-27
GCA_051903495.1,Alectoris rufa,red-legged partridge,9079,Neognathae,Galliformes,Phasianidae,Alectoris,92881468,92881468,1037582712,6.2,528.0,-0.5278913180242735,reference genome,2025-08-08
GCA_033088195.2,Gallus gallus gallus,,208526,Neognathae,Galliformes,Phasianidae,Gallus,90911270,90911270,1094958033,,,,,2025-11-14
GCA_039878825.1,Excalfactoria chinensis,blue-breasted quail,46218,Neognathae,Galliformes,Phasianidae,Excalfactoria,86361526,7816141,966847183,,,,reference genome,2024-05-31
GCF_039878825.1,Excalfactoria chinensis,blue-breasted quail,46218,Neognathae,Galliformes,Phasianidae,Excalfactoria,86361526,7816141,966847183,,,,reference genome,2024-05-31
GCA_039878515.1,Excalfactoria chinensis,blue-breasted quail,46218,Neognathae,Galliformes,Phasianidae,Excalfactoria,86245886,6812677,974500481,,,,,2024-05-29
GCA_030625065.1,Alectoris magna,Przewalski's partridge,40179,Neognathae,Galliformes,Phasianidae,Alectoris,77158717,23345045,1135030874,,,,reference genome,2023-08-08
GCA_051820755.1,Coturnix coturnix,Common quail,9091,Neognathae,Galliformes,Phasianidae,Coturnix,75266076,2547645,1080135269,14.6,96.5,-0.00032598210450185405,reference genome,2025-08-05
GCA_037305975.1,Chrysolophus pictus,golden pheasant,9089,Neognathae,Galliformes,Phasianidae,Chrysolophus,72274759,37751291,1061050268,13.4,625.0,-0.20861960694490556,reference genome,2024-03-20
GCA_943294205.1,Meleagris gallopavo,turkey,9103,Neognathae,Galliformes,Phasianidae,Meleagris,71481950,19817032,1085657715,13.0,6050.0,-0.4296186667380175,,2022-06-24
GCA_951394365.1,Tetrao urogallus,western capercaillie,100830,Neognathae,Galliformes,Phasianidae,Tetrao,71401156,1909808,1013167347,18.0,2950.0,-0.22252918792198284,reference genome,2023-06-15
GCF_951394365.1,Tetrao urogallus,western capercaillie,100830,Neognathae,Galliformes,Phasianidae,Tetrao,71401156,1909808,1013167347,18.0,2950.0,-0.22252918792198284,reference genome,2023-06-15
GCA_023343835.1,Lagopus muta,rock ptarmigan,64668,Neognathae,Galliformes,Phasianidae,Lagopus,71229700,17905263,1026755127,,,,reference genome,2022-05-12
GCF_023343835.1,Lagopus muta,rock ptarmigan,64668,Neognathae,Galliformes,Phasianidae,Lagopus,71229700,17905263,1026755127,,,,reference genome,2022-05-12
GCA_943295565.1,Meleagris gallopavo,turkey,9103,Neognathae,Galliformes,Phasianidae,Meleagris,71046337,9174806,1051251094,13.0,6050.0,-0.4296186667380175,,2022-06-24
GCA_030408155.1,Lophura swinhoii,,140446,Neognathae,Galliformes,Phasianidae,Lophura,61385513,11027439,1144026423,,,,reference genome,2023-07-05
GCA_037216735.1,Chrysolophus pictus,golden pheasant,9089,Neognathae,Galliformes,Phasianidae,Chrysolophus,60607567,32994898,1000637296,13.4,625.0,-0.20861960694490556,,2024-03-20
GCA_054131305.1,Coturnix japonica,Japanese quail,93934,Neognathae,Galliformes,Phasianidae,Coturnix,56593093,20383166,1279647445,6.0,115.0,-0.40258550035737284,,2025-12-22
GCA_030936135.1,Gavia stellata,red-throated loon,37040,Neognathae,Gaviiformes,Gaviidae,Gavia,50637386,13765203,1321270170,24.0,1816.0,-0.05317036552889842,reference genome,2023-08-30
GCF_030936135.1,Gavia stellata,red-throated loon,37040,Neognathae,Gaviiformes,Gaviidae,Gavia,50637386,13765203,1321270170,24.0,1816.0,-0.05317036552889842,reference genome,2023-08-30
GCA_030936125.1,Gavia stellata,red-throated loon,37040,Neognathae,Gaviiformes,Gaviidae,Gavia,50556253,12016335,1403461371,24.0,1816.0,-0.05317036552889842,,2023-08-30
GCA_964106855.1,Grus grus,Eurasian crane,40816,Neognathae,Gruiformes,Gruidae,Grus,83713171,3365458,1352263658,43.0,5500.0,0.09863264806401006,reference genome,2024-06-06
GCA_053455625.1,Leucogeranus leucogeranus,Siberian crane,3150944,Neognathae,Gruiformes,Gruidae,Leucogeranus,83445140,21544053,1311076771,,,,reference genome,2025-11-13
GCA_028858705.1,Grus americana,Whooping crane,9117,Neognathae,Gruiformes,Gruidae,Grus,82903739,28324902,1257821324,40.0,7500.0,0.038827662928847095,reference genome,2023-02-24
GCF_028858705.1,Grus americana,Whooping crane,9117,Neognathae,Gruiformes,Gruidae,Grus,82903739,28324902,1257821324,40.0,7500.0,0.038827662928847095,reference genome,2023-02-24
GCA_011004875.1,Balearica regulorum gibbericeps,East African grey crowned-crane,100784,Neognathae,Gruiformes,Gruidae,Balearica,82577926,23326060,1221032548,,,,reference genome,2020-03-05
GCF_011004875.1,Balearica regulorum gibbericeps,East African grey crowned-crane,100784,Neognathae,Gruiformes,Gruidae,Balearica,82577926,23326060,1221032548,,,,reference genome,2020-03-05
GCA_028858595.1,Grus americana,Whooping crane,9117,Neognathae,Gruiformes,Gruidae,Grus,81581678,7082157,1200805165,40.0,7500.0,0.038827662928847095,,2023-02-24
GCA_964237585.1,Gallinula chloropus,common moorhen,9123,Neognathae,Gruiformes,Rallidae,Gallinula,90336355,3673000,1282394494,18.6,392.0,-0.023501555746972658,reference genome,2024-08-31
GCA_965250365.1,Rallus aquaticus,,54496,Neognathae,Gruiformes,Rallidae,Rallus,86795660,4112000,1266648806,8.9,111.5,-0.22851697596109832,reference genome,2025-04-20
GCA_020800305.1,Porphyrio hochstetteri,South Island takahe,439704,Neognathae,Gruiformes,Rallidae,Porphyrio,71566193,13461271,1270277365,,,,reference genome,2021-11-08
GCA_034619465.1,Leptosomus discolor,cuckoo roller,188344,Neognathae,Leptosomiformes,Leptosomidae,Leptosomus,82124922,8826436,1332028070,,,,,2023-12-27
GCA_034619455.1,Leptosomus discolor,cuckoo roller,188344,Neognathae,Leptosomiformes,Leptosomidae,Leptosomus,82108581,8029456,1327905210,,,,,2023-12-27
GCA_009769465.1,Tauraco erythrolophus,red-crested turaco,121530,Neognathae,Musophagiformes,Musophagidae,Tauraco,85562082,11927027,1252271553,,,,,2019-12-19
GCA_013368605.1,Nyctibius grandis,,48427,Neognathae,Nyctibiiformes,Nyctibiidae,Nyctibius,92359233,23231768,1256393467,,,,reference genome,2020-06-23
GCF_013368605.1,Nyctibius grandis,,48427,Neognathae,Nyctibiiformes,Nyctibiidae,Nyctibius,92359233,23231768,1256393467,,,,reference genome,2020-06-23
GCA_030867145.1,Opisthocomus hoazin,,30419,Neognathae,Opisthocomiformes,Opisthocomidae,Opisthocomus,80946297,14274197,1482459898,,,,reference genome,2023-08-24
GCF_030867145.1,Opisthocomus hoazin,,30419,Neognathae,Opisthocomiformes,Opisthocomidae,Opisthocomus,80946297,14274197,1482459898,,,,reference genome,2023-08-24
GCA_030867165.1,Opisthocomus hoazin,,30419,Neognathae,Opisthocomiformes,Opisthocomidae,Opisthocomus,75689470,13957079,1355639139,,,,,2023-08-24
GCA_036417535.1,Chlamydotis macqueenii,Macqueen's bustard,187382,Neognathae,Otidiformes,Otididae,Chlamydotis,84623986,25335467,1273916401,,,,,2024-02-07
GCA_036418225.1,Chlamydotis macqueenii,Macqueen's bustard,187382,Neognathae,Otidiformes,Otididae,Chlamydotis,84298225,29084237,1106587813,,,,,2024-02-07
GCA_026413225.1,Otis tarda,great bustard,73107,Neognathae,Otidiformes,Otididae,Otis,82831862,40962436,1198259872,28.3,7895.5,-0.1161509477891367,reference genome,2022-11-27
GCA_977066295.1,Aegithalos caudatus,Northern long-tailed tit,73327,Neognathae,Passeriformes,Aegithalidae,Aegithalos,73711400,8444000,1216966789,11.1,8.6,0.10200629528583094,reference genome,2025-11-28
GCA_018697195.1,Certhia americana,,186443,Neognathae,Passeriformes,Certhiidae,Certhia,64356598,143071,1113356413,,,,reference genome,2021-06-03
GCA_963662255.1,Cinclus cinclus,,127875,Neognathae,Passeriformes,Cinclidae,Cinclus,74357285,3563180,1170837027,10.6,61.7,-0.09842375475375853,reference genome,2023-12-11
GCF_963662255.1,Cinclus cinclus,,127875,Neognathae,Passeriformes,Cinclidae,Cinclus,74357285,3563180,1170837027,10.6,61.7,-0.09842375475375853,reference genome,2023-12-11
GCA_021018805.3,Prinia subflava,tawny-flanked prinia,208062,Neognathae,Passeriformes,Cisticolidae,Prinia,63498583,7918915,1119947663,,,,reference genome,2024-01-26
GCF_021018805.1,Prinia subflava,tawny-flanked prinia,208062,Neognathae,Passeriformes,Cisticolidae,Prinia,63498583,7918915,1119947663,,,,reference genome,2024-01-26
GCA_046129655.1,Cyanocitta cristata,blue jay,28727,Neognathae,Passeriformes,Corvidae,Cyanocitta,76484566,6932545,1227159539,26.2,80.8,0.2698796764601499,reference genome,2024-12-18
GCA_020740725.1,Corvus hawaiiensis,hawaiian crow,134902,Neognathae,Passeriformes,Corvidae,Corvus,76278832,23064755,1151594481,25.0,520.0,0.07905482865968971,reference genome,2021-11-04
GCF_020740725.1,Corvus hawaiiensis,hawaiian crow,134902,Neognathae,Passeriformes,Corvidae,Corvus,76278832,23064755,1151594481,25.0,520.0,0.07905482865968971,reference genome,2021-11-04
GCA_965178545.1,Coloeus monedula,jackdaw,30423,Neognathae,Passeriformes,Corvidae,Coloeus,75391489,3289653,1263979770,20.3,246.0,0.057140217196582244,,2025-03-04
GCA_009650955.1,Corvus moneduloides,New Caledonian crow,1196302,Neognathae,Passeriformes,Corvidae,Corvus,74699841,11524098,1112734094,,,,reference genome,2019-11-14
GCF_009650955.1,Corvus moneduloides,New Caledonian crow,1196302,Neognathae,Passeriformes,Corvidae,Corvus,74699841,11524098,1112734094,,,,reference genome,2019-11-14
GCA_041296225.1,Aphelocoma coerulescens,scrub jay,39617,Neognathae,Passeriformes,Corvidae,Aphelocoma,74350943,133581,1060933515,15.0,78.7,0.030080660498944978,,2024-08-16
GCA_013407035.1,Coloeus monedula,jackdaw,30423,Neognathae,Passeriformes,Corvidae,Coloeus,73777161,23262489,1035863955,20.3,246.0,0.057140217196582244,reference genome,2020-07-13
GCA_000738735.6,Corvus cornix cornix,,932674,Neognathae,Passeriformes,Corvidae,Corvus,73732264,8553235,1030864775,,,,reference genome,2022-04-01
GCF_000738735.6,Corvus cornix cornix,,932674,Neognathae,Passeriformes,Corvidae,Corvus,73732264,8553235,1030864775,,,,reference genome,2022-04-01
GCA_041296385.2,Aphelocoma coerulescens,scrub jay,39617,Neognathae,Passeriformes,Corvidae,Aphelocoma,68049500,17285536,1330898477,15.0,78.7,0.030080660498944978,reference genome,2024-10-21
GCA_041296385.1,Aphelocoma coerulescens,scrub jay,39617,Neognathae,Passeriformes,Corvidae,Aphelocoma,68049500,17285536,1330898477,15.0,78.7,0.030080660498944978,,2024-08-16
GCF_041296385.1,Aphelocoma coerulescens,scrub jay,39617,Neognathae,Passeriformes,Corvidae,Aphelocoma,68049500,17285536,1330898477,15.0,78.7,0.030080660498944978,reference genome,2024-08-16
GCA_046129645.1,Cyanocitta cristata,blue jay,28727,Neognathae,Passeriformes,Corvidae,Cyanocitta,65830681,7082694,1195662530,26.2,80.8,0.2698796764601499,,2024-12-18
GCA_965178535.1,Coloeus monedula,jackdaw,30423,Neognathae,Passeriformes,Corvidae,Coloeus,64959247,3370455,1109102816,20.3,246.0,0.057140217196582244,,2025-03-04
GCA_050655825.1,Lonchura striata,white-rumped munia,40157,Neognathae,Passeriformes,Estrildidae,Lonchura,74583612,74583612,1306137203,10.0,12.3,0.02392121409524295,,2025-06-02
GCA_046129695.1,Lonchura striata,white-rumped munia,40157,Neognathae,Passeriformes,Estrildidae,Lonchura,73424396,29140630,1207550942,10.0,12.3,0.02392121409524295,reference genome,2024-12-18
GCF_046129695.1,Lonchura striata,white-rumped munia,40157,Neognathae,Passeriformes,Estrildidae,Lonchura,73424396,29140630,1207550942,10.0,12.3,0.02392121409524295,reference genome,2024-12-18
GCA_046129705.1,Lonchura striata,white-rumped munia,40157,Neognathae,Passeriformes,Estrildidae,Lonchura,72614999,31062148,1195923327,10.0,12.3,0.02392121409524295,,2024-12-18
GCA_048772025.1,Taeniopygia guttata,zebra finch,59729,Neognathae,Passeriformes,Estrildidae,Taeniopygia,72373967,72373967,1021668102,12.0,12.0,0.10536321509177748,,2025-03-21
GCA_051428105.1,Taeniopygia guttata,zebra finch,59729,Neognathae,Passeriformes,Estrildidae,Taeniopygia,72223254,8294711,1005855727,12.0,12.0,0.10536321509177748,,2025-07-21
GCA_048771995.1,Taeniopygia guttata,zebra finch,59729,Neognathae,Passeriformes,Estrildidae,Taeniopygia,72089520,65033001,1141148522,12.0,12.0,0.10536321509177748,reference genome,2025-03-21
GCF_048771995.1,Taeniopygia guttata,zebra finch,59729,Neognathae,Passeriformes,Estrildidae,Taeniopygia,72089520,65033001,1141148522,12.0,12.0,0.10536321509177748,reference genome,2025-03-21
GCA_051427915.1,Taeniopygia guttata,zebra finch,59729,Neognathae,Passeriformes,Estrildidae,Taeniopygia,72061231,6935319,1166567356,12.0,12.0,0.10536321509177748,,2025-07-21
GCA_005870125.1,Lonchura striata,white-rumped munia,40157,Neognathae,Passeriformes,Estrildidae,Lonchura,71975342,100423,1060252993,10.0,12.3,0.02392121409524295,,2019-06-05
GCF_005870125.1,Lonchura striata,white-rumped munia,40157,Neognathae,Passeriformes,Estrildidae,Lonchura,71975342,100423,1060252993,10.0,12.3,0.02392121409524295,,2019-06-05
GCA_008822115.3,Taeniopygia guttata,zebra finch,59729,Neognathae,Passeriformes,Estrildidae,Taeniopygia,71673800,5533763,995935930,12.0,12.0,0.10536321509177748,,2020-02-21
GCA_009859065.2,Taeniopygia guttata,zebra finch,59729,Neognathae,Passeriformes,Estrildidae,Taeniopygia,71643432,4023669,1106280703,12.0,12.0,0.10536321509177748,,2020-04-01
GCA_008822125.1,Taeniopygia guttata,zebra finch,59729,Neognathae,Passeriformes,Estrildidae,Taeniopygia,71341325,4443179,1047569904,12.0,12.0,0.10536321509177748,,2019-10-03
GCA_003957565.4,Taeniopygia guttata,zebra finch,59729,Neognathae,Passeriformes,Estrildidae,Taeniopygia,70982421,8964551,1056254409,12.0,12.0,0.10536321509177748,,2021-05-04
GCF_003957565.2,Taeniopygia guttata,zebra finch,59729,Neognathae,Passeriformes,Estrildidae,Taeniopygia,70982421,8964551,1056254409,12.0,12.0,0.10536321509177748,,2021-05-04
GCA_008822105.2,Taeniopygia guttata,zebra finch,59729,Neognathae,Passeriformes,Estrildidae,Taeniopygia,70879221,4378277,1068971253,12.0,12.0,0.10536321509177748,,2020-02-21
GCF_008822105.2,Taeniopygia guttata,zebra finch,59729,Neognathae,Passeriformes,Estrildidae,Taeniopygia,70879221,4378277,1068971253,12.0,12.0,0.10536321509177748,,2020-02-12
GCA_050655735.1,Lonchura striata,white-rumped munia,40157,Neognathae,Passeriformes,Estrildidae,Lonchura,70278893,57875299,1150370587,10.0,12.3,0.02392121409524295,,2025-06-02
GCA_027477595.1,Haemorhous mexicanus,house finch,30427,Neognathae,Passeriformes,Fringillidae,Haemorhous,77212160,16787335,1148216196,11.6,21.4,0.03767629650599402,reference genome,2022-12-29
GCF_027477595.1,Haemorhous mexicanus,house finch,30427,Neognathae,Passeriformes,Fringillidae,Haemorhous,77212160,16787335,1148216196,11.6,21.4,0.03767629650599402,reference genome,2022-12-29
GCA_055764355.1,Serinus canaria,Common canary,9135,Neognathae,Passeriformes,Fringillidae,Serinus,76898014,11621605,1421920078,24.0,24.3,0.34179412523978114,,2026-03-10
GCA_965183895.1,Pyrrhula murina,,928672,Neognathae,Passeriformes,Fringillidae,Pyrrhula,76036967,64819875,1163867538,,,,reference genome,2025-03-04
GCA_965649865.1,Coccothraustes coccothraustes,hawfinch,37609,Neognathae,Passeriformes,Fringillidae,Coccothraustes,73935772,7278480,1190889568,12.6,56.6,-0.015460092573789108,reference genome,2025-07-31
GCA_039654755.1,Calcarius lapponicus,Lapland longspur,135424,Neognathae,Passeriformes,Fringillidae,Calcarius,72367164,1995792,1154665796,6.0,28.35,-0.27437927393523687,reference genome,2024-05-17
GCA_022539315.2,Serinus canaria,Common canary,9135,Neognathae,Passeriformes,Fringillidae,Serinus,72083177,12206373,1050336073,24.0,24.3,0.34179412523978114,reference genome,2022-08-25
GCF_022539315.1,Serinus canaria,Common canary,9135,Neognathae,Passeriformes,Fringillidae,Serinus,72083177,12206373,1050336073,24.0,24.3,0.34179412523978114,reference genome,2022-08-25
GCA_050947545.1,Emberiza aureola,yellow-breasted bunting,433632,Neognathae,Passeriformes,Fringillidae,Emberiza,71570192,122914,1020995869,7.0,19.6,-0.1736394251387584,,2025-06-17
GCA_055764365.1,Serinus canaria,Common canary,9135,Neognathae,Passeriformes,Fringillidae,Serinus,69946079,17267553,1264031119,24.0,24.3,0.34179412523978114,,2026-03-10
GCA_015532645.2,Fringilla coelebs coelebs,,1471794,Neognathae,Passeriformes,Fringillidae,Fringilla,69727445,66810,994865760,,,,,2021-06-16
GCA_055672765.1,Emberiza rustica,rustic bunting,36250,Neognathae,Passeriformes,Fringillidae,Emberiza,65771690,12685084,1291605020,,,,reference genome,2026-03-04
GCA_053477415.1,Spinus pinus,Pine siskin,2201931,Neognathae,Passeriformes,Fringillidae,Spinus,64938551,23035499,1097225515,11.0,12.7,0.062383859654908114,,2025-11-14
GCA_055697325.1,Emberiza rutila,Chestnut bunting,267979,Neognathae,Passeriformes,Fringillidae,Emberiza,64904774,11295816,1243704861,,,,reference genome,2026-03-04
GCA_055697245.1,Emberiza aureola,yellow-breasted bunting,433632,Neognathae,Passeriformes,Fringillidae,Emberiza,64644127,10111157,1308546733,7.0,19.6,-0.1736394251387584,reference genome,2026-03-04
GCA_055697235.1,Emberiza spodocephala,,125294,Neognathae,Passeriformes,Fringillidae,Emberiza,64073110,10073190,1264309501,,,,reference genome,2026-03-04
GCA_053477405.1,Spinus pinus,Pine siskin,2201931,Neognathae,Passeriformes,Fringillidae,Spinus,63847955,19100671,1253257106,11.0,12.7,0.062383859654908114,reference genome,2025-11-14
GCA_015227805.3,Hirundo rustica,Barn swallow,43150,Neognathae,Passeriformes,Hirundinidae,Hirundo,76187387,2794774,1105955550,16.0,18.3,0.19166586378259498,reference genome,2021-11-30
GCF_015227805.2,Hirundo rustica,Barn swallow,43150,Neognathae,Passeriformes,Hirundinidae,Hirundo,76187387,2794774,1105955550,16.0,18.3,0.19166586378259498,reference genome,2021-11-30
GCA_055001455.1,Riparia riparia,,88110,Neognathae,Passeriformes,Hirundinidae,Riparia,73324403,73324403,1189392182,10.0,12.7,0.020991174496682974,reference genome,2026-02-12
GCA_051311805.1,Agelaius phoeniceus,red-winged blackbird,39638,Neognathae,Passeriformes,Icteridae,Agelaius,73898474,30085171,1238411316,20.0,56.7,0.18503774111957227,reference genome,2025-07-14
GCF_051311805.1,Agelaius phoeniceus,red-winged blackbird,39638,Neognathae,Passeriformes,Icteridae,Agelaius,73898474,30085171,1238411316,20.0,56.7,0.18503774111957227,reference genome,2025-07-14
GCA_037042795.1,Molothrus aeneus,bronzed cowbird,84833,Neognathae,Passeriformes,Icteridae,Molothrus,70606200,25845000,1177171786,,,,reference genome,2024-03-07
GCF_037042795.1,Molothrus aeneus,bronzed cowbird,84833,Neognathae,Passeriformes,Icteridae,Molothrus,70606200,25845000,1177171786,,,,reference genome,2024-03-07
GCA_012460135.3,Molothrus ater,,84834,Neognathae,Passeriformes,Icteridae,Molothrus,70107701,13273966,1087219985,16.9,38.1,0.14829341647201155,reference genome,2022-10-11
GCF_012460135.2,Molothrus ater,,84834,Neognathae,Passeriformes,Icteridae,Molothrus,70107701,13273966,1087219985,16.9,38.1,0.14829341647201155,reference genome,2022-10-11
GCA_051348685.1,Agelaius phoeniceus,red-winged blackbird,39638,Neognathae,Passeriformes,Icteridae,Agelaius,65200977,29988714,1146822152,20.0,56.7,0.18503774111957227,,2025-07-15
GCA_054913815.1,Pterorhinus courtoisi,,1156347,Neognathae,Passeriformes,Leiothrichidae,Pterorhinus,70596790,27850013,1255045218,,,,reference genome,2026-02-04
GCA_009741485.1,Malurus cyaneus samueli,,2593467,Neognathae,Passeriformes,Maluridae,Malurus,68113514,210412,1078874851,,,,reference genome,2019-12-12
GCA_051294455.1,Myzomela tristrami,,1786045,Neognathae,Passeriformes,Meliphagidae,Myzomela,74714370,29690660,1257626521,,,,reference genome,2025-07-10
GCA_051294465.1,Myzomela cardinalis,cardinal Myzomela,265620,Neognathae,Passeriformes,Meliphagidae,Myzomela,72951082,19065458,1261735957,,,,reference genome,2025-07-10
GCA_008360975.3,Lichenostomus cassidix,helmeted honeyeater,1497555,Neognathae,Passeriformes,Meliphagidae,Lichenostomus,63798329,6735845,1102937223,,,,reference genome,2025-07-30
GCA_042985785.1,Mimus melanotis,San Cristobal mockingbird,245851,Neognathae,Passeriformes,Mimidae,Mimus,71597153,74264,1013368168,,,,reference genome,2024-10-15
GCA_015832195.1,Motacilla alba alba,,1094192,Neognathae,Passeriformes,Motacillidae,Motacilla,72386170,8515530,1072653902,,,,reference genome,2020-12-08
GCF_015832195.1,Motacilla alba alba,,1094192,Neognathae,Passeriformes,Motacillidae,Motacilla,72386170,8515530,1072653902,,,,reference genome,2020-12-08
GCA_054084135.1,Copsychus sechellarum,,797021,Neognathae,Passeriformes,Muscicapidae,Copsychus,71944673,12529446,1040605357,,,,reference genome,2025-12-18
GCA_029582105.1,Oenanthe melanoleuca,,2939378,Neognathae,Passeriformes,Muscicapidae,Oenanthe,69618406,7795761,1036256795,,,,reference genome,2023-04-06
GCF_029582105.1,Oenanthe melanoleuca,,2939378,Neognathae,Passeriformes,Muscicapidae,Oenanthe,69618406,7795761,1036256795,,,,reference genome,2023-04-06
GCA_054084125.1,Copsychus sechellarum,,797021,Neognathae,Passeriformes,Muscicapidae,Copsychus,68559407,13305154,1384301290,,,,,2025-12-18
GCA_014706295.2,Lycocorax pyrrhopterus obiensis,,2767082,Neognathae,Passeriformes,Paradisaeidae,Lycocorax,74168823,7315902,1107775038,,,,reference genome,2025-12-17
GCA_030490865.1,Poecile atricapillus,Black-capped chickadee,48891,Neognathae,Passeriformes,Paridae,Poecile,107919339,8462732,1251116877,12.4,10.4,0.13270538409704924,reference genome,2023-07-18
GCF_030490865.1,Poecile atricapillus,Black-capped chickadee,48891,Neognathae,Passeriformes,Paridae,Poecile,107919339,8462732,1251116877,12.4,10.4,0.13270538409704924,reference genome,2023-07-18
GCA_971803275.1,Cyanistes caeruleus,blue tit,156563,Neognathae,Passeriformes,Paridae,Cyanistes,82237909,3559555,1220456237,14.6,10.3,0.2045211598953819,,2025-09-13
GCA_971808865.1,Cyanistes caeruleus,blue tit,156563,Neognathae,Passeriformes,Paridae,Cyanistes,81606955,3266771,1229107639,14.6,10.3,0.2045211598953819,,2025-09-13
GCA_038429875.2,Poecile montanus,willow tit,48895,Neognathae,Passeriformes,Paridae,Poecile,76173615,16277000,1223814010,11.3,11.1,0.08639825345295904,reference genome,2025-02-05
GCA_030490855.1,Poecile atricapillus,Black-capped chickadee,48891,Neognathae,Passeriformes,Paridae,Poecile,75865069,8008306,987998379,12.4,10.4,0.13270538409704924,,2023-07-18
GCA_032357785.1,Periparus ater,Coal Tit,156567,Neognathae,Passeriformes,Paridae,Periparus,74403770,9092038,1124835199,9.5,9.2,0.02823227304393683,reference genome,2023-10-06
GCA_055754725.1,Baeolophus bicolor,tufted titmouse,88114,Neognathae,Passeriformes,Paridae,Baeolophus,74378943,6803303,1222437453,13.3,21.0,0.09879746975136627,reference genome,2026-03-09
GCA_049639895.1,Pseudopodoces humilis,Tibetan ground-tit,181119,Neognathae,Passeriformes,Paridae,Pseudopodoces,73139925,32246491,1051101716,,,,,2025-04-15
GCA_978021935.1,Parus major,Great Tit,9157,Neognathae,Passeriformes,Paridae,Parus,72463987,4234717,1044753706,15.4,17.9,0.17709001964206528,,2026-02-10
GCA_055001445.1,Parus major,Great Tit,9157,Neognathae,Passeriformes,Paridae,Parus,72002570,152317,998952537,15.4,17.9,0.17709001964206528,,2026-02-12
GCA_001522545.3,Parus major,Great Tit,9157,Neognathae,Passeriformes,Paridae,Parus,71365269,148693,1020293992,15.4,17.9,0.17709001964206528,reference genome,2019-01-15
GCF_001522545.3,Parus major,Great Tit,9157,Neognathae,Passeriformes,Paridae,Parus,71365269,148693,1020293992,15.4,17.9,0.17709001964206528,reference genome,2019-01-15
GCA_055761795.1,Baeolophus bicolor,tufted titmouse,88114,Neognathae,Passeriformes,Paridae,Baeolophus,64472019,6579559,1127455526,13.3,21.0,0.09879746975136627,,2026-03-10
GCA_978021925.1,Parus major,Great Tit,9157,Neognathae,Passeriformes,Paridae,Parus,64261913,3624465,1263885519,15.4,17.9,0.17709001964206528,,2026-01-23
GCA_009764595.1,Geothlypis trichas,common yellowthroat,135433,Neognathae,Passeriformes,Parulidae,Geothlypis,72541719,3247339,1078128490,11.5,9.5,0.10826863283693777,reference genome,2019-12-19
GCA_001746935.2,Setophaga coronata coronata,myrtle warbler,1037456,Neognathae,Passeriformes,Parulidae,Setophaga,71386623,43576,1022634526,,,,reference genome,2020-12-08
GCA_027887145.1,Ammospiza caudacuta,,2857398,Neognathae,Passeriformes,Passerellidae,Ammospiza,78443464,8252193,1241209685,,,,reference genome,2023-01-18
GCF_027887145.1,Ammospiza caudacuta,,2857398,Neognathae,Passeriformes,Passerellidae,Ammospiza,78443464,8252193,1241209685,,,,reference genome,2023-01-18
GCA_035770615.1,Melospiza melodia melodia,,1914991,Neognathae,Passeriformes,Passerellidae,Melospiza,77460261,19453098,1541245192,,,,reference genome,2024-01-24
GCF_035770615.1,Melospiza melodia melodia,,1914991,Neognathae,Passeriformes,Passerellidae,Melospiza,77460261,19453098,1541245192,,,,reference genome,2024-01-24
GCA_027579445.1,Ammospiza nelsoni,,2857394,Neognathae,Passeriformes,Passerellidae,Ammospiza,74723840,12036358,1185463352,,,,reference genome,2023-01-09
GCF_027579445.1,Ammospiza nelsoni,,2857394,Neognathae,Passeriformes,Passerellidae,Ammospiza,74723840,12036358,1185463352,,,,reference genome,2023-01-09
GCA_028018845.1,Melospiza georgiana,,44398,Neognathae,Passeriformes,Passerellidae,Melospiza,74254230,10446106,1162015399,7.8,16.1,-0.10863286981430287,reference genome,2023-01-31
GCF_028018845.1,Melospiza georgiana,,44398,Neognathae,Passeriformes,Passerellidae,Melospiza,74254230,10446106,1162015399,7.8,16.1,-0.10863286981430287,reference genome,2023-01-31
GCA_045281155.1,Zonotrichia leucophrys nuttalli,,655235,Neognathae,Passeriformes,Passerellidae,Zonotrichia,72190781,3442275,1121558528,,,,,2024-12-02
GCA_028769735.2,Zonotrichia leucophrys gambelii,,257770,Neognathae,Passeriformes,Passerellidae,Zonotrichia,71969017,14729340,1123996003,,,,reference genome,2023-12-27
GCF_028769735.1,Zonotrichia leucophrys gambelii,,257770,Neognathae,Passeriformes,Passerellidae,Zonotrichia,71969017,14729340,1123996003,,,,reference genome,2023-12-27
GCA_003829775.2,Junco hyemalis,dark-eyed junco,40217,Neognathae,Passeriformes,Passerellidae,Junco,71317294,75757,1031523570,11.3,19.0,0.03718750574121743,reference genome,2022-06-02
GCA_045269165.1,Zonotrichia capensis,rufous-collared sparrow,44391,Neognathae,Passeriformes,Passerellidae,Zonotrichia,71112957,15476969,1113638239,,,,reference genome,2024-11-25
GCA_036010785.1,Ammospiza maritima maritima,,3111550,Neognathae,Passeriformes,Passerellidae,Ammospiza,67791739,8735889,1397839254,,,,reference genome,2024-01-24
GCA_047774235.1,Zonotrichia albicollis,white-throated sparrow,44394,Neognathae,Passeriformes,Passerellidae,Zonotrichia,66000077,18665454,1176404578,14.9,21.1,0.14769715137389205,,2025-02-18
GCA_047830755.1,Zonotrichia albicollis,white-throated sparrow,44394,Neognathae,Passeriformes,Passerellidae,Zonotrichia,64429512,17147933,1278921982,14.9,21.1,0.14769715137389205,reference genome,2025-02-18
GCF_047830755.1,Zonotrichia albicollis,white-throated sparrow,44394,Neognathae,Passeriformes,Passerellidae,Zonotrichia,64429512,17147933,1278921982,14.9,21.1,0.14769715137389205,reference genome,2025-02-18
GCA_031885435.1,Passerculus sandwichensis,Savannah sparrow,161624,Neognathae,Passeriformes,Passerellidae,Passerculus,64395891,19816254,1270923488,18.0,20.2,0.23377435069476737,reference genome,2023-09-25
GCA_036417665.1,Passer domesticus,house sparrow,48849,Neognathae,Passeriformes,Passeridae,Passer,83066519,20590000,1310114252,23.0,25.3,0.31961844810811546,reference genome,2024-02-07
GCF_036417665.1,Passer domesticus,house sparrow,48849,Neognathae,Passeriformes,Passeridae,Passer,83066519,20590000,1310114252,23.0,25.3,0.31961844810811546,reference genome,2024-02-07
GCA_036417895.1,Passer domesticus,house sparrow,48849,Neognathae,Passeriformes,Passeridae,Passer,74917897,15030081,1260479385,23.0,25.3,0.31961844810811546,,2024-02-07
GCA_048593965.1,Phylloscopus trochiloides,greenish warbler,48154,Neognathae,Passeriformes,Phylloscopidae,Phylloscopus,77876639,7376425,1282834378,,,,reference genome,2025-03-17
GCA_036250135.1,Pseudopipra pipra,,415032,Neognathae,Passeriformes,Pipridae,Pseudopipra,75989417,11116877,1027640383,,,,,2024-01-31
GCA_009829145.1,Chiroxiphia lanceolata,lance-tailed manakin,296741,Neognathae,Passeriformes,Pipridae,Chiroxiphia,75608808,18496167,1089631598,,,,reference genome,2020-01-03
GCF_009829145.1,Chiroxiphia lanceolata,lance-tailed manakin,296741,Neognathae,Passeriformes,Pipridae,Chiroxiphia,75608808,18496167,1089631598,,,,reference genome,2020-01-03
GCA_036250125.1,Pseudopipra pipra,,415032,Neognathae,Passeriformes,Pipridae,Pseudopipra,75011098,10447158,1165201947,,,,reference genome,2024-01-31
GCF_036250125.1,Pseudopipra pipra,,415032,Neognathae,Passeriformes,Pipridae,Pseudopipra,75011098,10447158,1165201947,,,,reference genome,2024-01-31
GCA_032173965.1,Sitta carolinensis,,50250,Neognathae,Passeriformes,Sittidae,Sitta,57574287,18480409,1032235423,9.8,20.5,-0.03162182193473417,reference genome,2023-09-29
GCA_027559615.1,Acridotheres tristis,common myna,279927,Neognathae,Passeriformes,Sturnidae,Acridotheres,75254055,7308823,1193400391,,,,,2023-01-09
GCA_052056845.1,Sturnus vulgaris,Common starling,9172,Neognathae,Passeriformes,Sturnidae,Sturnus,74172147,20174914,1098594187,22.9,74.0,0.21946272013589851,,2025-08-15
GCA_052056855.1,Sturnus vulgaris,Common starling,9172,Neognathae,Passeriformes,Sturnidae,Sturnus,73111058,14719593,1357016380,22.9,74.0,0.21946272013589851,,2025-08-15
GCA_037013685.1,Acridotheres tristis,common myna,279927,Neognathae,Passeriformes,Sturnidae,Acridotheres,72486765,10406399,1040539946,,,,reference genome,2024-03-06
GCA_015883425.2,Lamprotornis superbus,,245042,Neognathae,Passeriformes,Sturnidae,Lamprotornis,72276715,150307,1068005652,,,,reference genome,2022-03-24
GCA_023376015.1,Sturnus vulgaris,Common starling,9172,Neognathae,Passeriformes,Sturnidae,Sturnus,72244370,148638,1043825371,22.9,74.0,0.21946272013589851,,2022-05-19
GCA_965287075.1,Acrocephalus paludicola,,68471,Neognathae,Passeriformes,Sylviidae,Acrocephalus,76810945,27615808,1163426503,,,,reference genome,2025-06-07
GCA_910950805.1,Acrocephalus scirpaceus scirpaceus,,126889,Neognathae,Passeriformes,Sylviidae,Acrocephalus,74438198,12742779,1075083815,,,,reference genome,2021-08-16
GCA_009819655.1,Sylvia atricapilla,blackcap,48155,Neognathae,Passeriformes,Sylviidae,Sylvia,72978054,7345957,1066786587,13.8,16.7,0.13580163324707173,reference genome,2019-12-31
GCF_009819655.1,Sylvia atricapilla,blackcap,48155,Neognathae,Passeriformes,Sylviidae,Sylvia,72978054,7345957,1066786587,13.8,16.7,0.13580163324707173,reference genome,2019-12-31
GCA_014839755.1,Sylvia borin,garden warbler,73324,Neognathae,Passeriformes,Sylviidae,Sylvia,72750092,31914676,1045652180,24.0,24.6,0.3406707255813206,reference genome,2020-10-02
GCA_047495875.1,Pithys albifrons albifrons,,3385563,Neognathae,Passeriformes,Thamnophilidae,Pithys,77071861,11992177,1144301792,,,,reference genome,2025-02-07
GCF_047495875.1,Pithys albifrons albifrons,,3385563,Neognathae,Passeriformes,Thamnophilidae,Pithys,77071861,11992177,1144301792,,,,reference genome,2025-02-07
GCA_013398505.2,Rhegmatorhina hoffmannsi,white-breasted antbird,468512,Neognathae,Passeriformes,Thamnophilidae,Rhegmatorhina,72802098,24643,1066555733,,,,reference genome,2021-04-30
GCA_045364795.1,Willisornis vidua,Xingu scale-backed antbird,1566151,Neognathae,Passeriformes,Thamnophilidae,Willisornis,68492996,4357226,1233406177,,,,reference genome,2024-12-02
GCA_045364805.1,Willisornis vidua,Xingu scale-backed antbird,1566151,Neognathae,Passeriformes,Thamnophilidae,Willisornis,67271988,5519225,1070918723,,,,,2024-12-02
GCA_902806625.1,Camarhynchus parvulus,,87175,Neognathae,Passeriformes,Thraupidae,Camarhynchus,71061686,15143611,1064016364,,,,,2020-03-21
GCA_901933205.1,Camarhynchus parvulus,,87175,Neognathae,Passeriformes,Thraupidae,Camarhynchus,70356807,16035651,1051609828,,,,reference genome,2019-09-06
GCF_901933205.1,Camarhynchus parvulus,,87175,Neognathae,Passeriformes,Thraupidae,Camarhynchus,70356807,16035651,1051609828,,,,reference genome,2019-09-06
GCA_019023105.1,Diglossa brunneiventris,black-throated flowerpiercer,547948,Neognathae,Passeriformes,Thraupidae,Diglossa,67281049,7273401,1079473785,,,,reference genome,2021-06-24
GCA_965287015.2,Turdus merula,blackbird,9187,Neognathae,Passeriformes,Turdidae,Turdus,71343807,32937796,1105465534,21.8,103.2,0.1676318870143767,reference genome,2025-12-05
GCA_965287035.1,Turdus iliacus,,411526,Neognathae,Passeriformes,Turdidae,Turdus,70769131,8414000,1127610686,18.8,61.2,0.151173196117532,reference genome,2025-06-07
GCA_009819885.2,Catharus ustulatus,Swainson's thrush,91951,Neognathae,Passeriformes,Turdidae,Catharus,68462074,4908935,1131616530,11.0,27.9,-0.009672913132644956,reference genome,2020-12-22
GCF_009819885.2,Catharus ustulatus,Swainson's thrush,91951,Neognathae,Passeriformes,Turdidae,Catharus,68462074,4908935,1131616530,11.0,27.9,-0.009672913132644956,reference genome,2020-12-22
GCA_052324695.1,Turdus migratorius,American robin,9188,Neognathae,Passeriformes,Turdidae,Turdus,68099324,13640387,1303638384,17.0,75.5,0.08823885490712224,reference genome,2025-08-28
GCA_965287025.1,Turdus philomelos,song thrush,127946,Neognathae,Passeriformes,Turdidae,Turdus,62560071,7452025,1090103056,17.7,67.8,0.11561191281521599,reference genome,2025-06-07
GCA_034336685.1,Luscinia luscinia,,391696,Neognathae,Passeriformes,Turdidae,Luscinia,62437632,18695389,1102322600,8.9,23.8,-0.08712359170994599,reference genome,2023-12-26
GCA_034336665.1,Luscinia megarhynchos,nightingale,383689,Neognathae,Passeriformes,Turdidae,Luscinia,61211992,13437235,1098475349,10.9,19.7,0.018223098329184673,reference genome,2023-12-26
GCA_903797595.2,Erithacus rubecula,European robin,37610,Neognathae,Passeriformes,Turdidae,Erithacus,60684490,5585877,1086738418,19.3,17.3,0.27824813481829325,reference genome,2021-05-03
GCF_903797595.1,Erithacus rubecula,European robin,37610,Neognathae,Passeriformes,Turdidae,Erithacus,60684490,5585877,1086738418,19.3,17.3,0.27824813481829325,reference genome,2021-05-03
GCA_038380795.1,Pyrocephalus nanus,Galapagos flycatcher,1853061,Neognathae,Passeriformes,Tyrannidae,Pyrocephalus,74038366,17811915,1072479546,,,,reference genome,2024-04-18
GCA_055470965.1,Sayornis phoebe,Eastern phoebe,56315,Neognathae,Passeriformes,Tyrannidae,Sayornis,64623597,18464113,1175667572,10.3,19.7,-0.006366174906266675,reference genome,2026-02-24
GCA_055471015.1,Sayornis phoebe,Eastern phoebe,56315,Neognathae,Passeriformes,Tyrannidae,Sayornis,64559386,21389695,1030083035,10.3,19.7,-0.006366174906266675,,2026-02-24
GCA_026979565.1,Vidua chalybeata,,81927,Neognathae,Passeriformes,Viduidae,Vidua,72553174,15819291,1080440577,,,,reference genome,2022-12-21
GCF_026979565.1,Vidua chalybeata,,81927,Neognathae,Passeriformes,Viduidae,Vidua,72553174,15819291,1080440577,,,,reference genome,2022-12-21
GCA_031753505.1,Anomalospiza imberbis,,187417,Neognathae,Passeriformes,Viduidae,Anomalospiza,72455167,12312023,1198243876,,,,reference genome,2023-09-22
GCF_031753505.1,Anomalospiza imberbis,,187417,Neognathae,Passeriformes,Viduidae,Anomalospiza,72455167,12312023,1198243876,,,,reference genome,2023-09-22
GCA_024509145.1,Vidua macroura,Pin-tailed whydah,187451,Neognathae,Passeriformes,Viduidae,Vidua,61801348,7488902,1123252761,,,,reference genome,2022-08-03
GCF_024509145.1,Vidua macroura,Pin-tailed whydah,187451,Neognathae,Passeriformes,Viduidae,Vidua,61801348,7488902,1123252761,,,,reference genome,2022-08-03
GCA_965231245.1,Zosterops lateralis,silver-eye,43581,Neognathae,Passeriformes,Zosteropidae,Zosterops,74034074,2855402,1047426550,13.0,12.7,0.1349345268035197,reference genome,2025-03-28
GCA_965231275.1,Zosterops lateralis,silver-eye,43581,Neognathae,Passeriformes,Zosteropidae,Zosterops,73228557,3151134,1143494826,13.0,12.7,0.1349345268035197,,2025-03-28
GCA_034008185.1,Gorsachius magnificus,,887050,Neognathae,Pelecaniformes,Ardeidae,Gorsachius,84772300,18463888,1176607910,,,,reference genome,2023-12-01
GCA_030463565.1,Pelecanus crispus,Dalmatian pelican,36300,Neognathae,Pelecaniformes,Pelecanidae,Pelecanus,86807213,9666746,1314568463,35.3,9550.0,-0.03758102551373188,reference genome,2023-07-18
GCF_030463565.1,Pelecanus crispus,Dalmatian pelican,36300,Neognathae,Pelecaniformes,Pelecanidae,Pelecanus,86807213,9666746,1314568463,35.3,9550.0,-0.03758102551373188,reference genome,2023-07-18
GCA_035839065.1,Nipponia nippon,crested ibis,128390,Neognathae,Pelecaniformes,Threskiornithidae,Nipponia,102769032,15945059,1306321373,25.8,1900.0,-0.02590184095166248,,2024-01-18
GCA_020745775.1,Theristicus caerulescens,plumbeous ibis,1118847,Neognathae,Pelecaniformes,Threskiornithidae,Theristicus,101368359,37098842,1203353649,,,,reference genome,2021-11-05
GCA_965183815.1,Platalea leucorodia,Eurasian spoonbill,257867,Neognathae,Pelecaniformes,Threskiornithidae,Platalea,94714899,3299000,1345825956,30.1,1868.0,0.042600076062322856,reference genome,2025-03-04
GCA_964289735.1,Phaethon aethereus,,37045,Neognathae,Phaethontiformes,Phaethontidae,Phaethon,85546101,2122569,1321007257,17.6,750.0,-0.1069043559986198,reference genome,2024-10-28
GCA_009819775.1,Phoenicopterus ruber ruber,,9218,Neognathae,Phoenicopteriformes,Phoenicopteridae,Phoenicopterus,85472901,14700712,1246226932,,,,reference genome,2019-12-31
GCA_054644135.1,Aechmophorus clarkii,,190660,Neognathae,Podicipediformes,Podicipedidae,Aechmophorus,70405786,5398840,1302899237,,,,,2026-01-22
GCA_054644155.1,Aechmophorus clarkii,,190660,Neognathae,Podicipediformes,Podicipedidae,Aechmophorus,67808474,3732523,1671505086,,,,reference genome,2026-01-22
GCA_964196065.2,Calonectris borealis,Cory's shearwater,1323832,Neognathae,Procellariiformes,Procellariidae,Calonectris,86671854,4109000,1211470109,,,,,2024-07-23
GCA_964195595.2,Calonectris borealis,Cory's shearwater,1323832,Neognathae,Procellariiformes,Procellariidae,Calonectris,86023716,4142416,1366185058,,,,reference genome,2024-07-24
GCF_964195595.1,Calonectris borealis,Cory's shearwater,1323832,Neognathae,Procellariiformes,Procellariidae,Calonectris,86023716,4142416,1366185058,,,,reference genome,2024-07-24
GCA_055471825.1,Pterodroma phaeopygia,,53680,Neognathae,Procellariiformes,Procellariidae,Pterodroma,74196310,46848837,1346342813,,,,reference genome,2026-02-24
GCA_037157625.1,Lathamus discolor,Swift parrot,678569,Neognathae,Psittaciformes,Psittacidae,Lathamus,129024758,25138706,1123412812,,,,,2024-03-15
GCA_037157495.1,Lathamus discolor,Swift parrot,678569,Neognathae,Psittaciformes,Psittacidae,Lathamus,126105786,19972387,1241003407,,,,reference genome,2024-03-15
GCF_037157495.1,Lathamus discolor,Swift parrot,678569,Neognathae,Psittaciformes,Psittacidae,Lathamus,126105786,19972387,1241003407,,,,reference genome,2024-03-15
GCA_051622155.1,Agapornis roseicollis,peach-faced lovebird,60468,Neognathae,Psittaciformes,Psittacidae,Agapornis,113181011,59940031,1159470847,,,,reference genome,2025-07-30
GCA_028858755.1,Ara ararauna,blue-and-yellow macaw,9226,Neognathae,Psittaciformes,Psittacidae,Ara,110438430,38811057,1224360198,43.0,1030.0,0.2520061505178406,reference genome,2023-02-24
GCA_028858555.1,Ara ararauna,blue-and-yellow macaw,9226,Neognathae,Psittaciformes,Psittacidae,Ara,109732589,30109517,1302242811,43.0,1030.0,0.2520061505178406,,2023-02-24
GCA_045345405.1,Guaruba guarouba,,51906,Neognathae,Psittaciformes,Psittacidae,Guaruba,109727540,33341676,1366127126,23.2,250.0,0.11365542371647486,reference genome,2024-12-02
GCA_963264785.1,Psittacula echo,Mauritius parakeet,232653,Neognathae,Psittaciformes,Psittacidae,Psittacula,106987384,5922112,1203813063,,,,reference genome,2023-08-20
GCA_045519325.1,Guaruba guarouba,,51906,Neognathae,Psittaciformes,Psittacidae,Guaruba,94529105,43034366,1190219310,23.2,250.0,0.11365542371647486,,2024-12-02
GCA_039720435.1,Amazona ochrocephala,yellow-crowned parrot,151761,Neognathae,Psittaciformes,Psittacidae,Amazona,92674118,14879228,1361896792,56.0,430.0,0.44670246455821183,reference genome,2024-05-24
GCA_980694505.1,Amazona vittata,Puerto Rican parrot,241585,Neognathae,Psittaciformes,Psittacidae,Amazona,91298000,6824896,1182534869,,,,reference genome,2026-02-20
GCA_017639355.1,Amazona aestiva,blue-fronted amazon,12930,Neognathae,Psittaciformes,Psittacidae,Amazona,89048441,26168,1130393257,49.0,451.0,0.384344936060133,reference genome,2021-03-30
GCA_004027225.2,Strigops habroptila,Kakapo,2489341,Neognathae,Psittaciformes,Psittacidae,Strigops,83240647,9454087,1148597545,60.0,1750.0,0.3481590884982897,reference genome,2020-03-04
GCF_004027225.2,Strigops habroptila,Kakapo,2489341,Neognathae,Psittaciformes,Psittacidae,Strigops,83240647,9454087,1148597545,60.0,1750.0,0.3481590884982897,reference genome,2020-03-04
GCA_017639245.1,Myiopsitta monachus,monk parakeet,176066,Neognathae,Psittaciformes,Psittacidae,Myiopsitta,75716676,22647286,1168583304,22.1,81.7,0.1949564905340564,reference genome,2021-03-30
GCA_051622115.1,Agapornis fischeri,,60463,Neognathae,Psittaciformes,Psittacidae,Agapornis,75117306,64946157,1196895830,12.6,48.3,-0.0009413900255650365,reference genome,2025-07-30
GCA_039720425.1,Amazona ochrocephala,yellow-crowned parrot,151761,Neognathae,Psittaciformes,Psittacidae,Amazona,74103573,14697220,1356986306,56.0,430.0,0.44670246455821183,,2024-05-24
GCA_012275295.1,Melopsittacus undulatus,budgerigar,13146,Neognathae,Psittaciformes,Psittaculidae,Melopsittacus,104092594,16636420,1171617451,21.0,30.0,0.2645094196427833,reference genome,2020-04-13
GCF_012275295.1,Melopsittacus undulatus,budgerigar,13146,Neognathae,Psittaciformes,Psittaculidae,Melopsittacus,104092594,16636420,1171617451,21.0,30.0,0.2645094196427833,reference genome,2020-04-13
GCA_027474245.1,Spheniscus humboldti,Humboldt's penguin,9240,Neognathae,Sphenisciformes,Spheniscidae,Spheniscus,89079306,13936613,1358357718,,,,reference genome,2022-12-28
GCA_050947425.1,Spheniscus demersus,jackass penguin,92683,Neognathae,Sphenisciformes,Spheniscidae,Spheniscus,88319617,18147389,1307516078,27.3,3135.0,-0.04720784381623133,reference genome,2025-06-17
GCA_050947505.1,Spheniscus demersus,jackass penguin,92683,Neognathae,Sphenisciformes,Spheniscidae,Spheniscus,88190805,20620943,1272415234,27.3,3135.0,-0.04720784381623133,,2025-06-17
GCA_965638725.1,Aptenodytes patagonicus,king penguin,9234,Neognathae,Sphenisciformes,Spheniscidae,Aptenodytes,86569806,10636000,1352580174,26.0,13036.8,-0.19887778831460667,reference genome,2025-07-09
GCF_965638725.1,Aptenodytes patagonicus,king penguin,9234,Neognathae,Sphenisciformes,Spheniscidae,Aptenodytes,86569806,10636000,1352580174,26.0,13036.8,-0.19887778831460667,reference genome,2025-07-09
GCA_965638715.1,Aptenodytes patagonicus,king penguin,9234,Neognathae,Sphenisciformes,Spheniscidae,Aptenodytes,82235355,12089994,1260811559,26.0,13036.8,-0.19887778831460667,,2025-07-09
GCA_047716275.1,Strix uralensis,Ural owl,36305,Neognathae,Strigiformes,Strigidae,Strix,90173155,16359274,1380990639,23.8,784.5,0.02004235522020137,reference genome,2025-02-12
GCF_047716275.1,Strix uralensis,Ural owl,36305,Neognathae,Strigiformes,Strigidae,Strix,90173155,16359274,1380990639,23.8,784.5,0.02004235522020137,reference genome,2025-02-12
GCA_031877785.1,Strix aluco,Tawny owl,111821,Neognathae,Strigiformes,Strigidae,Strix,89677789,13783470,1219048950,22.4,520.0,0.031362838321814746,,2023-09-25
GCA_031877795.1,Strix aluco,Tawny owl,111821,Neognathae,Strigiformes,Strigidae,Strix,89389700,11872084,1414783145,22.4,520.0,0.031362838321814746,reference genome,2023-09-25
GCF_031877795.1,Strix aluco,Tawny owl,111821,Neognathae,Strigiformes,Strigidae,Strix,89389700,11872084,1414783145,22.4,520.0,0.031362838321814746,reference genome,2023-09-25
GCA_047947145.2,Strix uralensis,Ural owl,36305,Neognathae,Strigiformes,Strigidae,Strix,88646562,21740082,1256398413,23.8,784.5,0.02004235522020137,,2025-06-05
GCA_965140245.1,Athene noctua,,126797,Neognathae,Strigiformes,Strigidae,Athene,86326089,4050372,1355857592,11.1,169.0,-0.1706597432967889,reference genome,2025-02-13
GCF_965140245.1,Athene noctua,,126797,Neognathae,Strigiformes,Strigidae,Athene,86326089,4050372,1355857592,11.1,169.0,-0.1706597432967889,reference genome,2025-02-13
GCA_051313305.1,Strix nebulosa,Great grey owl,126836,Neognathae,Strigiformes,Strigidae,Strix,63843017,9243205,1347472892,15.9,1120.0,-0.18773480974538193,reference genome,2025-07-14
GCA_965212795.1,Bubo scandiacus,Snowy owl,371907,Neognathae,Strigiformes,Strigidae,Bubo,50972959,16496251,1604411253,28.0,2042.5,0.0030150994695310462,reference genome,2025-03-20
GCA_963921805.1,Phalacrocorax carbo,great cormorant,9209,Neognathae,Suliformes,Phalacrocoracidae,Phalacrocorax,84621172,4631399,1283623959,27.2,3628.8,-0.06219373186338073,reference genome,2024-02-09
GCF_963921805.1,Phalacrocorax carbo,great cormorant,9209,Neognathae,Suliformes,Phalacrocoracidae,Phalacrocorax,84621172,4631399,1283623959,27.2,3628.8,-0.06219373186338073,reference genome,2024-02-09
GCA_949628215.1,Phalacrocorax aristotelis,,126867,Neognathae,Suliformes,Phalacrocoracidae,Phalacrocorax,78889319,11420000,1279116138,30.6,1773.0,0.054533797007106255,reference genome,2023-04-08
GCF_949628215.1,Phalacrocorax aristotelis,,126867,Neognathae,Suliformes,Phalacrocoracidae,Phalacrocorax,78889319,11420000,1279116138,30.6,1773.0,0.054533797007106255,reference genome,2023-04-08
GCA_031468815.1,Morus bassanus,northern gannet,37578,Neognathae,Suliformes,Sulidae,Morus,85624757,10178591,1294787636,37.4,2950.0,0.0950699091751912,reference genome,2023-09-15
GCA_031468805.1,Morus bassanus,northern gannet,37578,Neognathae,Suliformes,Sulidae,Morus,67716506,9126423,1381630140,37.4,2950.0,0.0950699091751912,,2023-09-15
GCA_020746105.1,Trogon surrucura,Suruca trogon,297711,Neognathae,Trogoniformes,Trogonidae,Trogon,82617956,16237294,1165727389,,,,reference genome,2021-11-05
GCA_044704955.1,Pristiophorus japonicus,,55135,Selachii,,Pristiophoridae,Pristiophorus,225854410,1893048,5923050865,,,,reference genome,2024-11-13
GCF_044704955.1,Pristiophorus japonicus,,55135,Selachii,,Pristiophoridae,Pristiophorus,225854410,1893048,5923050865,,,,reference genome,2024-11-13
GCA_044704965.1,Pristiophorus japonicus,,55135,Selachii,,Pristiophoridae,Pristiophorus,223624446,1803752,6365258383,,,,,2024-11-13
GCA_037974335.1,Prionace glauca,blue shark,7815,Selachii,Carcharhiniformes,Carcharhinidae,Prionace,109841703,5319141,3227473548,20.0,113245.0,-0.09782870971290292,reference genome,2024-04-08
GCA_965287045.1,Carcharhinus amblyrhynchos,grey reef shark,263684,Selachii,Carcharhiniformes,Carcharhinidae,Carcharhinus,90619553,6101901,2923561432,25.0,18535.0,0.12122835764096762,reference genome,2025-10-10
GCF_965287045.1,Carcharhinus amblyrhynchos,grey reef shark,263684,Selachii,Carcharhiniformes,Carcharhinidae,Carcharhinus,90619553,6101901,2923561432,25.0,18535.0,0.12122835764096762,reference genome,2025-11-06
GCA_965295155.1,Carcharhinus amblyrhynchos,grey reef shark,263684,Selachii,Carcharhiniformes,Carcharhinidae,Carcharhinus,90619553,6095487,2927843764,25.0,18535.0,0.12122835764096762,,2025-10-10
GCA_047496885.1,Scyliorhinus torazame,cloudy catshark,75743,Selachii,Carcharhiniformes,Scyliorhinidae,Scyliorhinus,266286206,3187150,6451259511,,,,reference genome,2025-02-07
GCF_047496885.1,Scyliorhinus torazame,cloudy catshark,75743,Selachii,Carcharhiniformes,Scyliorhinidae,Scyliorhinus,266286206,3187150,6451259511,,,,reference genome,2025-02-07
GCA_902713615.2,Scyliorhinus canicula,smaller spotted catshark,7830,Selachii,Carcharhiniformes,Scyliorhinidae,Scyliorhinus,198790641,1862211,4220389930,12.0,726.0,0.021123487546933495,reference genome,2021-01-28
GCA_902713615.1,Scyliorhinus canicula,smaller spotted catshark,7830,Selachii,Carcharhiniformes,Scyliorhinidae,Scyliorhinus,198790641,1862211,4220389930,12.0,726.0,0.021123487546933495,,2020-12-17
GCF_902713615.1,Scyliorhinus canicula,smaller spotted catshark,7830,Selachii,Carcharhiniformes,Scyliorhinidae,Scyliorhinus,198790641,1862211,4220389930,12.0,726.0,0.021123487546933495,reference genome,2020-12-17
GCA_964213995.1,Mustelus asterias,starry smooth-hound,112232,Selachii,Carcharhiniformes,Triakidae,Mustelus,109010392,1197343,3679774521,,,,reference genome,2024-08-22
GCF_964213995.1,Mustelus asterias,starry smooth-hound,112232,Selachii,Carcharhiniformes,Triakidae,Mustelus,109010392,1197343,3679774521,,,,reference genome,2024-08-22
GCA_055755675.1,Galeorhinus galeus,tope shark,86063,Selachii,Carcharhiniformes,Triakidae,Galeorhinus,80533134,2616942,2685485351,55.0,24585.0,0.4445871631007543,reference genome,2026-03-09
GCA_055755705.1,Galeorhinus galeus,tope shark,86063,Selachii,Carcharhiniformes,Triakidae,Galeorhinus,55143000,1737549,4815995878,55.0,24585.0,0.4445871631007543,,2026-03-09
GCA_036365495.1,Heterodontus francisci,horn shark,7792,Selachii,Heterodontiformes,Heterodontidae,Heterodontus,97904885,3485302,5196885747,,,,,2024-02-06
GCA_036365525.1,Heterodontus francisci,horn shark,7792,Selachii,Heterodontiformes,Heterodontidae,Heterodontus,90140832,3418954,6013048672,,,,reference genome,2024-02-06
GCF_036365525.1,Heterodontus francisci,horn shark,7792,Selachii,Heterodontiformes,Heterodontidae,Heterodontus,90140832,3418954,6013048672,,,,reference genome,2024-02-06
GCA_035084135.2,Heptranchias perlo,sharpnose sevengill shark,212740,Selachii,Hexanchiformes,Hexanchidae,Heptranchias,71728118,5515303,3087787698,,,,,2024-06-14
GCA_035084215.1,Heptranchias perlo,sharpnose sevengill shark,212740,Selachii,Hexanchiformes,Hexanchidae,Heptranchias,66821466,4905566,3249915908,,,,reference genome,2024-01-05
GCF_035084215.1,Heptranchias perlo,sharpnose sevengill shark,212740,Selachii,Hexanchiformes,Hexanchidae,Heptranchias,66821466,4905566,3249915908,,,,reference genome,2024-01-05
GCA_055471155.1,Carcharias taurus,sand tiger shark,30501,Selachii,Lamniformes,Carchariidae,Carcharias,148992785,7024806,4806479161,12.0,87340.0,-0.30214763932751865,reference genome,2026-02-24
GCA_055471145.1,Carcharias taurus,sand tiger shark,30501,Selachii,Lamniformes,Carchariidae,Carcharias,148959525,7251361,4482499012,12.0,87340.0,-0.30214763932751865,,2026-02-24
GCA_964194155.1,Cetorhinus maximus,,57982,Selachii,Lamniformes,Cetorhinidae,Cetorhinus,126028485,1961965,3993849873,32.0,2200000.0,-0.0939242679733272,reference genome,2024-06-28
GCF_964194155.1,Cetorhinus maximus,,57982,Selachii,Lamniformes,Cetorhinidae,Cetorhinus,126028485,1961965,3993849873,32.0,2200000.0,-0.0939242679733272,reference genome,2024-06-28
GCA_017639515.1,Carcharodon carcharias,great white shark,13397,Selachii,Lamniformes,Lamnidae,Carcharodon,169918123,6544962,4286294447,50.0,1870000.0,0.11086392630635133,reference genome,2021-03-30
GCF_017639515.1,Carcharodon carcharias,great white shark,13397,Selachii,Lamniformes,Lamnidae,Carcharodon,169918123,6544962,4286294447,50.0,1870000.0,0.11086392630635133,reference genome,2021-03-30
GCA_047496795.1,Chiloscyllium punctatum,brownbanded bambooshark,137246,Selachii,Orectolobiformes,Hemiscylliidae,Chiloscyllium,93668967,5342658,5274411202,,,,reference genome,2025-02-07
GCF_047496795.1,Chiloscyllium punctatum,brownbanded bambooshark,137246,Selachii,Orectolobiformes,Hemiscylliidae,Chiloscyllium,93668967,5342658,5274411202,,,,reference genome,2025-02-07
GCA_020745735.1,Hemiscyllium ocellatum,epaulette shark,170820,Selachii,Orectolobiformes,Hemiscylliidae,Hemiscyllium,83580160,8845575,3983466396,,,,reference genome,2021-11-05
GCF_020745735.1,Hemiscyllium ocellatum,epaulette shark,170820,Selachii,Orectolobiformes,Hemiscylliidae,Hemiscyllium,83580160,8845575,3983466396,,,,reference genome,2021-11-05
GCF_004010195.1,Chiloscyllium plagiosum,whitespotted bambooshark,36176,Selachii,Orectolobiformes,Hemiscylliidae,Chiloscyllium,73167256,40597,3556460701,,,,reference genome,2019-01-10
GCA_004010195.1,Chiloscyllium plagiosum,whitespotted bambooshark,36176,Selachii,Orectolobiformes,Hemiscylliidae,Chiloscyllium,72140027,37239,3776550609,,,,reference genome,2019-01-10
GCA_021869965.1,Rhincodon typus,whale shark,259920,Selachii,Orectolobiformes,Rhincodontidae,Rhincodon,70796938,48454,2881325413,54.0,18700000.0,-0.011110466712732192,,2022-02-03
GCF_021869965.1,Rhincodon typus,whale shark,259920,Selachii,Orectolobiformes,Rhincodontidae,Rhincodon,70796938,48454,2881325413,54.0,18700000.0,-0.011110466712732192,reference genome,2022-02-03
GCA_021869965.2,Rhincodon typus,whale shark,259920,Selachii,Orectolobiformes,Rhincodontidae,Rhincodon,65379433,15567830,3214980555,54.0,18700000.0,-0.011110466712732192,reference genome,2026-01-22
GCA_030684315.1,Stegostoma tigrinum,,3053191,Selachii,Orectolobiformes,Stegostomatidae,Stegostoma,79021053,6162596,3198515386,,,,reference genome,2023-08-08
GCF_030684315.1,Stegostoma tigrinum,,3053191,Selachii,Orectolobiformes,Stegostomatidae,Stegostoma,79021053,6162596,3198515386,,,,reference genome,2023-08-08
GCA_022316705.1,Stegostoma tigrinum,,3053191,Selachii,Orectolobiformes,Stegostomatidae,Stegostoma,76588082,56707,2771866316,,,,,2022-02-17
GCF_022316705.1,Stegostoma tigrinum,,3053191,Selachii,Orectolobiformes,Stegostomatidae,Stegostoma,76588082,56707,2771866316,,,,,2022-02-17
GCA_052327205.1,Somniosus microcephalus,Greenland sleeper shark,191813,Selachii,Squaliformes,Somniosidae,Somniosus,240357632,1075145,6448606148,,,,reference genome,2025-08-28
GCA_050613895.1,Squalus suckleyi,Puget Sound dogfish,7798,Selachii,Squaliformes,Squalidae,Squalus,153064829,2529731,4657981142,,,,reference genome,2025-05-29
GCA_050613905.1,Squalus suckleyi,Puget Sound dogfish,7798,Selachii,Squaliformes,Squalidae,Squalus,141143133,2459693,5298610218,,,,,2025-05-29
GCA_030390025.1,Squalus acanthias,spiny dogfish,7797,Selachii,Squaliformes,Squalidae,Squalus,124086705,1715360,3713488297,75.0,5005.0,0.6867072138511452,reference genome,2023-07-03
GCA_050084885.1,Anguilla japonica,Japanese eel,7937,Teleostei,Anguilliformes,Anguillidae,Anguilla,68637738,328041,1225527013,,,,,2025-05-01
GCA_039654925.2,Anguilla bicolor pacifica,Indian short-finned eel,61126,Teleostei,Anguilliformes,Anguillidae,Anguilla,61071980,16884858,1087593838,,,,reference genome,2024-06-14
GCA_025169545.1,Anguilla japonica,Japanese eel,7937,Teleostei,Anguilliformes,Anguillidae,Anguilla,58706456,21484275,1028695784,,,,reference genome,2022-09-14
GCA_013347855.1,Anguilla anguilla,European eel,7936,Teleostei,Anguilliformes,Anguillidae,Anguilla,57205429,5114673,979029243,88.0,3629.45,0.6824316968898336,reference genome,2020-06-18
GCF_013347855.1,Anguilla anguilla,European eel,7936,Teleostei,Anguilliformes,Anguillidae,Anguilla,57205429,5114673,979029243,88.0,3629.45,0.6824316968898336,reference genome,2020-06-18
GCA_018555375.3,Anguilla rostrata,American eel,7938,Teleostei,Anguilliformes,Anguillidae,Anguilla,56672075,5074093,976090453,50.0,4031.5,0.4311058187294632,reference genome,2024-03-04
GCF_018555375.3,Anguilla rostrata,American eel,7938,Teleostei,Anguilliformes,Anguillidae,Anguilla,56672075,5074093,976090453,50.0,4031.5,0.4311058187294632,reference genome,2024-03-04
GCA_037790555.1,Anguilla japonica,Japanese eel,7937,Teleostei,Anguilliformes,Anguillidae,Anguilla,56411370,14072964,1004656165,,,,,2024-03-29
GCA_018320845.1,Anguilla anguilla,European eel,7936,Teleostei,Anguilliformes,Anguillidae,Anguilla,55981566,13160103,1033223415,88.0,3629.45,0.6824316968898336,,2021-05-12
GCA_978019975.1,Kaupichthys nuchalis,collared eel,182426,Teleostei,Anguilliformes,Chlopsidae,Kaupichthys,123633232,77495999,1100318673,,,,reference genome,2026-01-29
GCA_963514075.1,Conger conger,European conger,82655,Teleostei,Anguilliformes,Congridae,Conger,64882367,3090688,1136402888,,,,reference genome,2023-09-29
GCF_963514075.1,Conger conger,European conger,82655,Teleostei,Anguilliformes,Congridae,Conger,64882367,3090688,1136402888,,,,reference genome,2023-09-29
GCA_047653785.1,Conger myriaster,whitespotted conger,7943,Teleostei,Anguilliformes,Congridae,Conger,58402862,16603000,1093778583,,,,reference genome,2025-02-11
GCA_029692045.1,Conger conger,European conger,82655,Teleostei,Anguilliformes,Congridae,Conger,55204474,1398550,1005908649,,,,,2023-04-12
GCA_029692085.1,Gymnothorax javanicus,giant moray,473457,Teleostei,Anguilliformes,Muraenidae,Gymnothorax,133528002,24488841,2124863002,,,,reference genome,2023-04-12
GCA_029721435.1,Gymnothorax reevesii,Reeve's moray,473459,Teleostei,Anguilliformes,Muraenidae,Gymnothorax,112885341,53379876,2174377324,,,,reference genome,2023-04-18
GCA_978019965.1,Muraena helena,Mediterranean moray,46662,Teleostei,Anguilliformes,Muraenidae,Muraena,107794592,55409183,2057112079,,,,reference genome,2026-02-01
GCA_978019835.1,Gymnothorax moringa,spotted moray,182438,Teleostei,Anguilliformes,Muraenidae,Gymnothorax,94562300,51686000,1994620691,,,,reference genome,2026-02-01
GCA_975146105.1,Myrichthys ocellatus,goldspotted eel,721872,Teleostei,Anguilliformes,Ophichthidae,Myrichthys,95401461,47180267,1515200344,,,,reference genome,2025-10-09
GCA_022702515.1,Ilyophis sp. 1 JC-2022,,2920201,Teleostei,Anguilliformes,Synaphobranchidae,Ilyophis,121130272,3455548,1494882515,,,,,2022-03-28
GCA_022702415.1,Ilyophis sp. JC_2022_1,,2919650,Teleostei,Anguilliformes,Synaphobranchidae,Ilyophis,115311279,2769000,1469146666,,,,,2022-03-28
GCA_022702525.1,Ilyophis sp. 2 JC-2022,,2920202,Teleostei,Anguilliformes,Synaphobranchidae,Ilyophis,115311279,2769000,1469146666,,,,,2022-03-28
GCA_029718625.1,Synaphobranchus kaupii,Kaup's arrowtooth eel,118154,Teleostei,Anguilliformes,Synaphobranchidae,Synaphobranchus,76846976,519789,1503294022,,,,reference genome,2023-04-14
GCA_963989245.1,Nansenia antarctica,,443705,Teleostei,Argentiniformes,Microstomatidae,Nansenia,66745282,750607,1085777971,,,,reference genome,2024-03-11
GCA_963971535.1,Notolepis coatsorum,Antarctic jonasfish,948063,Teleostei,Aulopiformes,Paralepididae,Notolepis,155911686,444000,3427786127,,,,reference genome,2024-03-07
GCA_902500255.1,Thalassophryne amazonica,,390379,Teleostei,Batrachoidiformes,Batrachoididae,Thalassophryne,118421481,2329598,2446592878,,,,reference genome,2019-09-30
GCF_902500255.1,Thalassophryne amazonica,,390379,Teleostei,Batrachoidiformes,Batrachoididae,Thalassophryne,118421481,2329598,2446592878,,,,reference genome,2019-09-30
GCA_040802735.1,Opsanus beta,Gulf toadfish,95145,Teleostei,Batrachoidiformes,Batrachoididae,Opsanus,98402768,40030226,2151823914,,,,reference genome,2024-07-22
GCA_964638095.1,Poromitra crassiceps,crested bigscale,88708,Teleostei,Beryciformes,Melamphaidae,Poromitra,53864884,841497,1629984087,,,,reference genome,2025-01-02
GCA_964638665.1,Poromitra crassiceps,crested bigscale,88708,Teleostei,Beryciformes,Melamphaidae,Poromitra,53337672,864647,1511638839,,,,,2025-01-02
GCA_976916555.1,Diplecogaster bimaculata,two-spotted clingfish,210029,Teleostei,Blenniiformes,Gobiesocidae,Diplecogaster,90439982,936806,2191042422,,,,reference genome,2025-10-04
GCA_976919225.1,Diplecogaster bimaculata,two-spotted clingfish,210029,Teleostei,Blenniiformes,Gobiesocidae,Diplecogaster,90355791,945583,2211921875,,,,,2025-10-26
GCA_019721115.1,Astyanax mexicanus,Mexican tetra,7994,Teleostei,Characiformes,Acestrorhamphidae,Astyanax,52029803,14827381,1378811567,,,,,2021-08-25
GCA_023375975.1,Astyanax mexicanus,Mexican tetra,7994,Teleostei,Characiformes,Acestrorhamphidae,Astyanax,51923808,47087582,1373169186,,,,reference genome,2022-05-19
GCF_023375975.1,Astyanax mexicanus,Mexican tetra,7994,Teleostei,Characiformes,Acestrorhamphidae,Astyanax,51923808,47087582,1373169186,,,,reference genome,2022-05-19
GCA_023375835.1,Astyanax mexicanus,Mexican tetra,7994,Teleostei,Characiformes,Acestrorhamphidae,Astyanax,51036050,26106996,1410308222,,,,,2022-05-19
GCA_029633855.2,Hoplias malabaricus,trahira,27720,Teleostei,Characiformes,Erythrinidae,Hoplias,53138383,3626585,1186354877,,,,reference genome,2024-06-25
GCF_029633855.1,Hoplias malabaricus,trahira,27720,Teleostei,Characiformes,Erythrinidae,Hoplias,53138383,3626585,1186354877,,,,reference genome,2024-06-25
GCA_054851125.1,Prochilodus lineatus,curimbata,27695,Teleostei,Characiformes,Prochilodontidae,Prochilodus,51531475,5995764,1448379579,,,,reference genome,2026-01-30
GCA_041004005.1,Etroplus suratensis,,238232,Teleostei,Cichliformes,Cichlidae,Etroplus,51572587,33988944,1247975007,,,,reference genome,2024-08-01
GCA_020510985.1,Pholidichthys leucotaenia,,390368,Teleostei,Cichliformes,Pholidichthyidae,Pholidichthys,435632707,5867598,6032307556,,,,reference genome,2021-10-15
GCA_034702125.1,Engraulis encrasicolus,European anchovy,184585,Teleostei,Clupeiformes,Engraulidae,Engraulis,56351229,1448200,1435183673,,,,reference genome,2023-12-28
GCF_034702125.1,Engraulis encrasicolus,European anchovy,184585,Teleostei,Clupeiformes,Engraulidae,Engraulis,56351229,1448200,1435183673,,,,reference genome,2023-12-28
GCA_040112795.1,Engraulis japonicus,Japanese anchovy,42892,Teleostei,Clupeiformes,Engraulidae,Engraulis,55013877,392837,1423324225,,,,reference genome,2024-06-13
GCA_049863035.1,Schizothorax curvilabiatus,,2036785,Teleostei,Cypriniformes,Cyprinidae,Schizothorax,90920403,632754,2470877006,,,,,2025-04-23
GCA_054643165.1,Gymnodiptychus pachycheilus,,263534,Teleostei,Cypriniformes,Cyprinidae,Gymnodiptychus,70769773,5588585,1820914815,,,,reference genome,2026-01-22
GCA_041051915.1,Schizothorax macropogon,,263547,Teleostei,Cypriniformes,Cyprinidae,Schizothorax,59429369,8285006,1420412499,,,,reference genome,2024-08-05
GCA_903798195.1,Danio kyathit,,242068,Teleostei,Cypriniformes,Danionidae,Danio,64228523,1264270,1708446541,,,,reference genome,2020-06-27
GCA_052040795.1,Danio rerio,zebrafish,7955,Teleostei,Cypriniformes,Danionidae,Danio,59431669,59431669,1450693629,,,,,2025-08-15
GCA_049306965.1,Danio rerio,zebrafish,7955,Teleostei,Cypriniformes,Danionidae,Danio,59305174,59305174,1448791966,,,,reference genome,2025-04-04
GCF_049306965.1,Danio rerio,zebrafish,7955,Teleostei,Cypriniformes,Danionidae,Danio,59305174,59305174,1448791966,,,,reference genome,2025-04-04
GCA_033170195.3,Danio rerio,zebrafish,7955,Teleostei,Cypriniformes,Danionidae,Danio,59265136,59265136,1446656090,,,,,2025-03-19
GCA_944039275.1,Danio rerio,zebrafish,7955,Teleostei,Cypriniformes,Danionidae,Danio,58626443,6927137,1413659274,,,,,2022-06-24
GCA_020184715.1,Danio rerio,zebrafish,7955,Teleostei,Cypriniformes,Danionidae,Danio,57786111,21088021,1401249944,,,,,2021-09-30
GCA_903798145.1,Danio aesculapii,,1142201,Teleostei,Cypriniformes,Danionidae,Danio,55996547,1517104,1381485597,,,,reference genome,2020-06-27
GCF_903798145.1,Danio aesculapii,,1142201,Teleostei,Cypriniformes,Danionidae,Danio,55996547,1517104,1381485597,,,,reference genome,2020-06-27
GCA_903684855.2,Danio rerio,zebrafish,7955,Teleostei,Cypriniformes,Danionidae,Danio,54392677,3603372,1360489499,,,,,2020-07-31
GCA_018400075.1,Danio rerio,zebrafish,7955,Teleostei,Cypriniformes,Danionidae,Danio,54124915,1203134,1338639271,,,,,2021-05-19
GCA_903684865.1,Danio rerio,zebrafish,7955,Teleostei,Cypriniformes,Danionidae,Danio,52957805,4531818,1354075779,,,,,2020-06-28
GCA_903798175.1,Danio rerio,zebrafish,7955,Teleostei,Cypriniformes,Danionidae,Danio,51269298,17829,1465089175,,,,,2020-06-27
GCA_008692375.1,Danio rerio,zebrafish,7955,Teleostei,Cypriniformes,Danionidae,Danio,50576722,416828,1306177993,,,,,2019-10-07
GCA_949357685.1,Gobio gobio,gudgeon,27704,Teleostei,Cypriniformes,Gobionidae,Gobio,58069932,2576923,1460662624,,,,reference genome,2023-04-08
GCF_949357685.1,Gobio gobio,gudgeon,27704,Teleostei,Cypriniformes,Gobionidae,Gobio,58069932,2576923,1460662624,,,,reference genome,2023-03-10
GCA_023566225.1,Romanogobio albipinnatus,white-finned gudgeon,260767,Teleostei,Cypriniformes,Gobionidae,Romanogobio,55298942,12526464,1428567521,,,,reference genome,2022-05-31
GCA_021464655.1,Gobio gobio,gudgeon,27704,Teleostei,Cypriniformes,Gobionidae,Gobio,55293470,3305918,1550158453,,,,,2022-01-18
GCA_046055825.1,Pseudorasbora elongata,,328526,Teleostei,Cypriniformes,Gobionidae,Pseudorasbora,53690834,34398244,1384346737,,,,reference genome,2024-12-17
GCA_037039145.1,Fundulus diaphanus,banded killifish,54267,Teleostei,Cyprinodontiformes,Fundulidae,Fundulus,57717734,11036555,1351812078,,,,reference genome,2024-03-06
GCA_037038625.1,Fundulus diaphanus,banded killifish,54267,Teleostei,Cyprinodontiformes,Fundulidae,Fundulus,57021853,8236268,1329922595,,,,,2024-03-06
GCA_043380555.1,Nothobranchius furzeri,turquoise killifish,105023,Teleostei,Cyprinodontiformes,Nothobranchiidae,Nothobranchius,76394082,9298000,1479182959,,,,reference genome,2024-10-21
GCF_043380555.1,Nothobranchius furzeri,turquoise killifish,105023,Teleostei,Cyprinodontiformes,Nothobranchiidae,Nothobranchius,76394082,9298000,1479182959,,,,reference genome,2024-10-21
GCA_963556495.2,Valencia hispanica,,195855,Teleostei,Cyprinodontiformes,Valenciidae,Valencia,56937854,38296799,1291680485,,,,reference genome,2023-12-06
GCA_040894045.1,Umbra pygmaea,eastern mudminnow,75934,Teleostei,Esociformes,Umbridae,Umbra,154771044,1922663,1784301911,,,,reference genome,2024-07-30
GCA_978157285.1,Umbra krameri,European mudminnow,75933,Teleostei,Esociformes,Umbridae,Umbra,75584379,23186746,1727840106,,,,reference genome,2026-02-10
GCA_977063065.1,Coryphopterus venezuelae,,658148,Teleostei,Gobiiformes,Gobiidae,Coryphopterus,52110546,44879000,1143939970,,,,reference genome,2025-11-15
GCA_902362185.1,Chanos chanos,milkfish,29144,Teleostei,Gonorynchiformes,Chanidae,Chanos,50300218,23134051,656912816,15.0,7700.0,-0.12757833318745382,reference genome,2019-08-14
GCF_902362185.1,Chanos chanos,milkfish,29144,Teleostei,Gonorynchiformes,Chanidae,Chanos,50300218,23134051,656912816,15.0,7700.0,-0.12757833318745382,reference genome,2019-08-14
GCA_902148855.1,Sphaeramia orbicularis,orbiculate cardinalfish,375764,Teleostei,Kurtiformes,Apogonidae,Sphaeramia,57165184,2360121,1342662642,,,,reference genome,2019-07-03
GCF_902148855.1,Sphaeramia orbicularis,orbiculate cardinalfish,375764,Teleostei,Kurtiformes,Apogonidae,Sphaeramia,57165184,2360121,1342662642,,,,reference genome,2019-07-03
GCA_020466265.1,Siphamia tubifer,tuber cardinalfish,1536898,Teleostei,Kurtiformes,Apogonidae,Siphamia,51162488,2340513,1200827456,,,,reference genome,2021-10-15
GCA_054948765.1,Scarus rubroviolaceus,ember parrotfish,247628,Teleostei,Labriformes,Labridae,Scarus,70179926,24994706,1669000860,,,,reference genome,2026-02-06
GCA_051912175.1,Scarus rivulatus,rivulated parrotfish,247627,Teleostei,Labriformes,Labridae,Scarus,67170024,17851000,1584527757,,,,reference genome,2025-08-11
GCA_054948785.1,Scarus psittacus,common parrotfish,247625,Teleostei,Labriformes,Labridae,Scarus,65911273,22183371,1523874111,,,,reference genome,2026-02-06
GCA_049815525.1,Cheilinus undulatus,humphead wrasse,241271,Teleostei,Labriformes,Labridae,Cheilinus,54699724,54699724,1250370844,,,,,2025-04-21
GCA_018320785.1,Cheilinus undulatus,humphead wrasse,241271,Teleostei,Labriformes,Labridae,Cheilinus,51466935,16477222,1173455521,,,,reference genome,2021-05-12
GCF_018320785.1,Cheilinus undulatus,humphead wrasse,241271,Teleostei,Labriformes,Labridae,Cheilinus,51466935,16477222,1173455521,,,,reference genome,2021-05-12
GCA_029633865.1,Lampris incognitus,smalleye Pacific opah,2546036,Teleostei,Lampriformes,Lampridae,Lampris,62607046,917127,1482357630,,,,reference genome,2023-04-13
GCF_029633865.1,Lampris incognitus,smalleye Pacific opah,2546036,Teleostei,Lampriformes,Lampridae,Lampris,62607046,917127,1482357630,,,,reference genome,2023-04-13
GCA_022059245.1,Lampris incognitus,smalleye Pacific opah,2546036,Teleostei,Lampriformes,Lampridae,Lampris,61105648,3708147,1367434603,,,,,2022-02-10
GCA_963921795.1,Nannobrachium achirus,lantern fish,473322,Teleostei,Myctophiformes,Myctophidae,Nannobrachium,66219085,1305851,1658830932,,,,reference genome,2024-02-09
GCA_963454915.1,Gymnoscopelus microlampas,minispotted lanternfish,1090481,Teleostei,Myctophiformes,Myctophidae,Gymnoscopelus,55298648,1741000,1318637544,,,,reference genome,2023-09-13
GCA_963280865.1,Gymnoscopelus braueri,,948025,Teleostei,Myctophiformes,Myctophidae,Gymnoscopelus,55139090,901999,1367966668,,,,reference genome,2023-08-20
GCA_039105355.1,Benthosema pterotum,skinnycheek lanternfish,1069390,Teleostei,Myctophiformes,Myctophidae,Benthosema,54490410,804747,1272444389,,,,reference genome,2024-05-09
GCA_951216825.1,Electrona antarctica,,206093,Teleostei,Myctophiformes,Myctophidae,Electrona,53633514,1002537,1427425719,,,,reference genome,2023-05-11
GCF_951216825.1,Electrona antarctica,,206093,Teleostei,Myctophiformes,Myctophidae,Electrona,53633514,1002537,1427425719,,,,reference genome,2023-05-11
GCA_964188405.1,Protomyctophum parallelum,parallel lanternfish,1091426,Teleostei,Myctophiformes,Myctophidae,Protomyctophum,53459825,1024588,1235309700,,,,reference genome,2024-06-21
GCA_053567765.1,Notothenia coriiceps,black rockcod,8208,Teleostei,Perciformes,Nototheniidae,Notothenia,94772574,21093303,1124817320,,,,,2025-11-18
GCA_949606895.1,Notothenia rossii,marbled rockcod,101497,Teleostei,Perciformes,Nototheniidae,Notothenia,89684120,383412,1042884354,16.0,5500.0,-0.08093136843321536,reference genome,2023-04-08
GCF_949606895.1,Notothenia rossii,marbled rockcod,101497,Teleostei,Perciformes,Nototheniidae,Notothenia,89684120,383412,1042884354,16.0,5500.0,-0.08093136843321536,reference genome,2023-03-11
GCA_053525255.1,Notothenia angustata,Maori chief,8210,Teleostei,Perciformes,Nototheniidae,Notothenia,88675529,22961129,1001857024,,,,reference genome,2025-11-18
GCA_978406735.1,Scorpaena notata,small red scorpionfish,210003,Teleostei,Perciformes,Scorpaenidae,Scorpaena,73160922,61225004,1111126948,,,,reference genome,2026-02-14
GCA_977109165.1,Scorpaena plumieri,spotted scorpionfish,274700,Teleostei,Perciformes,Scorpaenidae,Scorpaena,55658721,47234000,1295960027,,,,reference genome,2025-12-06
GCA_965601325.1,Salmo salar,Atlantic salmon,8030,Teleostei,Salmoniformes,Salmonidae,Salmo,99640797,90035114,2825041709,13.0,25740.0,-0.2565043354064156,,2025-07-07
GCA_052849675.1,Oncorhynchus masou masou,cherry salmon,90313,Teleostei,Salmoniformes,Salmonidae,Oncorhynchus,99276845,24672662,2593587901,,,,,2025-09-25
GCA_052849655.1,Oncorhynchus masou masou,cherry salmon,90313,Teleostei,Salmoniformes,Salmonidae,Oncorhynchus,98821334,15978490,2506778675,,,,,2025-09-25
GCA_034236695.1,Oncorhynchus nerka,sockeye salmon,8023,Teleostei,Salmoniformes,Salmonidae,Oncorhynchus,93356810,2842582,2645619652,8.0,4240.5,-0.36757090974683826,reference genome,2024-01-08
GCF_034236695.1,Oncorhynchus nerka,sockeye salmon,8023,Teleostei,Salmoniformes,Salmonidae,Oncorhynchus,93356810,2842582,2645619652,8.0,4240.5,-0.36757090974683826,reference genome,2024-01-08
GCA_021184085.1,Oncorhynchus gorbuscha,pink salmon,8017,Teleostei,Salmoniformes,Salmonidae,Oncorhynchus,85609528,1451475,2690266878,3.0,3740.0,-0.7865899788492057,reference genome,2021-12-15
GCF_021184085.1,Oncorhynchus gorbuscha,pink salmon,8017,Teleostei,Salmoniformes,Salmonidae,Oncorhynchus,85609528,1451475,2690266878,3.0,3740.0,-0.7865899788492057,reference genome,2021-12-15
GCA_054643985.1,Hucho bleekeri,Sichuan taimen,633558,Teleostei,Salmoniformes,Salmonidae,Hucho,75100808,4942875,3700945220,,,,reference genome,2026-01-22
GCA_049308825.1,Oncorhynchus mykiss irideus,,857569,Teleostei,Salmoniformes,Salmonidae,Oncorhynchus,75022993,1991881,2331236414,,,,reference genome,2025-04-05
GCA_046056365.1,Hucho bleekeri,Sichuan taimen,633558,Teleostei,Salmoniformes,Salmonidae,Hucho,73705547,2411221,3451243059,,,,,2024-12-17
GCA_045791955.2,Oncorhynchus clarkii lewisi,westslope cutthroat trout,490388,Teleostei,Salmoniformes,Salmonidae,Oncorhynchus,73539589,4987901,2404487246,,,,reference genome,2024-12-06
GCF_045791955.1,Oncorhynchus clarkii lewisi,westslope cutthroat trout,490388,Teleostei,Salmoniformes,Salmonidae,Oncorhynchus,73539589,4987901,2404487246,,,,reference genome,2024-12-06
GCA_002021735.2,Oncorhynchus kisutch,coho salmon,8019,Teleostei,Salmoniformes,Salmonidae,Oncorhynchus,68265700,1159298,2375894934,5.0,8360.0,-0.6092501230728024,reference genome,2019-11-04
GCF_002021735.2,Oncorhynchus kisutch,coho salmon,8019,Teleostei,Salmoniformes,Salmonidae,Oncorhynchus,68265700,1159298,2375894934,5.0,8360.0,-0.6092501230728024,reference genome,2019-11-04
GCA_036934945.2,Oncorhynchus masou masou,cherry salmon,90313,Teleostei,Salmoniformes,Salmonidae,Oncorhynchus,66338746,2468404,2664785840,,,,reference genome,2024-03-01
GCF_036934945.1,Oncorhynchus masou masou,cherry salmon,90313,Teleostei,Salmoniformes,Salmonidae,Oncorhynchus,66338746,2468404,2664785840,,,,reference genome,2024-03-01
GCA_039881085.1,Coregonus artedi,cisco,36181,Teleostei,Salmoniformes,Salmonidae,Coregonus,62609013,1575701,2491651976,11.0,1842.0,-0.1831293854034597,reference genome,2024-05-29
GCA_049308835.1,Oncorhynchus clarkii lewisi,westslope cutthroat trout,490388,Teleostei,Salmoniformes,Salmonidae,Oncorhynchus,62170500,1984742,2355397988,,,,,2025-04-05
GCA_031479575.1,Coregonus ussuriensis,Amur whitefish,340692,Teleostei,Salmoniformes,Salmonidae,Coregonus,60505759,4271330,2628497916,,,,reference genome,2023-09-14
GCA_045679555.1,Salvelinus alpinus,Arctic char,8036,Teleostei,Salmoniformes,Salmonidae,Salvelinus,59638343,2112528,2367887750,,,,reference genome,2024-12-04
GCF_045679555.1,Salvelinus alpinus,Arctic char,8036,Teleostei,Salmoniformes,Salmonidae,Salvelinus,59638343,2112528,2367887750,,,,reference genome,2024-12-04
GCA_043791845.1,Salmo trutta,river trout,8032,Teleostei,Salmoniformes,Salmonidae,Salmo,58673832,47998242,2487820021,,,,,2024-10-25
GCA_018398675.1,Coregonus clupeaformis,lake whitefish,59861,Teleostei,Salmoniformes,Salmonidae,Coregonus,57494107,5728271,2682595567,50.0,10450.0,0.3784025269881779,,2021-05-25
GCF_018398675.1,Coregonus clupeaformis,lake whitefish,59861,Teleostei,Salmoniformes,Salmonidae,Coregonus,57494107,5728271,2682595567,50.0,10450.0,0.3784025269881779,,2021-05-25
GCA_052928225.1,Salvelinus malma,Dolly Varden,8039,Teleostei,Salmoniformes,Salmonidae,Salvelinus,55795102,1746789,3108216572,,,,reference genome,2025-09-30
GCA_053542365.1,Salvelinus fontinalis,brook trout,8038,Teleostei,Salmoniformes,Salmonidae,Salvelinus,54773965,3268891,2905797091,24.0,4397.25,0.10754183491235758,,2025-11-18
GCA_036851935.1,Coregonus suidteri,,861788,Teleostei,Salmoniformes,Salmonidae,Coregonus,53782622,588596,2294266309,,,,reference genome,2024-02-26
GCA_054100595.1,Salvelinus alpinus,Arctic char,8036,Teleostei,Salmoniformes,Salmonidae,Salvelinus,53649224,1010291,2264650164,,,,,2025-12-19
GCA_025558465.1,Oncorhynchus mykiss,rainbow trout,8022,Teleostei,Salmoniformes,Salmonidae,Oncorhynchus,52392071,10668178,2322329569,11.0,12235.0,-0.28790083984184145,,2022-10-04
GCA_901001165.2,Salmo trutta,river trout,8032,Teleostei,Salmoniformes,Salmonidae,Salmo,52209666,1703178,2371863509,,,,reference genome,2021-04-24
GCF_901001165.2,Salmo trutta,river trout,8032,Teleostei,Salmoniformes,Salmonidae,Salmo,52209666,1703178,2371863509,,,,reference genome,2021-04-24
GCA_020615455.1,Coregonus clupeaformis,lake whitefish,59861,Teleostei,Salmoniformes,Salmonidae,Coregonus,52021072,2177185,2753270621,50.0,10450.0,0.3784025269881779,reference genome,2021-11-04
GCF_020615455.1,Coregonus clupeaformis,lake whitefish,59861,Teleostei,Salmoniformes,Salmonidae,Coregonus,52021072,2177185,2753270621,50.0,10450.0,0.3784025269881779,reference genome,2021-11-04
GCA_902810595.1,Coregonus sp. 'balchen',,861768,Teleostei,Salmoniformes,Salmonidae,Coregonus,52020451,533126,2068074305,,,,,2020-03-10
GCA_029448725.1,Salvelinus fontinalis,brook trout,8038,Teleostei,Salmoniformes,Salmonidae,Salvelinus,50983633,1231776,2496185110,24.0,4397.25,0.10754183491235758,reference genome,2023-03-28
GCF_029448725.1,Salvelinus fontinalis,brook trout,8038,Teleostei,Salmoniformes,Salmonidae,Salvelinus,50983633,1231776,2496185110,24.0,4397.25,0.10754183491235758,reference genome,2023-03-28
GCA_029834435.1,Oncorhynchus mykiss,rainbow trout,8022,Teleostei,Salmoniformes,Salmonidae,Oncorhynchus,50753730,12246881,2338719933,11.0,12235.0,-0.28790083984184145,,2023-05-22
GCA_030435695.1,Brachymystax lenok tsinlingensis,Tsinling lenok trout,1115630,Teleostei,Salmoniformes,Salmonidae,Brachymystax,50153284,25569929,2031709341,,,,reference genome,2023-07-13
GCA_027579695.1,Neoarius graeffei,lesser salmon catfish,443677,Teleostei,Siluriformes,Ariidae,Neoarius,83992109,14859289,2341916362,,,,reference genome,2023-01-09
GCF_027579695.1,Neoarius graeffei,lesser salmon catfish,443677,Teleostei,Siluriformes,Ariidae,Neoarius,83992109,14859289,2341916362,,,,reference genome,2023-01-09
GCA_981919085.1,Pterygoplichthys disjunctivus,vermicualted sailfin catfish,909844,Teleostei,Siluriformes,Loricariidae,Pterygoplichthys,64017868,11954964,1566152583,,,,reference genome,2026-03-05
GCA_024760905.1,Plotosus lineatus,striped eel catfish,243562,Teleostei,Siluriformes,Plotosidae,Plotosus,60385206,36883020,1333861300,,,,reference genome,2022-08-29
GCA_054960265.1,Pareuchiloglanis anteanalis,,221673,Teleostei,Siluriformes,Sisoridae,Pareuchiloglanis,50116031,15101161,873934115,,,,reference genome,2026-02-10
GCA_033978785.2,Entelurus aequoreus,snake pipefish,161455,Teleostei,Syngnathiformes,Syngnathidae,Entelurus,75786231,2039131,1892198045,,,,reference genome,2023-12-01
GCF_033978785.1,Entelurus aequoreus,snake pipefish,161455,Teleostei,Syngnathiformes,Syngnathidae,Entelurus,75786231,2039131,1892198045,,,,reference genome,2023-12-01
GCA_033978795.1,Nerophis ophidion,straightnose pipefish,159077,Teleostei,Syngnathiformes,Syngnathidae,Nerophis,66953617,4791538,1845757181,,,,reference genome,2023-12-01
GCF_033978795.1,Nerophis ophidion,straightnose pipefish,159077,Teleostei,Syngnathiformes,Syngnathidae,Nerophis,66953617,4791538,1845757181,,,,reference genome,2023-12-01
GCA_030265065.1,Corythoichthys intestinalis,scribbled pipefish,161448,Teleostei,Syngnathiformes,Syngnathidae,Corythoichthys,59287289,56274649,1326793283,,,,reference genome,2023-06-20
GCF_030265065.1,Corythoichthys intestinalis,scribbled pipefish,161448,Teleostei,Syngnathiformes,Syngnathidae,Corythoichthys,59287289,56274649,1326793283,,,,reference genome,2023-06-20
