accession,organism_name,common_name,species_taxid,infraclass,order,family,genus,assembly_name,assembly_level,refseq_category,scaffold_n50,contig_n50,total_sequence_length,scaffold_count,contig_count,gc_percent,genome_coverage,gene_count,protein_coding_count,submission_date,annotation_name
GCA_001624675.1,Mus musculus,house mouse,10090,,,,,NOD_ShiLtJ_v1,Chromosome,,147352698,9438,2982046949,5543,539649,42,60,0,0,2016-04-26,
GCA_054392225.1,Sus scrofa,pig,9823,,,,,Sscrofa_HxYL_paternal_Hampshire_1.0,Chromosome,,147065450,145661104,2507355615,23,28,42.5,50,0,0,2026-01-07,
GCA_042859625.1,Ovis canadensis,bighorn sheep,37174,,,,,Bighorn female F1,Complete Genome,,145377479,145377479,145377479,1,1,41,50,0,0,2024-10-18,
GCA_054392235.2,Sus scrofa,pig,9823,,,,,ASM5439223v2,Chromosome,,145095113,145095113,2656429699,37,41,42.5,,0,0,2026-01-28,
GCA_048338725.1,Sus scrofa,pig,9823,,,,,T2T_pig1.0,Complete Genome,,144930921,144930921,2633166191,20,20,42.5,70,0,0,2025-03-05,
GCA_001624475.1,Mus musculus,house mouse,10090,,,,,CBA_J_v1,Chromosome,,144777665,13074,2921711655,5465,370462,42,60,0,0,2016-04-26,
GCA_030265425.1,Mus musculus,house mouse,10090,,,,,NEI_Mmus_1.0,Chromosome,,144428894,40804356,2790916468,41,8743,41.5,70,0,0,2023-06-13,
GCA_049999145.1,Sus scrofa,pig,9823,,,,,NJ_2022_AUG,Chromosome,,144007479,77119767,2589960305,60,131,42.5,33.77,0,0,2025-04-29,
GCA_041937265.1,Sus scrofa,pig,9823,,,,,Banna,Chromosome,,143604440,54480439,2656524398,43,376,42.5,36.8,0,0,2024-09-18,
GCA_000003025.7,Sus scrofa,pig,9823,,,,,T2T-Sscrofa,Complete Genome,reference genome,143529065,143529065,2688404542,20,20,42.5,120,0,0,2025-12-01,
GCA_046128825.1,Sus scrofa,pig,9823,,,,,ICAR-NRCP-G1,Chromosome,,143437317,11062,2550807703,25393,386440,42,50,0,0,2024-12-18,
GCA_050231125.1,Sus scrofa,pig,9823,,,,,ASM5023112v1,Chromosome,,143096131,90477219,2660441857,30,53,42.5,88,0,0,2025-05-07,
GCA_030704935.2,Sus scrofa,pig,9823,,,,,ASM3070493v2,Complete Genome,,142295742,142295742,2659043654,20,20,42.5,80,0,0,2025-11-21,
GCA_963921485.1,Sus scrofa,pig,9823,,,,,norwegian_landrace,Chromosome,,142074565,142074565,2633787619,53,53,42.5,44,0,0,2024-01-11,
GCA_037447515.1,Sus scrofa,pig,9823,,,,,ASM3744751v1,Chromosome,,141826808,84745168,2714121607,98,274,42.5,43,0,0,2024-03-22,
GCA_023065835.1,Hippopotamus amphibius,hippopotamus,9833,,,,,ASM2306583v1,Chromosome,,141669128,49478000,2424261695,697,1298,41,69,0,0,2022-04-22,
GCA_050437135.1,Mus musculus,house mouse,10090,,,,,T2T_mhaESC_v1.0,Complete Genome,,141298708,141298708,2772909741,20,20,41.5,65,0,0,2025-05-19,
GCA_055447695.1,Sus scrofa,pig,9823,,,,,ASM5544769v1,Chromosome,,141082737,48482405,2537664381,81,161,42.5,33,0,0,2026-02-23,
GCA_040869115.1,Sus scrofa,pig,9823,,,,,ASM4086911v1,Chromosome,,140747000,64441000,2721475704,124,1743,42.5,34,0,0,2024-07-26,
GCA_024718415.1,Sus scrofa,pig,9823,,,,,ASM2471841v1,Chromosome,,140684285,8942329,2455664950,329,11876,42,100,0,0,2022-08-23,
GCA_007644095.1,Sus scrofa,pig,9823,,,,,ASM764409v1,Chromosome,,140438739,1009524,2491053062,6610,13644,42,361,0,0,2019-08-01,
GCA_044906105.1,Sus scrofa,pig,9823,,,,,ASM4490610v1,Chromosome,,140102113,43824660,2620959165,143,4967,42.5,25,0,0,2024-11-19,
GCA_048418805.1,Vulpes vulpes,red fox,9627,,,,,VulVul3,Chromosome,reference genome,139969695,55675583,2395584468,289,393,41.5,75,0,0,2025-03-05,
GCF_048418805.1,Vulpes vulpes,red fox,9627,,,,,VulVul3,Chromosome,reference genome,139969695,55675583,2395584468,289,393,41.5,75,32809,19905,2025-03-05,GCF_048418805.1-RS_2025_03
GCA_964106925.2,Vulpes vulpes,red fox,9627,,,,,mVulVul1.hap2.2,Chromosome,,139452099,2052204,2398532178,350,2169,41.5,28,0,0,2024-06-27,
GCA_043972725.1,Mus musculus,house mouse,10090,,,,,ASM4397272v1,Chromosome,,139350059,65506188,2720445931,113,152,41.5,69,0,0,2024-10-28,
GCA_964106825.2,Vulpes vulpes,red fox,9627,,,,,mVulVul1.hap1.2,Chromosome,,139235879,2040520,2411710590,460,2305,41.5,28,0,0,2024-06-27,
GCA_031225015.1,Sus scrofa,pig,9823,,,,,TPI_Babraham_pig_v1,Chromosome,,139229676,34948847,2447632473,1054,1390,42,57,0,0,2023-09-08,
GCA_001632555.1,Mus musculus,house mouse,10090,,,,,C57BL_6NJ_v1,Chromosome,,139118349,12707,2806783987,3893,376732,42,60,0,0,2016-05-09,
GCA_044906185.1,Sus scrofa,pig,9823,,,,,ASM4490618v1,Chromosome,,138906736,47507740,2716729215,8508,8722,42.5,24.7,0,0,2024-11-19,
GCA_031306245.1,Sus scrofa,pig,9823,,,,,NCMD,Chromosome,,138613896,5865964,2484527367,1076,1931,42,80,0,0,2023-09-14,
GCA_947593165.1,Mus musculus,house mouse,10090,,,,,NZO_HlLtJ_v3,Chromosome,,137857036,32925788,2822905246,382,615,41.5,40,0,0,2022-12-18,
GCA_015776825.1,Sus scrofa,pig,9823,,,,,Ninghe_Sus_1,Chromosome,,137575542,4265198,2458240772,70,1660,42,110,0,0,2020-12-08,
GCA_039654815.1,Sus scrofa,pig,9823,,,,,ASM3965481v1,Chromosome,,137306111,4924071,2519994213,1042,1959,42,79.78,0,0,2024-05-17,
GCA_964188535.1,Mus musculus,house mouse,10090,,,,,C57BL_6J_T2T_v1,Chromosome,,137126213,78831185,2731306900,237,345,41.5,40,0,0,2024-06-23,
GCA_001632615.1,Mus musculus,house mouse,10090,,,,,LP_J_v1,Chromosome,,135164694,12608,2730782202,3498,364700,42,60,0,0,2016-05-09,
GCA_001624185.1,Mus musculus,house mouse,10090,,,,,129S1_SvImJ_v1,Chromosome,,134541008,14243,2732657393,7153,327877,42,60,0,0,2016-04-26,
GCA_947599735.1,Mus musculus,house mouse,10090,,,,,LP_J_v3,Chromosome,,134505790,21715937,2856310111,427,744,41.5,40,0,0,2022-12-18,
GCA_001632575.1,Mus musculus,house mouse,10090,,,,,C3H_HeJ_v1,Chromosome,,133067396,14540,2701115015,4068,333187,41.5,60,0,0,2016-05-09,
GCA_001624295.1,Mus musculus,house mouse,10090,,,,,AKR_J_v1,Chromosome,,132982296,23042,2712691254,5952,242284,41.5,60,0,0,2016-04-26,
GCA_001624745.1,Mus musculus,house mouse,10090,,,,,NZO_HlLtJ_v1,Chromosome,,132960827,16509,2699250994,7021,294114,41.5,60,0,0,2016-04-26,
GCA_949316315.1,Mus musculus,house mouse,10090,,,,,mMusMuc1.1,Chromosome,,132150484,39533248,2770952436,178,279,41.5,34,0,0,2023-04-08,
GCA_002844635.1,Sus scrofa,pig,9823,,,,,USMARCv1.0,Chromosome,,131458098,6372407,2755421422,14156,14817,42.5,65,0,0,2017-12-20,
GCA_921998315.2,Mus musculus,house mouse,10090,,,,,DBA_2J_v3,Chromosome,,130880718,49659417,2603156777,351,446,41.5,40,0,0,2022-07-01,
GCA_900119615.2,Sus scrofa,pig,9823,,,,,WTSI_X_Y_pig V2,Chromosome,,129927919,4224874,175055249,11,698,41,50,0,0,2017-02-08,
GCA_001632525.1,Mus musculus,house mouse,10090,,,,,BALB_cJ_v1,Chromosome,,129642644,16195,2627327954,3824,305390,41.5,60,0,0,2016-05-09,
GCA_001624215.1,Mus musculus,house mouse,10090,,,,,A_J_v1,Chromosome,,129072804,19043,2629979094,4687,306829,41.5,60,0,0,2016-04-26,
GCA_001624505.1,Mus musculus,house mouse,10090,,,,,DBA_2J_v1,Chromosome,,128213663,13123,2606145858,4104,368024,42,60,0,0,2016-04-26,
GCA_043792745.1,Mus musculus,house mouse,10090,,,,,ASM4379274v1,Chromosome,,127881904,49788210,2894337515,781,835,41.5,45,0,0,2024-10-28,
GCA_043793115.1,Mus musculus,house mouse,10090,,,,,ASM4379311v1,Chromosome,,127549461,45942035,2855296846,1150,1214,41.5,52,0,0,2024-10-28,
GCA_921998325.2,Mus musculus,house mouse,10090,,,,,NOD_ShiLtJ_v3,Chromosome,,127269091,6749549,2517347543,167,963,42,40,0,0,2022-07-01,
GCA_921997125.2,Mus musculus,house mouse,10090,,,,,C3H_HeJ_v3,Chromosome,,127227482,8562414,2532421144,170,751,42,40,0,0,2022-07-01,
GCA_921998355.2,Mus musculus,house mouse,10090,,,,,A_J_v3,Chromosome,,127192181,16959821,2528244766,157,487,42,40,0,0,2022-06-30,
GCA_921997145.2,Mus musculus,house mouse,10090,,,,,BALB_cJ_v3,Chromosome,,127177172,35826829,2519896772,209,423,42,40,0,0,2022-07-01,
GCA_001624535.1,Mus musculus,house mouse,10090,,,,,FVB_NJ_v1,Chromosome,,127063089,15797,2588602990,5012,302597,42,60,0,0,2016-04-26,
GCA_921998905.2,Mus musculus,house mouse,10090,,,,,CBA_J_v3,Chromosome,,126990816,12206296,2520486995,142,543,42,40,0,0,2022-06-30,
GCA_922000895.2,Mus musculus,house mouse,10090,,,,,AKR_J_v3,Chromosome,,126857991,4609526,2502421059,194,1333,42,40,0,0,2022-07-01,
GCA_921999865.2,Mus musculus,house mouse,10090,,,,,C57BL_6NJ_v3,Chromosome,,126851431,8304515,2514593528,207,797,42,40,0,0,2022-07-01,
GCA_921998555.2,Mus musculus,house mouse,10090,,,,,129S1_SvImJ_v3,Chromosome,,126792426,5000807,2516247871,179,1109,42,40,0,0,2022-07-01,
GCA_921998635.2,Mus musculus,house mouse,10090,,,,,FVB_NJ_v3,Chromosome,,126399372,1916862,2516150399,375,2817,42,40,0,0,2022-07-01,
GCA_031763685.1,Mus musculus,house mouse,10090,,,,,NOD_SCID,Chromosome,,121827883,36353998,2717934897,281,372,41.5,47,0,0,2023-09-22,
GCA_052575565.1,Mus musculus,house mouse,10090,,,,,ASM5257556v1,Chromosome,,120867929,120867929,2613050807,37,37,41.5,30,0,0,2025-09-12,
GCA_000001635.9,Mus musculus,house mouse,10090,,,,,GRCm39,Chromosome,reference genome,106145001,59462871,2728206152,101,305,42,,0,0,2020-06-24,
GCF_000001635.27,Mus musculus,house mouse,10090,,,,,GRCm39,Chromosome,reference genome,106145001,59462871,2728206152,101,305,42,,50763,22198,2020-06-24,GCF_000001635.27-RS_2024_02
GCA_042477335.2,Ovis canadensis,bighorn sheep,37174,,,,,ARS-UI_OviCan_v2,Chromosome,reference genome,105224494,105224494,2974267070,41,44,44,,0,0,2024-10-18,
GCF_042477335.2,Ovis canadensis,bighorn sheep,37174,,,,,ARS-UI_OviCan_v2,Chromosome,reference genome,105224494,105224494,2974267070,41,44,44,,35002,20615,2024-10-18,GCF_042477335.2-RS_2024_12
GCA_052575535.1,Mus musculus,house mouse,10090,,,,,ASM5257553v1,Chromosome,,101961922,101961922,2636461246,38,38,41.5,30,0,0,2025-09-12,
GCA_031761455.1,Mus musculus,house mouse,10090,,,,,BALBC_Nude,Chromosome,,101020256,30118904,2754161322,1089,1224,41.5,45,0,0,2023-09-22,
GCA_004329235.1,Podarcis muralis,Common wall lizard,64176,,,,,PodMur_1.0,Chromosome,,92398148,714612,1511002858,2160,6245,44,100,0,0,2019-03-07,
GCF_004329235.1,Podarcis muralis,Common wall lizard,64176,,,,,PodMur_1.0,Chromosome,,92398148,714612,1511002858,2160,6245,44,100,26732,21258,2019-03-07,NCBI Podarcis muralis Annotation Release 100
GCA_964188315.1,Podarcis muralis,Common wall lizard,64176,,,,,rPodMur119.hap1.1,Chromosome,reference genome,91987695,3229453,1522624192,184,1011,44,46,0,0,2024-06-21,
GCF_964188315.1,Podarcis muralis,Common wall lizard,64176,,,,,rPodMur119.hap1.1,Chromosome,reference genome,91987695,3229453,1522624192,184,1011,44,46,26443,20953,2024-06-21,GCF_964188315.1-RS_2025_12
GCA_040436645.1,Gallus gallus,chicken,9031,,,,,ASM4043664v1,Chromosome,,91836423,91836423,1097851144,65,71,42.5,150,0,0,2024-07-02,
GCA_977927495.1,Gallus gallus,chicken,9031,,,,,GGswu2-m,Chromosome,,91822226,59948741,1056192001,83,94,43,124,0,0,2025-12-12,
GCA_027557775.1,Gallus gallus,chicken,9031,,,,,bGalGal4.pri,Chromosome,,91555271,5465831,1094281734,246,812,42,32.31,0,0,2023-01-03,
GCA_040436655.1,Gallus gallus,chicken,9031,,,,,ASM4043665v1,Chromosome,,91553107,75248722,1105034991,73,80,42.5,150,0,0,2024-07-02,
GCA_052054655.1,Gallus gallus,chicken,9031,,,,,ASM5205465v1,Chromosome,,91513392,20973209,1079471232,40,531,42.5,30,0,0,2025-08-15,
GCA_034769225.1,Gallus gallus,chicken,9031,,,,,CVASU_Gallus_Gallus_GG1M,Chromosome,,91460022,58636,991178516,125,35766,41.5,100,0,0,2023-12-29,
GCA_024206055.2,Gallus gallus,chicken,9031,,,,,GGswu,Chromosome,,91364047,91364047,1100911310,40,54,42.5,80,0,0,2023-02-09,
GCA_034769275.1,Gallus gallus,chicken,9031,,,,,CVASU_Gallus_Gallus_GG1F,Chromosome,,91200165,63016,996204998,129,35380,41.5,100,0,0,2023-12-29,
GCA_030914275.2,Gallus gallus,chicken,9031,,,,,ASM3091427v2,Chromosome,,90877777,48829679,1025951901,126,316,42,101,0,0,2024-03-22,
GCA_016699485.1,Gallus gallus,chicken,9031,,,,,bGalGal1.mat.broiler.GRCg7b,Chromosome,reference genome,90861225,18834961,1053315467,213,676,42,102.01,0,0,2021-01-19,
GCF_016699485.2,Gallus gallus,chicken,9031,,,,,bGalGal1.mat.broiler.GRCg7b,Chromosome,reference genome,90861225,18834961,1053315467,213,676,42,102.01,25635,18023,2021-01-19,NCBI Gallus gallus Annotation Release 106
GCA_030979905.2,Gallus gallus,chicken,9031,,,,,ASM3097990v2,Chromosome,,90729915,23646952,1027403116,618,1123,42,36,0,0,2024-03-22,
GCA_024652985.1,Gallus gallus,chicken,9031,,,,,ASM2465298v1,Chromosome,,90570627,218587,1023494120,1339,14501,42,87,0,0,2022-08-15,
GCA_016700215.2,Gallus gallus,chicken,9031,,,,,bGalGal1.pat.whiteleghornlayer.GRCg7w_WZ,Chromosome,,90563926,17744542,1050511239,276,685,42,102.01,0,0,2021-10-01,
GCF_016700215.2,Gallus gallus,chicken,9031,,,,,bGalGal1.pat.whiteleghornlayer.GRCg7w_WZ,Chromosome,,90563926,17744542,1050511239,276,685,42,102.01,25564,17981,2021-10-01,NCBI Gallus gallus Annotation Release 106
GCA_024652995.1,Gallus gallus,chicken,9031,,,,,ASM2465299v1,Chromosome,,90557900,246868,1036653693,1355,16316,42,95,0,0,2022-08-15,
GCA_030914265.2,Gallus gallus,chicken,9031,,,,,ASM3091426v2,Chromosome,,90535393,62778941,1035844433,341,629,42,110,0,0,2024-03-22,
GCA_030849555.2,Gallus gallus,chicken,9031,,,,,ASM3084955v2,Chromosome,,90525302,59720364,1037065285,133,376,42,109,0,0,2024-03-22,
GCA_039997075.1,Gallus gallus,chicken,9031,,,,,ASM3999707v1,Chromosome,,90511606,40292119,1023165347,304,412,42,100,0,0,2024-05-31,
GCA_024653045.1,Gallus gallus,chicken,9031,,,,,ASM2465304v1,Chromosome,,90469443,246386,1036335579,1194,14808,42,93,0,0,2022-08-15,
GCA_024653035.1,Gallus gallus,chicken,9031,,,,,ASM2465303v1,Chromosome,,90425439,257189,1018159992,1001,12606,42,89,0,0,2022-08-15,
GCA_024653025.1,Gallus gallus,chicken,9031,,,,,ASM2465302v1,Chromosome,,90290900,290226,1024875044,1566,12660,42,91,0,0,2022-08-15,
GCA_025370635.1,Gallus gallus,chicken,9031,,,,,ASM2537063v1,Chromosome,,90285403,333100,1031193845,1342,12498,42,90,0,0,2022-09-23,
GCA_002798355.1,Gallus gallus,chicken,9031,,,,,Ogye1.0,Chromosome,,90110113,639813,1021005462,1821,7721,41.5,243.8,0,0,2017-12-05,
GCA_000003025.6,Sus scrofa,pig,9823,,,,,Sscrofa11.1,Chromosome,,88231837,48231277,2501895775,705,1117,42,65,0,0,2017-02-07,
GCF_000003025.6,Sus scrofa,pig,9823,,,,,Sscrofa11.1,Chromosome,reference genome,88231837,48231277,2501895775,705,1117,42,65,30371,20666,2017-02-07,NCBI Sus scrofa Annotation Release 106
GCA_027408225.1,Gallus gallus,chicken,9031,,,,,bGalGal5.pri,Chromosome,,87475253,8326736,1109044877,252,712,42.5,32.67,0,0,2022-12-28,
GCA_041920315.1,Gallus gallus,chicken,9031,,,,,ASM4192031v1,Chromosome,,86588210,72465781,1136064920,401,538,42.5,183,0,0,2024-09-16,
GCA_039998725.1,Anas platyrhynchos,mallard,8839,,,,,IASCAAS_LianchengWhiteDuck,Chromosome,,83980382,12173573,1291275890,142,818,43,88,0,0,2024-05-31,
GCA_055691045.1,Gallus gallus,chicken,9031,,,,,XFBC_1.0,Chromosome,,83786400,21756992,1131132139,575,759,42.5,58.35,0,0,2026-03-05,
GCA_055697225.1,Gallus gallus,chicken,9031,,,,,ASM5569722v1,Chromosome,,80683582,21415541,1121864345,150,426,42.5,51,0,0,2026-03-04,
GCA_047663525.1,Anas platyrhynchos,mallard,8839,,,,,IASCAAS_PekinDuck_T2T,Complete Genome,reference genome,80154792,80154792,1261969826,41,41,43,194.2,0,0,2025-02-12,
GCF_047663525.1,Anas platyrhynchos,mallard,8839,,,,,IASCAAS_PekinDuck_T2T,Complete Genome,reference genome,80154792,80154792,1261969826,41,41,43,194.2,26024,17676,2025-02-12,GCF_047663525.1-RS_2025_03
GCA_054730915.1,Anas platyrhynchos,mallard,8839,,,,,ASM5473091v1,Chromosome,,79802745,43225645,1281866887,111,129,43,107,0,0,2026-01-26,
GCA_002224895.2,Anas platyrhynchos,mallard,8839,,,,,ASM222489v2,Chromosome,,79458228,146179,1257176136,17149,64454,42,100,0,0,2025-07-15,
GCA_030704485.1,Anas platyrhynchos,mallard,8839,,,,,NAwild_v1.0,Chromosome,,79203680,42971,1045548955,2459,55944,41,444,0,0,2023-08-14,
GCA_008746955.4,Anas platyrhynchos,mallard,8839,,,,,CAU_Wild_2.0,Chromosome,,76953781,76953781,1221947637,161,164,42.5,662,0,0,2025-11-14,
GCA_037218355.1,Anas platyrhynchos,mallard,8839,,,,,Pekin_C18,Chromosome,,76569693,68969317,1159662675,134,163,42,118,0,0,2024-03-18,
GCA_048756695.1,Anas platyrhynchos,mallard,8839,,,,,JRJ_1.0,Chromosome,,76290100,15273318,1181095098,43,756,42,589.55,0,0,2025-03-21,
GCA_015476345.1,Anas platyrhynchos,mallard,8839,,,,,ZJU1.0,Chromosome,,76269206,5679408,1188516685,755,1660,42.5,143,0,0,2020-11-23,
GCF_015476345.1,Anas platyrhynchos,mallard,8839,,,,,ZJU1.0,Chromosome,,76269206,5679408,1188516685,755,1660,42.5,143,25093,16836,2020-11-23,NCBI Anas platyrhynchos Annotation Release 104
GCA_053542945.1,Anas platyrhynchos,mallard,8839,,,,,SKLFABB.AnasPla.SX1.0,Chromosome,,76267873,76267873,1206629822,204,204,42.5,121,0,0,2025-11-18,
GCA_003850225.1,Anas platyrhynchos,mallard,8839,,,,,IASCAAS_PekingDuck_PBH1.5,Chromosome,,76129154,36811,1126159488,2149,73852,41.5,50,0,0,2018-11-29,
GCF_003850225.1,Anas platyrhynchos,mallard,8839,,,,,IASCAAS_PekingDuck_PBH1.5,Chromosome,,76129154,36811,1126159488,2149,73852,0,50,24277,15747,2018-11-29,NCBI Anas platyrhynchos Annotation Release 103
GCA_047301635.1,Anas platyrhynchos,mallard,8839,,,,,YG_jdduck,Chromosome,,76075831,10900000,1154847137,306,515,42,60,0,0,2025-01-30,
GCA_900411745.1,Anas platyrhynchos,mallard,8839,,,,,duckbase.refseq.v4,Chromosome,,74035964,29908,1087903987,32,130433,41,64,0,0,2020-06-28,
GCA_963513975.1,Fringilla coelebs,chaffinch,37598,,,,,bFriCoe1.1,Chromosome,reference genome,73246393,3733973,1209226962,459,1032,44,42,0,0,2023-09-28,
GCA_964188345.1,Anas platyrhynchos,mallard,8839,,,,,bAnaPla2.hap1.1,Chromosome,,69288905,3518761,1300232380,935,1506,43,65,0,0,2024-06-21,
GCA_053567815.1,Anas platyrhynchos,mallard,8839,,,,,SKLAFABB.AnasPla1.0,Chromosome,,67225228,67225228,1305679444,834,859,43,50,0,0,2025-11-18,
GCA_905319855.2,Canis lupus,wolf,9612,,,,,mCanLor1.2,Chromosome,,65778685,34375412,2447447219,81,247,41.5,28,0,0,2021-03-26,
GCA_034620435.1,Canis lupus,wolf,9612,,,,,Clu-1,Chromosome,,64498519,44625132,2351850695,119,191,41,48,0,0,2023-12-27,
GCA_040361135.1,Anas platyrhynchos,mallard,8839,,,,,ASM4036113v1,Chromosome,,64456614,14901487,1281425178,440,729,42.5,73,0,0,2024-06-28,
GCA_016271365.2,Neoceratodus forsteri,Australian lungfish,7892,,Ceratodontiformes,Ceratodontidae,Neoceratodus,neoFor_v3.1,Chromosome,reference genome,1485207024,1402697193,34557648077,46,50,45,30,0,0,2023-05-16,
GCA_040581445.1,Lepidosiren paradoxa,South American lungfish,7883,,Ceratodontiformes,Lepidosirenidae,Lepidosiren,ASM4058144v1,Chromosome,reference genome,1992257274,11627988,87218830714,15903,36686,40.5,23,0,0,2024-07-19,
GCA_019279795.1,Protopterus annectens,West African lungfish,7888,,Ceratodontiformes,Protopteridae,Protopterus,PAN1.0,Chromosome,reference genome,1974114035,1603140,40054324612,12667,74227,40,50,0,0,2021-07-20,
GCF_019279795.1,Protopterus annectens,West African lungfish,7888,,Ceratodontiformes,Protopteridae,Protopterus,PAN1.0,Chromosome,reference genome,1974114035,1603140,40054324612,12667,74227,40,50,30570,22039,2021-07-20,NCBI Protopterus annectens Annotation Release 100
GCA_040939525.1,Protopterus annectens,West African lungfish,7888,,Ceratodontiformes,Protopteridae,Protopterus,ASM4093952v1,Chromosome,,1950821829,3414998,40524157013,7124,31562,40,42,0,0,2024-08-01,
GCA_037176945.1,Latimeria chalumnae,coelacanth,7897,,Coelacanthiformes,Coelacanthidae,Latimeria,fLatCha1.pri,Chromosome,reference genome,188107785,42076942,2947609019,197,351,42.5,41.94,0,0,2024-03-18,
GCF_037176945.1,Latimeria chalumnae,coelacanth,7897,,Coelacanthiformes,Coelacanthidae,Latimeria,fLatCha1.pri,Chromosome,reference genome,188107785,42076942,2947609019,197,351,42.5,41.94,28938,19735,2024-03-18,GCF_037176945.1-RS_2024_04
GCA_030867095.1,Alligator mississippiensis,American alligator,8496,,Crocodylia,Alligatoridae,Alligator,rAllMis1,Chromosome,reference genome,255078640,38556409,2346779227,194,355,45,35.86,0,0,2023-08-24,
GCF_030867095.1,Alligator mississippiensis,American alligator,8496,,Crocodylia,Alligatoridae,Alligator,rAllMis1,Chromosome,reference genome,255078640,38556409,2346779227,194,355,45,35.86,31016,20269,2023-08-24,GCF_030867095.1-RS_2023_09
GCA_052110815.1,Crocodylus siamensis,Siamese crocodile,68455,,Crocodylia,Crocodylidae,Crocodylus,ASM5211081v1,Chromosome,reference genome,247920864,22917388,2128057549,744,1420,45,17,0,0,2025-08-18,
GCA_054825085.1,Crocodylus niloticus,Nile crocodile,8501,,Crocodylia,Crocodylidae,Crocodylus,rCroNil1.hap2,Chromosome,reference genome,222540633,111505586,2344593006,73,124,45.5,81.78,0,0,2026-01-29,
GCA_054954115.1,Crocodylus niloticus,Nile crocodile,8501,,Crocodylia,Crocodylidae,Crocodylus,rCroNil1.hap1,Chromosome,,220680538,110865934,2340748198,122,158,45.5,81.78,0,0,2026-01-29,
GCA_030020295.1,Gavialis gangeticus,Gharial,94835,,Crocodylia,Gavialidae,Gavialis,rGavGan2.hap2,Chromosome,,257319116,84235120,2328538659,160,278,45,35,0,0,2023-05-22,
GCA_033958435.1,Carettochelys insculpta,pitted-shelled turtle,44489,,Testudines,Carettochelyidae,Carettochelys,ASM3395843v1,Chromosome,reference genome,130115908,126464372,2180317067,134,146,45.5,34,0,0,2023-11-27,
GCF_033958435.1,Carettochelys insculpta,pitted-shelled turtle,44489,,Testudines,Carettochelyidae,Carettochelys,ASM3395843v1,Chromosome,reference genome,130115908,126464372,2180317067,134,146,45.5,34,24778,18883,2023-11-27,GCF_033958435.1-RS_2025_07
GCA_040894355.2,Myuchelys georgesi,Bellinger river turtle,1041117,,Testudines,Chelidae,Myuchelys,rMyuGeo1.pri,Chromosome,reference genome,123447689,56181416,1980039302,109,186,43,25,0,0,2025-02-07,
GCA_054346155.1,Emydura subglobosa,,251359,,Testudines,Chelidae,Emydura,ASM5434615v1,Chromosome,reference genome,122085354,99727220,2002938025,274,289,43,47,0,0,2026-01-05,
GCA_049999965.1,Hydromedusa tectifera,,61327,,Testudines,Chelidae,Hydromedusa,rHydTec1.pri,Chromosome,reference genome,118569001,63372439,1849762660,39,152,43,52,0,0,2025-04-29,
GCA_965140275.1,Caretta caretta,loggerhead turtle,8467,,Testudines,Cheloniidae,Caretta,rCarCar1.hap2,Chromosome,,137610697,119638208,2206382585,33,85,44,55,26024,26024,2025-02-13,Annotation submitted by Vertebrate Genomes Project
GCA_965140235.1,Caretta caretta,loggerhead turtle,8467,,Testudines,Cheloniidae,Caretta,rCarCar1.hap1,Chromosome,reference genome,137541926,124322749,2217236305,36,97,44,55,24360,24360,2025-02-13,Annotation submitted by Vertebrate Genomes Project
GCF_965140235.1,Caretta caretta,loggerhead turtle,8467,,Testudines,Cheloniidae,Caretta,rCarCar1.hap1,Chromosome,reference genome,137541926,124322749,2217236305,36,97,44,55,27672,20304,2025-02-13,GCF_965140235.1-RS_2025_07
GCA_965140295.1,Lepidochelys olivacea,Pacific ridley,27788,,Testudines,Cheloniidae,Lepidochelys,rLepOli2.hap1,Chromosome,reference genome,137258246,91320439,2206568898,43,112,44,60,21473,21473,2025-02-13,Annotation submitted by Vertebrate Genomes Project
GCA_030012505.1,Eretmochelys imbricata,hawksbill sea turtle,27787,,Testudines,Cheloniidae,Eretmochelys,ASM3001250v1,Chromosome,,137212766,82034986,2296226205,208,303,44,81,0,0,2023-05-15,
GCA_965152285.1,Eretmochelys imbricata,hawksbill sea turtle,27787,,Testudines,Cheloniidae,Eretmochelys,rEreImb1.hap2,Chromosome,,137068235,80994248,2224324466,41,173,44,46,25779,25778,2025-02-16,Annotation submitted by Vertebrate Genomes Project
GCA_965140255.1,Lepidochelys olivacea,Pacific ridley,27788,,Testudines,Cheloniidae,Lepidochelys,rLepOli2.hap2,Chromosome,,137004717,90076186,2208046144,40,115,44,60,24067,24067,2025-02-13,Annotation submitted by Vertebrate Genomes Project
GCA_965140265.1,Lepidochelys kempii,Atlantic ridley,8472,,Testudines,Cheloniidae,Lepidochelys,rLepKem1.hap2,Chromosome,,136811586,59796335,2204769334,88,332,44,35,25966,25966,2025-03-26,Annotation submitted by Vertebrate Genomes Project
GCF_965140265.1,Lepidochelys kempii,Atlantic ridley,8472,,Testudines,Cheloniidae,Lepidochelys,rLepKem1.hap2,Chromosome,,136811586,59796335,2204769334,88,332,44,35,23775,19286,2025-03-26,GCF_965140265.1-RS_2025_04
GCA_965140285.1,Lepidochelys kempii,Atlantic ridley,8472,,Testudines,Cheloniidae,Lepidochelys,rLepKem1.hap1,Chromosome,reference genome,136730895,52784435,2219022919,54,273,44,35,26407,26407,2025-03-26,Annotation submitted by Vertebrate Genomes Project
GCF_965140285.1,Lepidochelys kempii,Atlantic ridley,8472,,Testudines,Cheloniidae,Lepidochelys,rLepKem1.hap1,Chromosome,reference genome,136730895,52784435,2219022919,54,273,44,35,24663,19713,2025-03-26,GCF_965140285.1-RS_2026_01
GCA_965152235.1,Eretmochelys imbricata,hawksbill sea turtle,27787,,Testudines,Cheloniidae,Eretmochelys,rEreImb1.hap1,Chromosome,reference genome,136542973,80323000,2217987207,56,187,44,46,25678,25678,2025-04-10,Annotation submitted by Vertebrate Genomes Project
GCF_965152235.1,Eretmochelys imbricata,hawksbill sea turtle,27787,,Testudines,Cheloniidae,Eretmochelys,rEreImb1.hap1,Chromosome,reference genome,136542973,80323000,2217987207,56,187,44,46,22940,18974,2025-04-10,GCF_965152235.1-RS_2025_12
GCA_015237465.2,Chelonia mydas,Green sea turtle,8469,,Testudines,Cheloniidae,Chelonia,rCheMyd1.pri.v2,Chromosome,reference genome,134428053,39415510,2134358617,92,390,44,60,0,0,2021-07-15,
GCF_015237465.2,Chelonia mydas,Green sea turtle,8469,,Testudines,Cheloniidae,Chelonia,rCheMyd1.pri.v2,Chromosome,reference genome,134428053,39415510,2134358617,92,390,44,60,28491,19752,2021-07-15,NCBI Chelonia mydas Annotation Release 103
GCA_965152275.1,Natator depressus,flatback sea turtle,27790,,Testudines,Cheloniidae,Natator,rNatDep2.hap1,Chromosome,reference genome,134157645,77014821,2173430419,40,211,44,41,26685,26685,2025-02-16,Annotation submitted by Vertebrate Genomes Project
GCF_965152275.1,Natator depressus,flatback sea turtle,27790,,Testudines,Cheloniidae,Natator,rNatDep2.hap1,Chromosome,reference genome,134157645,77014821,2173430419,40,211,44,41,26606,19872,2025-02-16,GCF_965152275.1-RS_2025_07
GCA_965152195.1,Natator depressus,flatback sea turtle,27790,,Testudines,Cheloniidae,Natator,rNatDep2.hap2,Chromosome,,132554442,77975201,2130756730,61,322,44,41,25064,25064,2025-02-16,Annotation submitted by Vertebrate Genomes Project
GCF_023653815.2,Caretta caretta,loggerhead turtle,8467,,Testudines,Cheloniidae,Caretta,GSC_CCare_1.0,Chromosome,,130956235,18214114,2133995980,2007,2751,44,109,24887,20259,2022-06-07,NCBI Caretta caretta Annotation Release 100
GCA_023653815.1,Caretta caretta,loggerhead turtle,8467,,Testudines,Cheloniidae,Caretta,GSC_CCare_1.0,Chromosome,,130956235,18214114,2133995980,2007,2751,44,109,0,0,2022-06-07,
GCA_965117115.1,Caretta caretta,loggerhead turtle,8467,,Testudines,Cheloniidae,Caretta,CarCar_QM_v1.21.12_Sc,Chromosome,,129734102,5360101,2145737358,726,1811,44,23,25609,25609,2025-01-24,Annotation submitted by Queen Mary University of London
GCA_033296515.1,Macrochelys suwanniensis,Suwannee snapping turtle,3026461,,Testudines,Chelydridae,Macrochelys,rMacSuw1.hap1,Chromosome,reference genome,139680232,43882550,2132261265,366,656,44.5,39,0,0,2023-11-06,
GCA_033349115.1,Macrochelys suwanniensis,Suwannee snapping turtle,3026461,,Testudines,Chelydridae,Macrochelys,rMacSuw1.hap2,Chromosome,,133157836,28400779,1937254095,199,560,44,39,18061,16017,2023-11-06,GCA_033349115.1-GB_2025_12_04
GCA_054099655.1,Dermatemys mawii,,55550,,Testudines,Dermatemydidae,Dermatemys,rDerMaw1.hap1,Chromosome,reference genome,112986257,57121583,1951700107,150,282,43.5,64.86,0,0,2025-12-18,
GCA_054099715.1,Dermatemys mawii,,55550,,Testudines,Dermatemydidae,Dermatemys,rDerMaw1.hap2,Chromosome,,110990578,78144100,1926746312,162,299,44,64.86,0,0,2025-12-18,
GCA_009764565.4,Dermochelys coriacea,leatherback sea turtle,27794,,Testudines,Dermochelyidae,Dermochelys,rDerCor1.pri.v4,Chromosome,reference genome,137568771,7029801,2164762090,40,706,43.5,63.68,0,0,2021-08-25,
GCF_009764565.3,Dermochelys coriacea,leatherback sea turtle,27794,,Testudines,Dermochelyidae,Dermochelys,rDerCor1.pri.v4,Chromosome,reference genome,137568771,7029801,2164762090,40,706,43.5,63.68,27589,18775,2021-08-25,NCBI Dermochelys coriacea Annotation Release 101
GCA_037418315.2,Chrysemys picta marginata,midland painted turtle,391339,,Testudines,Emydidae,Chrysemys,rChrPic1_p1.2,Chromosome,,146520651,51334297,2315601350,151,379,44.5,26.11,0,0,2025-08-18,
GCA_028017835.1,Emys orbicularis,European pond turtle,82168,,Testudines,Emydidae,Emys,rEmyOrb1.hap1,Chromosome,reference genome,146456333,91255289,2309740635,106,254,44.5,30.12,0,0,2023-01-30,
GCF_028017835.1,Emys orbicularis,European pond turtle,82168,,Testudines,Emydidae,Emys,rEmyOrb1.hap1,Chromosome,reference genome,146456333,91255289,2309740635,106,254,44.5,30.12,22788,19783,2023-01-30,GCF_028017835.1-RS_2024_05
GCA_037349215.2,Graptemys geographica,map turtle,8481,,Testudines,Emydidae,Graptemys,rGraGeo1_p1.2,Chromosome,reference genome,145729234,83656063,2225172804,58,359,44.5,38.09,0,0,2025-07-18,
GCA_027887155.1,Malaclemys terrapin pileata,,2991368,,Testudines,Emydidae,Malaclemys,rMalTer1.hap1,Chromosome,reference genome,144565223,75591180,2211221380,76,217,44.5,30.26,0,0,2023-01-18,
GCF_027887155.1,Malaclemys terrapin pileata,,2991368,,Testudines,Emydidae,Malaclemys,rMalTer1.hap1,Chromosome,reference genome,144565223,75591180,2211221380,76,217,44.5,30.26,26235,20938,2023-01-18,GCF_027887155.1-RS_2023_03
GCA_027887205.1,Malaclemys terrapin pileata,,2991368,,Testudines,Emydidae,Malaclemys,rMalTer1.hap2,Chromosome,,143972775,97701506,2212837039,59,186,44.5,30.26,0,0,2023-01-18,
GCA_037113585.1,Malaclemys terrapin centrata,,1087311,,Testudines,Emydidae,Malaclemys,ASM3711358v1,Chromosome,,143749486,63948927,2207474184,42,183,44.5,240,0,0,2024-03-13,
GCA_013100865.1,Trachemys scripta elegans,,31138,,Testudines,Emydidae,Trachemys,CAS_Tse_1.0,Chromosome,reference genome,140411086,204575,2126182493,137,17979,44,60,0,0,2020-05-15,
GCF_013100865.1,Trachemys scripta elegans,,31138,,Testudines,Emydidae,Trachemys,CAS_Tse_1.0,Chromosome,reference genome,140411086,204575,2126182493,137,17979,44,60,22456,18662,2020-05-15,NCBI Trachemys scripta elegans Annotation Release 100
GCA_011386835.2,Chrysemys picta bellii,western painted turtle,8478,,Testudines,Emydidae,Chrysemys,ASM1138683v2,Chromosome,reference genome,133555881,13370154,2372089908,9850,11120,45,20.5,0,0,2023-09-08,
GCF_011386835.1,Chrysemys picta bellii,western painted turtle,8478,,Testudines,Emydidae,Chrysemys,ASM1138683v2,Chromosome,reference genome,133555881,13370154,2372089908,9850,11120,45,20.5,35699,25216,2023-09-08,GCF_011386835.1-RS_2024_05
GCA_045781095.1,Pangshura tecta,Indian roofed turtle,260642,,Testudines,Geoemydidae,Pangshura,rPanTec1.hap1,Chromosome,reference genome,136649681,54152134,2165924875,629,834,44,50.4,0,0,2024-12-06,
GCA_045781085.1,Pangshura tecta,Indian roofed turtle,260642,,Testudines,Geoemydidae,Pangshura,rPanTec1.hap2,Chromosome,,135935731,58728674,2174567992,448,708,44.5,50.4,21430,19175,2024-12-06,GCA_045781085.1-GB_2025_12_04
GCA_020497125.1,Mauremys mutica,yellowpond turtle,74926,,Testudines,Geoemydidae,Mauremys,ASM2049712v1,Chromosome,reference genome,135065811,15010728,2484351270,594,1635,45,99.81,23448,23448,2021-10-14,"Annotation submitted by Institute of Zoology, Guangdong Academy of Science"
GCF_020497125.1,Mauremys mutica,yellowpond turtle,74926,,Testudines,Geoemydidae,Mauremys,ASM2049712v1,Chromosome,reference genome,135065811,15010728,2484351270,594,1635,45,99.81,35641,23281,2021-10-14,NCBI Mauremys mutica Annotation Release 100
GCA_032357905.1,Mauremys mutica,yellowpond turtle,74926,,Testudines,Geoemydidae,Mauremys,AHNU_Mmut_1.0,Chromosome,,134295272,23753044,2428777300,390,1262,45,90,0,0,2023-10-16,
GCA_016161935.1,Mauremys reevesii,Reeves's turtle,260615,,Testudines,Geoemydidae,Mauremys,ASM1616193v1,Chromosome,reference genome,130473029,33352699,2367590653,229,627,45,96.7,0,0,2020-12-22,
GCF_016161935.1,Mauremys reevesii,Reeves's turtle,260615,,Testudines,Geoemydidae,Mauremys,ASM1616193v1,Chromosome,reference genome,130473029,33352699,2367590653,229,627,45,96.7,41089,22618,2020-12-22,NCBI Mauremys reevesii Annotation Release 100
GCA_044707075.1,Staurotypus triporcatus,,55537,,Testudines,Kinosternidae,Staurotypus,ASM4470707v1,Chromosome,reference genome,111335768,16372,1751894025,29375,196132,43,24,0,0,2024-11-13,
GCA_051311615.1,Pelomedusa somalica,,1488670,,Testudines,Pelomedusidae,Pelomedusa,rPelSom1.pri,Chromosome,reference genome,217994614,51191779,1948856296,67,151,43,84,0,0,2025-07-14,
GCA_045364815.1,Podocnemis expansa,,44507,,Testudines,Podocnemididae,Podocnemis,rPodExp1 haplotype 2,Chromosome,reference genome,300517188,24087131,2565358608,725,949,44,99,0,0,2024-12-02,
GCA_045364785.1,Podocnemis expansa,,44507,,Testudines,Podocnemididae,Podocnemis,rPodExp1 haplotype 1,Chromosome,,300404079,21396530,2642177504,2039,2299,45,99,0,0,2024-12-02,
GCA_050000005.2,Podocnemis unifilis,yellow-spotted Amazon River turtle,227871,,Testudines,Podocnemididae,Podocnemis,rPodUni1.pri,Chromosome,reference genome,299507546,41959044,2435981808,87,298,44,66,0,0,2026-03-10,
GCA_025201925.1,Gopherus flavomarginatus,Mexican gopher tortoise,286002,,Testudines,Testudinidae,Gopherus,rGopFla2.mat.asm,Chromosome,reference genome,162938067,6917139,2460542086,621,2483,44.5,57.78,0,0,2022-09-15,
GCF_025201925.1,Gopherus flavomarginatus,Mexican gopher tortoise,286002,,Testudines,Testudinidae,Gopherus,rGopFla2.mat.asm,Chromosome,reference genome,162938067,6917139,2460542086,621,2483,44.5,57.78,29021,20882,2022-09-15,GCF_025201925.1-RS_2023_02
GCA_026122505.1,Aldabrachelys gigantea,Aldabra giant tortoise,167804,,Testudines,Testudinidae,Aldabrachelys,AldGig_1.0,Chromosome,reference genome,148569599,58656949,2373354137,719,1040,44.5,21,0,0,2022-11-15,
GCA_003597395.2,Chelonoidis abingdonii,Abingdon island giant tortoise,106734,,Testudines,Testudinidae,Chelonoidis,CheloAbing_2.0,Chromosome,reference genome,148185065,119261,2256468705,3849,39189,44,28,0,0,2025-04-29,
GCF_003597395.2,Chelonoidis abingdonii,Abingdon island giant tortoise,106734,,Testudines,Testudinidae,Chelonoidis,CheloAbing_2.0,Chromosome,reference genome,148185065,119261,2256468705,3849,39189,44,28,23434,19060,2025-04-29,GCF_003597395.2-RS_2025_06
GCA_007399415.1,Gopherus evgoodei,Goodes thornscrub tortoise,1825980,,Testudines,Testudinidae,Gopherus,rGopEvg1_v1.p,Chromosome,reference genome,147425149,13026736,2298547364,382,932,44,58,0,0,2019-07-25,
GCF_007399415.2,Gopherus evgoodei,Goodes thornscrub tortoise,1825980,,Testudines,Testudinidae,Gopherus,rGopEvg1_v1.p,Chromosome,reference genome,147425149,13026736,2298547364,382,932,44,58,26465,20174,2019-07-25,NCBI Gopherus evgoodei Annotation Release 100
GCA_050000095.2,Indotestudo elongata,Elongated tortoise,74920,,Testudines,Testudinidae,Indotestudo,rIndElo1.hap1,Chromosome,reference genome,146925146,107311172,2319568681,206,375,44.5,53.2,0,0,2025-08-19,
GCA_050000115.1,Indotestudo elongata,Elongated tortoise,74920,,Testudines,Testudinidae,Indotestudo,rIndElo1.hap2,Chromosome,,146661883,81043424,2343166286,586,757,44.5,53.2,0,0,2025-04-29,
GCA_040782865.1,Testudo graeca,,86975,,Testudines,Testudinidae,Testudo,ASM4078286v1,Chromosome,reference genome,130162285,133608,2321835411,82171,110107,43.5,100,0,0,2024-07-19,
GCA_977009205.1,Trionyx triunguis,African softshell turtle,101491,,Testudines,Trionychidae,Trionyx,rTriTgu1.1,Chromosome,reference genome,137054899,80362655,2320326796,43,110,46,80,0,0,2025-10-19,
GCA_055691355.1,Apalone spinifera,spiny softshell turtle,55534,,Testudines,Trionychidae,Apalone,ASM5569135v1,Chromosome,reference genome,133328498,79167384,2322510297,294,360,45.5,38,0,0,2026-03-05,
GCA_052426305.1,Pelodiscus sinensis,Chinese soft-shelled turtle,13735,,Testudines,Trionychidae,Pelodiscus,ASM5242630v1,Complete Genome,,132537830,132537830,2266984135,34,34,46,60.28,0,0,2025-09-03,
GCA_019425775.1,Rafetus swinhoei,Swinhoes soft-shelled turtle,904230,,Testudines,Trionychidae,Rafetus,ASM1942577v1,Chromosome,reference genome,131976892,30963999,2237949466,717,1125,45.5,40,0,0,2021-07-30,
GCA_052575445.1,Chitra chitra,,171799,,Testudines,Trionychidae,Chitra,rChiChi1.pri,Chromosome,reference genome,131477372,78634236,2191255941,36,61,45,73,0,0,2025-09-12,
GCA_054135685.1,Palea steindachneri,wattle-necked softshell turtle,161718,,Testudines,Trionychidae,Palea,ASM5413568v1,Chromosome,reference genome,131416804,123794365,2225109576,74,95,45.5,95,0,0,2025-12-23,
GCA_052110805.1,Pelodiscus sinensis,Chinese soft-shelled turtle,13735,,Testudines,Trionychidae,Pelodiscus,ASM5211080v1,Chromosome,,130523375,14386982,2191815503,1363,2824,45.5,100,0,0,2025-08-18,
GCA_048772765.1,Pelodiscus sinensis,Chinese soft-shelled turtle,13735,,Testudines,Trionychidae,Pelodiscus,PRFRI_Ps_1.0,Chromosome,,130314220,1978471,2132957748,343,8447,45,100,0,0,2025-03-21,
GCA_049634645.1,Pelodiscus sinensis,Chinese soft-shelled turtle,13735,,Testudines,Trionychidae,Pelodiscus,ASM4963464v1,Chromosome,reference genome,129579767,107607917,2243870947,275,322,45.5,40,0,0,2025-04-15,
GCF_049634645.1,Pelodiscus sinensis,Chinese soft-shelled turtle,13735,,Testudines,Trionychidae,Pelodiscus,ASM4963464v1,Chromosome,reference genome,129579767,107607917,2243870947,275,322,45.5,40,33914,21463,2025-04-15,GCF_049634645.1-RS_2025_08
GCA_032595735.1,Pelochelys cantorii,Cantor's giant softshell turtle,171793,,Testudines,Trionychidae,Pelochelys,ASM3259573v1,Chromosome,reference genome,120169148,41440143,2161035712,64,554,45.5,121.6,0,0,2023-10-12,
GCA_030068395.2,Apalone spinifera,spiny softshell turtle,55534,,Testudines,Trionychidae,Apalone,ASM3006839v2,Chromosome,,120034057,14642,1915329639,6700,229866,43.5,24,0,0,2025-05-20,
GCA_027410445.1,Discoglossus pictus,painted frog,8351,Amphibia,Anura,Alytidae,Discoglossus,aDisPic1.pri,Chromosome,reference genome,453717995,3043591,3872581802,1317,4998,39.5,127.63,23770,22411,2022-12-28,GCA_027410445.1-GB_2025_08_16
GCA_048569485.1,Anomaloglossus baeobatrachus,,238106,Amphibia,Anura,Aromobatidae,Anomaloglossus,aAnoBae1.hap1,Chromosome,reference genome,707508717,2835192,6265077250,3642,7414,46.5,23.1,28666,25316,2025-03-13,GCA_048569485.1-GB_2025_08_27
GCF_048569485.1,Anomaloglossus baeobatrachus,,238106,Amphibia,Anura,Aromobatidae,Anomaloglossus,aAnoBae1.hap1,Chromosome,reference genome,707508717,2835192,6265077250,3642,7414,46.5,23.1,74270,23328,2025-03-13,GCF_048569485.1-RS_2025_07
GCA_048569465.1,Anomaloglossus baeobatrachus,,238106,Amphibia,Anura,Aromobatidae,Anomaloglossus,aAnoBae1.hap2,Chromosome,,703061776,2786571,6129031283,2426,6225,46.5,23.1,0,0,2025-03-13,
GCA_040206685.1,Ascaphus truei,coastal tailed frog,8439,Amphibia,Anura,Ascaphidae,Ascaphus,aAscTru1.hap1,Chromosome,reference genome,424004025,981472,3722616900,3549,9569,45,29.42,0,0,2024-06-17,
GCF_040206685.1,Ascaphus truei,coastal tailed frog,8439,Amphibia,Anura,Ascaphidae,Ascaphus,aAscTru1.hap1,Chromosome,reference genome,424004025,981472,3722616900,3549,9569,45,29.42,41455,22575,2024-06-17,GCF_040206685.1-RS_2025_07
GCA_040206675.1,Ascaphus truei,coastal tailed frog,8439,Amphibia,Anura,Ascaphidae,Ascaphus,aAscTru1.hap2,Chromosome,,396163443,971055,3660446095,2779,8802,45,29.42,0,0,2024-06-17,
GCA_036426205.1,Ascaphus truei,coastal tailed frog,8439,Amphibia,Anura,Ascaphidae,Ascaphus,UCB_Atru_1.0,Chromosome,,76695647,164230,3101746330,107521,128214,44,40,31412,31412,2024-02-07,"Annotation submitted by University of California, Berkeley"
GCA_027579735.1,Bombina bombina,fire-bellied toad,8345,Amphibia,Anura,Bombinatoridae,Bombina,aBomBom1.pri,Chromosome,reference genome,1241340601,3759931,10019663791,2467,9446,39,92.75,0,0,2023-01-09,
GCF_027579735.1,Bombina bombina,fire-bellied toad,8345,Amphibia,Anura,Bombinatoridae,Bombina,aBomBom1.pri,Chromosome,reference genome,1241340601,3759931,10019663791,2467,9446,39,92.75,31613,22468,2023-01-09,GCF_027579735.1-RS_2023_03
GCA_964205295.1,Bombina variegata,yellow-bellied toad,8348,Amphibia,Anura,Bombinatoridae,Bombina,aBomVar4.paternal.1,Chromosome,reference genome,1114117749,1741680,9369772323,4756,11427,39,26,0,0,2024-07-29,
GCA_964205305.1,Bombina variegata,yellow-bellied toad,8348,Amphibia,Anura,Bombinatoridae,Bombina,aBomVar4.maternal.1,Chromosome,,1092803421,1677552,9112230460,3497,10308,39,26,0,0,2024-07-29,
GCA_905171765.1,Bufo bufo,common toad,8384,Amphibia,Anura,Bufonidae,Bufo,aBufBuf1.1,Chromosome,reference genome,635713434,3959750,5044744194,1306,5501,44.5,64,0,0,2021-01-28,
GCF_905171765.1,Bufo bufo,common toad,8384,Amphibia,Anura,Bufonidae,Bufo,aBufBuf1.1,Chromosome,reference genome,635713434,3959750,5044744194,1306,5501,44.5,64,32600,21517,2021-01-28,NCBI Bufo bufo Annotation Release 100
GCA_014858855.1,Bufo gargarizans,Asiatic toad,30331,Amphibia,Anura,Bufonidae,Bufo,ASM1485885v1,Chromosome,reference genome,539822115,1738317,4545465442,747,4620,44.5,103,0,0,2020-10-21,
GCF_014858855.1,Bufo gargarizans,Asiatic toad,30331,Amphibia,Anura,Bufonidae,Bufo,ASM1485885v1,Chromosome,reference genome,539822115,1738317,4545465442,747,4620,44.5,103,27589,22033,2020-10-21,NCBI Bufo gargarizans Annotation Release 100
GCA_033119425.1,Bufotes viridis,European green toad,30338,Amphibia,Anura,Bufonidae,Bufotes,bufVir1,Chromosome,reference genome,470251507,1872430,3796774568,13315,18492,44,60,0,0,2023-11-02,
GCA_978041805.1,Epidalea calamita,natterjack toad,30326,Amphibia,Anura,Bufonidae,Epidalea,aEpiCal4.hap2.1,Chromosome,reference genome,469163722,15944649,3711998431,535,1077,43,44,0,0,2026-01-23,
GCA_978041865.1,Epidalea calamita,natterjack toad,30326,Amphibia,Anura,Bufonidae,Epidalea,aEpiCal4.hap1.1,Chromosome,,467214536,16129957,3713514387,548,1114,43.5,44,0,0,2026-02-28,
GCA_037900795.1,Bufotes viridis,European green toad,30338,Amphibia,Anura,Bufonidae,Bufotes,ASM3790079v1,Chromosome,,464180742,466638,3660158783,10803,28012,43.5,30,0,0,2024-04-01,
GCA_051348885.1,Ranitomeya variabilis,Zimmermann's poison frog,490064,Amphibia,Anura,Dendrobatidae,Ranitomeya,aRanVar5.hap2,Chromosome,,791844793,60899295,5710906444,275,502,45,49,0,0,2025-07-15,
GCA_051348905.1,Ranitomeya variabilis,Zimmermann's poison frog,490064,Amphibia,Anura,Dendrobatidae,Ranitomeya,aRanVar5.hap1,Chromosome,reference genome,788740125,68175871,5645589471,286,495,45,49,0,0,2025-07-15,
GCF_051348905.1,Ranitomeya variabilis,Zimmermann's poison frog,490064,Amphibia,Anura,Dendrobatidae,Ranitomeya,aRanVar5.hap1,Chromosome,reference genome,788740125,68175871,5645589471,286,495,45,49,59733,24270,2025-07-15,GCF_051348905.1-RS_2025_09
GCA_032444005.1,Ranitomeya imitator,mimic poison frog,111125,Amphibia,Anura,Dendrobatidae,Ranitomeya,aRanImi1.pri,Chromosome,reference genome,725832262,13907627,5956610564,1672,2437,45,52.17,0,0,2023-10-16,
GCF_032444005.1,Ranitomeya imitator,mimic poison frog,111125,Amphibia,Anura,Dendrobatidae,Ranitomeya,aRanImi1.pri,Chromosome,reference genome,725832262,13907627,5956610564,1672,2437,45,52.17,44421,23747,2023-10-16,GCF_032444005.1-RS_2024_10
GCA_054083975.1,Fejervarya limnocharis,Boie's wart frog,110108,Amphibia,Anura,Dicroglossidae,Fejervarya,aFejLim2.hap1,Chromosome,reference genome,390094180,4508473,3519762086,627,2311,40.5,64.93,0,0,2025-12-17,
GCA_054084005.1,Fejervarya limnocharis,Boie's wart frog,110108,Amphibia,Anura,Dicroglossidae,Fejervarya,aFejLim2.hap2,Chromosome,,385637852,4768073,3488174278,311,1975,40.5,64.93,0,0,2025-12-17,
GCA_035609135.1,Eleutherodactylus coqui,Puerto Rican coqui,57060,Amphibia,Anura,Eleutherodactylidae,Eleutherodactylus,aEleCoq1.hap2,Chromosome,,286577258,10012006,3362534901,827,1512,45,39,0,0,2024-01-12,
GCA_035609145.1,Eleutherodactylus coqui,Puerto Rican coqui,57060,Amphibia,Anura,Eleutherodactylidae,Eleutherodactylus,aEleCoq1.hap1,Chromosome,reference genome,277440397,10388966,3371297528,956,1615,45,39,0,0,2024-01-12,
GCF_035609145.1,Eleutherodactylus coqui,Puerto Rican coqui,57060,Amphibia,Anura,Eleutherodactylidae,Eleutherodactylus,aEleCoq1.hap1,Chromosome,reference genome,277440397,10388966,3371297528,956,1615,45,39,61928,21776,2024-01-12,GCF_035609145.1-RS_2024_07
GCA_055470875.1,Eleutherodactylus marnockii,cliff chirping frog,356179,Amphibia,Anura,Eleutherodactylidae,Eleutherodactylus,aEleMan1.hap1,Chromosome,reference genome,268754176,6673842,4756406836,1175,2269,45,37.09,0,0,2026-02-24,
GCA_055470885.1,Eleutherodactylus marnockii,cliff chirping frog,356179,Amphibia,Anura,Eleutherodactylidae,Eleutherodactylus,aEleMan1.hap2,Chromosome,,259362208,7280876,4753297753,1050,2067,45,37.09,0,0,2026-02-24,
GCA_019857665.1,Eleutherodactylus coqui,Puerto Rican coqui,57060,Amphibia,Anura,Eleutherodactylidae,Eleutherodactylus,UCB_Ecoq_1.0,Chromosome,,109467076,10856,2789347782,105233,480031,43.5,240,23332,23332,2021-09-16,"Annotation submitted by University of California, Berkeley"
GCA_053478255.1,Pseudacris triseriata,western chorus frog,194198,Amphibia,Anura,Hylidae,Pseudacris,ASM5347825v1,Chromosome,reference genome,441658312,5336854,3994399550,1104,2919,45,42,0,0,2025-11-14,
GCA_029499605.1,Hyla sarda,,327740,Amphibia,Anura,Hylidae,Hyla,aHylSar1.hap1,Chromosome,reference genome,384967061,3809262,4142159359,3474,5771,44,30,0,0,2023-04-07,
GCF_029499605.1,Hyla sarda,,327740,Amphibia,Anura,Hylidae,Hyla,aHylSar1.hap1,Chromosome,reference genome,384967061,3809262,4142159359,3474,5771,44,30,102483,22847,2023-04-07,GCF_029499605.1-RS_2023_05
GCA_027789765.1,Dendropsophus ebraccatus,hourglass treefrog,150705,Amphibia,Anura,Hylidae,Dendropsophus,aDenEbr1.pat,Chromosome,reference genome,153439414,8808153,2214937069,2200,3003,44,69.99,0,0,2023-01-13,
GCF_027789765.1,Dendropsophus ebraccatus,hourglass treefrog,150705,Amphibia,Anura,Hylidae,Dendropsophus,aDenEbr1.pat,Chromosome,reference genome,153439414,8808153,2214937069,2200,3003,44,69.99,37424,22271,2023-01-13,GCF_027789765.1-RS_2024_11
GCA_040937935.1,Hyperolius riggenbachi,Riggenbach's reed frog,752182,Amphibia,Anura,Hyperoliidae,Hyperolius,aHypRig1.pri,Chromosome,reference genome,451034413,2674826,4915935452,477,3516,45,43.06,0,0,2024-07-30,
GCF_040937935.1,Hyperolius riggenbachi,Riggenbach's reed frog,752182,Amphibia,Anura,Hyperoliidae,Hyperolius,aHypRig1.pri,Chromosome,reference genome,451034413,2674826,4915935452,477,3516,45,43.06,68148,24147,2024-07-30,GCF_040937935.1-RS_2024_08
GCA_031893025.1,Leptodactylus fuscus,rufous frog,238119,Amphibia,Anura,Leptodactylidae,Leptodactylus,aLepFus1.hap1,Chromosome,,228259793,5565655,2307711212,2266,3239,43,33.11,0,0,2023-09-26,
GCA_031893055.1,Leptodactylus fuscus,rufous frog,238119,Amphibia,Anura,Leptodactylidae,Leptodactylus,aLepFus1.hap2,Chromosome,reference genome,226021100,5334240,2197979350,1265,2241,43,33.11,21939,20911,2023-09-26,GCA_031893055.1-GB_2025_08_15
GCF_031893055.1,Leptodactylus fuscus,rufous frog,238119,Amphibia,Anura,Leptodactylidae,Leptodactylus,aLepFus1.hap2,Chromosome,reference genome,226021100,5334240,2197979350,1265,2241,43,33.11,36647,20214,2023-09-26,GCF_031893055.1-RS_2025_07
GCA_040894005.1,Engystomops pustulosus,Tungara frog,76066,Amphibia,Anura,Leptodactylidae,Engystomops,aEngPut4.maternal,Chromosome,reference genome,214838416,21805561,2158203323,936,1372,43,38.6,0,0,2024-07-30,
GCF_040894005.1,Engystomops pustulosus,Tungara frog,76066,Amphibia,Anura,Leptodactylidae,Engystomops,aEngPut4.maternal,Chromosome,reference genome,214838416,21805561,2158203323,936,1372,43,38.6,71488,21963,2024-07-30,GCF_040894005.1-RS_2025_03
GCA_040894015.1,Engystomops pustulosus,Tungara frog,76066,Amphibia,Anura,Leptodactylidae,Engystomops,aEngPut4.paternal,Chromosome,,190347786,14365456,2081032022,819,1326,43,38.6,0,0,2024-07-30,
GCA_019512145.1,Engystomops pustulosus,Tungara frog,76066,Amphibia,Anura,Leptodactylidae,Engystomops,UCB_Epus_1.0,Chromosome,,172109237,305357,2555516698,108304,125761,42.5,103,30252,30252,2021-08-10,"Annotation submitted by University of California, Berkeley"
GCA_038048845.1,Mixophyes fleayi,Fleay's barred frog,3061075,Amphibia,Anura,Limnodynastidae,Mixophyes,aMixFle1.hap1,Chromosome,reference genome,346624570,4050021,2969628263,2806,4227,40.5,25,0,0,2024-04-17,
GCF_038048845.1,Mixophyes fleayi,Fleay's barred frog,3061075,Amphibia,Anura,Limnodynastidae,Mixophyes,aMixFle1.hap1,Chromosome,reference genome,346624570,4050021,2969628263,2806,4227,40.5,25,67235,21250,2024-04-17,GCF_038048845.1-RS_2025_07
GCA_038048865.1,Mixophyes fleayi,Fleay's barred frog,3061075,Amphibia,Anura,Limnodynastidae,Mixophyes,aMixFle1.hap2,Chromosome,,343394132,4482390,2876209288,914,2297,41,26,0,0,2024-04-17,
GCA_048565335.1,Mantella aurantiaca,,43514,Amphibia,Anura,Mantellidae,Mantella,aManAur1.hap2,Chromosome,reference genome,372175235,2243248,3319283846,2611,6532,41,26.8,0,0,2025-03-12,
GCA_048565345.1,Mantella aurantiaca,,43514,Amphibia,Anura,Mantellidae,Mantella,aManAur1.hap1,Chromosome,,333086339,2265415,3336091145,3087,7225,41,26.8,23136,21339,2025-03-12,GCA_048565345.1-GB_2025_10_17
GCA_018994145.1,Leptobrachium ailaonicum,Yunnan mustache toad,428466,Amphibia,Anura,Megophryidae,Leptobrachium,ASM1899414v1,Chromosome,reference genome,412424790,821125,3535795546,5370,15899,43.5,78,0,0,2021-06-24,
GCA_054131545.1,Leptobrachium boringii,Emei moustache toad,265040,Amphibia,Anura,Megophryidae,Leptobrachium,ASM5413154v1,Chromosome,reference genome,406887571,6397514,3372468942,13,1492,44,98.6,0,0,2025-12-22,
GCA_032062155.1,Leptobrachium ailaonicum,Yunnan mustache toad,428466,Amphibia,Anura,Megophryidae,Leptobrachium,UCB_Lail_2.0,Chromosome,,402259642,807968,3531415146,7435,16277,43.5,250,0,0,2023-09-27,
GCA_009667805.1,Leptobrachium leishanense,Leishan spiny toad,445787,Amphibia,Anura,Megophryidae,Leptobrachium,ASM966780v1,Chromosome,reference genome,394693044,1946319,3549060464,5302,8584,43.5,80.3,0,0,2019-11-19,
GCA_027917425.1,Gastrophryne carolinensis,eastern narrow-mouthed toad,8429,Amphibia,Anura,Microhylidae,Gastrophryne,aGasCar1.pri,Chromosome,reference genome,489283037,4962642,4336248441,1002,2747,47,29.62,20271,19181,2023-01-18,GCA_027917425.1-GB_2025_10_08
GCA_027917415.1,Gastrophryne carolinensis,eastern narrow-mouthed toad,8429,Amphibia,Anura,Microhylidae,Gastrophryne,aGasCar1.hap2,Chromosome,,483855963,4840928,4305890454,590,2363,47,29.62,0,0,2023-01-18,
GCA_028390025.1,Pseudophryne corroboree,corroboree frog,495146,Amphibia,Anura,Myobatrachidae,Pseudophryne,aPseCor3.hap2,Chromosome,reference genome,846894890,6819095,8872758793,3127,5826,45.5,26.91,0,0,2023-02-06,
GCF_028390025.1,Pseudophryne corroboree,corroboree frog,495146,Amphibia,Anura,Myobatrachidae,Pseudophryne,aPseCor3.hap2,Chromosome,reference genome,846894890,6819095,8872758793,3127,5826,45.5,26.91,186827,24591,2023-02-06,GCF_028390025.1-RS_2024_02
GCA_055691185.1,Crinia signifera,,326986,Amphibia,Anura,Myobatrachidae,Crinia,ASM5569118v1,Chromosome,reference genome,336578331,3425702,3234790400,872,2676,44.5,59,0,0,2026-03-05,
GCA_055691425.1,Crinia signifera,,326986,Amphibia,Anura,Myobatrachidae,Crinia,ASM5569142v1,Chromosome,,332341363,3213960,3285034523,1436,3256,44.5,59,0,0,2026-03-05,
GCA_036172605.1,Pelobates fuscus,common spadefoot toad,191477,Amphibia,Anura,Pelobatidae,Pelobates,aPelFus1.pri,Chromosome,reference genome,387735018,29412599,3606456729,159,508,42,25,0,0,2024-01-26,
GCF_036172605.1,Pelobates fuscus,common spadefoot toad,191477,Amphibia,Anura,Pelobatidae,Pelobates,aPelFus1.pri,Chromosome,reference genome,387735018,29412599,3606456729,159,508,42,25,49915,20977,2024-01-26,GCF_036172605.1-RS_2024_02
GCA_933207985.1,Pelobates cultripes,western spadefoot toad,61616,Amphibia,Anura,Pelobatidae,Pelobates,aPelCul1.1_chrom,Chromosome,reference genome,330123935,130439,3094940563,3574,68502,40.5,200,231783,32684,2023-06-09,Annotation submitted by The Spanish National Research Council (CSIC)
GCA_027358695.2,Spea bombifrons,plains spadefoot toad,233779,Amphibia,Anura,Pelobatidae,Spea,aSpeBom1.2.pri,Chromosome,reference genome,114150385,21170366,987655159,17,119,40.5,35.45,0,0,2022-12-27,
GCF_027358695.1,Spea bombifrons,plains spadefoot toad,233779,Amphibia,Anura,Pelobatidae,Spea,aSpeBom1.2.pri,Chromosome,reference genome,114150385,21170366,987655159,17,119,40.5,35.45,42958,19086,2022-12-27,GCF_027358695.1-RS_2023_03
GCA_054668525.1,Spea multiplicata,Mexican spadefoot toad,30317,Amphibia,Anura,Pelobatidae,Spea,aSpeMul1.hap1,Chromosome,reference genome,110727404,14261649,959398860,503,770,40,60.09,0,0,2026-01-22,
GCA_054668515.1,Spea multiplicata,Mexican spadefoot toad,30317,Amphibia,Anura,Pelobatidae,Spea,aSpeMul1.hap2,Chromosome,,107162795,14856565,940088435,292,556,40,60.09,0,0,2026-01-22,
GCA_054954225.1,Scaphiopus couchii,Couch's spadefoot toad,85089,Amphibia,Anura,Pelobatidae,Scaphiopus,aScaCou1.hap1,Chromosome,reference genome,101869530,8562319,1026693381,577,1182,40,34.8,0,0,2026-01-30,
GCA_054954145.1,Scaphiopus couchii,Couch's spadefoot toad,85089,Amphibia,Anura,Pelobatidae,Scaphiopus,aScaCou1.hap2,Chromosome,,101218034,7036237,1065624064,494,1114,40,34.8,0,0,2026-01-30,
GCA_036172795.1,Pelodytes ibericus,Iberian parsley frog,233781,Amphibia,Anura,Pelodytidae,Pelodytes,aPelIbe1.pri,Chromosome,reference genome,222280400,19137354,2077641644,98,360,39.5,30,53517,18296,2024-01-26,GCA_036172795.1-GB_2026_01_11
GCA_019447015.1,Hymenochirus boettgeri,Congo dwarf clawed frog,247094,Amphibia,Anura,Pipidae,Hymenochirus,UCB_Hboe_1.0,Chromosome,reference genome,293320900,783846,3210867089,25835,42213,39.5,110,20654,20654,2021-08-05,"Annotation submitted by University of California, Berkeley"
GCA_038501925.1,Xenopus petersii,Peter's clawed frog,288555,Amphibia,Anura,Pipidae,Xenopus,aXenPet1.paternal.cur,Chromosome,reference genome,160347489,15294995,2883778474,887,1387,39.5,36.3,0,0,2024-04-29,
GCA_017654675.1,Xenopus laevis,African clawed frog,8355,Amphibia,Anura,Pipidae,Xenopus,Xenopus_laevis_v10.1,Chromosome,reference genome,155250555,22451507,2742451793,54,715,39.5,28.5,0,0,2021-04-12,
GCF_017654675.1,Xenopus laevis,African clawed frog,8355,Amphibia,Anura,Pipidae,Xenopus,Xenopus_laevis_v10.1,Chromosome,reference genome,155250555,22451507,2742451793,54,715,39.5,28.5,44456,34476,2021-04-12,NCBI Xenopus laevis Annotation Release 101
GCA_000004195.4,Xenopus tropicalis,tropical clawed frog,8364,Amphibia,Anura,Pipidae,Xenopus,UCB_Xtro_10.0,Chromosome,reference genome,153961319,14634335,1451283599,166,850,40.5,111.5,25015,25015,2019-11-14,"Annotation submitted by University of California, Berkeley"
GCF_000004195.4,Xenopus tropicalis,tropical clawed frog,8364,Amphibia,Anura,Pipidae,Xenopus,UCB_Xtro_10.0,Chromosome,reference genome,153961319,14634335,1451283599,166,850,40.5,111.5,28858,21826,2019-11-14,NCBI Xenopus tropicalis Annotation Release 104
GCA_013368275.1,Xenopus tropicalis,tropical clawed frog,8364,Amphibia,Anura,Pipidae,Xenopus,ASM1336827v1,Chromosome,,150157909,377941,1485568097,1955,9631,40.5,30,0,0,2020-06-23,
GCA_038501915.1,Xenopus petersii,Peter's clawed frog,288555,Amphibia,Anura,Pipidae,Xenopus,aXenPet1.maternal.cur,Chromosome,,145598121,8630839,2613116200,1183,2255,39.5,40.1,0,0,2024-04-29,
GCA_024363595.1,Xenopus borealis,Kenyan clawed frog,8354,Amphibia,Anura,Pipidae,Xenopus,UCB_Xborealis_1,Chromosome,reference genome,143989302,21213,2747450723,23435,255128,38.5,50,0,0,2022-07-22,
GCA_001663975.1,Xenopus laevis,African clawed frog,8355,Amphibia,Anura,Pipidae,Xenopus,Xenopus_laevis_v2,Chromosome,,136570856,19713,2718416252,108032,324060,39,30,45942,45942,2016-08-09,Annotation submitted by International Xenopus Sequencing Consortium
GCF_001663975.1,Xenopus laevis,African clawed frog,8355,Amphibia,Anura,Pipidae,Xenopus,Xenopus_laevis_v2,Chromosome,,136570856,19713,2718416252,108032,324060,0,30,37031,31332,2016-08-09,NCBI Xenopus laevis Annotation Release 100
GCA_036250615.1,Ptychadena robeensis,,2829185,Amphibia,Anura,Ptychadenidae,Ptychadena,ASM3625061v1,Chromosome,reference genome,157086141,12384,1591013924,27292,239566,41.5,30,0,0,2024-01-31,
GCA_004786255.1,Pyxicephalus adspersus,,30357,Amphibia,Anura,Pyxicephalidae,Pyxicephalus,Pads_1.0,Chromosome,,157522388,30445,1563367516,5411,117078,38.5,189,0,0,2019-04-17,
GCA_032062135.1,Pyxicephalus adspersus,,30357,Amphibia,Anura,Pyxicephalidae,Pyxicephalus,UCB_Pads_2.0,Chromosome,reference genome,147930044,79604,1440301248,8089,46518,38.5,189,0,0,2023-09-27,
GCF_032062135.1,Pyxicephalus adspersus,,30357,Amphibia,Anura,Pyxicephalidae,Pyxicephalus,UCB_Pads_2.0,Chromosome,reference genome,147930044,79604,1440301248,8089,46518,38.5,189,24071,19416,2023-09-27,GCF_032062135.1-RS_2025_03
GCA_029206835.1,Rana muscosa,mountain yellow-legged frog,160500,Amphibia,Anura,Ranidae,Rana,Rmu.v1,Chromosome,reference genome,938497014,4644276,10160103425,5628,9672,45.5,30,0,0,2023-03-14,
GCA_042186555.1,Aquarana catesbeiana,American bullfrog,8400,Amphibia,Anura,Ranidae,Aquarana,ASM4218655v1,Chromosome,reference genome,691824178,3396515,6377618952,262,5032,43.5,35.42,0,0,2024-09-24,
GCF_042186555.1,Aquarana catesbeiana,American bullfrog,8400,Amphibia,Anura,Ranidae,Aquarana,ASM4218655v1,Chromosome,reference genome,691824178,3396515,6377618952,262,5032,43.5,35.42,47255,24438,2024-09-24,GCF_042186555.1-RS_2025_04
GCA_965119305.1,Pelophylax lessonae,pool frog,45623,Amphibia,Anura,Ranidae,Pelophylax,aPelLes1.hap1.1,Chromosome,reference genome,677924506,3786355,5811227458,1327,4371,43.5,35,0,0,2025-02-11,
GCA_028564925.1,Lithobates sylvaticus,wood frog,45438,Amphibia,Anura,Ranidae,Lithobates,aRanSyl1.merge,Chromosome,reference genome,611110003,2498674,5150352190,4861,18246,44,120,0,0,2023-02-09,
GCA_054643415.1,Pelophylax nigromaculatus,dark-spotted frog,8409,Amphibia,Anura,Ranidae,Pelophylax,ASM5464341v1,Chromosome,reference genome,576860057,31636204,5062672738,180,1024,43,60,0,0,2026-01-22,
GCA_037367395.2,Lithobates pipiens,northern leopard frog,8404,Amphibia,Anura,Ranidae,Lithobates,aLitPip1_p1.2,Chromosome,,555528375,5290577,5869026128,238,3157,44,22.77,0,0,2025-07-16,
GCA_029574335.1,Rana kukunoris,plateau brown frog,670907,Amphibia,Anura,Ranidae,Rana,ASM2957433v1,Chromosome,reference genome,547819331,1704296,4830730561,2983,6555,44.5,90.61,0,0,2023-04-09,
GCA_052815355.1,Rana chensinensis,Chinese brown frog,79015,Amphibia,Anura,Ranidae,Rana,ASM5281535v1,Chromosome,reference genome,484141639,2342739,4230638015,311,3510,44.5,99,0,0,2025-09-24,
GCA_905171775.1,Rana temporaria,common frog,8407,Amphibia,Anura,Ranidae,Rana,aRanTem1.1,Chromosome,reference genome,481763206,6264810,4111422596,554,2411,44,63,0,0,2021-01-28,
GCF_905171775.1,Rana temporaria,common frog,8407,Amphibia,Anura,Ranidae,Rana,aRanTem1.1,Chromosome,reference genome,481763206,6264810,4111422596,554,2411,44,63,38300,23707,2021-01-28,NCBI Rana temporaria Annotation Release 100
GCA_050947455.1,Rhinoderma darwinii,,43563,Amphibia,Anura,Rhinodermatidae,Rhinoderma,aRhiDar2.hap1,Chromosome,reference genome,410882874,8675653,3657511227,2942,4548,43,31.3,0,0,2025-06-17,
GCF_050947455.1,Rhinoderma darwinii,,43563,Amphibia,Anura,Rhinodermatidae,Rhinoderma,aRhiDar2.hap1,Chromosome,reference genome,410882874,8675653,3657511227,2942,4548,43,31.3,115156,20964,2025-06-17,GCF_050947455.1-RS_2025_07
GCA_050947465.1,Rhinoderma darwinii,,43563,Amphibia,Anura,Rhinodermatidae,Rhinoderma,aRhiDar2.hap2,Chromosome,,398023649,9236656,3445176806,1374,3022,43,31.3,0,0,2025-06-17,
GCA_037306005.1,Rhinophrynus dorsalis,Mexican burrowing toad,43566,Amphibia,Anura,Rhinophrynidae,Rhinophrynus,aRhiDor1.hap1,Chromosome,reference genome,565843407,12994863,4745552136,463,2495,42,28.7,19524,18668,2024-03-20,GCA_037306005.1-GB_2025_10_08
GCA_037306015.1,Rhinophrynus dorsalis,Mexican burrowing toad,43566,Amphibia,Anura,Rhinophrynidae,Rhinophrynus,aRhiDor1.hap2,Chromosome,,532500216,12716842,4535323468,656,2665,42,30,0,0,2024-03-20,
GCA_040938575.1,Ambystoma mexicanum,axolotl,8296,Amphibia,Caudata,Ambystomatidae,Ambystoma,UKY_AmexF1_1,Chromosome,reference genome,1489131749,23068610,29117848270,220,2315,46.5,48,0,0,2024-07-30,
GCF_040938575.1,Ambystoma mexicanum,axolotl,8296,Amphibia,Caudata,Ambystomatidae,Ambystoma,UKY_AmexF1_1,Chromosome,reference genome,1489131749,23068610,29117848270,220,2315,46.5,48,135668,24121,2024-07-30,GCF_040938575.1-RS_2024_10
GCA_002915635.3,Ambystoma mexicanum,axolotl,8296,Amphibia,Caudata,Ambystomatidae,Ambystoma,AmbMex60DD,Chromosome,,1205706733,217996,28206905576,27157,211437,46,30,0,0,2021-04-01,
GCA_964261635.1,Lissotriton helveticus,palmate newt,256425,Amphibia,Caudata,Salamandridae,Lissotriton,aLisHel1.1,Chromosome,reference genome,2132484007,7795245,23170028842,448,5693,45,27,0,0,2024-10-17,
GCF_964261635.1,Lissotriton helveticus,palmate newt,256425,Amphibia,Caudata,Salamandridae,Lissotriton,aLisHel1.1,Chromosome,reference genome,2132484007,7795245,23170028842,448,5693,45,27,82488,26911,2024-10-17,GCF_964261635.1-RS_2025_12
GCA_964263255.1,Lissotriton vulgaris,common newt,8324,Amphibia,Caudata,Salamandridae,Lissotriton,aLisVul1.1,Chromosome,reference genome,1925992481,6568731,24226223864,15265,19295,45,34,0,0,2024-10-17,
GCA_031143425.1,Pleurodeles waltl,Iberian ribbed newt,8319,Amphibia,Caudata,Salamandridae,Pleurodeles,aPleWal1.hap1.20221129,Chromosome,reference genome,1360680797,20474000,19767450834,616,2445,46,40,0,0,2024-03-19,
GCF_031143425.1,Pleurodeles waltl,Iberian ribbed newt,8319,Amphibia,Caudata,Salamandridae,Pleurodeles,aPleWal1.hap1.20221129,Chromosome,reference genome,1360680797,20474000,19767450834,616,2445,46,40,59059,22339,2024-03-19,GCF_031143425.1-RS_2024_08
GCA_964204655.1,Triturus cristatus,warty newt,8323,Amphibia,Caudata,Salamandridae,Triturus,aTriCri1.1,Chromosome,reference genome,1248769876,8497210,22324616549,1303,6001,45.5,36,0,0,2024-07-31,
GCA_026652325.1,Pleurodeles waltl,Iberian ribbed newt,8319,Amphibia,Caudata,Salamandridae,Pleurodeles,ASM2665232v1,Chromosome,,1237754594,45590032,20300781645,266,1188,46,40,13359,13359,2022-12-05,Annotation submitted by The Max Planck Institute of Molecular Cell Biology and Genetics
GCA_031142525.1,Pleurodeles waltl,Iberian ribbed newt,8319,Amphibia,Caudata,Salamandridae,Pleurodeles,aPleWal1.hap2.20221129,Chromosome,,1198365431,20742107,19899914163,437,2210,46,40,0,0,2024-03-19,
GCA_902459505.2,Geotrypetes seraphini,Gabon caecilian,260995,Amphibia,Gymnophiona,Dermophiidae,Geotrypetes,aGeoSer1.2,Chromosome,reference genome,272612222,20656571,3779413726,163,596,43,67,0,0,2021-04-24,
GCF_902459505.2,Geotrypetes seraphini,Gabon caecilian,260995,Amphibia,Gymnophiona,Dermophiidae,Geotrypetes,aGeoSer1.2,Chromosome,reference genome,272612222,20656571,3779413726,163,596,43,67,24014,19212,2021-04-24,GCF_902459505.2-RS_2026_03
GCA_033557465.1,Ichthyophis bannanicus,,8453,Amphibia,Gymnophiona,Ichthyophiidae,Ichthyophis,NWPU_BC_v1,Chromosome,reference genome,1041838628,5700647,12355439938,348,6475,46,100,0,0,2023-11-14,
GCA_901001135.2,Rhinatrema bivittatum,two-lined caecilian,194408,Amphibia,Gymnophiona,Rhinatrematidae,Rhinatrema,aRhiBiv1.2,Chromosome,reference genome,486875112,3216284,5319222779,1329,4900,44.5,43,0,0,2021-04-24,
GCF_901001135.2,Rhinatrema bivittatum,two-lined caecilian,194408,Amphibia,Gymnophiona,Rhinatrematidae,Rhinatrema,aRhiBiv1.2,Chromosome,reference genome,486875112,3216284,5319222779,1329,4900,44.5,43,28102,21544,2021-04-24,GCF_901001135.2-RS_2026_03
GCA_901765095.2,Microcaecilia unicolor,,1415580,Amphibia,Gymnophiona,Siphonopidae,Microcaecilia,aMicUni1.2,Chromosome,reference genome,376147139,3661507,4685923413,1080,3529,44,53,0,0,2021-04-24,
GCF_901765095.2,Microcaecilia unicolor,,1415580,Amphibia,Gymnophiona,Siphonopidae,Microcaecilia,aMicUni1.2,Chromosome,reference genome,376147139,3661507,4685923413,1080,3529,44,53,26212,20858,2021-04-24,GCF_901765095.2-RS_2026_02
GCA_036417975.1,Apteryx mantelli,North Island brown kiwi,2696672,Aves,Apterygiformes,Apterygidae,Apteryx,bAptMan1.hap2,Chromosome,,88126246,15312369,1593539360,349,504,44.5,48,0,0,2024-02-06,
GCA_036417845.1,Apteryx mantelli,North Island brown kiwi,2696672,Aves,Apterygiformes,Apterygidae,Apteryx,bAptMan1.hap1,Chromosome,reference genome,88095958,19797665,1504396159,408,578,44,48,0,0,2024-02-06,
GCF_036417845.1,Apteryx mantelli,North Island brown kiwi,2696672,Aves,Apterygiformes,Apterygidae,Apteryx,bAptMan1.hap1,Chromosome,reference genome,88095958,19797665,1504396159,408,578,44,48,21410,17430,2024-02-06,GCF_036417845.1-RS_2024_08
GCA_016128335.2,Dromaius novaehollandiae,emu,8790,Aves,Casuariiformes,Dromaiidae,Dromaius,ZJU2.0,Chromosome,,82725153,15904022,1247435561,767,1306,42.5,70,0,0,2023-01-13,
GCA_036417515.1,Dromaius novaehollandiae,emu,8790,Aves,Casuariiformes,Dromaiidae,Dromaius,bDroNov1.hap2,Chromosome,,78348880,21059541,1359162908,238,339,44.5,52,0,0,2024-02-26,
GCA_036370855.1,Dromaius novaehollandiae,emu,8790,Aves,Casuariiformes,Dromaiidae,Dromaius,bDroNov1.hap1,Chromosome,reference genome,77929039,24239989,1468706110,271,400,44,52,0,0,2024-02-26,
GCF_036370855.1,Dromaius novaehollandiae,emu,8790,Aves,Casuariiformes,Dromaiidae,Dromaius,bDroNov1.hap1,Chromosome,reference genome,77929039,24239989,1468706110,271,400,44,52,24513,17857,2024-02-26,GCF_036370855.1-RS_2024_04
GCA_028389875.1,Rhea pennata,,8795,Aves,Rheiformes,Rheidae,Rhea,bPtePen1.pri,Chromosome,reference genome,82467789,19335416,1269000025,179,307,42.5,32.9,0,0,2023-02-06,
GCF_028389875.1,Rhea pennata,,8795,Aves,Rheiformes,Rheidae,Rhea,bPtePen1.pri,Chromosome,reference genome,82467789,19335416,1269000025,179,307,42.5,32.9,19550,16410,2023-02-06,GCF_028389875.1-RS_2023_12
GCA_040807025.1,Struthio camelus,African ostrich,8801,Aves,Struthioniformes,Struthionidae,Struthio,bStrCam1.hap1,Chromosome,reference genome,84633522,28829471,1452018929,262,378,44.5,80.9,0,0,2024-07-22,
GCF_040807025.1,Struthio camelus,African ostrich,8801,Aves,Struthioniformes,Struthionidae,Struthio,bStrCam1.hap1,Chromosome,reference genome,84633522,28829471,1452018929,262,378,44.5,80.9,23381,17572,2024-07-22,GCF_040807025.1-RS_2024_10
GCA_040807015.1,Struthio camelus,African ostrich,8801,Aves,Struthioniformes,Struthionidae,Struthio,bStrCam1.hap2,Chromosome,,74711726,28538747,1383056266,250,332,45.5,80.9,0,0,2024-07-22,
GCA_047922985.1,Eudromia elegans,elegant crested-tinamou,8805,Aves,Tinamiformes,Tinamidae,Eudromia,bEudEle1_v1.hap1,Chromosome,reference genome,66803183,11629215,1109672866,396,695,44.5,55.2,16072,15471,2025-02-20,GCA_047922985.1-GB_2025_12_03
GCA_047922975.1,Eudromia elegans,elegant crested-tinamou,8805,Aves,Tinamiformes,Tinamidae,Eudromia,bEudEle1_v1.hap2,Chromosome,,66547323,15217740,965723864,359,543,44.5,55.2,0,0,2025-02-20,
GCA_048418815.1,Hemitrygon akajei,red stingray,2704970,Chondrichthyes,Myliobatiformes,Dasyatidae,Hemitrygon,sHemAka1.3,Chromosome,reference genome,175234968,8940806,4229631903,260,2325,43,40,0,0,2025-03-05,
GCF_048418815.1,Hemitrygon akajei,red stingray,2704970,Chondrichthyes,Myliobatiformes,Dasyatidae,Hemitrygon,sHemAka1.3,Chromosome,reference genome,175234968,8940806,4229631903,260,2325,43,40,28659,21646,2025-03-05,GCF_048418815.1-RS_2025_04
GCA_030144785.1,Hypanus sabinus,Atlantic stingray,79690,Chondrichthyes,Myliobatiformes,Dasyatidae,Hypanus,sHypSab1.hap2,Chromosome,,162574764,4909400,3635158545,1412,3045,43,34.2,0,0,2023-06-05,
GCA_030144855.1,Hypanus sabinus,Atlantic stingray,79690,Chondrichthyes,Myliobatiformes,Dasyatidae,Hypanus,sHypSab1.hap1,Chromosome,reference genome,112262883,4266932,4044869043,2989,4637,43.5,34.2,0,0,2023-06-05,
GCF_030144855.1,Hypanus sabinus,Atlantic stingray,79690,Chondrichthyes,Myliobatiformes,Dasyatidae,Hypanus,sHypSab1.hap1,Chromosome,reference genome,112262883,4266932,4044869043,2989,4637,43.5,34.2,30308,22522,2023-06-05,GCF_030144855.1-RS_2023_09
GCA_054367945.1,Fontitrygon garouaensis,,3355173,Chondrichthyes,Myliobatiformes,Dasyatidae,Fontitrygon,ASM5436794v1,Chromosome,reference genome,87729678,16733971,4164957080,1158,2446,42,32,0,0,2026-01-06,
GCA_963921235.1,Mobula hypostoma,lesser devil ray,723540,Chondrichthyes,Myliobatiformes,Myliobatidae,Mobula,sMobHyp1.1,Chromosome,reference genome,152437164,23327000,3475679493,200,897,43,100,0,0,2024-01-06,
GCF_963921235.1,Mobula hypostoma,lesser devil ray,723540,Chondrichthyes,Myliobatiformes,Myliobatidae,Mobula,sMobHyp1.1,Chromosome,reference genome,152437164,23327000,3475679493,200,897,43,100,23970,18916,2024-01-06,GCF_963921235.1-RS_2024_02
GCA_030035685.1,Mobula birostris,giant manta,1983395,Chondrichthyes,Myliobatiformes,Myliobatidae,Mobula,sMobBir1.hap2,Chromosome,,152352395,8612779,3634101053,1558,3300,43,32,0,0,2023-05-22,
GCA_030028105.1,Mobula birostris,giant manta,1983395,Chondrichthyes,Myliobatiformes,Myliobatidae,Mobula,sMobBir1.hap1,Chromosome,reference genome,148671352,7300797,4014635230,4715,6525,43.5,32,0,0,2023-05-22,
GCF_030028105.1,Mobula birostris,giant manta,1983395,Chondrichthyes,Myliobatiformes,Myliobatidae,Mobula,sMobBir1.hap1,Chromosome,reference genome,148671352,7300797,4014635230,4715,6525,43.5,32,27860,20172,2023-05-22,GCF_030028105.1-RS_2025_03
GCA_055471215.1,Potamotrygon marinae,,2803083,Chondrichthyes,Myliobatiformes,Potamotrygonidae,Potamotrygon,sPotMar1.hap2,Chromosome,reference genome,192842338,12999503,4335674344,759,1771,41.5,36.5,0,0,2026-02-24,
GCA_055471165.1,Potamotrygon marinae,,2803083,Chondrichthyes,Myliobatiformes,Potamotrygonidae,Potamotrygon,sPotMar1.hap1,Chromosome,,143355263,11388168,4954887661,1101,2215,41.5,36.5,0,0,2026-02-24,
GCA_053455715.1,Rhinoraja longicauda,white-bellied softnose skate,667116,Chondrichthyes,Rajiformes,Arhynchobatidae,Rhinoraja,sRhiLon1.1,Chromosome,reference genome,53501714,1663054,2198843048,3942,9278,45,47,0,0,2025-11-13,
GCF_053455715.1,Rhinoraja longicauda,white-bellied softnose skate,667116,Chondrichthyes,Rajiformes,Arhynchobatidae,Rhinoraja,sRhiLon1.1,Chromosome,reference genome,53501714,1663054,2198843048,3942,9278,45,47,22996,18472,2025-11-13,GCF_053455715.1-RS_2025_12
GCA_035221665.1,Okamejei kenojei,ocellate spot skate,432798,Chondrichthyes,Rajiformes,Rajidae,Okamejei,ASM3522166v1,Chromosome,reference genome,74022218,1743244,2756528269,1141,5426,44,247.8,0,0,2024-01-12,
GCA_980436725.1,Raja undulata,undulate ray,182855,Chondrichthyes,Rajiformes,Rajidae,Raja,sRajUnd1.1,Chromosome,reference genome,72868749,2806603,2933651393,1252,3795,45,33,0,0,2026-02-28,
GCA_040805665.1,Okamejei kenojei,ocellate spot skate,432798,Chondrichthyes,Rajiformes,Rajidae,Okamejei,ASM4080566v1,Chromosome,,72684331,3773098,2705578959,869,2996,44,39,0,0,2024-07-22,
GCA_963514005.1,Raja brachyura,blonde ray,223862,Chondrichthyes,Rajiformes,Rajidae,Raja,sRajBra1.1,Chromosome,reference genome,68366687,2048057,2700450552,1646,3915,45,33,0,0,2023-09-28,
GCF_963514005.1,Raja brachyura,blonde ray,223862,Chondrichthyes,Rajiformes,Rajidae,Raja,sRajBra1.1,Chromosome,reference genome,68366687,2048057,2700450552,1646,3915,45,33,23715,18971,2023-09-28,GCF_963514005.1-RS_2026_02
GCA_980434695.1,Raja clavata,thornback ray,7781,Chondrichthyes,Rajiformes,Rajidae,Raja,sRajCla2.hap1.1,Chromosome,reference genome,67959518,3030851,2720684976,1859,4526,44.5,53,0,0,2026-02-28,
GCA_980250545.1,Raja montagui,spotted ray,27588,Chondrichthyes,Rajiformes,Rajidae,Raja,sRajMon1.hap1.1,Chromosome,reference genome,66828203,1211366,2761506678,4541,7571,44.5,35,0,0,2026-02-28,
GCA_010909765.2,Amblyraja radiata,thorny skate,386614,Chondrichthyes,Rajiformes,Rajidae,Amblyraja,sAmbRad1.1.pri,Chromosome,reference genome,62052929,1462921,2558784953,957,4672,44.5,128.24,0,0,2020-02-21,
GCF_010909765.2,Amblyraja radiata,thorny skate,386614,Chondrichthyes,Rajiformes,Rajidae,Amblyraja,sAmbRad1.1.pri,Chromosome,reference genome,62052929,1462921,2558784953,957,4672,44.5,128.24,25978,18474,2020-02-21,NCBI Amblyraja radiata Updated Annotation Release 100.20210331
GCA_965643135.1,Leucoraja naevus,cuckoo ray,223888,Chondrichthyes,Rajiformes,Rajidae,Leucoraja,sLeuNae2.1,Chromosome,reference genome,60279479,2392000,2368896861,1502,3675,44,28,0,0,2025-07-19,
GCA_038087875.1,Malacoraja senta,smooth skate,1072478,Chondrichthyes,Rajiformes,Rajidae,Malacoraja,sMalSen1_p1.0,Chromosome,reference genome,58719002,150120,1943516005,6181,19273,44,8.7,0,0,2024-04-17,
GCA_028641065.1,Leucoraja erinaceus,little skate,7782,Chondrichthyes,Rajiformes,Rajidae,Leucoraja,Leri_hhj_1,Chromosome,reference genome,57189699,5310386,2190844947,1768,2599,44,150,0,0,2023-02-22,
GCF_028641065.1,Leucoraja erinaceus,little skate,7782,Chondrichthyes,Rajiformes,Rajidae,Leucoraja,Leri_hhj_1,Chromosome,reference genome,57189699,5310386,2190844947,1768,2599,44,150,23250,18970,2023-02-22,GCF_028641065.1-RS_2023_04
GCA_009764475.2,Pristis pectinata,smalltooth sawfish,685728,Chondrichthyes,Rhinopristiformes,Pristidae,Pristis,sPriPec2.1.pri,Chromosome,reference genome,101699621,17009522,2267840987,172,870,42.5,61.91,0,0,2019-12-19,
GCF_009764475.1,Pristis pectinata,smalltooth sawfish,685728,Chondrichthyes,Rhinopristiformes,Pristidae,Pristis,sPriPec2.1.pri,Chromosome,reference genome,101699621,17009522,2267840987,172,870,42.5,61.91,21162,17434,2019-12-19,GCF_009764475.1-RS_2023_02
GCA_036971175.1,Narcine bancroftii,Caribbean electric ray,1343680,Chondrichthyes,Torpediniformes,Narcinidae,Narcine,sNarBan1.hap2,Chromosome,,258892457,5005593,3110263114,445,1952,43,50,0,0,2024-03-06,
GCA_036971445.1,Narcine bancroftii,Caribbean electric ray,1343680,Chondrichthyes,Torpediniformes,Narcinidae,Narcine,sNarBan1.hap1,Chromosome,reference genome,257710454,5195315,3328432768,595,2038,43.5,50,0,0,2024-03-06,
GCF_036971445.1,Narcine bancroftii,Caribbean electric ray,1343680,Chondrichthyes,Torpediniformes,Narcinidae,Narcine,sNarBan1.hap1,Chromosome,reference genome,257710454,5195315,3328432768,595,2038,43.5,50,30148,18559,2024-03-06,GCF_036971445.1-RS_2024_11
GCA_977017645.1,Torpedo marmorata,marbled electric ray,7788,Chondrichthyes,Torpediniformes,Torpedinidae,Torpedo,sTorMar1.1,Chromosome,reference genome,111696861,3050324,6221090334,4565,7967,44,30,0,0,2025-11-08,
GCA_900747795.4,Erpetoichthys calabaricus,reedfish,27687,Cladistia,Polypteriformes,Polypteridae,Erpetoichthys,fErpCal1.3,Chromosome,reference genome,217689105,6772339,3613534470,168,1599,39.5,58,0,0,2021-07-07,
GCF_900747795.2,Erpetoichthys calabaricus,reedfish,27687,Cladistia,Polypteriformes,Polypteridae,Erpetoichthys,fErpCal1.3,Chromosome,reference genome,217689105,6772339,3613534470,168,1599,39.5,58,27285,22075,2021-07-07,GCF_900747795.2-RS_2023_02
GCA_016835505.1,Polypterus senegalus,gray bichir,55291,Cladistia,Polypteriformes,Polypteridae,Polypterus,ASM1683550v1,Chromosome,reference genome,189689183,4528139,3673863536,9855,13021,39.5,64,23372,16313,2021-02-09,Annotation submitted by BGI
GCF_016835505.1,Polypterus senegalus,gray bichir,55291,Cladistia,Polypteriformes,Polypteridae,Polypterus,ASM1683550v1,Chromosome,reference genome,189689183,4528139,3673863536,9855,13021,39.5,64,29359,21953,2021-02-09,NCBI Polypterus senegalus Annotation Release 100
GCA_043380575.1,Atractosteus spatula,alligator gar,7917,Holostei,Semionotiformes,Lepisosteidae,Atractosteus,ASPAv1,Chromosome,reference genome,56827445,15716625,1045212796,39,310,40.5,60,0,0,2024-10-21,
GCA_055471065.1,Atractosteus spatula,alligator gar,7917,Holostei,Semionotiformes,Lepisosteidae,Atractosteus,fAtrSpa1.hap1,Chromosome,,55314901,23006130,1182701606,355,419,40.5,68.55,0,0,2026-02-24,
GCA_055504755.1,Atractosteus spatula,alligator gar,7917,Holostei,Semionotiformes,Lepisosteidae,Atractosteus,fAtrSpa1.hap2,Chromosome,,54681828,25914056,1139929243,234,315,40.5,68.55,0,0,2026-02-24,
GCA_048414675.1,Pogona vitticeps,central bearded dragon,103695,Lepidosauria,Squamata,Agamidae,Pogona,ASM4841467v1,Chromosome,,290615922,38431908,1915884176,372,1138,42,105,0,0,2025-03-05,
GCA_047335585.1,Pogona vitticeps,central bearded dragon,103695,Lepidosauria,Squamata,Agamidae,Pogona,Pvi2.1,Chromosome,,274873533,202516942,1793327715,16,42,42,62,0,0,2025-01-31,
GCF_047335585.1,Pogona vitticeps,central bearded dragon,103695,Lepidosauria,Squamata,Agamidae,Pogona,Pvi2.1,Chromosome,,274873533,202516942,1793327715,16,42,42,62,26449,19105,2025-01-31,GCF_047335585.1-RS_2025_03
GCA_040285375.1,Laudakia wui,Wuis rock agama,1816318,Lepidosauria,Squamata,Agamidae,Laudakia,ASM4028537v1,Chromosome,reference genome,273178261,170066346,1779364323,18,70,42.5,67,0,0,2024-06-25,
GCA_055355785.1,Laudakia wui,Wuis rock agama,1816318,Lepidosauria,Squamata,Agamidae,Laudakia,ASM5535578v1,Chromosome,,272449904,53330395,1776678284,116,224,42.5,30,0,0,2026-02-19,
GCA_051106095.1,Pogona vitticeps,central bearded dragon,103695,Lepidosauria,Squamata,Agamidae,Pogona,PviZW2.1,Chromosome,reference genome,266210064,134074000,1752814424,89,115,42,100,0,0,2025-06-26,
GCF_051106095.1,Pogona vitticeps,central bearded dragon,103695,Lepidosauria,Squamata,Agamidae,Pogona,PviZW2.1,Chromosome,reference genome,266210064,134074000,1752814424,89,115,42,100,30160,19760,2025-06-26,GCF_051106095.1-RS_2025_12
GCA_037367245.1,Phrynocephalus guinanensis,,740940,Lepidosauria,Squamata,Agamidae,Phrynocephalus,CIB_Pgui_1.0,Chromosome,reference genome,132691761,2541092,1813735221,50,1270,43.5,105,0,0,2024-03-20,
GCA_023053635.2,Elgaria multicarinata webbii,,159646,Lepidosauria,Squamata,Anguidae,Elgaria,rElgMul1.1.pri,Chromosome,reference genome,121985326,85762895,1790500004,34,107,43.5,36,0,0,2024-01-04,
GCF_023053635.1,Elgaria multicarinata webbii,,159646,Lepidosauria,Squamata,Anguidae,Elgaria,rElgMul1.1.pri,Chromosome,reference genome,121985326,85762895,1790500004,34,107,43.5,36,21748,19563,2024-01-04,GCF_023053635.1-RS_2024_02
GCA_052054735.1,Dopasia gracilis,Burmese glass lizard,182351,Lepidosauria,Squamata,Anguidae,Dopasia,ASM5205473v1,Chromosome,reference genome,114217649,45730894,1531532759,19,216,43.5,100,0,0,2025-08-15,
GCA_051312515.2,Anniella stebbinsi,,2202111,Lepidosauria,Squamata,Anniellidae,Anniella,rAnnSte1.2_hap1,Chromosome,reference genome,277434096,120644908,1885870326,55,122,43.5,47,0,0,2026-01-27,
GCA_051312545.2,Anniella stebbinsi,,2202111,Lepidosauria,Squamata,Anniellidae,Anniella,rAnnSte1.2_hap2,Chromosome,,276480144,116284300,1893391702,43,126,43.5,47,0,0,2026-01-27,
GCA_035149785.1,Candoia aspera,,51853,Lepidosauria,Squamata,Boidae,Candoia,rCanAsp1.hap2,Chromosome,reference genome,209480725,55640180,1530810380,149,250,41,37,0,0,2024-01-18,
GCF_035149785.1,Candoia aspera,,51853,Lepidosauria,Squamata,Boidae,Candoia,rCanAsp1.hap2,Chromosome,reference genome,209480725,55640180,1530810380,149,250,41,37,20506,18397,2024-01-18,GCF_035149785.1-RS_2024_02
GCA_047715955.2,Bradypodion pumilum,,179887,Lepidosauria,Squamata,Chamaeleonidae,Bradypodion,rBraPum1.hap2,Chromosome,,388707816,53345644,2479053460,82,202,45,51.1,0,0,2025-12-17,
GCA_047715975.2,Bradypodion pumilum,,179887,Lepidosauria,Squamata,Chamaeleonidae,Bradypodion,rBraPum1.hap1,Chromosome,,387402510,44366450,2467904324,73,182,45,51.1,0,0,2025-12-17,
GCA_043643385.1,Chamaeleo calyptratus,veiled chameleon,179908,Lepidosauria,Squamata,Chamaeleonidae,Chamaeleo,ASM4364338v1,Chromosome,reference genome,278718720,14096519,1803551824,487,1033,43,160,0,0,2024-10-24,
GCA_030440675.1,Furcifer pardalis,,187939,Lepidosauria,Squamata,Chamaeleonidae,Furcifer,ASM3044067v1,Chromosome,reference genome,184669281,158731830,1609777135,11,23,42,38,0,0,2023-07-12,
GCA_028640845.1,Ahaetulla prasina,,499056,Lepidosauria,Squamata,Colubridae,Ahaetulla,ASM2864084v1,Chromosome,reference genome,231952326,23873608,1772420080,748,1079,41,140,0,0,2023-02-22,
GCF_028640845.1,Ahaetulla prasina,,499056,Lepidosauria,Squamata,Colubridae,Ahaetulla,ASM2864084v1,Chromosome,reference genome,231952326,23873608,1772420080,748,1079,41,140,21369,18292,2023-02-22,GCF_028640845.1-RS_2023_07
GCA_050231175.1,Elaphe schrenckii,Amur rat snake,74362,Lepidosauria,Squamata,Colubridae,Elaphe,ASM5023117v1,Chromosome,reference genome,215196393,57283861,1685624254,471,935,40.5,53,0,0,2025-05-07,
GCA_039707465.1,Rhabdophis nuchalis,Hubei keelback,126483,Lepidosauria,Squamata,Colubridae,Rhabdophis,ASM3970746v1,Chromosome,reference genome,204956984,104787037,1924646879,405,749,42,40,0,0,2024-05-20,
GCA_050613815.1,Pseudoxenodon stejnegeri,Stejneger's bamboo snake,1938231,Lepidosauria,Squamata,Colubridae,Pseudoxenodon,CDU_Pste_1,Chromosome,reference genome,203681815,94324657,1600572231,617,660,40,150,0,0,2025-05-29,
GCA_964659585.1,Natrix maura,viperine water snake,8585,Lepidosauria,Squamata,Colubridae,Natrix,rNatMau1.1,Chromosome,reference genome,174378910,36526383,1738069032,209,284,41.5,52,0,0,2025-01-02,
GCA_964273705.1,Natrix helvetica,,2025560,Lepidosauria,Squamata,Colubridae,Natrix,rNatHel1.hap1.1,Chromosome,reference genome,172830377,1870695,1777495310,486,2496,41.5,42,0,0,2024-10-05,
GCA_038048745.1,Coluber constrictor foxii,,3052055,Lepidosauria,Squamata,Colubridae,Coluber,rColCon1_p1.0,Chromosome,reference genome,170815331,72486006,1829127931,272,1098,40.5,42.9,0,0,2024-04-17,
GCA_964340495.1,Hemorrhois hippocrepis,horseshoe snake,166086,Lepidosauria,Squamata,Colubridae,Hemorrhois,rHemHip1.1,Chromosome,reference genome,153613759,54718507,1806509314,110,146,41,84,0,0,2024-11-17,
GCA_009769535.1,Thamnophis elegans,Western terrestrial garter snake,35005,Lepidosauria,Squamata,Colubridae,Thamnophis,rThaEle1.pri,Chromosome,reference genome,100851885,4620601,1672190305,365,1883,41,62.12,0,0,2019-12-23,
GCF_009769535.1,Thamnophis elegans,Western terrestrial garter snake,35005,Lepidosauria,Squamata,Colubridae,Thamnophis,rThaEle1.pri,Chromosome,reference genome,100851885,4620601,1672190305,365,1883,41,62.12,21688,18900,2019-12-23,NCBI Thamnophis elegans Annotation Release 100
GCA_027244095.1,Hemicordylus capensis,graceful crag lizard,884348,Lepidosauria,Squamata,Cordylidae,Hemicordylus,rHemCap1.1.pri,Chromosome,reference genome,359646233,160691000,2294751221,44,86,45,43,0,0,2022-12-28,
GCF_027244095.1,Hemicordylus capensis,graceful crag lizard,884348,Lepidosauria,Squamata,Cordylidae,Hemicordylus,rHemCap1.1.pri,Chromosome,reference genome,359646233,160691000,2294751221,44,86,45,43,31139,21239,2022-12-28,GCF_027244095.1-RS_2023_02
GCA_035594765.1,Anolis carolinensis,green anole,28377,Lepidosauria,Squamata,Dactyloidae,Anolis,rAnoCar3.1.pri,Chromosome,reference genome,288964324,26091274,1850740401,211,1052,40.5,35,0,0,2024-01-12,
GCF_035594765.1,Anolis carolinensis,green anole,28377,Lepidosauria,Squamata,Dactyloidae,Anolis,rAnoCar3.1.pri,Chromosome,reference genome,288964324,26091274,1850740401,211,1052,40.5,35,27148,20447,2024-01-12,GCF_035594765.1-RS_2024_02
GCA_037176775.1,Anolis sagrei,brown anole,38937,Lepidosauria,Squamata,Dactyloidae,Anolis,rAnoSag1.pat,Chromosome,,274775750,40158202,1727284250,41,213,41,39.4,0,0,2024-03-15,
GCA_037176765.1,Anolis sagrei,brown anole,38937,Lepidosauria,Squamata,Dactyloidae,Anolis,rAnoSag1.mat,Chromosome,reference genome,249210491,43146625,1950830970,29,220,41.5,34.9,0,0,2024-03-15,
GCF_037176765.1,Anolis sagrei,brown anole,38937,Lepidosauria,Squamata,Dactyloidae,Anolis,rAnoSag1.mat,Chromosome,reference genome,249210491,43146625,1950830970,29,220,41.5,34.9,23363,20130,2024-03-15,GCF_037176765.1-RS_2024_08
GCA_046126795.1,Dibamus cf. smithi,,3379902,Lepidosauria,Squamata,Dibamidae,Dibamus,rDibSmi1.hap1,Chromosome,,146217707,18158878,2282703727,326,600,46,33.5,0,0,2024-12-18,
GCA_046126825.1,Dibamus cf. smithi,,3379902,Lepidosauria,Squamata,Dibamidae,Dibamus,rDibSmi1.hap2,Chromosome,,131869530,26439680,1821555219,720,917,45.5,33.5,0,0,2024-12-18,
GCA_045269775.1,Correlophus ciliatus,crested gecko,143539,Lepidosauria,Squamata,Diplodactylidae,Correlophus,SHOU_CoCili_1.2,Chromosome,,109969818,74966670,1661507015,190,295,45,80,0,0,2024-11-25,
GCA_031021105.1,Erythrolamprus reginae,royal ground snake,121349,Lepidosauria,Squamata,Dipsadidae,Erythrolamprus,rEryReg1.hap1,Chromosome,reference genome,259117534,3064756,1964049041,400,1791,41.5,34.47,0,0,2023-08-31,
GCF_031021105.1,Erythrolamprus reginae,royal ground snake,121349,Lepidosauria,Squamata,Dipsadidae,Erythrolamprus,rEryReg1.hap1,Chromosome,reference genome,259117534,3064756,1964049041,400,1791,41.5,34.47,23144,19996,2023-08-31,GCF_031021105.1-RS_2024_12
GCA_033807585.1,Hydrophis major,olive-headed seasnake,355693,Lepidosauria,Squamata,Elapidae,Hydrophis,HMAJ_1.0,Chromosome,reference genome,268276564,35743180,2166703382,1320,1797,40.5,30,0,0,2023-11-21,
GCA_019472885.1,Hydrophis curtus,Shaw's sea snake,355685,Lepidosauria,Squamata,Elapidae,Hydrophis,HCur_v2,Chromosome,,266229956,9704100,1964827820,711,2109,40.5,290,0,0,2021-08-09,
GCA_019473425.1,Hydrophis cyanocinctus,Asian annulated sea snake,8686,Lepidosauria,Squamata,Elapidae,Hydrophis,HCya_v2,Chromosome,reference genome,264245889,18985681,1980712740,1163,2399,40.5,318,0,0,2021-08-09,
GCA_009733165.1,Naja naja,Indian cobra,35670,Lepidosauria,Squamata,Elapidae,Naja,Nana_v5,Chromosome,reference genome,224088900,302474,1768535092,1897,13805,40.5,60,23071,23071,2019-12-11,"Annotation submitted by Genentech Inc.,"
GCA_049901735.1,Notechis scutatus,mainland tiger snake,8663,Lepidosauria,Squamata,Elapidae,Notechis,rNotScu1.2,Chromosome,,211178498,9430810,1533955903,202,1146,40,29.8,0,0,2025-04-24,
GCA_049901715.1,Pseudonaja textilis,,8673,Lepidosauria,Squamata,Elapidae,Pseudonaja,rPseTex1.2,Chromosome,,200959534,7104416,1476081604,556,1733,40,32.8,0,0,2025-04-24,
GCA_023653725.1,Bungarus multicinctus,many-banded krait,8616,Lepidosauria,Squamata,Elapidae,Bungarus,ASM2365372v1,Chromosome,reference genome,135406522,5437538,1593755901,448,2079,40,80,0,0,2022-06-07,
GCA_028583425.1,Eublepharis macularius,,481883,Lepidosauria,Squamata,Eublepharidae,Eublepharis,MPM_Emac_v1.0,Chromosome,reference genome,145573841,80105973,2237379946,75,136,44,30,0,0,2023-02-10,
GCF_028583425.1,Eublepharis macularius,,481883,Lepidosauria,Squamata,Eublepharidae,Eublepharis,MPM_Emac_v1.0,Chromosome,reference genome,145573841,80105973,2237379946,75,136,44,30,24025,20469,2023-02-10,GCF_028583425.1-RS_2023_03
GCA_032191835.1,Heteronotia binoei,common prickly gecko,13085,Lepidosauria,Squamata,Gekkonidae,Heteronotia,APGP_CSIRO_Hbin_v1,Chromosome,reference genome,150619664,14376057,2633446684,660,2268,45,21,0,0,2023-09-29,
GCF_032191835.1,Heteronotia binoei,common prickly gecko,13085,Lepidosauria,Squamata,Gekkonidae,Heteronotia,APGP_CSIRO_Hbin_v1,Chromosome,reference genome,150619664,14376057,2633446684,660,2268,45,21,25370,20682,2023-09-29,GCF_032191835.1-RS_2023_10
GCA_054791105.1,Cyrtopodion scabrum,,303590,Lepidosauria,Squamata,Gekkonidae,Cyrtopodion,ASM5479110v1,Chromosome,,139132836,36232941,1770821598,41,210,43.5,66,0,0,2026-01-27,
GCA_051903775.1,Gekko kuhli,,1118402,Lepidosauria,Squamata,Gekkonidae,Gekko,MPM_Gkuhli_v0.4,Chromosome,reference genome,137554149,11372554,2404755748,109,934,46,30,77938,34929,2025-08-08,Annotation submitted by Milwaukee Public Museum
GCA_054791115.1,Cyrtopodion scabrum,,303590,Lepidosauria,Squamata,Gekkonidae,Cyrtopodion,MPM_CyrtScab,Chromosome,reference genome,136481813,47115652,2025647772,21,178,43.5,66,0,0,2026-01-27,
GCA_049243985.1,Paroedura picta,,143630,Lepidosauria,Squamata,Gekkonidae,Paroedura,Ppicta_v3.0,Chromosome,reference genome,129360563,52451795,1751518920,80,2698,44.5,27.9,0,0,2025-04-02,
GCF_049243985.1,Paroedura picta,,143630,Lepidosauria,Squamata,Gekkonidae,Paroedura,Ppicta_v3.0,Chromosome,reference genome,129360563,52451795,1751518920,80,2698,44.5,27.9,26378,20165,2025-04-02,GCF_049243985.1-RS_2025_09
GCA_054791095.1,Cyrtopodion scabrum,,303590,Lepidosauria,Squamata,Gekkonidae,Cyrtopodion,ASM5479109v1,Chromosome,,116692751,47115652,1770536361,37,167,43.5,66,0,0,2026-01-27,
GCA_965636955.1,Mediodactylus kotschyi,Kotschy's gecko,1303476,Lepidosauria,Squamata,Gekkonidae,Mediodactylus,rMedKot1.hap1.1,Chromosome,reference genome,101151094,47144669,1798513081,77,173,44,42,0,0,2025-07-09,
GCA_051529865.1,Iguana iguana,Common green iguana,8517,Lepidosauria,Squamata,Iguanidae,Iguana,UU_Iig_1.0,Chromosome,reference genome,294494476,12742132,2012731717,1261,2247,41.5,41,0,0,2025-07-24,
GCA_030412105.1,Cyclura pinguis,,118683,Lepidosauria,Squamata,Iguanidae,Cyclura,rCycPin1.hap1,Chromosome,reference genome,291724653,112814430,1983614781,29,57,41.5,30,0,0,2023-07-07,
GCA_965113305.1,Podarcis vaucheri,,140051,Lepidosauria,Squamata,Lacertidae,Podarcis,rPodVau1.hap2.1,Chromosome,reference genome,100944791,2992141,1510738089,151,1003,44,33,0,0,2025-01-24,
GCA_965113315.1,Podarcis vaucheri,,140051,Lepidosauria,Squamata,Lacertidae,Podarcis,rPodVau1.hap1.1,Chromosome,,99219926,2971493,1614911144,284,1233,44,33,0,0,2025-01-24,
GCA_963506605.1,Zootoca vivipara,common lizard,8524,Lepidosauria,Squamata,Lacertidae,Zootoca,rZooViv1.1,Chromosome,reference genome,96056580,3447840,1440239386,48,731,44,34,0,0,2023-09-20,
GCF_963506605.1,Zootoca vivipara,common lizard,8524,Lepidosauria,Squamata,Lacertidae,Zootoca,rZooViv1.1,Chromosome,reference genome,96056580,3447840,1440239386,48,731,44,34,22823,20197,2023-09-20,GCF_963506605.1-RS_2023_10
GCA_965112155.1,Podarcis liolepis,Columbretes wall lizard,662736,Lepidosauria,Squamata,Lacertidae,Podarcis,rPodLio1.hap1.1,Chromosome,reference genome,95422932,2883979,1574003547,289,1210,44,36,0,0,2025-01-23,
GCA_965207765.1,Zootoca vivipara,common lizard,8524,Lepidosauria,Squamata,Lacertidae,Zootoca,rZooViv2.hap1.1,Chromosome,,95238227,35897402,1424513601,60,168,44,27,0,0,2025-03-15,
GCA_965208345.1,Zootoca vivipara,common lizard,8524,Lepidosauria,Squamata,Lacertidae,Zootoca,rZooViv2.hap2.1,Chromosome,,95155244,25043895,1423701498,67,169,44,27,0,0,2025-03-15,
GCA_964188305.1,Podarcis bocagei,,90520,Lepidosauria,Squamata,Lacertidae,Podarcis,rPodBoc1.hap1.1,Chromosome,reference genome,94948854,2681335,1615189422,506,1511,44.5,30,0,0,2024-06-21,
GCA_964188325.1,Podarcis bocagei,,90520,Lepidosauria,Squamata,Lacertidae,Podarcis,rPodBoc1.hap2.1,Chromosome,,94909467,2843701,1473581329,627,1444,44,30,0,0,2024-06-21,
GCA_951804945.1,Podarcis cretensis,,1330250,Lepidosauria,Squamata,Lacertidae,Podarcis,rPodCre2.1,Chromosome,reference genome,94621998,65743000,1507609967,50,97,44,27,0,0,2023-06-02,
GCF_951804945.1,Podarcis cretensis,,1330250,Lepidosauria,Squamata,Lacertidae,Podarcis,rPodCre2.1,Chromosome,reference genome,94621998,65743000,1507609967,50,97,44,27,28139,20094,2023-06-02,GCF_951804945.1-RS_2025_12
GCA_964188175.1,Podarcis siculus,Italian wall lizard,65484,Lepidosauria,Squamata,Lacertidae,Podarcis,rPodSic1.hap1.1,Chromosome,reference genome,94541350,3060007,1571364497,293,1055,44.5,45,0,0,2024-06-21,
GCA_027172205.1,Podarcis raffonei,Aeolian wall lizard,65483,Lepidosauria,Squamata,Lacertidae,Podarcis,rPodRaf1.pri,Chromosome,reference genome,93623253,61439401,1513131503,27,57,44,31.05,0,0,2022-12-27,
GCF_027172205.1,Podarcis raffonei,Aeolian wall lizard,65483,Lepidosauria,Squamata,Lacertidae,Podarcis,rPodRaf1.pri,Chromosome,reference genome,93623253,61439401,1513131503,27,57,44,31.05,26204,20895,2022-12-27,GCF_027172205.1-RS_2023_02
GCA_964252035.1,Podarcis erhardii,,140042,Lepidosauria,Squamata,Lacertidae,Podarcis,rPodErh1.hap1.1,Chromosome,reference genome,93518625,3226442,1495977497,325,1161,44,34,0,0,2024-08-31,
GCA_011800845.1,Zootoca vivipara,common lizard,8524,Lepidosauria,Squamata,Lacertidae,Zootoca,UG_Zviv_1,Chromosome,,92810032,219893,1464283545,25251,43101,44,70,0,0,2020-04-01,
GCF_011800845.1,Zootoca vivipara,common lizard,8524,Lepidosauria,Squamata,Lacertidae,Zootoca,UG_Zviv_1,Chromosome,,92810032,219893,1464283545,25251,43101,44,70,22831,20278,2020-04-01,NCBI Zootoca vivipara Annotation Release 100
GCA_964106635.2,Podarcis pityusensis,,74359,Lepidosauria,Squamata,Lacertidae,Podarcis,rPodPit1.hap2.2,Chromosome,reference genome,92418909,1719006,1417079496,183,1548,44,23,0,0,2024-07-05,
GCA_964234825.1,Podarcis melisellensis,,65482,Lepidosauria,Squamata,Lacertidae,Podarcis,rPodMel1.hap2.1,Chromosome,reference genome,92085810,3107267,1437044901,200,954,44,41,0,0,2024-08-31,
GCA_964106915.2,Podarcis gaigeae,Skyros wall lizard,90521,Lepidosauria,Squamata,Lacertidae,Podarcis,rPodGai1.hap1.2,Chromosome,reference genome,91932266,2858450,1514623329,210,1093,44,44,0,0,2024-09-17,
GCA_964106645.2,Podarcis pityusensis,,74359,Lepidosauria,Squamata,Lacertidae,Podarcis,rPodPit1.hap1.2,Chromosome,,91584625,1611619,1515356318,335,1841,44,23,0,0,2024-07-06,
GCA_964270895.1,Podarcis filfolensis,Filfola wall lizard,65481,Lepidosauria,Squamata,Lacertidae,Podarcis,rPodFil1.hap1.1,Chromosome,reference genome,91563485,3042058,1506948896,348,1220,44,33,0,0,2024-09-29,
GCA_964106785.1,Podarcis gaigeae,Skyros wall lizard,90521,Lepidosauria,Squamata,Lacertidae,Podarcis,rPodGai1.hap2.1,Chromosome,,91280916,3102815,1422314362,127,910,44,44,0,0,2024-06-06,
GCA_964234715.1,Podarcis melisellensis,,65482,Lepidosauria,Squamata,Lacertidae,Podarcis,rPodMel1.hap1.1,Chromosome,,91073809,3027832,1574905529,385,1208,44,41,0,0,2024-08-31,
GCA_965153305.2,Podarcis tiliguerta,,65485,Lepidosauria,Squamata,Lacertidae,Podarcis,rPodTil1.hap2.2,Chromosome,reference genome,90889416,2538050,1394940404,307,1310,44,15,0,0,2025-07-07,
GCA_947686815.1,Podarcis lilfordi,Lilford's wall lizard,74358,Lepidosauria,Squamata,Lacertidae,Podarcis,rPodLil1.2,Chromosome,reference genome,89641981,1481499,1460085851,2148,4469,44,40,991319,25676,2023-08-09,Annotation submitted by UB (Universitat de Barcelona)
GCA_965153285.1,Podarcis tiliguerta,,65485,Lepidosauria,Squamata,Lacertidae,Podarcis,rPodTil1.hap1.1,Chromosome,,89160134,2556791,1462309935,257,1281,44,15,0,0,2025-02-26,
GCA_009819535.1,Lacerta agilis,Sand lizard,80427,Lepidosauria,Squamata,Lacertidae,Lacerta,rLacAgi1.pri,Chromosome,reference genome,86565987,6613248,1391387079,28,407,43.5,63.42,0,0,2019-12-31,
GCF_009819535.1,Lacerta agilis,Sand lizard,80427,Lepidosauria,Squamata,Lacertidae,Lacerta,rLacAgi1.pri,Chromosome,reference genome,86565987,6613248,1391387079,28,407,43.5,63.42,23190,20325,2019-12-31,NCBI Lacerta agilis Annotation Release 100
GCA_014706415.1,Podarcis muralis nigriventris,,1534827,Lepidosauria,Squamata,Lacertidae,Podarcis,LU_Pmuni_1.1,Chromosome,,51203085,8570969,1786136138,3561,47419,44.5,90,0,0,2020-10-02,
GCA_964265115.1,Malpolon monspessulanus,Montpellier snake,184164,Lepidosauria,Squamata,Lamprophiidae,Malpolon,rMalMon1.1,Chromosome,reference genome,121923953,32743049,1752149986,60,140,42.5,81,0,0,2024-09-25,
GCA_055773955.1,Uta stansburiana,,43653,Lepidosauria,Squamata,Phrynosomatidae,Uta,UCM_Usta_1,Chromosome,reference genome,319555984,59386596,2104442790,104,217,41.5,58.4,0,0,2026-03-10,
GCA_019175285.1,Sceloporus undulatus,fence lizard,8520,Lepidosauria,Squamata,Phrynosomatidae,Sceloporus,SceUnd_v1.1,Chromosome,reference genome,275632209,75501,1905484175,45012,93150,41.5,4859,0,0,2021-07-08,
GCF_019175285.1,Sceloporus undulatus,fence lizard,8520,Lepidosauria,Squamata,Phrynosomatidae,Sceloporus,SceUnd_v1.1,Chromosome,reference genome,275632209,75501,1905484175,45012,93150,41.5,4859,23443,19905,2021-07-08,NCBI Sceloporus undulatus Annotation Release 100
GCA_020142125.1,Phrynosoma platyrhinos,Desert horned lizard,52577,Lepidosauria,Squamata,Phrynosomatidae,Phrynosoma,MUOH_PhPlat_1.1,Chromosome,reference genome,273212747,12043,1901839624,5291,263607,40.5,21053.7,32712,16750,2021-09-27,Annotation submitted by Miami University
GCA_016801065.1,Sceloporus tristichus,plateau fence lizard,190870,Lepidosauria,Squamata,Phrynosomatidae,Sceloporus,ASM1680106v1,Chromosome,reference genome,269060969,91782,1815771249,6826,46004,41,25615.7,0,0,2021-02-04,
GCA_016801415.1,Sceloporus tristichus,plateau fence lizard,190870,Lepidosauria,Squamata,Phrynosomatidae,Sceloporus,ASM1680141v1,Chromosome,,267474498,90701,1792659486,5851,46351,41,32060.9,0,0,2021-02-04,
GCA_042257475.1,Asaccus caudivolvulus,,886391,Lepidosauria,Squamata,Phyllodactylidae,Asaccus,ASM4225747v1,Chromosome,reference genome,114541579,19951807,1733398839,37,279,44.5,60,0,0,2024-09-27,
GCA_030867105.1,Liasis olivaceus,,283338,Lepidosauria,Squamata,Pythonidae,Liasis,rLiaOli1.hap1,Chromosome,reference genome,203662644,65226870,1486119866,43,116,40,33.48,24423,18598,2023-08-24,GCA_030867105.1-GB_2025_12_04
GCA_030867085.1,Liasis olivaceus,,283338,Lepidosauria,Squamata,Pythonidae,Liasis,rLiaOli1.hap2,Chromosome,,203536677,74672673,1478263624,65,158,40,33.48,0,0,2023-08-24,
GCA_030035675.1,Rhineura floridana,,261503,Lepidosauria,Squamata,Rhineuridae,Rhineura,rRhiFlo1.hap2,Chromosome,reference genome,188683971,18156940,2307419594,76,318,43,38.35,0,0,2023-05-22,
GCF_030035675.1,Rhineura floridana,,261503,Lepidosauria,Squamata,Rhineuridae,Rhineura,rRhiFlo1.hap2,Chromosome,reference genome,188683971,18156940,2307419594,76,318,43,38.35,27857,20552,2023-05-22,GCF_030035675.1-RS_2023_12
GCA_035046505.1,Tiliqua scincoides,,71010,Lepidosauria,Squamata,Scincidae,Tiliqua,rTilSci1.hap2,Chromosome,reference genome,242160784,33113817,1623332312,350,722,44.5,35,0,0,2024-01-04,
GCF_035046505.1,Tiliqua scincoides,,71010,Lepidosauria,Squamata,Scincidae,Tiliqua,rTilSci1.hap2,Chromosome,reference genome,242160784,33113817,1623332312,350,722,44.5,35,30291,18882,2024-01-04,GCF_035046505.1-RS_2024_07
GCA_041722995.2,Acritoscincus duperreyi,,316450,Lepidosauria,Squamata,Scincidae,Acritoscincus,BASDU_1.0,Chromosome,reference genome,222269761,90404876,1567876677,171,225,43,100,0,0,2024-11-06,
GCA_035046495.1,Tiliqua scincoides,,71010,Lepidosauria,Squamata,Scincidae,Tiliqua,rTilSci1.hap1,Chromosome,,220631699,38979350,1694434935,827,1113,45,35,0,0,2024-01-04,
GCA_965280105.1,Carinascincus ocellatus,,316445,Lepidosauria,Squamata,Scincidae,Carinascincus,Cocellatus_unphased.v1,Chromosome,reference genome,215845204,98374635,1489081451,43,83,43.5,36,0,0,2025-05-11,
GCA_041380405.1,Spondylurus nitidus,,3095121,Lepidosauria,Squamata,Scincidae,Spondylurus,SponNit_1.0,Chromosome,reference genome,208671581,199700853,1397740396,20,22,43.5,75,0,0,2024-08-21,
GCA_055504975.1,Cryptoblepharus pulcher,,1175177,Lepidosauria,Squamata,Scincidae,Cryptoblepharus,crypul_v2024.1.fa,Chromosome,reference genome,199759265,42892375,1483019143,16,60,43,27,0,0,2026-02-24,
GCA_030015325.2,Cryptoblepharus egeriae,,2509230,Lepidosauria,Squamata,Scincidae,Cryptoblepharus,Cryege1_pri_2025,Chromosome,reference genome,190333800,100218849,1463206097,36,48,42.5,40,0,0,2025-08-12,
GCA_021292165.1,Shinisaurus crocodilurus,Chinese crocodile lizard,52224,Lepidosauria,Squamata,Shinisauridae,Shinisaurus,IOZ_Scro_1.0,Chromosome,reference genome,296945371,3338364,2189995079,1553,2405,45,339.9,0,0,2021-12-28,
GCA_051473905.1,Teratoscincus roborowskii,,102174,Lepidosauria,Squamata,Sphaerodactylidae,Teratoscincus,ASM5147390v1,Chromosome,reference genome,156212950,117383563,2077087367,46,60,44,100,0,0,2025-07-22,
GCA_021028975.2,Sphaerodactylus townsendi,,933632,Lepidosauria,Squamata,Sphaerodactylidae,Sphaerodactylus,MPM_Stown_v2.3,Chromosome,reference genome,133801376,9459502,1810846735,1742,4230,46,160,0,0,2022-04-08,
GCF_021028975.2,Sphaerodactylus townsendi,,933632,Lepidosauria,Squamata,Sphaerodactylidae,Sphaerodactylus,MPM_Stown_v2.3,Chromosome,reference genome,133801376,9459502,1810846735,1742,4230,46,160,21793,18976,2022-04-08,NCBI Sphaerodactylus townsendi Annotation Release 100
GCA_029931775.1,Euleptes europaea,tarantolino,460621,Lepidosauria,Squamata,Sphaerodactylidae,Euleptes,rEulEur1.hap1,Chromosome,reference genome,102317683,26991305,1781916107,591,744,44.5,38,0,0,2023-05-15,
GCF_029931775.1,Euleptes europaea,tarantolino,460621,Lepidosauria,Squamata,Sphaerodactylidae,Euleptes,rEulEur1.hap1,Chromosome,reference genome,102317683,26991305,1781916107,591,744,44.5,38,21512,18633,2023-05-15,GCF_029931775.1-RS_2023_06
GCA_053574215.1,Aspidoscelis tigris stejnegeri,,2917703,Lepidosauria,Squamata,Teiidae,Aspidoscelis,AspTig2.0,Chromosome,reference genome,115585196,91378756,1714001480,61,79,43.5,51,0,0,2025-11-21,
GCA_023333525.2,Aspidoscelis tigris stejnegeri,,2917703,Lepidosauria,Squamata,Teiidae,Aspidoscelis,rAspTig1.1.pri,Chromosome,,115489130,41557363,1673098074,185,295,43.5,51,0,0,2025-03-05,
GCA_014337955.2,Aspidoscelis marmoratus,Marbled whiptail,403789,Lepidosauria,Squamata,Teiidae,Aspidoscelis,AspMarm2.0,Chromosome,reference genome,113087052,17774,1639526503,3513,170659,42.5,192,0,0,2025-11-14,
GCA_053572275.1,Aspidoscelis inornatus arizonae,,2936306,Lepidosauria,Squamata,Teiidae,Aspidoscelis,AspAri2.0,Chromosome,reference genome,106146816,34116,1527890470,3147,88815,42.5,87,0,0,2025-11-20,
GCA_050042745.1,Varanus acanthurus,,62035,Lepidosauria,Squamata,Varanidae,Varanus,ZJU_Vac_2.0,Chromosome,reference genome,113866299,1773328,1546074419,2573,5924,44.5,100,0,0,2025-04-30,
GCA_024294585.1,Vipera latastei,,246179,Lepidosauria,Squamata,Viperidae,Vipera,rVipLat1.pri,Chromosome,reference genome,222489854,44839567,1631568913,56,825,41,31.51,19558,17908,2022-07-20,GCA_024294585.1-GB_2025_08_27
GCA_964194415.1,Vipera berus,adder,31155,Lepidosauria,Squamata,Viperidae,Vipera,rVipBer3.hap1.1,Chromosome,reference genome,218396773,4688414,1694999861,478,1535,41,61,0,0,2024-06-28,
GCA_965194845.1,Macrovipera schweizeri,,110205,Lepidosauria,Squamata,Viperidae,Macrovipera,rMacScw1.hap1.1,Chromosome,reference genome,214481692,3162383,1635265452,534,1898,40.5,51,0,0,2025-03-10,
GCA_046524025.1,Cerastes gasperettii,,110202,Lepidosauria,Squamata,Viperidae,Cerastes,ASM4652402v1,Chromosome,reference genome,214149504,45697377,1632725608,221,1013,40,40,0,0,2025-01-06,
GCA_947247035.1,Vipera ursinii,,103942,Lepidosauria,Squamata,Viperidae,Vipera,rVipUrs1.1,Chromosome,reference genome,212821320,2137891,1625006165,383,2202,41,28,0,0,2022-10-30,
GCA_047301725.1,Vipera ammodytes,sand viper,8704,Lepidosauria,Squamata,Viperidae,Vipera,DTU_Vamm_2.0,Chromosome,reference genome,210475551,35951249,1545746728,24,268,40.5,65.86,0,0,2025-01-30,
GCA_039797435.1,Crotalus adamanteus,eastern diamondback rattlesnake,8729,Lepidosauria,Squamata,Viperidae,Crotalus,Cadamanteus_3dDNAHiC_1.2,Chromosome,reference genome,208942360,67532859,1696173748,26,365,40,35,21841,21841,2024-05-24,Annotation submitted by Florida State University
GCA_039880765.1,Sistrurus catenatus,massasauga,8756,Lepidosauria,Squamata,Viperidae,Sistrurus,rSisCat1_p1.0,Chromosome,reference genome,200181838,12532727,1559830260,178,1471,40,30.97,0,0,2024-05-29,
GCA_003400415.2,Crotalus viridis viridis,prairie rattlesnake,8742,Lepidosauria,Squamata,Viperidae,Crotalus,UTA_CroVir_3.0,Chromosome,reference genome,179897795,14888,1340198908,7043,166667,39,1000,0,0,2019-01-08,
GCA_051940845.1,Xantusia vigilis,,8547,Lepidosauria,Squamata,Xantusiidae,Xantusia,ASM5194084v1,Chromosome,,177665436,110870416,2195796972,33,133,46,50,0,0,2025-08-12,
GCA_051940855.1,Xantusia vigilis,,8547,Lepidosauria,Squamata,Xantusiidae,Xantusia,ASM5194085v1,Chromosome,reference genome,175774481,120512172,2383980617,21,133,46,50,0,0,2025-08-12,
GCA_051940885.1,Xantusia vigilis,,8547,Lepidosauria,Squamata,Xantusiidae,Xantusia,ASM5194088v1,Chromosome,,175774481,120512172,2207163640,38,147,46,50,0,0,2025-08-12,
GCA_050624465.1,Tenrec ecaudatus,tailess tenrec,94439,Mammalia,Afrosoricida,Tenrecidae,Tenrec,mTenEca1.hap2,Chromosome,,165248668,54742630,3333008239,1233,1393,44,52.25,0,0,2025-05-30,
GCA_050624435.1,Tenrec ecaudatus,tailess tenrec,94439,Mammalia,Afrosoricida,Tenrecidae,Tenrec,mTenEca1.hap1,Chromosome,reference genome,163958880,41601014,3922859826,2180,2355,45,52.25,0,0,2025-05-30,
GCF_050624435.1,Tenrec ecaudatus,tailess tenrec,94439,Mammalia,Afrosoricida,Tenrecidae,Tenrec,mTenEca1.hap1,Chromosome,reference genome,163958880,41601014,3922859826,2180,2355,45,52.25,40713,21285,2025-05-30,GCF_050624435.1-RS_2025_07
GCA_028564815.2,Eubalaena glacialis,North Atlantic right whale,27606,Mammalia,Artiodactyla,Balaenidae,Eubalaena,mEubGla1.1.hap2.+ XY,Chromosome,reference genome,129620717,37467374,2843675187,788,1155,41.5,32,0,0,2023-02-09,
GCF_028564815.1,Eubalaena glacialis,North Atlantic right whale,27606,Mammalia,Artiodactyla,Balaenidae,Eubalaena,mEubGla1.1.hap2.+ XY,Chromosome,reference genome,129620717,37467374,2843675187,788,1155,41.5,32,30922,20149,2023-02-09,GCF_028564815.1-RS_2023_12
GCA_028571275.2,Eubalaena glacialis,North Atlantic right whale,27606,Mammalia,Artiodactyla,Balaenidae,Eubalaena,mEubGla1.1.hap1,Chromosome,,124856057,34529248,2603848905,938,1319,41.5,32,0,0,2023-02-09,
GCA_028023285.1,Balaenoptera ricei,Rice's whale,2746895,Mammalia,Artiodactyla,Balaenopteridae,Balaenoptera,mBalRic1.hap2,Chromosome,reference genome,122071569,36541936,2678442663,774,1108,41.5,30,0,0,2023-01-30,
GCF_028023285.1,Balaenoptera ricei,Rice's whale,2746895,Mammalia,Artiodactyla,Balaenopteridae,Balaenoptera,mBalRic1.hap2,Chromosome,reference genome,122071569,36541936,2678442663,774,1108,41.5,30,30387,19788,2023-01-30,GCF_028023285.1-RS_2023_09
GCA_965194805.1,Balaenoptera borealis,sei whale,9768,Mammalia,Artiodactyla,Balaenopteridae,Balaenoptera,mBalBor1.hap1.1,Chromosome,reference genome,118917181,2585625,3234557085,2571,3750,42,48,0,0,2025-03-10,
GCA_949987535.1,Balaenoptera acutorostrata,minke whale,9767,Mammalia,Artiodactyla,Balaenopteridae,Balaenoptera,mBalAcu1.1,Chromosome,reference genome,116513105,3015723,2772885358,1374,2551,41.5,30,0,0,2023-05-01,
GCF_949987535.1,Balaenoptera acutorostrata,minke whale,9767,Mammalia,Artiodactyla,Balaenopteridae,Balaenoptera,mBalAcu1.1,Chromosome,reference genome,116513105,3015723,2772885358,1374,2551,41.5,30,29837,20286,2023-05-01,GCF_949987535.1-RS_2023_06
GCA_052818205.1,Balaenoptera edeni,Eden's whale,9769,Mammalia,Artiodactyla,Balaenopteridae,Balaenoptera,BalEdn.hic.v1,Chromosome,reference genome,112310848,56810546,2614755077,128,268,41.5,40,0,0,2025-09-24,
GCA_965194825.1,Balaenoptera physalus,Fin whale,9770,Mammalia,Artiodactyla,Balaenopteridae,Balaenoptera,mBalPhy2.hap1.1,Chromosome,reference genome,110866263,2079521,3442538501,2611,4127,42,25,0,0,2025-03-10,
GCA_009873245.3,Balaenoptera musculus,blue whale,9771,Mammalia,Artiodactyla,Balaenopteridae,Balaenoptera,mBalMus1.pri.v3,Chromosome,reference genome,110314666,6315640,2374852541,105,972,41,51.16,0,0,2020-10-02,
GCF_009873245.2,Balaenoptera musculus,blue whale,9771,Mammalia,Artiodactyla,Balaenopteridae,Balaenoptera,mBalMus1.pri.v3,Chromosome,reference genome,110314666,6315640,2374852541,105,972,41,51.16,27194,19686,2020-10-02,NCBI Balaenoptera musculus Annotation Release 100
GCA_041834305.1,Megaptera novaeangliae,humpback whale,9773,Mammalia,Artiodactyla,Balaenopteridae,Megaptera,ASM4183430v1,Chromosome,reference genome,107416641,36344089,3146604256,1355,1443,42,60,26165,20078,2024-09-09,GCA_041834305.1-GB_2025_09_25
GCA_040438115.1,Tragelaphus eurycerus isaaci,mountain bongo,2878564,Mammalia,Artiodactyla,Bovidae,Tragelaphus,ASM4043811v1,Chromosome,,192009155,79532,2965146561,34537,97422,42,56,0,0,2024-07-02,
GCA_051307275.1,Bubalus kerabau,carabao,3119969,Mammalia,Artiodactyla,Bovidae,Bubalus,BBCv1.0,Chromosome,,123151479,17364626,2678580869,1472,2389,42,76,0,0,2025-07-14,
GCA_029407905.2,Bubalus kerabau,carabao,3119969,Mammalia,Artiodactyla,Bovidae,Bubalus,PCC_UOA_SB_1v2,Chromosome,reference genome,121846921,91172394,2898492518,115,136,43,34,0,0,2023-03-31,
GCF_029407905.1,Bubalus kerabau,carabao,3119969,Mammalia,Artiodactyla,Bovidae,Bubalus,PCC_UOA_SB_1v2,Chromosome,reference genome,121846921,91172394,2898492518,115,136,43,34,40636,21871,2023-03-31,GCF_029407905.1-RS_2024_02
GCA_051106085.1,Bos taurus,domestic cattle,9913,Mammalia,Artiodactyla,Bovidae,Bos,Guyuan_Btau_1.0,Chromosome,,117936486,102689456,2857459891,30,61,42.5,32.64,0,0,2025-06-26,
GCA_054099735.1,Cephalophula zebra,zebra duiker,129233,Mammalia,Artiodactyla,Bovidae,Cephalophula,mCepZeb1.hap1,Chromosome,reference genome,117253595,65811789,3923865145,598,783,46,35.8,0,0,2025-12-18,
GCA_019923925.1,Bubalus bubalis,water buffalo,89462,Mammalia,Artiodactyla,Bovidae,Bubalus,NDDB_DH_1,Chromosome,,117225556,5359742,2612882031,33,1241,42,572,0,0,2021-09-10,
GCF_019923925.1,Bubalus bubalis,water buffalo,89462,Mammalia,Artiodactyla,Bovidae,Bubalus,NDDB_DH_1,Chromosome,,117225556,5359742,2612882031,33,1241,42,572,37199,21379,2021-09-10,NCBI Bubalus bubalis Annotation Release 102
GCA_003121395.1,Bubalus bubalis,water buffalo,89462,Mammalia,Artiodactyla,Bovidae,Bubalus,UOA_WB_1,Chromosome,,117219835,22441509,2655764417,508,918,42,69,0,0,2018-05-14,
GCF_003121395.1,Bubalus bubalis,water buffalo,89462,Mammalia,Artiodactyla,Bovidae,Bubalus,UOA_WB_1,Chromosome,,117219835,22441509,2655764417,508,918,42,69,34037,20801,2018-05-14,NCBI Bubalus bubalis Annotation Release 101
GCA_019923935.1,Bubalus bubalis,water buffalo,89462,Mammalia,Artiodactyla,Bovidae,Bubalus,NDDB_SH_1,Chromosome,reference genome,116997125,9586610,2622444281,25,684,41.5,572,0,0,2021-09-10,
GCF_019923935.1,Bubalus bubalis,water buffalo,89462,Mammalia,Artiodactyla,Bovidae,Bubalus,NDDB_SH_1,Chromosome,reference genome,116997125,9586610,2622444281,25,684,41.5,572,37167,21359,2021-09-10,NCBI Bubalus bubalis Annotation Release 103
GCA_040286185.1,Bos taurus,domestic cattle,9913,Mammalia,Artiodactyla,Bovidae,Bos,UOA_Wagyu_1,Chromosome,,114962053,111091738,3142393434,401,418,44,286.9,0,0,2024-06-25,
GCA_005887515.3,Bos grunniens,domestic yak,30521,Mammalia,Artiodactyla,Bovidae,Bos,BosGru3.1,Chromosome,,114386978,44716738,2831460571,343,989,42,239,0,0,2019-06-10,
GCA_032405125.2,Capricornis sumatraensis,Sumatran serow,34865,Mammalia,Artiodactyla,Bovidae,Capricornis,serow.2,Chromosome,reference genome,112748084,100934918,2828266837,158,164,43,37,0,0,2024-03-13,
GCF_032405125.1,Capricornis sumatraensis,Sumatran serow,34865,Mammalia,Artiodactyla,Bovidae,Capricornis,serow.2,Chromosome,reference genome,112748084,100934918,2828266837,158,164,43,37,28923,20155,2024-03-13,GCF_032405125.1-RS_2024_10
GCA_034097375.1,Bos taurus,domestic cattle,9913,Mammalia,Artiodactyla,Bovidae,Bos,YAU_Btau_1.0,Chromosome,,112006702,35968234,3092971674,826,1119,43.5,18,0,0,2023-12-05,
GCA_043882115.1,Bos taurus,domestic cattle,9913,Mammalia,Artiodactyla,Bovidae,Bos,ASM4388211v1,Chromosome,,110926873,110926873,3104931678,46,54,43.5,87,0,0,2024-10-28,
GCA_047652215.1,Bos taurus,domestic cattle,9913,Mammalia,Artiodactyla,Bovidae,Bos,ASM4765221v1,Chromosome,,110861251,105178524,2919435140,59,74,42.5,39,0,0,2025-02-11,
GCA_051122635.1,Bos taurus,domestic cattle,9913,Mammalia,Artiodactyla,Bovidae,Bos,YB_JAAS,Chromosome,,110773387,86411128,2924316046,79,108,42.5,1,0,0,2025-06-27,
GCA_023091745.2,Budorcas taxicolor,takin,37181,Mammalia,Artiodactyla,Bovidae,Budorcas,Takin1.1,Chromosome,reference genome,109747698,68053581,2851638285,1362,1514,43.5,24,0,0,2022-04-22,
GCF_023091745.1,Budorcas taxicolor,takin,37181,Mammalia,Artiodactyla,Bovidae,Budorcas,Takin1.1,Chromosome,reference genome,109747698,68053581,2851638285,1362,1514,43.5,24,28399,20434,2022-04-22,GCF_023091745.1-RS_2023_02
GCA_040970035.1,Capra hircus,goat,9925,Mammalia,Artiodactyla,Bovidae,Capra,T2T-goat2.0M,Chromosome,,109452762,102486474,2805112026,30,36,43,25,0,0,2024-07-31,
GCA_041736475.1,Capra hircus,goat,9925,Mammalia,Artiodactyla,Bovidae,Capra,T2T-goat1.0M,Chromosome,,109452762,102486474,2805112026,30,36,43,25,20528,20528,2024-09-04,Annotation submitted by China Agricultural University
GCA_030270955.1,Bos indicus,zebu cattle,9915,Mammalia,Artiodactyla,Bovidae,Bos,ASM3027095v1,Chromosome,,108186898,1384931,2724650518,50,4273,41.5,18.84,0,0,2023-06-15,
GCA_030271795.1,Bos indicus,zebu cattle,9915,Mammalia,Artiodactyla,Bovidae,Bos,ASM3027179v1,Chromosome,,108134744,66839997,2717760729,45,180,42,22.3,0,0,2023-06-15,
GCA_002742125.1,Ovis aries,sheep,9940,Mammalia,Artiodactyla,Bovidae,Ovis,Oar_rambouillet_v1.0,Chromosome,,107697089,2572683,2869897780,2640,7485,42,126,0,0,2017-11-02,
GCF_002742125.1,Ovis aries,sheep,9940,Mammalia,Artiodactyla,Bovidae,Ovis,Oar_rambouillet_v1.0,Chromosome,,107697089,2572683,2869897780,2640,7485,42,126,33623,21160,2017-11-02,NCBI Ovis aries Annotation Release 103
GCA_049004405.1,Capra hircus,goat,9925,Mammalia,Artiodactyla,Bovidae,Capra,ASM4900440v1,Chromosome,,106649435,91068789,2913622199,87,147,43.5,69.47,0,0,2025-03-26,
GCA_000247795.2,Bos indicus,zebu cattle,9915,Mammalia,Artiodactyla,Bovidae,Bos,Bos_indicus_1.0,Chromosome,,106310653,28375,2673949103,31,253769,41.5,52,0,0,2014-11-25,
GCF_000247795.1,Bos indicus,zebu cattle,9915,Mammalia,Artiodactyla,Bovidae,Bos,Bos_indicus_1.0,Chromosome,,106310653,28375,2673949103,31,253769,41.5,52,26229,19786,2014-11-25,NCBI Bos indicus Annotation Release 100
GCA_030271805.1,Bos indicus,zebu cattle,9915,Mammalia,Artiodactyla,Bovidae,Bos,ASM3027180v1,Chromosome,,105316646,38655588,2738405929,67,263,42,18.39,0,0,2023-06-15,
GCA_977927225.1,Bos taurus,domestic cattle,9913,Mammalia,Artiodactyla,Bovidae,Bos,NR2025_1M,Chromosome,,105290974,79832854,3107443975,568,619,43.5,45,0,0,2025-12-17,
GCA_017524585.1,Ovis aries,sheep,9940,Mammalia,Artiodactyla,Bovidae,Ovis,CAU_O.aries_1.0,Chromosome,,105184753,74601179,2653843355,58,168,42,171.37,20688,20688,2021-03-24,Annotation submitted by China Agricultural University
GCA_055505025.1,Bos grunniens,domestic yak,30521,Mammalia,Artiodactyla,Bovidae,Bos,Bosgru_T2T1.0,Chromosome,reference genome,105134596,93513064,2659477751,30,32,42,64,0,0,2026-02-24,
GCA_030267345.1,Bos indicus,zebu cattle,9915,Mammalia,Artiodactyla,Bovidae,Bos,ASM3026734v1,Chromosome,,105125530,18384278,2755114487,64,394,42,18.84,0,0,2023-06-15,
GCA_030269815.1,Bos indicus,zebu cattle,9915,Mammalia,Artiodactyla,Bovidae,Bos,ASM3026981v1,Chromosome,,104997781,54840363,2741886673,59,219,42,21.62,0,0,2023-06-15,
GCA_905123515.1,Bos taurus,domestic cattle,9913,Mammalia,Artiodactyla,Bovidae,Bos,ROSLIN_BTT_NDA1,Chromosome,,104847410,11058985,2766813070,1209,3600,42,40,0,0,2022-02-18,
GCA_029378735.1,Bos indicus,zebu cattle,9915,Mammalia,Artiodactyla,Bovidae,Bos,NIAB-ARS_B.indSahiwal_pat_alt_1.0,Chromosome,,104822660,29515846,2664611755,81,463,42,50,0,0,2023-03-24,
GCA_023701655.1,Ovis ammon polii x Ovis aries,,2918886,Mammalia,Artiodactyla,Bovidae,Ovis,CAU_F1_paternal_1.0,Chromosome,,104794038,80500000,2647058259,28,91,43,35.77,20192,20192,2022-06-10,Annotation submitted by China Agricultural University
GCA_029378745.1,Bos indicus,zebu cattle,9915,Mammalia,Artiodactyla,Bovidae,Bos,NIAB-ARS_B.indTharparkar_mat_pri_1.0,Chromosome,reference genome,104596815,42080189,2663005763,67,350,42,50,0,0,2023-03-24,
GCF_029378745.1,Bos indicus,zebu cattle,9915,Mammalia,Artiodactyla,Bovidae,Bos,NIAB-ARS_B.indTharparkar_mat_pri_1.0,Chromosome,reference genome,104596815,42080189,2663005763,67,350,42,50,34142,20976,2023-03-24,GCF_029378745.1-RS_2024_12
GCA_050059765.1,Bos grunniens,domestic yak,30521,Mammalia,Artiodactyla,Bovidae,Bos,NRCY_Bgru_v1,Chromosome,,104495363,73728110,2821253796,62,146,42.5,30.47,0,0,2025-05-01,
GCA_014182915.2,Bos gaurus,gaur,9904,Mammalia,Artiodactyla,Bovidae,Bos,ARS_UOA_Gaur_1.1,Chromosome,reference genome,104471907,13340585,2717333235,634,2826,42,59,0,0,2020-08-14,
GCA_003369695.2,Bos indicus x Bos taurus,hybrid cattle,30522,Mammalia,Artiodactyla,Bovidae,Bos,UOA_Brahman_1,Chromosome,reference genome,104466507,26764281,2680953056,1250,1552,42,136,0,0,2018-11-30,
GCF_003369695.1,Bos indicus x Bos taurus,hybrid cattle,30522,Mammalia,Artiodactyla,Bovidae,Bos,UOA_Brahman_1,Chromosome,reference genome,104466507,26764281,2680953056,1250,1552,42,136,32783,20846,2018-11-30,NCBI Bos indicus x Bos taurus Annotation Release 100
GCA_009493655.1,Bos grunniens x Bos taurus,dzo,331036,Mammalia,Artiodactyla,Bovidae,Bos,ARS_UNL_Btau-highland_paternal_1.0_alt,Chromosome,,104392194,71681919,2668877089,342,473,42,60,0,0,2019-11-04,
GCA_009493645.1,Bos grunniens x Bos taurus,dzo,331036,Mammalia,Artiodactyla,Bovidae,Bos,ARS_UNL_BGru_maternal_1.0_p,Chromosome,reference genome,104384344,72336424,2677156012,484,595,42,60,0,0,2019-11-04,
GCA_030270995.1,Bos indicus,zebu cattle,9915,Mammalia,Artiodactyla,Bovidae,Bos,ASM3027099v1,Chromosome,,104350659,3808449,2660646347,48,1963,42,21.64,0,0,2023-06-15,
GCA_030272135.1,Bos indicus,zebu cattle,9915,Mammalia,Artiodactyla,Bovidae,Bos,ASM3027213v1,Chromosome,,104319491,67616653,2704246075,43,176,42,21.81,0,0,2023-06-15,
GCA_002933975.1,Bos indicus,zebu cattle,9915,Mammalia,Artiodactyla,Bovidae,Bos,ASM293397v1,Chromosome,,104295553,64498,2740314006,216408,337291,42,100,0,0,2018-02-22,
GCA_030272235.1,Bos indicus,zebu cattle,9915,Mammalia,Artiodactyla,Bovidae,Bos,ASM3027223v1,Chromosome,,104280948,74607224,2777349745,68,175,42,23.63,0,0,2023-06-15,
GCA_026262545.1,Bos indicus,zebu cattle,9915,Mammalia,Artiodactyla,Bovidae,Bos,ASM2626254v1,Chromosome,,104161701,4975749,2676789357,44,1844,42,21.81,0,0,2022-11-23,
GCA_030267355.1,Bos indicus,zebu cattle,9915,Mammalia,Artiodactyla,Bovidae,Bos,ASM3026735v1,Chromosome,,104146655,34607769,2703810585,48,386,42,18.84,0,0,2023-06-15,
GCA_030270725.1,Bos indicus,zebu cattle,9915,Mammalia,Artiodactyla,Bovidae,Bos,ASM3027072v1,Chromosome,,104146069,7271121,2682706120,60,1551,42,23.22,0,0,2023-06-15,
GCA_030267375.1,Bos indicus,zebu cattle,9915,Mammalia,Artiodactyla,Bovidae,Bos,ASM3026737v1,Chromosome,,104107382,67516753,2802629739,92,241,42,21.64,0,0,2023-06-15,
GCA_033439445.1,Ovis aries,sheep,9940,Mammalia,Artiodactyla,Bovidae,Ovis,ASM3343944v1,Chromosome,,104103076,104103076,2956509267,190,190,44,49,0,0,2023-11-09,
GCA_026262465.1,Bos indicus,zebu cattle,9915,Mammalia,Artiodactyla,Bovidae,Bos,ASM2626246v1,Chromosome,,104084006,5705011,2670368317,40,1914,42,21.62,0,0,2022-11-23,
GCA_021234555.1,Bos taurus,domestic cattle,9913,Mammalia,Artiodactyla,Bovidae,Bos,ARS-LIC_NZ_Jersey,Chromosome,,104068235,50551513,2641760917,228,364,42,67,0,0,2021-12-20,
GCA_039881175.1,Bos taurus,domestic cattle,9913,Mammalia,Artiodactyla,Bovidae,Bos,ASM3988117v1,Chromosome,,104053164,43517586,2637765282,391,697,42,100,0,0,2024-05-29,
GCA_027580245.1,Bos grunniens,domestic yak,30521,Mammalia,Artiodactyla,Bovidae,Bos,NWIPB_DYAK_1.0,Chromosome,,104024683,44905690,2615030285,1313,1449,42,253.06,0,0,2023-01-09,
GCA_030270715.1,Bos indicus,zebu cattle,9915,Mammalia,Artiodactyla,Bovidae,Bos,ASM3027071v1,Chromosome,,104006159,12809418,2685878278,52,1082,42,24.53,0,0,2023-06-15,
GCA_026262515.1,Bos indicus,zebu cattle,9915,Mammalia,Artiodactyla,Bovidae,Bos,ASM2626251v1,Chromosome,,103974788,4948204,2644505303,35,1826,42,21.81,0,0,2022-11-23,
GCA_027580195.2,Bos mutus,wild yak,72004,Mammalia,Artiodactyla,Bovidae,Bos,NWIPB_WYAK_1.1,Chromosome,reference genome,103902138,38284421,2626900860,2039,2234,42,287.36,0,0,2023-01-09,
GCF_027580195.1,Bos mutus,wild yak,72004,Mammalia,Artiodactyla,Bovidae,Bos,NWIPB_WYAK_1.1,Chromosome,reference genome,103902138,38284421,2626900860,2039,2234,42,287.36,30156,20029,2023-01-09,GCF_027580195.1-RS_2024_12
GCA_043643345.1,Bos frontalis,gayal,30520,Mammalia,Artiodactyla,Bovidae,Bos,YUN_Gayal_1,Chromosome,reference genome,103884935,20200000,2615092024,1068,1988,42,58,0,0,2024-10-24,
GCA_030270935.1,Bos indicus,zebu cattle,9915,Mammalia,Artiodactyla,Bovidae,Bos,ASM3027093v1,Chromosome,,103850864,5735089,2695367788,45,1718,42,21.64,0,0,2023-06-15,
GCA_011170295.1,Ovis aries,sheep,9940,Mammalia,Artiodactyla,Bovidae,Ovis,ASM1117029v1,Chromosome,,103700880,8699377,2767816402,1015,4131,42.5,175,0,0,2020-03-11,
GCA_014523465.1,Ovis orientalis,Asiatic mouflon,469796,Mammalia,Artiodactyla,Bovidae,Ovis,CAU_Oori_1.0,Chromosome,reference genome,103690580,42163491,2652567896,128,385,42,80,0,0,2020-09-11,
GCA_048598065.1,Capra hircus,goat,9925,Mammalia,Artiodactyla,Bovidae,Capra,ASM4859806v1,Chromosome,,103677361,18467006,2877416085,237,658,43.5,22.35,0,0,2025-03-18,
GCA_030272495.1,Bos indicus,zebu cattle,9915,Mammalia,Artiodactyla,Bovidae,Bos,ASM3027249v1,Chromosome,,103618451,1430599,2602188242,42,3934,42,18.39,0,0,2023-06-15,
GCA_048593975.1,Capra hircus,goat,9925,Mammalia,Artiodactyla,Bovidae,Capra,ASM4859397v1,Chromosome,,103582820,40956619,2841350489,173,337,43,24.14,0,0,2025-03-17,
GCA_054099755.1,Cephalophula zebra,zebra duiker,129233,Mammalia,Artiodactyla,Bovidae,Cephalophula,mCepZeb1.hap2,Chromosome,,103580686,66391286,3843731259,677,839,46,35.8,0,0,2025-12-18,
GCA_030270865.1,Bos indicus,zebu cattle,9915,Mammalia,Artiodactyla,Bovidae,Bos,ASM3027086v1,Chromosome,,103564668,5469797,2623800349,35,2094,42,22.3,0,0,2023-06-15,
GCA_977927255.1,Bos taurus,domestic cattle,9913,Mammalia,Artiodactyla,Bovidae,Bos,NR2025_3P,Chromosome,,103498049,84613433,3143533323,1172,1356,44,44,0,0,2025-12-17,
GCA_048598825.1,Capra hircus,goat,9925,Mammalia,Artiodactyla,Bovidae,Capra,ASM4859882v1,Chromosome,,103490013,19124961,2883761714,198,576,43.5,22.35,0,0,2025-03-18,
GCA_030272505.1,Bos indicus,zebu cattle,9915,Mammalia,Artiodactyla,Bovidae,Bos,ASM3027250v1,Chromosome,,103480295,1510866,2619463456,39,3836,42,18.39,0,0,2023-06-15,
GCA_030269505.1,Bos indicus,zebu cattle,9915,Mammalia,Artiodactyla,Bovidae,Bos,ASM3026950v1,Chromosome,,103471585,84256642,2859751503,104,184,42.5,23.22,0,0,2023-06-15,
GCA_041053135.1,Capra hircus,goat,9925,Mammalia,Artiodactyla,Bovidae,Capra,T2T-goat2.0P,Chromosome,,103458567,103458567,2709871256,30,41,43.5,25,0,0,2024-08-05,
GCA_041920685.1,Capra hircus,goat,9925,Mammalia,Artiodactyla,Bovidae,Capra,T2T-goat1.0P,Chromosome,,103458567,103458567,2709871256,30,41,43.5,25,19720,19720,2024-09-14,Annotation submitted by China Agricultural University
GCA_040805955.1,Ovis aries,sheep,9940,Mammalia,Artiodactyla,Bovidae,Ovis,T2T-sheep1.0,Complete Genome,,103395564,103395564,2853626077,28,28,43,52.2,21525,21525,2024-07-22,Annotation submitted by China Agricultural University
GCA_030270685.1,Bos indicus,zebu cattle,9915,Mammalia,Artiodactyla,Bovidae,Bos,ASM3027068v1,Chromosome,,103350382,11023646,2684765892,47,1119,42,23.63,0,0,2023-06-15,
GCA_026262375.1,Bos indicus,zebu cattle,9915,Mammalia,Artiodactyla,Bovidae,Bos,ASM2626237v1,Chromosome,,103339670,4900675,2642350888,40,2017,42,21.62,0,0,2022-11-23,
GCA_002263795.4,Bos taurus,domestic cattle,9913,Mammalia,Artiodactyla,Bovidae,Bos,ARS-UCD2.0,Chromosome,reference genome,103308737,26402946,2770669782,1957,2343,42,,0,0,2023-07-01,
GCF_002263795.3,Bos taurus,domestic cattle,9913,Mammalia,Artiodactyla,Bovidae,Bos,ARS-UCD2.0,Chromosome,reference genome,103308737,26402946,2770669782,1957,2343,42,,37063,21667,2023-07-01,GCF_002263795.3-RS_2024_12
GCA_030270825.1,Bos indicus,zebu cattle,9915,Mammalia,Artiodactyla,Bovidae,Bos,ASM3027082v1,Chromosome,,103198692,5943769,2615965804,34,2046,42,22.3,0,0,2023-06-15,
GCA_030272475.1,Bos indicus,zebu cattle,9915,Mammalia,Artiodactyla,Bovidae,Bos,ASM3027247v1,Chromosome,,103076248,7087859,2671242728,48,1373,42,23.63,0,0,2023-06-15,
GCA_002968435.1,Bos mutus,wild yak,72004,Mammalia,Artiodactyla,Bovidae,Bos,ASM296843v1,Chromosome,,102953489,23623,2290107628,30,159904,41.5,130,0,0,2018-03-05,
GCA_003369685.2,Bos indicus x Bos taurus,hybrid cattle,30522,Mammalia,Artiodactyla,Bovidae,Bos,UOA_Angus_1,Chromosome,,102763607,37061043,2580764822,1435,1712,42,136,0,0,2018-11-30,
GCA_030270705.1,Bos indicus,zebu cattle,9915,Mammalia,Artiodactyla,Bovidae,Bos,ASM3027070v1,Chromosome,,102596576,8299809,2702544709,69,1365,42,23.22,0,0,2023-06-15,
GCA_049004455.1,Capra hircus,goat,9925,Mammalia,Artiodactyla,Bovidae,Capra,ASM4900445v1,Chromosome,,102565606,94117497,2797728855,131,166,43,69.47,0,0,2025-03-26,
GCA_018282465.1,Bos taurus x Bison bison,beefalo,297284,Mammalia,Artiodactyla,Bovidae,,ARS_Simm1.0,Chromosome,,102503821,70612029,2861687306,1313,1373,42.5,84,0,0,2021-05-06,
GCA_015443085.1,Capra hircus,goat,9925,Mammalia,Artiodactyla,Bovidae,Capra,Saanen_v1,Chromosome,,102383509,46208332,2696218280,1362,1531,42.5,117,0,0,2020-11-16,
GCA_030270805.1,Bos indicus,zebu cattle,9915,Mammalia,Artiodactyla,Bovidae,Bos,ASM3027080v1,Chromosome,,102361253,10781387,2670402684,42,1101,42,24.53,0,0,2023-06-15,
GCA_028583565.1,Ovis ammon polii,,230172,Mammalia,Artiodactyla,Bovidae,Ovis,CAU_O.ammon polii_1.0,Chromosome,reference genome,102356453,74870268,2664279918,62,200,42,131.44,20907,20907,2023-02-10,Annotation submitted by China Agricultural University
GCA_004361675.1,Capra hircus,goat,9925,Mammalia,Artiodactyla,Bovidae,Capra,CVASU_BBG_1.0,Chromosome,,102339471,819,3041623660,3972,3696314,42,14,0,0,2019-03-22,
GCA_039881165.1,Bos indicus,zebu cattle,9915,Mammalia,Artiodactyla,Bovidae,Bos,ASM3988116v1,Chromosome,,102293892,40120180,2616227200,292,641,42,100,0,0,2024-05-29,
GCA_041121725.1,Ovis aries,sheep,9940,Mammalia,Artiodactyla,Bovidae,Ovis,T2T-sheep1.0M,Chromosome,,102264554,102264554,2726272294,27,37,42.5,52.2,20599,20599,2024-07-24,Annotation submitted by China Agricultural University
GCA_030270845.1,Bos indicus,zebu cattle,9915,Mammalia,Artiodactyla,Bovidae,Bos,ASM3027084v1,Chromosome,,101985807,1736206,2598446362,34,3749,41.5,18.84,0,0,2023-06-15,
GCA_019145175.1,Ovis aries,sheep,9940,Mammalia,Artiodactyla,Bovidae,Ovis,ASM1914517v1,Chromosome,,101973538,73326320,2648317365,60,142,42,100,0,0,2021-07-08,
GCA_047671635.1,Capra hircus,goat,9925,Mammalia,Artiodactyla,Bovidae,Capra,ASM4767163v1,Chromosome,,101930831,94806723,2904365260,149,176,43.5,24.14,0,0,2025-02-12,
GCA_030270855.1,Bos indicus,zebu cattle,9915,Mammalia,Artiodactyla,Bovidae,Bos,ASM3027085v1,Chromosome,,101844711,1696410,2603801981,33,3869,41.5,18.84,0,0,2023-06-15,
GCA_030270945.1,Bos indicus,zebu cattle,9915,Mammalia,Artiodactyla,Bovidae,Bos,ASM3027094v1,Chromosome,,101604044,1234871,2652973847,42,4298,42,18.84,0,0,2023-06-15,
GCA_023701675.1,Ovis ammon polii x Ovis aries,,2918886,Mammalia,Artiodactyla,Bovidae,Ovis,CAU_F1_maternal_1.0,Chromosome,reference genome,101515600,77913213,2970496992,337,382,44,35.77,21253,21253,2022-06-10,Annotation submitted by China Agricultural University
GCA_040285425.1,Bos taurus,domestic cattle,9913,Mammalia,Artiodactyla,Bovidae,Bos,UOA_Tuli_1,Chromosome,,101409388,95916531,3034178088,878,909,44,286.9,0,0,2024-06-25,
GCA_022244705.1,Ovis aries,sheep,9940,Mammalia,Artiodactyla,Bovidae,Ovis,Oar_ARS-UKY_Romanov_v1.0,Chromosome,,101326467,62304206,2668046421,432,499,42,161,0,0,2022-02-24,
GCA_016772045.2,Ovis aries,sheep,9940,Mammalia,Artiodactyla,Bovidae,Ovis,ARS-UI_Ramb_v3.0,Chromosome,reference genome,101274418,43178051,2654047367,142,226,42,,0,0,2023-07-20,
GCF_016772045.2,Ovis aries,sheep,9940,Mammalia,Artiodactyla,Bovidae,Ovis,ARS-UI_Ramb_v3.0,Chromosome,reference genome,101274418,43178051,2654047367,142,226,42,,35057,21300,2023-07-20,GCF_016772045.2-RS_2023_10
GCA_026652205.1,Capra hircus,goat,9925,Mammalia,Artiodactyla,Bovidae,Capra,ASM2665220v1,Chromosome,,101253643,42595358,2631323452,94,230,42,116,22101,22101,2022-12-05,Annotation submitted by Northwest A&F University
GCA_042835985.1,Capra hircus,goat,9925,Mammalia,Artiodactyla,Bovidae,Capra,ASM4283598v1,Chromosome,,101253643,42595358,2627495653,51,231,42,116,0,0,2024-10-09,
GCA_054642885.1,Capra ibex,Alpine ibex,72542,Mammalia,Artiodactyla,Bovidae,Capra,CapIbe1.0,Chromosome,reference genome,101249638,58703036,2660727766,1037,1167,42.5,44,24321,24297,2026-01-07,Annotation submitted by Istituto Italiano di Tecnologia
GCA_045269445.1,Ovis ammon,argali,30527,Mammalia,Artiodactyla,Bovidae,Ovis,NIPB_Tibetan_argali_1.0,Chromosome,,101212947,71686117,2642675468,96,212,42,50,0,0,2024-11-25,
GCA_021347905.1,Bos taurus,domestic cattle,9913,Mammalia,Artiodactyla,Bovidae,Bos,ARS-LIC_NZ_Holstein-Friesian_1,Chromosome,,100964413,8737306,2665533357,2305,3128,42,75,0,0,2022-01-11,
GCA_963981305.1,Rupicapra rupicapra,chamois,34869,Mammalia,Artiodactyla,Bovidae,Rupicapra,mRupRup1.1,Chromosome,reference genome,100920001,77662214,2622988171,75,123,42,60,0,0,2024-03-10,
GCA_040806595.1,Capra hircus,goat,9925,Mammalia,Artiodactyla,Bovidae,Capra,T2T-goat1.0,Complete Genome,,100793790,100793790,2863923675,31,31,43,50,20953,20953,2024-07-22,Annotation submitted by China Agricultural University
GCA_041735815.1,Capra hircus,goat,9925,Mammalia,Artiodactyla,Bovidae,Capra,T2T-goat2.0,Complete Genome,,100793790,100793790,2863923675,31,31,43,50,0,0,2024-09-04,
GCA_040259355.1,Ovis aries,sheep,9940,Mammalia,Artiodactyla,Bovidae,Ovis,ASM4025935v1,Chromosome,,100767354,19221249,2730328014,726,1993,42.5,89.1,0,0,2024-06-21,
GCA_977927285.1,Bos taurus,domestic cattle,9913,Mammalia,Artiodactyla,Bovidae,Bos,NR2025_3M,Chromosome,,100451328,76866767,3167748676,723,810,44,44,0,0,2025-12-17,
GCA_001039535.1,Ovis canadensis canadensis,,112262,Mammalia,Artiodactyla,Bovidae,Ovis,ASM103953v1,Chromosome,,100190483,8067,2590545282,27,1181796,41.5,12,0,0,2015-06-25,
GCA_000298735.2,Ovis aries,sheep,9940,Mammalia,Artiodactyla,Bovidae,Ovis,Oar_v4.0,Chromosome,,100009711,150472,2615499683,5465,48481,42,166,0,0,2015-11-20,
GCF_000298735.2,Ovis aries,sheep,9940,Mammalia,Artiodactyla,Bovidae,Ovis,Oar_v4.0,Chromosome,,100009711,150472,2615499683,5465,48481,42,166,27744,20545,2015-11-20,NCBI Ovis aries Annotation Release 102
GCA_044587905.1,Capra hircus,goat,9925,Mammalia,Artiodactyla,Bovidae,Capra,ASM4458790v1,Chromosome,,99560880,34222907,2923108136,522,687,43.5,18.32,0,0,2024-11-07,
GCA_977927245.1,Bos taurus,domestic cattle,9913,Mammalia,Artiodactyla,Bovidae,Bos,NR2025_2M,Chromosome,,99032166,73844118,3108398734,626,719,43.5,39,0,0,2025-12-17,
GCA_040543055.1,Ovis aries,sheep,9940,Mammalia,Artiodactyla,Bovidae,Ovis,ASM4054305v1,Chromosome,,98436986,81374497,2865760504,190,253,43.5,30,0,0,2024-07-08,
GCA_049004675.1,Capra hircus,goat,9925,Mammalia,Artiodactyla,Bovidae,Capra,ASM4900467v1,Chromosome,,98359673,62961913,2835180326,346,459,43,27.86,0,0,2025-03-26,
GCA_046464075.1,Capra hircus,goat,9925,Mammalia,Artiodactyla,Bovidae,Capra,ASM4646407v1,Chromosome,,97576398,97576398,2904094435,90,105,43.5,69.47,0,0,2025-01-03,
GCA_049004595.1,Capra hircus,goat,9925,Mammalia,Artiodactyla,Bovidae,Capra,ASM4900459v1,Chromosome,,97210101,56775930,2828947445,300,468,43,27.86,0,0,2025-03-26,
GCA_977927265.1,Bos taurus,domestic cattle,9913,Mammalia,Artiodactyla,Bovidae,Bos,NR2025_1P,Chromosome,,97202444,81087906,3083078610,610,846,44,45,0,0,2025-12-17,
GCA_022416755.1,Ovis aries,sheep,9940,Mammalia,Artiodactyla,Bovidae,Ovis,ASM2241675v1,Chromosome,,97145438,75674662,2874205068,1440,1539,43.5,21.3,0,0,2022-03-10,
GCA_022416725.1,Ovis aries,sheep,9940,Mammalia,Artiodactyla,Bovidae,Ovis,ASM2241672v1,Chromosome,,96686824,64464110,2876191746,1409,1520,43.5,18.8,0,0,2022-03-10,
GCA_049004535.1,Capra hircus,goat,9925,Mammalia,Artiodactyla,Bovidae,Capra,ASM4900453v1,Chromosome,,96559525,5282587,2843569605,737,1784,43,18.32,0,0,2025-03-26,
GCA_040836155.1,Ovis aries,sheep,9940,Mammalia,Artiodactyla,Bovidae,Ovis,T2T-sheep1.0P,Chromosome,,96542478,96542478,2621847800,27,31,43,52.2,19792,19792,2024-07-24,Annotation submitted by China Agricultural University
GCA_022416915.1,Ovis aries,sheep,9940,Mammalia,Artiodactyla,Bovidae,Ovis,ASM2241691v1,Chromosome,,96526831,92422466,2906633192,1242,1297,43.5,25,0,0,2022-03-10,
GCA_022416785.1,Ovis aries,sheep,9940,Mammalia,Artiodactyla,Bovidae,Ovis,ASM2241678v1,Chromosome,,96205310,71930095,2923901082,1295,1354,43.5,22,0,0,2022-03-10,
GCA_018804185.1,Ovis aries,sheep,9940,Mammalia,Artiodactyla,Bovidae,Ovis,NWAFU_Friesian_1.0,Chromosome,,96203338,85264699,2901665227,937,972,43.5,28,0,0,2021-06-09,
GCA_022432845.1,Ovis aries,sheep,9940,Mammalia,Artiodactyla,Bovidae,Ovis,ASM2243284v1,Chromosome,,96196361,73369510,2867731545,1765,1851,43.5,22.4,0,0,2022-03-10,
GCA_030254855.1,Bos taurus x Bison bison,beefalo,297284,Mammalia,Artiodactyla,Bovidae,,TAMU_Bison_Bison_3.0,Chromosome,,96133175,67011352,2983369938,661,831,43.5,100,0,0,2023-06-12,
GCA_049004495.1,Capra hircus,goat,9925,Mammalia,Artiodactyla,Bovidae,Capra,ASM4900449v1,Chromosome,,95863590,5368111,2841804427,645,1674,43,18.32,0,0,2025-03-26,
GCA_022416695.1,Ovis aries,sheep,9940,Mammalia,Artiodactyla,Bovidae,Ovis,ASM2241669v1,Chromosome,,95602264,17870341,2808662536,1716,2133,43,15.4,0,0,2022-03-10,
GCA_048594125.1,Capra hircus,goat,9925,Mammalia,Artiodactyla,Bovidae,Capra,ASM4859412v1,Chromosome,,95576231,3203857,2873517556,1183,2899,43.5,18.28,0,0,2025-03-17,
GCA_022244695.1,Ovis aries,sheep,9940,Mammalia,Artiodactyla,Bovidae,Ovis,Oar_ARS-UKY_WhiteDorper_v1.0,Chromosome,,95576019,61833573,2579075941,1104,1178,42,142,0,0,2022-02-24,
GCA_022416685.1,Ovis aries,sheep,9940,Mammalia,Artiodactyla,Bovidae,Ovis,ASM2241668v1,Chromosome,,95532774,74976097,2865419185,1562,1654,43.5,21.5,0,0,2022-03-10,
GCA_022432835.1,Ovis aries,sheep,9940,Mammalia,Artiodactyla,Bovidae,Ovis,ASM2243283v1,Chromosome,,95518434,80315026,2815734371,1545,1678,43,21.7,0,0,2022-03-10,
GCA_022432825.1,Ovis aries,sheep,9940,Mammalia,Artiodactyla,Bovidae,Ovis,ASM2243282v1,Chromosome,,95447334,59951985,2838248789,1643,1773,43,18.7,0,0,2022-03-10,
GCA_054855995.1,Capra nubiana,Nubian ibex,72543,Mammalia,Artiodactyla,Bovidae,Capra,mCapNub1.hap1,Chromosome,reference genome,95383454,91324156,2765715766,226,309,42.5,46.12,0,0,2026-01-30,
GCA_022416775.1,Ovis aries,sheep,9940,Mammalia,Artiodactyla,Bovidae,Ovis,ASM2241677v1,Chromosome,,95337541,47602023,2817405832,1662,1838,43,17.9,0,0,2022-03-10,
GCA_022538005.1,Ovis aries,sheep,9940,Mammalia,Artiodactyla,Bovidae,Ovis,ASM2253800v1,Chromosome,,95262849,68301688,2861633928,1455,1553,43.5,19.3,0,0,2022-03-10,
GCA_040822015.1,Capra hircus,goat,9925,Mammalia,Artiodactyla,Bovidae,Capra,ASM4082201v1,Chromosome,,95224248,95224248,2762439868,31,33,43,622.16,0,0,2024-07-23,
GCA_044587935.1,Capra hircus,goat,9925,Mammalia,Artiodactyla,Bovidae,Capra,ASM4458793v1,Chromosome,,95120486,72119804,2861000622,922,1041,43.5,21.85,0,0,2024-11-07,
GCA_044588015.1,Capra hircus,goat,9925,Mammalia,Artiodactyla,Bovidae,Capra,ASM4458801v1,Chromosome,,95110743,79363757,2888501568,366,417,43.5,22.76,0,0,2024-11-07,
GCA_022416745.1,Ovis aries,sheep,9940,Mammalia,Artiodactyla,Bovidae,Ovis,ASM2241674v1,Chromosome,,95064122,65130578,2859205457,1324,1430,43.5,19.2,0,0,2022-03-10,
GCA_044509215.1,Capra hircus,goat,9925,Mammalia,Artiodactyla,Bovidae,Capra,ASM4450921v1,Chromosome,,95054493,87100104,2898640842,227,259,43.5,27.86,0,0,2024-11-06,
GCA_048598025.1,Capra hircus,goat,9925,Mammalia,Artiodactyla,Bovidae,Capra,ASM4859802v1,Chromosome,,94974971,15929030,2845684799,521,894,43.5,22.76,0,0,2025-03-18,
GCA_048594055.1,Capra hircus,goat,9925,Mammalia,Artiodactyla,Bovidae,Capra,ASM4859405v1,Chromosome,,94932517,44806402,2862723227,216,417,43.5,24.14,0,0,2025-03-17,
GCA_048594065.1,Capra hircus,goat,9925,Mammalia,Artiodactyla,Bovidae,Capra,ASM4859406v1,Chromosome,,94849499,12946197,2818386683,1425,2240,43,21.85,0,0,2025-03-17,
GCA_024222175.1,Ovis aries,sheep,9940,Mammalia,Artiodactyla,Bovidae,Ovis,ASM2422217v1,Chromosome,,94576226,31753839,2955254869,1056,1179,44,19.5,0,0,2022-07-13,
GCA_048594135.1,Capra hircus,goat,9925,Mammalia,Artiodactyla,Bovidae,Capra,ASM4859413v1,Chromosome,,94275828,7788322,2822980023,1513,2601,43,21.85,0,0,2025-03-17,
GCA_048598055.1,Capra hircus,goat,9925,Mammalia,Artiodactyla,Bovidae,Capra,ASM4859805v1,Chromosome,,93821530,15861449,2846057285,619,984,43.5,22.76,0,0,2025-03-18,
GCA_044587945.1,Capra hircus,goat,9925,Mammalia,Artiodactyla,Bovidae,Capra,ASM4458794v1,Chromosome,,93662810,67646455,3016070118,204,249,44,22.35,0,0,2024-11-07,
GCA_047671655.1,Capra hircus,goat,9925,Mammalia,Artiodactyla,Bovidae,Capra,ASM4767165v1,Chromosome,,93504989,26738642,2992372361,1488,1861,43.5,18.28,0,0,2025-02-12,
GCA_963921495.1,Bos taurus,domestic cattle,9913,Mammalia,Artiodactyla,Bovidae,Bos,NRF,Chromosome,,93255103,93255103,3190048122,715,715,44,41,0,0,2024-06-26,
GCA_024222265.1,Ovis aries,sheep,9940,Mammalia,Artiodactyla,Bovidae,Ovis,ASM2422226v1,Chromosome,,93095555,73625792,2941689615,772,843,44,21.5,0,0,2022-07-13,
GCA_054856215.1,Capra nubiana,Nubian ibex,72543,Mammalia,Artiodactyla,Bovidae,Capra,mCapNub1.hap2,Chromosome,,92448383,92448383,2752084053,554,612,43.5,46.12,0,0,2026-01-30,
GCA_050916685.1,Ovis aries,sheep,9940,Mammalia,Artiodactyla,Bovidae,Ovis,ASM5091668v1,Chromosome,,92258836,71454981,2950562638,3599,3720,44,40,0,0,2025-06-13,
GCA_040182635.1,Pantholops hodgsonii,chiru,59538,Mammalia,Artiodactyla,Bovidae,Pantholops,NWIPB_Pahodg_1.0,Chromosome,reference genome,92232156,84561976,3139646730,540,558,44.5,35.77,0,0,2024-06-17,
GCA_044231825.1,Addax nasomaculatus,,59515,Mammalia,Artiodactyla,Bovidae,Addax,ASM4423182v1,Chromosome,reference genome,92211068,72849686,2846199114,2643,2724,42,47,0,0,2024-11-04,
GCA_977970235.1,Bos taurus,domestic cattle,9913,Mammalia,Artiodactyla,Bovidae,Bos,NR2025_2P,Chromosome,,92203653,88587232,3109757062,1171,1380,44,39,0,0,2025-12-20,
GCA_000978405.1,Capra aegagrus,wild goat,9923,Mammalia,Artiodactyla,Bovidae,Capra,CapAeg_1.0,Chromosome,reference genome,91317560,19347,2828873048,89498,368693,42,83.54,0,0,2015-04-24,
GCA_048594165.1,Capra hircus,goat,9925,Mammalia,Artiodactyla,Bovidae,Capra,ASM4859416v1,Chromosome,,90969986,3273823,2906945630,2349,4099,43,18.28,0,0,2025-03-17,
GCA_028973685.2,Bos taurus,domestic cattle,9913,Mammalia,Artiodactyla,Bovidae,Bos,SNU_Hanwoo_2.0,Chromosome,,89243566,64712170,3108492884,1598,1720,43.5,24.8,0,0,2023-09-22,
GCA_946052875.1,Bos gaurus x Bos taurus,,1705790,Mammalia,Artiodactyla,Bovidae,Bos,ARS_Pied_mat1.0,Chromosome,reference genome,88543157,66457535,3030544191,996,1055,43.5,50,0,0,2022-09-11,
GCA_018282365.1,Bos taurus x Bison bison,beefalo,297284,Mammalia,Artiodactyla,Bovidae,,ARS-UCSC_bison1.0,Chromosome,,87753233,68474646,2651593212,774,838,42.5,82,0,0,2021-05-06,
GCA_947034695.1,Bos taurus,domestic cattle,9913,Mammalia,Artiodactyla,Bovidae,Bos,seqoccin.Bt.char.v1.0,Chromosome,,87697707,84059894,3244660166,1391,1444,44,40,0,0,2022-10-29,
GCA_032452875.1,Bos javanicus,banteng,9906,Mammalia,Artiodactyla,Bovidae,Bos,ARS-OSU_banteng_1.0,Chromosome,reference genome,87549292,47146240,2972795249,1517,1601,43,60,0,0,2023-10-11,
GCF_032452875.1,Bos javanicus,banteng,9906,Mammalia,Artiodactyla,Bovidae,Bos,ARS-OSU_banteng_1.0,Chromosome,reference genome,87549292,47146240,2972795249,1517,1601,43,60,35317,21582,2023-10-11,GCF_032452875.1-RS_2023_12
GCA_001704415.2,Capra hircus,goat,9925,Mammalia,Artiodactyla,Bovidae,Capra,ARS1.2,Chromosome,reference genome,87277232,26244591,2922600443,29885,30377,43,50,0,0,2016-08-24,
GCF_001704415.2,Capra hircus,goat,9925,Mammalia,Artiodactyla,Bovidae,Capra,ARS1.2,Chromosome,reference genome,87277232,26244591,2922600443,29885,30377,43,50,28911,20572,2016-08-24,NCBI Capra hircus Annotation Release 102
GCA_905123885.1,Bos taurus,domestic cattle,9913,Mammalia,Artiodactyla,Bovidae,Bos,ROSLIN_BTI_ANK1,Chromosome,,84476814,18716610,2921022644,7580,8472,42,40,0,0,2022-02-18,
GCA_030378505.1,Bos taurus,domestic cattle,9913,Mammalia,Artiodactyla,Bovidae,Bos,ASM3037850v1,Chromosome,,59476289,59476289,59476289,1,1,45,110,0,0,2023-07-01,
GCA_048773025.1,Camelus bactrianus,Bactrian camel,9837,Mammalia,Artiodactyla,Camelidae,Camelus,ASM4877302v1,Chromosome,reference genome,79915242,54723239,2473901565,157,284,42,30,0,0,2025-03-21,
GCF_048773025.1,Camelus bactrianus,Bactrian camel,9837,Mammalia,Artiodactyla,Camelidae,Camelus,ASM4877302v1,Chromosome,reference genome,79915242,54723239,2473901565,157,284,42,30,33174,19886,2025-03-21,GCF_048773025.1-RS_2025_06
GCA_036785785.1,Camelus dromedarius,Arabian camel,9838,Mammalia,Artiodactyla,Camelidae,Camelus,Camelus.1.0,Chromosome,,78002329,74147329,2459396495,60,68,42,80,0,0,2024-02-23,
GCA_009834535.1,Camelus ferus,Wild Bactrian camel,419612,Mammalia,Artiodactyla,Camelidae,Camelus,BCGSAC_Cfer_1.0,Chromosome,reference genome,76025729,5365398,2087077296,2042,4387,41.5,50,0,0,2020-01-08,
GCF_009834535.1,Camelus ferus,Wild Bactrian camel,419612,Mammalia,Artiodactyla,Camelidae,Camelus,BCGSAC_Cfer_1.0,Chromosome,reference genome,76025729,5365398,2087077296,2042,4387,41.5,50,33358,20222,2020-01-08,NCBI Camelus ferus Annotation Release 102
GCA_048564905.1,Vicugna pacos,alpaca,30538,Mammalia,Artiodactyla,Camelidae,Vicugna,VicPac4,Chromosome,reference genome,75404351,40278543,2572244716,519,1200,42,80,0,0,2025-03-12,
GCF_048564905.1,Vicugna pacos,alpaca,30538,Mammalia,Artiodactyla,Camelidae,Vicugna,VicPac4,Chromosome,reference genome,75404351,40278543,2572244716,519,1200,42,80,41050,21233,2025-03-12,GCF_048564905.1-RS_2025_04
GCA_036321535.1,Camelus dromedarius,Arabian camel,9838,Mammalia,Artiodactyla,Camelidae,Camelus,mCamDro1.pat,Chromosome,reference genome,72991593,31216184,2306603094,171,366,41.5,39.4,0,0,2024-01-31,
GCF_036321535.1,Camelus dromedarius,Arabian camel,9838,Mammalia,Artiodactyla,Camelidae,Camelus,mCamDro1.pat,Chromosome,reference genome,72991593,31216184,2306603094,171,366,41.5,39.4,30879,19771,2024-01-31,GCF_036321535.1-RS_2024_04
GCA_000803125.3,Camelus dromedarius,Arabian camel,9838,Mammalia,Artiodactyla,Camelidae,Camelus,CamDro3,Chromosome,,70369702,236391,2169346739,21069,53084,41.5,65,22223,22223,2019-10-07,Annotation submitted by Vetmeduni Vienna
GCF_000803125.2,Camelus dromedarius,Arabian camel,9838,Mammalia,Artiodactyla,Camelidae,Camelus,CamDro3,Chromosome,,70369702,236391,2169346739,21069,53084,41.5,65,32420,20062,2019-10-07,NCBI Camelus dromedarius Annotation Release 101
GCA_036321565.1,Camelus dromedarius,Arabian camel,9838,Mammalia,Artiodactyla,Camelidae,Camelus,mCamDro1.hap2,Chromosome,,70331411,28900355,2086495379,173,383,41.5,39.4,0,0,2024-01-31,
GCA_028534125.1,Lama glama,llama,9844,Mammalia,Artiodactyla,Camelidae,Lama,Lama_glama_HiC,Chromosome,,57409894,93318,2351761190,1072352,1096291,41.5,119,0,0,2023-02-09,
GCA_039877825.1,Muntiacus vaginalis,,9887,Mammalia,Artiodactyla,Cervidae,Muntiacus,ASM3987782v1,Chromosome,reference genome,700271098,29270234,2661124938,329,692,42,24,0,0,2024-05-29,
GCA_008782695.1,Muntiacus muntjak,muntjak,9888,Mammalia,Artiodactyla,Cervidae,Muntiacus,UCB_Mmun_1.0,Chromosome,reference genome,682452208,215534,2573529099,25651,49270,41.5,41,25737,25737,2019-10-07,"Annotation submitted by University of California, Berkeley"
GCA_020276665.1,Muntiacus crinifrons,black muntjac,71854,Mammalia,Artiodactyla,Cervidae,Muntiacus,ASM2027666v1,Chromosome,reference genome,646574120,25225000,2489495709,836,1232,41.5,122,0,0,2021-10-05,
GCA_020226055.1,Muntiacus crinifrons,black muntjac,71854,Mammalia,Artiodactyla,Cervidae,Muntiacus,ASM2022605v1,Chromosome,,632083897,3936592,2548844227,5860,11884,41.5,116,0,0,2021-10-05,
GCA_963930625.2,Muntiacus reevesi,Reeves' muntjac,9886,Mammalia,Artiodactyla,Cervidae,Muntiacus,mMunRee1.2,Chromosome,reference genome,114594100,75993000,2692855586,241,278,42,42,0,0,2026-02-01,
GCA_963930625.1,Muntiacus reevesi,Reeves' muntjac,9886,Mammalia,Artiodactyla,Cervidae,Muntiacus,mMunRee1.1,Chromosome,,114544513,5780196,2656168540,267,949,42,42,0,0,2024-01-31,
GCF_963930625.1,Muntiacus reevesi,Reeves' muntjac,9886,Mammalia,Artiodactyla,Cervidae,Muntiacus,mMunRee1.1,Chromosome,reference genome,114544513,5780196,2656168540,267,949,42,42,33112,21410,2024-01-31,GCF_963930625.1-RS_2024_06
GCA_020226045.1,Muntiacus reevesi,Reeves' muntjac,9886,Mammalia,Artiodactyla,Cervidae,Muntiacus,ASM2022604v1,Chromosome,,113316579,18600000,2494014298,460,874,41.5,76,0,0,2021-10-05,
GCA_002197005.1,Cervus elaphus hippelaphus,,46360,Mammalia,Artiodactyla,Cervidae,Cervus,CerEla1.0,Chromosome,,107358006,7944,3438623608,11479,406637,41.5,74,22846,19243,2017-06-19,Annotation submitted by National Agricultural Research and Innovation Centre
GCA_055537805.1,Elaphurus davidianus,Pere David's deer,43332,Mammalia,Artiodactyla,Cervidae,Elaphurus,ASM5553780v1,Chromosome,reference genome,95726643,72485093,2997591516,35,61,42.5,72,0,0,2026-02-27,
GCA_054824845.1,Rucervus eldii thamin,,208364,Mammalia,Artiodactyla,Cervidae,Rucervus,mRucEld1.hap2,Chromosome,reference genome,94146103,55287169,2790332288,902,1299,42.5,36.3,0,0,2026-01-29,
GCA_008787405.2,Muntiacus reevesi,Reeves' muntjac,9886,Mammalia,Artiodactyla,Cervidae,Muntiacus,UCB_Mree_1.1,Chromosome,,94101870,225142,2579575442,29705,53090,41.5,34,26044,26044,2019-10-07,"Annotation submitted by University of California, Berkeley"
GCA_040085125.1,Cervus nippon,sika deer,9863,Mammalia,Artiodactyla,Cervidae,Cervus,ASM4008512v1,Chromosome,reference genome,89550226,89550226,2778006886,51,51,42.5,37,0,0,2024-06-07,
GCA_052324755.1,Cervus nippon kopschi,South China sika deer,501781,Mammalia,Artiodactyla,Cervidae,Cervus,ASM5232475v1,Chromosome,,85864272,71106193,2866056901,260,312,43,36.23,0,0,2025-08-28,
GCA_910594005.1,Cervus elaphus,red deer,9860,Mammalia,Artiodactyla,Cervidae,Cervus,mCerEla1.1,Chromosome,,83473711,68741660,2886603524,144,184,43,30,0,0,2021-07-07,
GCF_910594005.1,Cervus elaphus,red deer,9860,Mammalia,Artiodactyla,Cervidae,Cervus,mCerEla1.1,Chromosome,reference genome,83473711,68741660,2886603524,144,184,43,30,37348,22941,2021-07-07,NCBI Cervus elaphus Annotation Release 100
GCA_910594005.2,Cervus elaphus,red deer,9860,Mammalia,Artiodactyla,Cervidae,Cervus,mCerEla1.hap1.2,Chromosome,reference genome,83153426,48621000,3312778338,964,1074,44.5,30,0,0,2026-02-26,
GCA_054883215.1,Axis porcinus,Hog deer,57737,Mammalia,Artiodactyla,Cervidae,Axis,mAxiPor1.hap1,Chromosome,reference genome,81775362,54160790,2765252981,719,1173,42.5,45.15,0,0,2026-01-30,
GCA_910593805.2,Cervus elaphus,red deer,9860,Mammalia,Artiodactyla,Cervidae,Cervus,mCerEla1.hap2.2,Chromosome,,78722695,54015000,3036074114,500,602,43.5,30,0,0,2026-02-10,
GCA_054883225.1,Axis porcinus,Hog deer,57737,Mammalia,Artiodactyla,Cervidae,Axis,mAxiPor1.hap2,Chromosome,,78411891,52304192,2724881861,1968,3330,43.5,45.15,0,0,2026-01-30,
GCA_054824865.1,Rucervus eldii thamin,,208364,Mammalia,Artiodactyla,Cervidae,Rucervus,mRucEld1.hap1,Chromosome,,78233389,49828967,3650165881,3421,4373,45.5,36.3,0,0,2026-01-29,
GCA_010411085.1,Cervus hanglu yarkandensis,Yarkand deer,84702,Mammalia,Artiodactyla,Cervidae,Cervus,CEY_v1,Chromosome,reference genome,77688133,268660,2594114534,17927,39708,41.5,62.9,20604,19312,2020-02-12,"Annotation submitted by Institute of Special Wild Economic Animals and Plants, Chinese Academy of Agricultural Sciences"
GCA_019320065.1,Cervus canadensis,elk,1574408,Mammalia,Artiodactyla,Cervidae,Cervus,ASM1932006v1,Chromosome,reference genome,77654944,914577,2526613007,185,6828,41.5,686,0,0,2021-07-26,
GCF_019320065.1,Cervus canadensis,elk,1574408,Mammalia,Artiodactyla,Cervidae,Cervus,ASM1932006v1,Chromosome,reference genome,77654944,914577,2526613007,185,6828,41.5,686,35756,22348,2021-07-26,NCBI Cervus canadensis Annotation Release 100
GCA_054829135.1,Cervus nippon yesoensis,Hokkaido sika deer,223998,Mammalia,Artiodactyla,Cervidae,Cervus,AU_CerNipYes_1.0,Chromosome,,77397291,12284516,3145164135,1741,2314,43.5,12,0,0,2026-01-29,
GCA_033118175.2,Dama dama,fallow deer,30532,Mammalia,Artiodactyla,Cervidae,Dama,ASM3311817v2,Chromosome,reference genome,77069784,68791581,3104280228,284,328,42.5,40,0,0,2024-10-18,
GCA_033118175.1,Dama dama,fallow deer,30532,Mammalia,Artiodactyla,Cervidae,Dama,ASM3311817v1,Chromosome,,77069784,68791581,3104280228,284,328,42.5,40,0,0,2023-11-02,
GCF_033118175.1,Dama dama,fallow deer,30532,Mammalia,Artiodactyla,Cervidae,Dama,ASM3311817v1,Chromosome,reference genome,77069784,68791581,3104280228,284,328,42.5,40,34584,22157,2023-11-02,GCF_033118175.1-RS_2023_11
GCA_034195675.1,Cervus nippon,sika deer,9863,Mammalia,Artiodactyla,Cervidae,Cervus,ASM3419567v1,Chromosome,,76978127,17389375,2541240779,1889,3501,41.5,55,0,0,2023-12-07,
GCA_048127045.1,Dama dama,fallow deer,30532,Mammalia,Artiodactyla,Cervidae,Dama,DamDam1_v1.pat,Chromosome,,76851773,40112087,2380677270,310,552,41.5,42,0,0,2025-02-27,
GCA_048126745.1,Dama dama,fallow deer,30532,Mammalia,Artiodactyla,Cervidae,Dama,DamDam1_v1.mat,Chromosome,,76496593,49431082,2723309090,1303,1450,42,42,27729,21721,2025-02-27,GCA_048126745.1-GB_2025_08_13
GCA_046563475.2,Cervus albirostris,white-lipped deer,1088058,Mammalia,Artiodactyla,Cervidae,Cervus,NWIPB_Pralbi_1.0,Chromosome,reference genome,76185968,41342000,2993212001,1972,2056,43,35.51,0,0,2025-01-08,
GCA_965153185.1,Rangifer tarandus tarandus,,86329,Mammalia,Artiodactyla,Cervidae,Rangifer,Rangifer_t_t_557,Chromosome,,75600899,5978229,2541193010,894,2113,41.5,26,0,0,2026-01-01,
GCA_020226075.1,Hydropotes inermis,Chinese water deer,9883,Mammalia,Artiodactyla,Cervidae,Hydropotes,ASM2022607v1,Chromosome,reference genome,74967728,131414,2540444434,1712,56897,41.5,76,0,0,2021-10-05,
GCA_020976825.1,Odocoileus hemionus,mule deer,9872,Mammalia,Artiodactyla,Cervidae,Odocoileus,BYU_Ohem_2021,Chromosome,reference genome,72140960,28570879,2609301826,5513,6036,42,90,0,0,2021-11-30,
GCA_949782905.1,Rangifer tarandus platyrhynchus,Svalbard reindeer,3082113,Mammalia,Artiodactyla,Cervidae,Rangifer,mRanTar1.h1.1,Chromosome,reference genome,69829200,22482685,2971153391,1395,1662,42.5,32,32680,32656,2023-04-20,Annotation submitted by EBP Norway
GCA_038088365.1,Cervus nippon,sika deer,9863,Mammalia,Artiodactyla,Cervidae,Cervus,NPU_CNip_2,Chromosome,,67151499,32504617,3375477613,7559,7797,44.5,30,0,0,2024-04-17,
GCA_951394145.2,Rangifer tarandus platyrhynchus,Svalbard reindeer,3082113,Mammalia,Artiodactyla,Cervidae,Rangifer,mRanTar1.2.h2,Chromosome,,66889000,48063000,2820903286,1213,1264,43,32,30290,30290,2025-03-21,Annotation submitted by ELIXIR Norway
GCA_023699985.4,Odocoileus virginianus,white-tailed deer,9874,Mammalia,Artiodactyla,Cervidae,Odocoileus,Ovbor_1.2,Chromosome,reference genome,66396233,21769372,2423246854,480,717,41.5,150,0,0,2024-10-17,
GCF_023699985.2,Odocoileus virginianus,white-tailed deer,9874,Mammalia,Artiodactyla,Cervidae,Odocoileus,Ovbor_1.2,Chromosome,reference genome,66396233,21769372,2423246854,480,717,41.5,150,35924,20237,2024-10-17,GCF_023699985.2-RS_2024_12
GCA_019903745.2,Rangifer tarandus caribou,,86327,Mammalia,Artiodactyla,Cervidae,Rangifer,ULRtarCaribou_2v2,Chromosome,,54364837,168825,2577102128,12263,44528,41.5,154,0,0,2023-04-17,
GCA_937001465.1,Orcinus orca,killer whale,9733,Mammalia,Artiodactyla,Delphinidae,Orcinus,mOrcOrc1.1,Chromosome,reference genome,114219206,45583382,2647335075,447,570,42,34,0,0,2022-05-03,
GCF_937001465.1,Orcinus orca,killer whale,9733,Mammalia,Artiodactyla,Delphinidae,Orcinus,mOrcOrc1.1,Chromosome,reference genome,114219206,45583382,2647335075,447,570,42,34,31447,19396,2022-05-03,GCF_937001465.1-RS_2023_02
GCA_051427955.1,Peponocephala electra,melon-headed whale,103596,Mammalia,Artiodactyla,Delphinidae,Peponocephala,mPepEle1.hap2,Chromosome,reference genome,110856110,67561491,2318157464,167,232,42,49,0,0,2025-07-21,
GCA_949774975.1,Lagenorhynchus albirostris,white-beaked dolphin,27610,Mammalia,Artiodactyla,Delphinidae,Lagenorhynchus,mLagAlb1.1,Chromosome,reference genome,110721866,3398034,2544819402,409,1479,42,33,0,0,2023-04-08,
GCF_949774975.1,Lagenorhynchus albirostris,white-beaked dolphin,27610,Mammalia,Artiodactyla,Delphinidae,Lagenorhynchus,mLagAlb1.1,Chromosome,reference genome,110721866,3398034,2544819402,409,1479,42,33,28611,19117,2023-04-08,GCF_949774975.1-RS_2023_10
GCA_051427945.1,Peponocephala electra,melon-headed whale,103596,Mammalia,Artiodactyla,Delphinidae,Peponocephala,mPepEle1.hap1,Chromosome,,110605234,57154926,2540361747,204,288,42,49,0,0,2025-07-21,
GCA_039906525.1,Pseudorca crassidens,false killer whale,82174,Mammalia,Artiodactyla,Delphinidae,Pseudorca,mPseCra1.hap2,Chromosome,,110370934,60000724,2678530964,416,549,42.5,37.79,0,0,2024-05-31,
GCA_039906515.1,Pseudorca crassidens,false killer whale,82174,Mammalia,Artiodactyla,Delphinidae,Pseudorca,mPseCra1.hap1,Chromosome,reference genome,110095734,58817648,2674592094,438,561,42,37.79,0,0,2024-05-31,
GCF_039906515.1,Pseudorca crassidens,false killer whale,82174,Mammalia,Artiodactyla,Delphinidae,Pseudorca,mPseCra1.hap1,Chromosome,reference genome,110095734,58817648,2674592094,438,561,42,37.79,31975,18472,2024-05-31,GCF_039906515.1-RS_2024_08
GCA_964270905.1,Leucopleurus acutus,Atlantic white-sided dolphin,3371109,Mammalia,Artiodactyla,Delphinidae,Leucopleurus,mLagAcu1.hap1.1,Chromosome,reference genome,109653882,3493168,2676193030,898,1932,42,59,0,0,2024-09-29,
GCA_030062865.2,Delphinus delphis,saddleback dolphin,9728,Mammalia,Artiodactyla,Delphinidae,Delphinus,ASM3006286v2,Chromosome,,108933991,54231611,2559079069,187,269,42,32.6,0,0,2024-03-15,
GCA_011762595.2,Tursiops truncatus,common bottlenose dolphin,9739,Mammalia,Artiodactyla,Delphinidae,Tursiops,mTurTru1.mat.Y,Chromosome,reference genome,108430135,9729386,2378505825,361,1035,41.5,63.7,0,0,2024-12-12,
GCF_011762595.2,Tursiops truncatus,common bottlenose dolphin,9739,Mammalia,Artiodactyla,Delphinidae,Tursiops,mTurTru1.mat.Y,Chromosome,reference genome,108430135,9729386,2378505825,361,1035,41.5,63.7,30702,18550,2024-12-12,GCF_011762595.2-RS_2025_04
GCA_964374135.1,Grampus griseus,Risso's dolphin,83653,Mammalia,Artiodactyla,Delphinidae,Grampus,mGraGri1.hap1.1,Chromosome,reference genome,107608252,3106000,2667065542,1145,2283,42,30,0,0,2024-11-29,
GCA_949987515.2,Delphinus delphis,saddleback dolphin,9728,Mammalia,Artiodactyla,Delphinidae,Delphinus,mDelDel1.2,Chromosome,reference genome,107080983,3627551,2663516986,630,1598,42,29,0,0,2024-09-07,
GCF_949987515.2,Delphinus delphis,saddleback dolphin,9728,Mammalia,Artiodactyla,Delphinidae,Delphinus,mDelDel1.2,Chromosome,reference genome,107080983,3627551,2663516986,630,1598,42,29,27112,18393,2024-09-07,GCF_949987515.2-RS_2024_10
GCA_951394435.1,Stenella coeruleoalba,striped dolphin,9737,Mammalia,Artiodactyla,Delphinidae,Stenella,mSteCoe1.1,Chromosome,reference genome,105253534,3590204,2691406842,637,1630,42,35,0,0,2023-06-16,
GCF_951394435.1,Stenella coeruleoalba,striped dolphin,9737,Mammalia,Artiodactyla,Delphinidae,Stenella,mSteCoe1.1,Chromosome,reference genome,105253534,3590204,2691406842,637,1630,42,35,24335,19169,2023-06-16,GCF_951394435.1-RS_2025_09
GCA_963455315.2,Globicephala melas,long-finned pilot whale,9731,Mammalia,Artiodactyla,Delphinidae,Globicephala,mGloMel1.2,Chromosome,reference genome,105087932,3290841,2651276051,992,2076,42.5,29,0,0,2024-09-07,
GCF_963455315.2,Globicephala melas,long-finned pilot whale,9731,Mammalia,Artiodactyla,Delphinidae,Globicephala,mGloMel1.2,Chromosome,reference genome,105087932,3290841,2651276051,992,2076,42.5,29,29204,18508,2024-09-07,GCF_963455315.2-RS_2024_11
GCA_028646385.1,Steno bredanensis,rough-toothed dolphin,46167,Mammalia,Artiodactyla,Delphinidae,Steno,Steno_bredanensis_HiC,Chromosome,reference genome,94897118,59977,2331324105,221678,266806,41.5,95,0,0,2023-02-16,
GCA_028646425.1,Grampus griseus,Risso's dolphin,83653,Mammalia,Artiodactyla,Delphinidae,Grampus,Grampus_griseus_HiC,Chromosome,,93180659,62041,2536411710,773381,813233,41.5,131,0,0,2023-02-16,
GCA_028021215.1,Eschrichtius robustus,grey whale,9764,Mammalia,Artiodactyla,Eschrichtiidae,Eschrichtius,mEscRob2.pri,Chromosome,reference genome,126538682,39209000,2982418581,703,982,41.5,29.61,0,0,2023-01-31,
GCF_028021215.1,Eschrichtius robustus,grey whale,9764,Mammalia,Artiodactyla,Eschrichtiidae,Eschrichtius,mEscRob2.pri,Chromosome,reference genome,126538682,39209000,2982418581,703,982,41.5,29.61,29276,18965,2023-01-31,GCF_028021215.1-RS_2024_09
GCA_054371615.1,Giraffa tippelskirchi,,439328,Mammalia,Artiodactyla,Giraffidae,Giraffa,T2T-mGirTip1v1.2.pat,Complete Genome,reference genome,178487063,178487063,2432354603,15,15,42,580,0,0,2026-01-06,
GCA_054371575.1,Giraffa tippelskirchi,,439328,Mammalia,Artiodactyla,Giraffidae,Giraffa,T2T-mGirTip1v1.2.alt,Chromosome,,178487063,178487063,2407555338,14,15,42,580,0,0,2026-01-06,
GCA_054371585.1,Giraffa tippelskirchi,,439328,Mammalia,Artiodactyla,Giraffidae,Giraffa,T2T-mGirTip1v1.2.pri,Complete Genome,,166642423,166642423,2578316437,16,16,42,580,0,0,2026-01-06,
GCA_054371825.1,Giraffa tippelskirchi,,439328,Mammalia,Artiodactyla,Giraffidae,Giraffa,T2T-mGirTip1v1.2.mat,Chromosome,,166642423,166642423,2553517172,15,16,42,580,0,0,2026-01-06,
GCA_013496395.1,Giraffa tippelskirchi,,439328,Mammalia,Artiodactyla,Giraffidae,Giraffa,ASM1349639v1,Chromosome,,160341600,25031,2490075762,75681,254257,41.5,88.4,0,0,2020-07-24,
GCA_017591445.1,Giraffa camelopardalis rothschildi,,2740528,Mammalia,Artiodactyla,Giraffidae,Giraffa,ASM1759144v1,Chromosome,reference genome,158234173,11323477,2441480433,2096,50203,41.5,54,0,0,2021-03-30,
GCA_024291935.2,Okapia johnstoni,okapi,86973,Mammalia,Artiodactyla,Giraffidae,Okapia,TBG_Okapi_asm_v1,Chromosome,reference genome,102048473,61700678,2387734228,3653,3732,42,73,0,0,2022-07-16,
GCA_030028045.1,Hippopotamus amphibius kiboko,,575201,Mammalia,Artiodactyla,Hippopotamidae,Hippopotamus,mHipAmp2.hap2,Chromosome,reference genome,149218186,50348260,2538242855,356,582,41.5,33,0,0,2023-05-18,
GCF_030028045.1,Hippopotamus amphibius kiboko,,575201,Mammalia,Artiodactyla,Hippopotamidae,Hippopotamus,mHipAmp2.hap2,Chromosome,reference genome,149218186,50348260,2538242855,356,582,41.5,33,32857,22139,2023-05-18,GCF_030028045.1-RS_2023_06
GCA_023065765.1,Hexaprotodon liberiensis,pygmy hippopotamus,56798,Mammalia,Artiodactyla,Hippopotamidae,Hexaprotodon,ASM2306576v1,Chromosome,reference genome,142594368,20244513,2374626208,99,386,41,61,0,0,2022-04-22,
GCA_036417435.1,Inia geoffrensis,Amazon river dolphin,9725,Mammalia,Artiodactyla,Iniidae,Inia,mIniGeo1.hap1,Chromosome,reference genome,117431308,40892022,2749345781,902,1186,42,37,0,0,2024-02-06,
GCA_036417475.1,Inia geoffrensis,Amazon river dolphin,9725,Mammalia,Artiodactyla,Iniidae,Inia,mIniGeo1.hap2,Chromosome,,109672245,41942625,2540437634,800,1040,42,37,0,0,2024-02-06,
GCA_005190385.4,Monodon monoceros,narwhal,40151,Mammalia,Artiodactyla,Monodontidae,Monodon,mMonMon2.pri,Chromosome,reference genome,108465051,22031227,2341941226,90,413,41.5,40,0,0,2026-01-23,
GCA_029941415.3,Delphinapterus leucas,beluga whale,9749,Mammalia,Artiodactyla,Monodontidae,Delphinapterus,S_20_00693_Flye_assembly_V1.1,Chromosome,,88022474,291510,2403585719,9098,22666,41.5,36,0,0,2024-04-10,
GCA_029941455.3,Delphinapterus leucas,beluga whale,9749,Mammalia,Artiodactyla,Monodontidae,Delphinapterus,S_20_00703_Flye_assembly_V1.1,Chromosome,,87682727,608471,2378777480,4368,12009,41,53,0,0,2024-04-10,
GCA_029941435.3,Delphinapterus leucas,beluga whale,9749,Mammalia,Artiodactyla,Monodontidae,Delphinapterus,S_20_00702_Flye_assembly_V1.1,Chromosome,,87682339,524669,2396471963,5844,14927,41.5,40,0,0,2024-04-10,
GCA_029941395.3,Monodon monoceros,narwhal,40151,Mammalia,Artiodactyla,Monodontidae,Monodon,S_20_00708_Flye_assembly_V1.1,Chromosome,,83769834,597131,2335257954,6368,14616,41,58,0,0,2024-04-10,
GCA_049115385.1,Moschus berezovskii,Chinese forest musk deer,68408,Mammalia,Artiodactyla,Moschidae,Moschus,NW_MosBer_1.0,Chromosome,,111330059,91326797,2847697564,33,136,42,33,0,0,2025-03-28,
GCA_026225855.1,Neophocaena sunameri,East Asian finless porpoise,3370372,Mammalia,Artiodactyla,Phocoenidae,Neophocaena,ASM2622585v1,Chromosome,reference genome,122398165,84691504,2497825093,23,51,41.5,62,0,0,2022-11-18,
GCA_008692025.1,Phocoena sinus,vaquita,42100,Mammalia,Artiodactyla,Phocoenidae,Phocoena,mPhoSin1.pri,Chromosome,reference genome,115469292,20218762,2371524154,64,272,41.5,67.26,0,0,2019-09-26,
GCF_008692025.1,Phocoena sinus,vaquita,42100,Mammalia,Artiodactyla,Phocoenidae,Phocoena,mPhoSin1.pri,Chromosome,reference genome,115469292,20218762,2371524154,64,272,41.5,67.26,26497,19069,2019-09-26,NCBI Phocoena sinus Annotation Release 100
GCA_963924675.1,Phocoena phocoena,harbor porpoise,9742,Mammalia,Artiodactyla,Phocoenidae,Phocoena,mPhoPho1.1,Chromosome,reference genome,110192646,3726689,2512713112,439,1405,41.5,24,0,0,2024-01-29,
GCF_963924675.1,Phocoena phocoena,harbor porpoise,9742,Mammalia,Artiodactyla,Phocoenidae,Phocoena,mPhoPho1.1,Chromosome,reference genome,110192646,3726689,2512713112,439,1405,41.5,24,25973,18252,2024-01-29,GCF_963924675.1-RS_2024_06
GCA_026419965.1,Kogia breviceps,pygmy sperm whale,27615,Mammalia,Artiodactyla,Physeteridae,Kogia,mKogBre1 haplotype 1,Chromosome,reference genome,122394096,42780423,2555838840,580,723,42,23,0,0,2022-11-27,
GCF_026419965.1,Kogia breviceps,pygmy sperm whale,27615,Mammalia,Artiodactyla,Physeteridae,Kogia,mKogBre1 haplotype 1,Chromosome,reference genome,122394096,42780423,2555838840,580,723,42,23,28611,18349,2022-11-27,GCF_026419965.1-RS_2024_07
GCA_002837175.5,Physeter macrocephalus,sperm whale,9755,Mammalia,Artiodactyla,Physeteridae,Physeter,ASM283717v5,Chromosome,reference genome,122182240,42877,2496209109,12168,133554,41.5,248,0,0,2023-02-28,
GCF_002837175.3,Physeter macrocephalus,sperm whale,9755,Mammalia,Artiodactyla,Physeteridae,Physeter,ASM283717v5,Chromosome,reference genome,122182240,42877,2496209109,12168,133554,41.5,248,29662,20412,2023-02-28,GCF_002837175.3-RS_2025_01
GCA_026419985.1,Kogia breviceps,pygmy sperm whale,27615,Mammalia,Artiodactyla,Physeteridae,Kogia,mKogBre1 haplotype 2,Chromosome,,120411150,40421539,2613416393,391,529,42,23,0,0,2022-11-27,
GCA_978012005.1,Physeter macrocephalus,sperm whale,9755,Mammalia,Artiodactyla,Physeteridae,Physeter,mPhyCat2.hap1.1,Chromosome,,120321103,43408382,2787078145,782,1139,42,52,0,0,2026-02-01,
GCA_006511355.2,Sus scrofa scrofa,,415978,Mammalia,Artiodactyla,Suidae,Sus,NSME_pig_1.2,Chromosome,,142372574,594997,2479314267,20,9411,42,20.6,0,0,2021-04-09,
GCA_016906955.1,Phacochoerus africanus,Common warthog,41426,Mammalia,Artiodactyla,Suidae,Phacochoerus,ROS_Pafr_v1,Chromosome,reference genome,141887063,10602503,2435083091,194,717,42,56,0,0,2021-02-19,
GCF_016906955.1,Phacochoerus africanus,Common warthog,41426,Mammalia,Artiodactyla,Suidae,Phacochoerus,ROS_Pafr_v1,Chromosome,reference genome,141887063,10602503,2435083091,194,717,42,56,27929,20276,2021-02-19,GCF_016906955.1-RS_2023_03
GCA_020567905.1,Sus scrofa domesticus,domestic pig,9825,Mammalia,Artiodactyla,Suidae,Sus,ASM2056790v1,Chromosome,,139032656,26066865,2440945073,120,421,42,42.67,0,0,2021-10-26,
GCA_017957985.1,Sus scrofa domesticus,domestic pig,9825,Mammalia,Artiodactyla,Suidae,Sus,ASM1795798v1,Chromosome,,138968154,51011532,2510037796,253,394,42,571,0,0,2021-04-15,
GCA_041729645.1,Sus scrofa scrofa,,415978,Mammalia,Artiodactyla,Suidae,Sus,CAU_Huaizhu_1.1,Chromosome,,138919861,27385863,2541047043,1364,1533,42,130,0,0,2024-09-05,
GCA_028533215.1,Babyrousa celebensis,North Sulawesi babirusa,1303000,Mammalia,Artiodactyla,Suidae,Babyrousa,Babyrousa_celebensis_HiC,Chromosome,reference genome,112896847,52664,2571103617,696483,743099,42,72,0,0,2023-02-09,
GCA_025265405.1,Mesoplodon densirostris,Blainville's beaked whale,48708,Mammalia,Artiodactyla,Ziphiidae,Mesoplodon,mMesDen1 primary haplotype,Chromosome,reference genome,125805690,48253041,2683375131,73,170,41.5,43.5,0,0,2022-09-19,
GCF_025265405.1,Mesoplodon densirostris,Blainville's beaked whale,48708,Mammalia,Artiodactyla,Ziphiidae,Mesoplodon,mMesDen1 primary haplotype,Chromosome,reference genome,125805690,48253041,2683375131,73,170,41.5,43.5,27868,19759,2022-09-19,GCF_025265405.1-RS_2023_10
GCA_949752795.1,Hyperoodon ampullatus,northern bottlenose whale,48744,Mammalia,Artiodactyla,Ziphiidae,Hyperoodon,mHypAmp2.1,Chromosome,reference genome,117448692,3126546,2828744367,756,1854,42,28,0,0,2023-04-08,
GCF_949752795.1,Hyperoodon ampullatus,northern bottlenose whale,48744,Mammalia,Artiodactyla,Ziphiidae,Hyperoodon,mHypAmp2.1,Chromosome,reference genome,117448692,3126546,2828744367,756,1854,42,28,22592,19045,2023-03-31,GCF_949752795.1-RS_2025_09
GCA_964341445.1,Mesoplodon mirus,True's beaked whale,52113,Mammalia,Artiodactyla,Ziphiidae,Mesoplodon,mMesMir1.hap1.1,Chromosome,reference genome,115717908,3298322,3442403058,2756,3996,42.5,53,0,0,2024-11-28,
GCA_964148845.1,Mesoplodon bidens,Sowerby's beaked whale,48745,Mammalia,Artiodactyla,Ziphiidae,Mesoplodon,mMesBid2.hap2.1,Chromosome,reference genome,109547138,3262972,2732770104,1152,2126,42,57,0,0,2024-06-06,
GCA_964165515.1,Mesoplodon bidens,Sowerby's beaked whale,48745,Mammalia,Artiodactyla,Ziphiidae,Mesoplodon,mMesBid2.hap1.1,Chromosome,,107252728,3140665,2999082157,1601,2696,42,57,0,0,2024-06-06,
GCA_050926205.1,Vulpes vulpes montana,hill fox,1398410,Mammalia,Carnivora,Canidae,Vulpes,ASM5092620v1,Chromosome,,139036104,47681809,2346671557,65,185,41,251,0,0,2025-06-16,
GCA_024500485.1,Vulpes ferrilata,Tibetan sand fox,561074,Mammalia,Carnivora,Canidae,Vulpes,ASM2450048v1,Chromosome,reference genome,133960477,52909674,2379658649,234,379,41.5,274.51,0,0,2022-08-01,
GCA_030463245.1,Vulpes corsac,Corsac fox,9629,Mammalia,Carnivora,Canidae,Vulpes,zhanglab2022,Chromosome,reference genome,132204642,41624634,2348303263,202,309,41,118.03,0,0,2023-07-18,
GCA_018345385.1,Vulpes lagopus,Arctic fox,494514,Mammalia,Carnivora,Canidae,Vulpes,ASM1834538v1,Chromosome,reference genome,131537142,33460300,2345533697,928,1455,41.5,121,0,0,2021-05-12,
GCF_018345385.1,Vulpes lagopus,Arctic fox,494514,Mammalia,Carnivora,Canidae,Vulpes,ASM1834538v1,Chromosome,reference genome,131537142,33460300,2345533697,928,1455,41.5,121,30615,20695,2021-05-12,NCBI Vulpes lagopus Annotation Release 100
GCA_032313775.1,Urocyon cinereoargenteus,gray fox,55040,Mammalia,Carnivora,Canidae,Urocyon,UCinereo1.0,Chromosome,reference genome,72908786,59386518,2658766243,898,924,42,46.78,0,0,2023-10-04,
GCA_053574225.1,Canis aureus,golden jackal,68724,Mammalia,Carnivora,Canidae,Canis,VMU_Caureus_v.1.0,Chromosome,reference genome,68033816,56644425,2529837068,306,365,41.5,36,0,0,2025-11-21,
GCF_053574225.1,Canis aureus,golden jackal,68724,Mammalia,Carnivora,Canidae,Canis,VMU_Caureus_v.1.0,Chromosome,reference genome,68033816,56644425,2529837068,306,365,41.5,36,44498,20620,2025-11-21,GCF_053574225.1-RS_2025_12
GCA_053569395.1,Canis lupus familiaris,dog,9615,Mammalia,Carnivora,Canidae,Canis,NGSD.1,Chromosome,,65748684,44910415,2459228127,113,196,41.5,28.9,0,0,2025-11-19,
GCA_043643935.1,Canis lupus familiaris,dog,9615,Mammalia,Carnivora,Canidae,Canis,ASM4364393v1,Chromosome,,65741809,55002865,2472496157,147,170,41.5,55,0,0,2024-10-24,
GCA_044048985.1,Canis lupus familiaris,dog,9615,Mammalia,Carnivora,Canidae,Canis,LK_Cfam_Beagle_1.1,Chromosome,,65615805,63178201,2466544780,56,69,41.5,40,0,0,2024-10-30,
GCA_048164855.1,Canis lupus baileyi,Mexican gray wolf,143281,Mammalia,Carnivora,Canidae,Canis,mCanLup2.hap1,Chromosome,reference genome,65569260,31962680,2495589887,249,416,41.5,35.4,0,0,2025-02-27,
GCF_048164855.1,Canis lupus baileyi,Mexican gray wolf,143281,Mammalia,Carnivora,Canidae,Canis,mCanLup2.hap1,Chromosome,reference genome,65569260,31962680,2495589887,249,416,41.5,35.4,43029,20020,2025-02-27,GCF_048164855.1-RS_2025_03
GCA_053572085.1,Canis lupus familiaris,dog,9615,Mammalia,Carnivora,Canidae,Canis,NGSD.2,Chromosome,,65477383,44660206,2458449638,119,215,41.5,28.9,0,0,2025-11-19,
GCA_053569425.1,Canis lupus familiaris,dog,9615,Mammalia,Carnivora,Canidae,Canis,SH.1,Chromosome,,65391217,4078176,2470682515,191,1592,41.5,18.8,0,0,2025-11-19,
GCA_053572125.1,Canis lupus familiaris,dog,9615,Mammalia,Carnivora,Canidae,Canis,SH.2,Chromosome,,65388347,4874578,2505147086,252,1506,41.5,18.8,0,0,2025-11-19,
GCA_977927465.2,Canis aureus,golden jackal,68724,Mammalia,Carnivora,Canidae,Canis,mCanAur2_v2,Chromosome,,65319744,21906000,2450346207,106,371,41.5,50,0,0,2026-03-08,
GCA_012295265.2,Canis lupus dingo,dingo,286419,Mammalia,Carnivora,Canidae,Canis,UNSW_AlpineDingo_1.0,Chromosome,,64752584,23108747,2398209015,477,802,41.5,123.6,0,0,2022-05-20,
GCA_034620425.1,Canis latrans,coyote,9614,Mammalia,Carnivora,Canidae,Canis,Cla-1,Chromosome,reference genome,64494502,42015997,2344471300,120,213,41,48,0,0,2023-12-27,
GCA_040955705.1,Lycaon pictus,African hunting dog,9622,Mammalia,Carnivora,Canidae,Lycaon,LycPic1.final.hap2,Chromosome,reference genome,64477381,39426608,2384012108,76,167,41.5,43.4,28493,20183,2024-08-01,GCA_040955705.1-GB_2025_09_23
GCA_031010635.1,Canis lupus familiaris,dog,9615,Mammalia,Carnivora,Canidae,Canis,OD_1.0,Chromosome,,64457828,11505439,2349139519,159,1021,41,8,0,0,2023-08-31,
GCA_031010765.1,Canis lupus familiaris,dog,9615,Mammalia,Carnivora,Canidae,Canis,BD_1.0,Chromosome,,64457116,27420859,2340604999,175,568,41,20,0,0,2023-08-31,
GCA_040955645.1,Lycaon pictus,African hunting dog,9622,Mammalia,Carnivora,Canidae,Lycaon,LycPic1.final.hap1,Chromosome,,64347589,42609000,2260356192,85,167,41.5,43.4,0,0,2024-08-01,
GCA_008641055.3,Canis lupus familiaris,dog,9615,Mammalia,Carnivora,Canidae,Canis,ASM864105v3,Chromosome,,64346267,20914347,2407226110,409,715,41.5,30,0,0,2020-04-14,
GCA_053569455.1,Canis lupus familiaris,dog,9615,Mammalia,Carnivora,Canidae,Canis,CC.2,Chromosome,,64345097,7861752,2435302315,101,874,41.5,24,0,0,2025-11-19,
GCA_031010295.1,Canis lupus familiaris,dog,9615,Mammalia,Carnivora,Canidae,Canis,CA611_1.0,Chromosome,,64332348,33579845,2343812526,141,370,41,21,0,0,2023-08-31,
GCA_011100685.1,Canis lupus familiaris,dog,9615,Mammalia,Carnivora,Canidae,Canis,UU_Cfam_GSD_1.0,Chromosome,reference genome,64299765,14840767,2481983352,2197,2782,41.5,100,0,0,2020-03-10,
GCF_011100685.1,Canis lupus familiaris,dog,9615,Mammalia,Carnivora,Canidae,Canis,UU_Cfam_GSD_1.0,Chromosome,reference genome,64299765,14840767,2481983352,2197,2782,41.5,100,43286,21175,2020-03-10,NCBI Canis lupus familiaris Annotation Release 106
GCA_012044875.1,Canis lupus familiaris,dog,9615,Mammalia,Carnivora,Canidae,Canis,ASM1204487v1,Chromosome,,64292917,91998,2392800889,39,66008,41.5,100,0,0,2020-04-06,
GCA_013276365.2,Canis lupus familiaris,dog,9615,Mammalia,Carnivora,Canidae,Canis,UNSW_CanFamBas_1.2,Chromosome,,64291023,37759230,2344986233,631,780,41,112.2,0,0,2021-02-23,
GCA_031165255.1,Canis lupus familiaris,dog,9615,Mammalia,Carnivora,Canidae,Canis,Yella_v2,Chromosome,,64286388,25995039,2338512298,675,1096,41,100,0,0,2023-09-07,
GCA_012045015.1,Canis lupus familiaris,dog,9615,Mammalia,Carnivora,Canidae,Canis,ASM1204501v1,Chromosome,,64284575,91753,2393028134,39,66044,41.5,100,0,0,2020-04-06,
GCA_053572105.1,Canis lupus familiaris,dog,9615,Mammalia,Carnivora,Canidae,Canis,CD.2,Chromosome,,64279204,54568980,2444132573,101,151,41.5,123,0,0,2025-11-19,
GCA_003254725.2,Canis lupus dingo,dingo,286419,Mammalia,Carnivora,Canidae,Canis,ASM325472v2,Chromosome,reference genome,64250934,40716615,2349862946,159,228,41,60,0,0,2020-09-11,
GCF_003254725.2,Canis lupus dingo,dingo,286419,Mammalia,Carnivora,Canidae,Canis,ASM325472v2,Chromosome,reference genome,64250934,40716615,2349862946,159,228,41,60,40364,20775,2020-09-11,NCBI Canis lupus dingo Annotation Release 102
GCA_005444595.1,Canis lupus familiaris,dog,9615,Mammalia,Carnivora,Canidae,Canis,UMICH_Zoey_3.1,Chromosome,,64204256,4722218,2343202000,793,1792,41,50,0,0,2019-05-30,
GCF_005444595.1,Canis lupus familiaris,dog,9615,Mammalia,Carnivora,Canidae,Canis,UMICH_Zoey_3.1,Chromosome,,64204256,4722218,2343202000,793,1792,41,50,41434,20593,2019-05-30,NCBI Canis lupus familiaris Annotation Release 106
GCA_001883655.1,Lycaon pictus,African hunting dog,9622,Mammalia,Carnivora,Canidae,Lycaon,LycPicKen1.0,Chromosome,,64190785,2695,2356699901,812,1430319,41.5,5.8,0,0,2016-12-01,
GCA_053572145.1,Canis lupus familiaris,dog,9615,Mammalia,Carnivora,Canidae,Canis,CD.1,Chromosome,,64155742,54736461,2452798940,108,149,41.5,123,0,0,2025-11-19,
GCA_048164845.1,Canis lupus baileyi,Mexican gray wolf,143281,Mammalia,Carnivora,Canidae,Canis,mCanLup2.hap2,Chromosome,,64057063,40946682,2336397564,155,279,41.5,35.4,0,0,2025-02-27,
GCA_014441545.1,Canis lupus familiaris,dog,9615,Mammalia,Carnivora,Canidae,Canis,ROS_Cfam_1.0,Chromosome,,64037277,12024593,2396858295,376,951,41,56.5,0,0,2020-09-03,
GCF_014441545.1,Canis lupus familiaris,dog,9615,Mammalia,Carnivora,Canidae,Canis,ROS_Cfam_1.0,Chromosome,,64037277,12024593,2396858295,376,951,41,56.5,42271,20949,2020-09-03,NCBI Canis lupus familiaris Annotation Release 106
GCA_000002285.4,Canis lupus familiaris,dog,9615,Mammalia,Carnivora,Canidae,Canis,Dog10K_Boxer_Tasha,Chromosome,,63738581,27487084,2312785471,146,1161,41.5,100,0,0,2020-10-06,
GCF_000002285.5,Canis lupus familiaris,dog,9615,Mammalia,Carnivora,Canidae,Canis,Dog10K_Boxer_Tasha,Chromosome,,63738581,27487084,2312785471,146,1161,41.5,100,40373,20087,2020-10-06,NCBI Canis lupus familiaris Annotation Release 106
GCA_001887905.1,Lycaon pictus,African hunting dog,9622,Mammalia,Carnivora,Canidae,Lycaon,LycPicSAfr1.0,Chromosome,,63240551,5555,2358127109,802,797754,41,5.7,0,0,2016-12-01,
GCA_053569475.1,Canis lupus familiaris,dog,9615,Mammalia,Carnivora,Canidae,Canis,CC.1,Chromosome,,62862694,9589881,2425178394,133,804,41.5,24,0,0,2025-11-19,
GCA_004886185.2,Canis lupus familiaris,dog,9615,Mammalia,Carnivora,Canidae,Canis,Basenji_breed-1.1,Chromosome,,61087166,3131423,2410429933,2243,3630,41.5,45,0,0,2019-08-16,
GCA_028533335.1,Chrysocyon brachyurus,maned wolf,68728,Mammalia,Carnivora,Canidae,Chrysocyon,Chrysocyon_brachyurus_HiC,Chromosome,reference genome,60785871,91425,2338097569,120371,157193,41,86,0,0,2023-02-09,
GCA_028646485.1,Cryptoprocta ferox,fossa,94188,Mammalia,Carnivora,Eupleridae,Cryptoprocta,Cryptoprocta_ferox_HiC,Chromosome,reference genome,107277967,124286,2373352832,185515,213093,41.5,78,0,0,2023-02-16,
GCA_018350155.1,Leopardus geoffroyi,Geoffroy's cat,46844,Mammalia,Carnivora,Felidae,Leopardus,O.geoffroyi_Oge1_pat1.0,Chromosome,reference genome,152606360,104474415,2426370816,46,91,42,85,0,0,2021-05-13,
GCF_018350155.1,Leopardus geoffroyi,Geoffroy's cat,46844,Mammalia,Carnivora,Felidae,Leopardus,O.geoffroyi_Oge1_pat1.0,Chromosome,reference genome,152606360,104474415,2426370816,46,91,42,85,35984,20127,2021-05-13,NCBI Leopardus geoffroyi Annotation Release 100
GCA_028564725.2,Otocolobus manul,Pallas's cat,61408,Mammalia,Carnivora,Felidae,Otocolobus,OtoMan_p1.0,Chromosome,reference genome,151944179,118180270,2487665568,23,61,42,56,0,0,2023-11-27,
GCA_013340865.2,Felis catus,domestic cat,9685,Mammalia,Carnivora,Felidae,Felis,AnAms_1.0,Chromosome,,151107676,21291731,2493141643,20,574,42,120,0,0,2020-06-03,
GCA_028018385.1,Neofelis nebulosa,Clouded leopard,61452,Mammalia,Carnivora,Felidae,Neofelis,mNeoNeb1.pri,Chromosome,reference genome,150204169,51579577,2468345093,33,214,42,32.2,0,0,2023-01-31,
GCF_028018385.1,Neofelis nebulosa,Clouded leopard,61452,Mammalia,Carnivora,Felidae,Neofelis,mNeoNeb1.pri,Chromosome,reference genome,150204169,51579577,2468345093,33,214,42,32.2,36852,20501,2023-01-31,GCF_028018385.1-RS_2023_07
GCA_028749985.4,Puma concolor,puma,9696,Mammalia,Carnivora,Felidae,Puma,mPumCon1.1.hap1,Chromosome,,149756039,42297498,2501068434,257,402,42,46,0,0,2023-08-04,
GCA_051911995.1,Felis catus,domestic cat,9685,Mammalia,Carnivora,Felidae,Felis,F.catus_OcraZ1_mat1.0,Complete Genome,,149697279,149697279,2505760913,19,19,42.5,150,0,0,2025-08-11,
GCA_028749965.4,Puma concolor,puma,9696,Mammalia,Carnivora,Felidae,Puma,mPumCon1.1.hap2,Chromosome,,149508014,65828543,2368682789,207,291,42,46,0,0,2023-08-04,
GCA_051911835.1,Felis catus,domestic cat,9685,Mammalia,Carnivora,Felidae,Felis,F.catus_OcraZ1_1.0,Complete Genome,,149421202,149421202,2543620447,20,20,42.5,150,0,0,2025-08-11,
GCA_051911875.1,Felis catus,domestic cat,9685,Mammalia,Carnivora,Felidae,Felis,F.catus_OcraZ1_pat1.0,Complete Genome,,149421202,149421202,2411447337,19,19,42.5,150,0,0,2025-08-11,
GCA_046255005.1,Panthera leo,lion,9689,Mammalia,Carnivora,Felidae,Panthera,Pleo_Luke_hap2X,Chromosome,,149413159,28885624,2448757795,96,370,42,41,0,0,2024-12-23,
GCA_046254995.1,Panthera leo,lion,9689,Mammalia,Carnivora,Felidae,Panthera,Pleo_Luke_hap1Y,Chromosome,,148784156,36060956,2339286943,210,565,42,41,0,0,2024-12-23,
GCA_030324275.1,Neofelis nebulosa,Clouded leopard,61452,Mammalia,Carnivora,Felidae,Neofelis,SNNU_Nneo_1,Chromosome,,148756955,148756955,2430117385,216,216,41.5,76,0,0,2023-06-28,
GCA_016509475.2,Prionailurus bengalensis,leopard cat,37029,Mammalia,Carnivora,Felidae,Prionailurus,Fcat_Pben_1.1_paternal_pri,Chromosome,reference genome,148587958,82622880,2435702060,83,139,42,40,0,0,2021-01-06,
GCF_016509475.1,Prionailurus bengalensis,leopard cat,37029,Mammalia,Carnivora,Felidae,Prionailurus,Fcat_Pben_1.1_paternal_pri,Chromosome,reference genome,148587958,82622880,2435702060,83,139,42,40,30727,20003,2021-01-06,NCBI Prionailurus bengalensis Annotation Release 100
GCA_019924945.1,Felis chaus,jungle cat,61376,Mammalia,Carnivora,Felidae,Felis,FelChav1.0,Chromosome,reference genome,148552997,91188488,2428287114,52,109,42,49,0,0,2021-09-14,
GCA_018350175.1,Felis catus,domestic cat,9685,Mammalia,Carnivora,Felidae,Felis,F.catus_Fca126_mat1.0,Chromosome,reference genome,148491486,90731473,2425730029,70,109,42,76,0,0,2021-05-13,
GCF_018350175.1,Felis catus,domestic cat,9685,Mammalia,Carnivora,Felidae,Felis,F.catus_Fca126_mat1.0,Chromosome,reference genome,148491486,90731473,2425730029,70,109,42,76,39307,20453,2021-05-13,NCBI Felis catus Annotation Release 105
GCA_046562885.2,Panthera onca,jaguar,9690,Mammalia,Carnivora,Felidae,Panthera,mPanOnc1 haplotype 1,Chromosome,reference genome,148304554,45599555,2303345105,115,255,41.5,69,0,0,2025-01-08,
GCF_046562885.1,Panthera onca,jaguar,9690,Mammalia,Carnivora,Felidae,Panthera,mPanOnc1 haplotype 1,Chromosome,reference genome,148304554,45599555,2303345105,115,255,41.5,69,33461,19237,2025-01-08,GCF_046562885.1-RS_2025_12
GCA_046562875.2,Panthera onca,jaguar,9690,Mammalia,Carnivora,Felidae,Panthera,mPanOnc1 haplotype 2,Chromosome,,148260853,42469011,2487960463,85,285,42,69,0,0,2025-01-08,
GCA_048603155.1,Panthera uncia,snow leopard,29064,Mammalia,Carnivora,Felidae,Panthera,ASM4860315v1,Chromosome,,147847344,107742994,2411848114,27,95,41.5,112,0,0,2025-03-18,
GCA_016509815.2,Felis catus,domestic cat,9685,Mammalia,Carnivora,Felidae,Felis,Fcat_Pben_1.1_maternal_alt,Chromosome,,147603332,83875697,2422299418,71,131,42,40,0,0,2021-01-06,
GCA_018350215.1,Panthera leo,lion,9689,Mammalia,Carnivora,Felidae,Panthera,P.leo_Ple1_pat1.1,Chromosome,reference genome,147402474,77781637,2297552363,53,108,41.5,76,0,0,2021-05-13,
GCF_018350215.1,Panthera leo,lion,9689,Mammalia,Carnivora,Felidae,Panthera,P.leo_Ple1_pat1.1,Chromosome,reference genome,147402474,77781637,2297552363,53,108,41.5,76,32109,19491,2021-05-13,NCBI Panthera leo Annotation Release 100
GCA_021131075.1,Panthera tigris tigris,Bengal tiger,74535,Mammalia,Carnivora,Felidae,Panthera,PanTigT.SI.v4,Chromosome,,147295397,2141595,2534330400,3808,9516,41.5,64,0,0,2021-12-09,
GCA_007474595.2,Lynx canadensis,Canada lynx,61383,Mammalia,Carnivora,Felidae,Lynx,mLynCan4.pri.v2,Chromosome,reference genome,147275701,7503561,2407810255,54,894,41.5,72,0,0,2020-07-14,
GCF_007474595.2,Lynx canadensis,Canada lynx,61383,Mammalia,Carnivora,Felidae,Lynx,mLynCan4.pri.v2,Chromosome,reference genome,147275701,7503561,2407810255,54,894,41.5,72,29379,19742,2020-07-14,NCBI Lynx canadensis Annotation Release 102
GCA_018350195.2,Panthera tigris,tiger,9694,Mammalia,Carnivora,Felidae,Panthera,P.tigris_Pti1_mat1.1,Chromosome,reference genome,146942463,74391967,2408678698,74,139,41.5,78,0,0,2021-05-13,
GCF_018350195.1,Panthera tigris,tiger,9694,Mammalia,Carnivora,Felidae,Panthera,P.tigris_Pti1_mat1.1,Chromosome,reference genome,146942463,74391967,2408678698,74,139,41.5,78,33598,20232,2021-05-13,NCBI Panthera tigris Annotation Release 102
GCA_032458615.1,Felis nigripes,black-footed cat,61379,Mammalia,Carnivora,Felidae,Felis,SNNU_BFC_1,Chromosome,reference genome,146903500,31308424,2413531835,357,650,41.5,33,0,0,2023-10-11,
GCA_965177595.1,Panthera onca,jaguar,9690,Mammalia,Carnivora,Felidae,Panthera,mPanOnc3.3,Chromosome,,146719457,20638060,2403159372,151,471,41.5,38,0,0,2025-02-28,
GCA_051942995.1,Panthera uncia,snow leopard,29064,Mammalia,Carnivora,Felidae,Panthera,ASM5194299v1,Chromosome,,145764934,51831284,2455991285,280,362,42,24.8,0,0,2025-08-12,
GCA_021130815.1,Panthera tigris tigris,Bengal tiger,74535,Mammalia,Carnivora,Felidae,Panthera,PanTigT.MC.v3,Chromosome,,145476184,4405323,2406136656,1052,2234,41.5,41,0,0,2021-12-09,
GCA_024034525.1,Panthera tigris,tiger,9694,Mammalia,Carnivora,Felidae,Panthera,Gentig_PCG_1.0,Chromosome,,145225440,153958,2407444964,1201,29149,41.5,38,0,0,2022-06-29,
GCA_022837055.1,Prionailurus viverrinus,fishing cat,61388,Mammalia,Carnivora,Felidae,Prionailurus,UM_Priviv_1.0,Chromosome,reference genome,144906162,68766634,2461545606,191,254,42,30,0,0,2022-04-08,
GCF_022837055.1,Prionailurus viverrinus,fishing cat,61388,Mammalia,Carnivora,Felidae,Prionailurus,UM_Priviv_1.0,Chromosome,reference genome,144906162,68766634,2461545606,191,254,42,30,30894,20111,2022-04-08,GCF_022837055.1-RS_2023_03
GCA_027475565.2,Acinonyx jubatus,cheetah,32536,Mammalia,Carnivora,Felidae,Acinonyx,VMU_Ajub_asm_v1.0,Chromosome,reference genome,144444042,96827784,2377417351,195,217,41.5,50,0,0,2022-12-28,
GCF_027475565.1,Acinonyx jubatus,cheetah,32536,Mammalia,Carnivora,Felidae,Acinonyx,VMU_Ajub_asm_v1.0,Chromosome,reference genome,144444042,96827784,2377417351,195,217,41.5,50,33469,19999,2022-12-28,GCF_027475565.1-RS_2023_04
GCA_028646445.1,Panthera uncia,snow leopard,29064,Mammalia,Carnivora,Felidae,Panthera,Panthera_uncia_HiC,Chromosome,,141103905,65051,2407715237,108642,159269,41.5,84,0,0,2023-02-21,
GCA_028533295.1,Felis nigripes,black-footed cat,61379,Mammalia,Carnivora,Felidae,Felis,Felis_nigripes_HiC,Chromosome,,139656774,50736,2454720760,226952,286425,42,77,0,0,2023-02-09,
GCF_028533385.1,Panthera onca,jaguar,9690,Mammalia,Carnivora,Felidae,Panthera,Panthera_onca_HiC,Chromosome,,138099990,53866,2380242927,36242,92613,41.5,104,35206,21071,2023-02-09,GCF_028533385.1-RS_2023_10
GCA_008795835.1,Panthera leo,lion,9689,Mammalia,Carnivora,Felidae,Panthera,PanLeo1.0,Chromosome,,136051765,286703,2406807619,8060,23775,41.5,46,0,0,2019-10-07,
GCA_028533385.1,Panthera onca,jaguar,9690,Mammalia,Carnivora,Felidae,Panthera,Panthera_onca_HiC,Chromosome,,132627732,51083,2498323642,410583,466954,41.5,104,0,0,2023-02-09,
GCA_028551425.1,Prionailurus viverrinus,fishing cat,61388,Mammalia,Carnivora,Felidae,Prionailurus,Prionailurus_viverrinus_HiC,Chromosome,,132313483,45920,2510020520,395495,457310,42,83,0,0,2023-02-09,
GCA_023721935.1,Panthera uncia,snow leopard,29064,Mammalia,Carnivora,Felidae,Panthera,Puncia_PCG_1.0,Chromosome,reference genome,112063229,179517,2433972596,2635,26421,41.5,31.94,0,0,2022-06-16,
GCF_023721935.1,Panthera uncia,snow leopard,29064,Mammalia,Carnivora,Felidae,Panthera,Puncia_PCG_1.0,Chromosome,reference genome,112063229,179517,2433972596,2635,26421,41.5,31.94,31171,20201,2022-06-16,GCF_023721935.1-RS_2023_02
GCA_000181335.6,Felis catus,domestic cat,9685,Mammalia,Carnivora,Felidae,Felis,felCat9.2_X,Chromosome,,88880063,41915695,2480971174,767,1138,42,,0,0,2021-10-01,
GCA_006229205.1,Suricata suricatta,meerkat,37032,Mammalia,Carnivora,Herpestidae,Suricata,meerkat_22Aug2017_6uvM2_HiC,Chromosome,reference genome,141453419,75409,2353578744,63791,129036,41.5,50,0,0,2019-07-03,
GCF_006229205.1,Suricata suricatta,meerkat,37032,Mammalia,Carnivora,Herpestidae,Suricata,meerkat_22Aug2017_6uvM2_HiC,Chromosome,reference genome,141453419,75409,2353578744,63791,129036,41.5,50,35499,19608,2019-07-03,NCBI Suricata suricatta Annotation Release 100
GCA_028533875.1,Mungos mungo,banded mongoose,210652,Mammalia,Carnivora,Herpestidae,Mungos,Mungos_mungo_HiC,Chromosome,,128516143,60614,2494883117,572361,614368,42,77,0,0,2023-02-09,
GCA_964106545.1,Neogale vison,American mink,452646,Mammalia,Carnivora,Mustelidae,Neogale,mNeoVis2.hap1.1,Chromosome,,221119109,1439238,2697130894,434,3391,42.5,44,0,0,2024-06-06,
GCA_020171115.1,Neogale vison,American mink,452646,Mammalia,Carnivora,Mustelidae,Neogale,ASM_NN_V1,Chromosome,reference genome,220349319,220349319,2681198719,182,182,42.5,21,0,0,2021-09-29,
GCF_020171115.1,Neogale vison,American mink,452646,Mammalia,Carnivora,Mustelidae,Neogale,ASM_NN_V1,Chromosome,reference genome,220349319,220349319,2681198719,182,182,42.5,21,30220,20422,2021-09-29,NCBI Neovison vison Annotation Release 100
GCA_964106205.1,Neogale vison,American mink,452646,Mammalia,Carnivora,Mustelidae,Neogale,mNeoVis2.hap2.1,Chromosome,,217713070,1455681,2662777898,351,3200,42.5,44,0,0,2024-06-06,
GCA_030435805.1,Mustela lutreola,European mink,9666,Mammalia,Carnivora,Mustelidae,Mustela,mMusLut2.pri,Chromosome,reference genome,154078643,83356672,2586268927,25,64,42,36.15,0,0,2023-07-13,
GCF_030435805.1,Mustela lutreola,European mink,9666,Mammalia,Carnivora,Mustelidae,Mustela,mMusLut2.pri,Chromosome,reference genome,154078643,83356672,2586268927,25,64,42,36.15,33402,20701,2023-07-13,GCF_030435805.1-RS_2023_08
GCA_964264385.1,Mustela lutreola,European mink,9666,Mammalia,Carnivora,Mustelidae,Mustela,mMusLut1.4,Chromosome,,149238926,41193119,2466143502,29,202,41.5,54,0,0,2024-09-18,
GCA_902655055.2,Lutra lutra,Eurasian river otter,9657,Mammalia,Carnivora,Mustelidae,Lutra,mLutLut1.2,Chromosome,reference genome,149004807,30403456,2438442342,43,228,41.5,63,0,0,2020-07-31,
GCF_902655055.1,Lutra lutra,Eurasian river otter,9657,Mammalia,Carnivora,Mustelidae,Lutra,mLutLut1.2,Chromosome,reference genome,149004807,30403456,2438442342,43,228,41.5,63,32271,20887,2020-07-31,GCF_902655055.1-RS_2023_03
GCA_963455335.1,Martes martes,European pine marten,29065,Mammalia,Carnivora,Mustelidae,Martes,mMarMar1.1,Chromosome,reference genome,146289188,1599794,2484633589,476,2726,42.5,35,0,0,2023-09-20,
GCA_964304585.1,Martes foina,beach marten,9659,Mammalia,Carnivora,Mustelidae,Martes,mMarFoi2.1,Chromosome,reference genome,146036623,64160893,2388581548,22,80,41.5,114,0,0,2024-11-06,
GCA_022355385.1,Mustela nigripes,black-footed ferret,77151,Mammalia,Carnivora,Mustelidae,Mustela,MUSNIG.SB6536,Chromosome,reference genome,145433501,148763,2498532951,20574,53614,41.5,85,0,0,2022-02-24,
GCF_022355385.1,Mustela nigripes,black-footed ferret,77151,Mammalia,Carnivora,Mustelidae,Mustela,MUSNIG.SB6536,Chromosome,reference genome,145433501,148763,2498532951,20574,53614,41.5,85,30655,20269,2022-02-24,GCF_022355385.1-RS_2023_09
GCA_040938825.1,Martes martes,European pine marten,29065,Mammalia,Carnivora,Mustelidae,Martes,mmar.min_150.pseudohap2.1_HiC.purged,Chromosome,,144638580,331070,2399650029,20048,35566,41.5,79,0,0,2024-07-30,
GCA_040938555.1,Martes foina,beach marten,9659,Mammalia,Carnivora,Mustelidae,Martes,mfoi.min_150.pseudohap2.1_HiC,Chromosome,,144088726,324846,2414498974,23286,39701,41.5,70,0,0,2024-07-30,
GCA_040938815.1,Martes zibellina,sable,36722,Mammalia,Carnivora,Mustelidae,Martes,mzib.min_150.pseudohap2.1_HiC.purged,Chromosome,reference genome,143641668,329342,2389897326,18010,33680,41.5,78,0,0,2024-07-30,
GCA_029410595.1,Martes flavigula,yellow-throated marten,74864,Mammalia,Carnivora,Mustelidae,Martes,ASM2941059v1,Chromosome,reference genome,143113826,68603938,2448703571,128,213,41.5,107.96,0,0,2023-03-27,
GCA_048197165.1,Mustela nivalis,least weasel,36239,Mammalia,Carnivora,Mustelidae,Mustela,ASM4819716v1,Chromosome,,138366223,199370,2452185984,16700,45467,41.5,34,0,0,2025-02-28,
GCA_040938845.1,Martes flavigula,yellow-throated marten,74864,Mammalia,Carnivora,Mustelidae,Martes,mfla.min_150.pseudohap2.1_HiC,Chromosome,,135435256,143274,2471048256,61354,94081,41.5,77,0,0,2024-07-30,
GCA_922984935.2,Meles meles,Eurasian badger,9662,Mammalia,Carnivora,Mustelidae,Meles,mMelMel3.2 paternal haplotype,Chromosome,reference genome,132955750,75210923,2738678004,537,638,42.5,85,0,0,2022-03-23,
GCA_922984935.1,Meles meles,Eurasian badger,9662,Mammalia,Carnivora,Mustelidae,Meles,mMelMel3.1 paternal haplotype,Chromosome,,132955750,75210923,2738678004,537,638,42.5,85,0,0,2021-12-19,
GCF_922984935.1,Meles meles,Eurasian badger,9662,Mammalia,Carnivora,Mustelidae,Meles,mMelMel3.1 paternal haplotype,Chromosome,reference genome,132955750,75210923,2738678004,537,638,42.5,85,31234,21063,2021-12-19,NCBI Meles meles Annotation Release 100
GCA_009829155.1,Mustela erminea,ermine,36723,Mammalia,Carnivora,Mustelidae,Mustela,mMusErm1.Pri,Chromosome,reference genome,130149454,36329944,2445200799,93,292,41.5,62.86,0,0,2020-01-03,
GCF_009829155.1,Mustela erminea,ermine,36723,Mammalia,Carnivora,Mustelidae,Mustela,mMusErm1.Pri,Chromosome,reference genome,130149454,36329944,2445200799,93,292,41.5,62.86,34309,20934,2020-01-03,NCBI Mustela erminea Annotation Release 100
GCA_964662115.1,Mustela nivalis,least weasel,36239,Mammalia,Carnivora,Mustelidae,Mustela,mMusNiv2.hap1.1,Chromosome,reference genome,115392379,1161649,3437857113,3179,6117,43.5,33,0,0,2025-01-03,
GCA_965636865.1,Mustela erminea,ermine,36723,Mammalia,Carnivora,Mustelidae,Mustela,mMusErm2.hap1.1,Chromosome,,114833368,31864893,2943562642,1035,1247,42.5,27,0,0,2025-07-09,
GCA_965636855.1,Mustela erminea,ermine,36723,Mammalia,Carnivora,Mustelidae,Mustela,mMusErm2.hap2.1,Chromosome,,114415534,31240860,2679398242,944,1083,42,27,0,0,2025-07-09,
GCA_048197275.1,Mustela strigidorsa,black-striped weasel,244218,Mammalia,Carnivora,Mustelidae,Mustela,ASM4819727v1,Chromosome,reference genome,113335649,189835,2486429658,263084,287238,41.5,27,0,0,2025-02-28,
GCA_009762305.2,Zalophus californianus,California sea lion,9704,Mammalia,Carnivora,Otariidae,Zalophus,mZalCal1.pri.v2,Chromosome,reference genome,147124152,32626160,2409668595,46,229,41.5,80.51,0,0,2020-07-14,
GCF_009762305.2,Zalophus californianus,California sea lion,9704,Mammalia,Carnivora,Otariidae,Zalophus,mZalCal1.pri.v2,Chromosome,reference genome,147124152,32626160,2409668595,46,229,41.5,80.51,32543,21397,2020-07-14,NCBI Zalophus californianus Annotation Release 101
GCA_028646355.1,Arctocephalus townsendi,Guadalupe fur seal,161921,Mammalia,Carnivora,Otariidae,Arctocephalus,Arctocephalus_townsendi_HiC,Chromosome,reference genome,127156334,61084,2372365934,238431,284102,41.5,82,0,0,2023-02-16,
GCA_976986665.1,Monachus monachus,Mediterranean monk seal,248254,Mammalia,Carnivora,Phocidae,Monachus,mMonMoa1.1,Chromosome,reference genome,157001452,90875510,2437305367,275,316,41.5,91,0,0,2025-11-08,
GCA_964656455.1,Halichoerus grypus,gray seal,9711,Mammalia,Carnivora,Phocidae,Halichoerus,mHalGry1.hap1.1,Chromosome,reference genome,156124300,3750431,2400061917,170,1300,41.5,58,0,0,2025-01-02,
GCF_964656455.1,Halichoerus grypus,gray seal,9711,Mammalia,Carnivora,Phocidae,Halichoerus,mHalGry1.hap1.1,Chromosome,reference genome,156124300,3750431,2400061917,170,1300,41.5,58,33190,19199,2025-01-02,GCF_964656455.1-RS_2025_12
GCA_028975605.1,Pusa sibirica,Baikal seal,9719,Mammalia,Carnivora,Phocidae,Pusa,PSIB_hic,Chromosome,reference genome,151453396,14262,2335703376,49645,326165,41,110,0,0,2023-03-08,
GCA_002201575.2,Neomonachus schauinslandi,Hawaiian monk seal,29088,Mammalia,Carnivora,Phocidae,Neomonachus,ASM220157v2,Chromosome,reference genome,150810825,181061,2419443398,8094,33881,41.5,56,0,0,2021-10-20,
GCF_002201575.2,Neomonachus schauinslandi,Hawaiian monk seal,29088,Mammalia,Carnivora,Phocidae,Neomonachus,ASM220157v2,Chromosome,reference genome,150810825,181061,2419443398,8094,33881,41.5,56,27736,19838,2021-10-20,NCBI Neomonachus schauinslandi Annotation Release 101
GCA_021288785.3,Mirounga angustirostris,Northern elephant seal,9716,Mammalia,Carnivora,Phocidae,Mirounga,ASM2128878v3,Chromosome,,139676048,76189,2366166981,142455,182391,41.5,125,0,0,2022-12-21,
GCF_021288785.2,Mirounga angustirostris,Northern elephant seal,9716,Mammalia,Carnivora,Phocidae,Mirounga,ASM2128878v3,Chromosome,,139676048,76189,2366166981,142455,182391,41.5,125,30411,20358,2022-12-21,GCF_021288785.2-RS_2023_03
GCA_054177405.2,Leptonychotes weddellii,Weddell seal,9713,Mammalia,Carnivora,Phocidae,Leptonychotes,ASM5417740v2,Chromosome,,131171632,46856,2401725666,396180,448145,41.5,50.7,0,0,2025-12-24,
GCA_055474045.1,Procyon lotor,raccoon,9654,Mammalia,Carnivora,Procyonidae,Procyon,P.lotor_Micro_v1.0,Chromosome,reference genome,142471341,34520054,2350865990,167,383,42,56.94,0,0,2026-02-24,
GCA_028534135.1,Potos flavus,kinkajou,29067,Mammalia,Carnivora,Procyonidae,Potos,Potos_flavus_HiC,Chromosome,reference genome,121721779,65113,2465739417,841001,878264,42,132,0,0,2023-02-09,
GCA_028533885.1,Nasua narica,White-nosed coati,352831,Mammalia,Carnivora,Procyonidae,Nasua,Nasua_narica_HiC,Chromosome,reference genome,119764535,64559,2610174539,1091317,1127599,42,105,0,0,2023-02-09,
GCA_028646535.1,Procyon lotor,raccoon,9654,Mammalia,Carnivora,Procyonidae,Procyon,pl-1k,Chromosome,,114539748,34230,2525713215,819431,877198,42,86,0,0,2023-02-16,
GCA_029963865.1,Ailuropoda melanoleuca,giant panda,9646,Mammalia,Carnivora,Ursidae,Ailuropoda,CPB_AME_v1,Chromosome,,134169173,28556066,2478972487,1335,2111,42,113.89,0,0,2023-05-12,
GCA_002007445.3,Ailuropoda melanoleuca,giant panda,9646,Mammalia,Carnivora,Ursidae,Ailuropoda,ASM200744v3,Chromosome,reference genome,129245720,127687,2440260518,73513,122819,41.5,93,0,0,2020-04-20,
GCF_002007445.2,Ailuropoda melanoleuca,giant panda,9646,Mammalia,Carnivora,Ursidae,Ailuropoda,ASM200744v3,Chromosome,reference genome,129245720,127687,2440260518,73513,122819,41.5,93,31335,20837,2020-04-20,NCBI Ailuropoda melanoleuca Annotation Release 103
GCA_054642835.1,Tremarctos ornatus,spectacled bear,9638,Mammalia,Carnivora,Ursidae,Tremarctos,mTreOrn2.0.pri,Chromosome,reference genome,106594636,61126696,2534844297,257,331,42.5,33,0,0,2026-01-21,
GCA_028551375.1,Tremarctos ornatus,spectacled bear,9638,Mammalia,Carnivora,Ursidae,Tremarctos,Tremarctos_ornatus_HiC,Chromosome,,104741234,117282,2342007988,188811,217262,42,147,0,0,2023-02-09,
GCA_024610735.2,Ursus americanus,American black bear,9643,Mammalia,Carnivora,Ursidae,Ursus,mUrsAme1.1.p,Chromosome,,73012699,58859121,2524249997,297,338,43,34,0,0,2025-07-14,
GCA_023065955.2,Ursus arctos,brown bear,9644,Mammalia,Carnivora,Ursidae,Ursus,UrsArc2.0,Chromosome,reference genome,71981430,35674000,2423401459,361,611,42.5,32,0,0,2023-05-22,
GCF_023065955.2,Ursus arctos,brown bear,9644,Mammalia,Carnivora,Ursidae,Ursus,UrsArc2.0,Chromosome,reference genome,71981430,35674000,2423401459,361,611,42.5,32,30450,20319,2023-05-22,GCF_023065955.2-RS_2023_06
GCA_028533245.1,Helarctos malayanus,Malayan sun bear,9634,Mammalia,Carnivora,Ursidae,Helarctos,Helarctos_malayanus_HiC,Chromosome,reference genome,59704986,73706,2486327345,726300,762462,42,105,0,0,2023-02-09,
GCA_030068075.1,Paguma larvata,masked palm civet,9675,Mammalia,Carnivora,Viverridae,Paguma,ASM3006807v1,Chromosome,reference genome,111806299,12856992,2437414291,1500,1788,42.5,216,0,0,2023-06-05,
GCA_036850765.1,Saccopteryx bilineata,greater sac-winged bat,59482,Mammalia,Chiroptera,Emballonuridae,Saccopteryx,mSacBil1_pri_phased_curated,Chromosome,reference genome,300074216,20156883,2612309609,256,713,41.5,70,0,0,2024-02-26,
GCF_036850765.1,Saccopteryx bilineata,greater sac-winged bat,59482,Mammalia,Chiroptera,Emballonuridae,Saccopteryx,mSacBil1_pri_phased_curated,Chromosome,reference genome,300074216,20156883,2612309609,256,713,41.5,70,32535,19291,2024-02-26,GCF_036850765.1-RS_2024_07
GCA_037038555.1,Rhynchonycteris naso,proboscis bat,249017,Mammalia,Chiroptera,Emballonuridae,Rhynchonycteris,mRhyNas2.hap2,Chromosome,reference genome,288038771,108301702,2296372838,38,77,41,56.7,0,0,2024-03-06,
GCA_037038545.1,Rhynchonycteris naso,proboscis bat,249017,Mammalia,Chiroptera,Emballonuridae,Rhynchonycteris,mRhyNas2.hap1,Chromosome,,286991050,86271459,2455049845,40,108,41,53,21940,18135,2024-03-06,GCA_037038545.1-GB_2025_12_01
GCA_036850995.1,Saccopteryx leptura,lesser sac-winged bat,249018,Mammalia,Chiroptera,Emballonuridae,Saccopteryx,mSacLep1_pri_phased_curated,Chromosome,reference genome,224759591,17812205,2576497192,167,725,42,55,0,0,2024-02-26,
GCF_036850995.1,Saccopteryx leptura,lesser sac-winged bat,249018,Mammalia,Chiroptera,Emballonuridae,Saccopteryx,mSacLep1_pri_phased_curated,Chromosome,reference genome,224759591,17812205,2576497192,167,725,42,55,32295,19426,2024-02-26,GCF_036850995.1-RS_2024_07
GCA_044509165.1,Taphozous melanopogon,black-bearded tomb bat,187003,Mammalia,Chiroptera,Emballonuridae,Taphozous,WHU_Tmel_v1,Chromosome,reference genome,126147252,44022992,2158216644,26,187,41.5,99,0,0,2024-11-06,
GCA_031876335.1,Hipposideros larvatus,,175524,Mammalia,Chiroptera,Hipposideridae,Hipposideros,mHipLar1.pri,Chromosome,reference genome,185549907,34562834,2338923724,69,188,41.5,30.47,29602,19332,2023-09-25,GCA_031876335.1-GB_2025_10_17
GCA_043727955.1,Hipposideros larvatus,,175524,Mammalia,Chiroptera,Hipposideridae,Hipposideros,ASM4372795v1,Chromosome,,176501180,19276934,2380731158,249,439,41.5,34,0,0,2024-10-24,
GCA_043727835.1,Aselliscus stoliczkanus,Stoliczka's trident bat,188568,Mammalia,Chiroptera,Hipposideridae,Aselliscus,ASM4372783v1,Chromosome,reference genome,162130651,61181192,2268679753,74,161,41.5,32,0,0,2024-10-24,
GCA_033961575.1,Aselliscus stoliczkanus,Stoliczka's trident bat,188568,Mammalia,Chiroptera,Hipposideridae,Aselliscus,ASM3396157v1,Chromosome,,162004500,73009000,2187325338,191,319,41,50,0,0,2023-11-28,
GCA_043880285.1,Doryrhina cyclops,cyclops roundleaf bat,249021,Mammalia,Chiroptera,Hipposideridae,Doryrhina,ASM4388028v1,Chromosome,reference genome,154073572,14255823,2390587633,65,399,41.5,26,0,0,2024-10-28,
GCA_043880595.1,Megaderma spasma,lesser false vampire bat,9414,Mammalia,Chiroptera,Megadermatidae,Megaderma,ASM4388059v1,Chromosome,reference genome,120949103,22627155,2124723628,418,1277,42,87,0,0,2024-10-28,
GCA_054644295.1,Miniopterus natalensis,,291302,Mammalia,Chiroptera,Miniopteridae,Miniopterus,mMinNat1.hap1,Chromosome,,87828664,27957764,1835620866,135,248,42.5,52.14,0,0,2026-01-22,
GCA_964146895.2,Miniopterus schreibersii,Schreibers' long-fingered bat,9433,Mammalia,Chiroptera,Miniopteridae,Miniopterus,mMinSch1.hap1.2,Chromosome,reference genome,87795433,28014000,1850573702,185,325,42.5,37,0,0,2025-04-05,
GCA_054644305.1,Miniopterus natalensis,,291302,Mammalia,Chiroptera,Miniopteridae,Miniopterus,mMinNat1.hap2,Chromosome,,85238108,27987485,1816282618,99,220,42.5,52.14,0,0,2026-01-22,
GCA_976988885.1,Tadarida teniotis,European free-tailed bat,59483,Mammalia,Chiroptera,Molossidae,Tadarida,mTadTen1.hap1.1,Chromosome,reference genome,115364848,53136000,2587879402,640,814,42.5,41,0,0,2025-11-08,
GCA_039880945.1,Molossus nigricans,northern black mastiff bat,2997257,Mammalia,Chiroptera,Molossidae,Molossus,mMolNig1.hap1,Chromosome,reference genome,114338547,74731956,2567086694,365,478,42.5,49.7,27925,19911,2024-05-29,GCA_039880945.1-GB_2025_09_03
GCA_976988855.1,Tadarida teniotis,European free-tailed bat,59483,Mammalia,Chiroptera,Molossidae,Tadarida,mTadTen1.hap2.1,Chromosome,,113619273,51230000,2416247363,370,491,42.5,41,0,0,2025-10-10,
GCA_037176705.1,Molossus alvarezi,,1552295,Mammalia,Chiroptera,Molossidae,Molossus,mMolAlv2.hap2,Chromosome,reference genome,113334338,69284146,2504806577,287,362,42,51,0,0,2024-03-15,
GCA_014108415.2,Molossus molossus,Pallas's mastiff bat,27622,Mammalia,Chiroptera,Molossidae,Molossus,mMolMol1.pri,Chromosome,reference genome,112819080,22174888,2315481904,45,418,42.5,58.3,0,0,2026-01-22,
GCA_037157525.1,Molossus alvarezi,,1552295,Mammalia,Chiroptera,Molossidae,Molossus,mMolAlv2.hap1,Chromosome,,112651663,63410948,2478667944,325,405,42.5,51.5,0,0,2024-03-15,
GCA_039880925.1,Molossus nigricans,northern black mastiff bat,2997257,Mammalia,Chiroptera,Molossidae,Molossus,mMolNig1.hap2,Chromosome,,112648841,73223485,2394902263,282,362,43,53.3,0,0,2024-05-29,
GCA_030848825.1,Tadarida brasiliensis,Brazilian free-tailed bat,9438,Mammalia,Chiroptera,Molossidae,Tadarida,DD_mTadBra1_pri,Chromosome,reference genome,111098925,86333355,2283171816,147,167,42.5,40,0,0,2023-08-22,
GCA_043748645.1,Mops condylurus,Angolan free-tailed bat,258863,Mammalia,Chiroptera,Molossidae,Mops,ASM4374864v1,Chromosome,reference genome,105478936,56964224,2209024231,38,126,43,21,0,0,2024-10-24,
GCA_051307085.1,Carollia sowelli,,208969,Mammalia,Chiroptera,Phyllostomidae,Carollia,mCarSow1.hap1,Chromosome,reference genome,330360365,63517445,2517780189,508,576,42,35.94,0,0,2025-07-14,
GCA_051307135.1,Carollia sowelli,,208969,Mammalia,Chiroptera,Phyllostomidae,Carollia,mCarSow1.hap2,Chromosome,,320412339,96807652,2291021941,272,330,42,35.94,0,0,2025-07-14,
GCA_050655445.1,Gardnerycteris keenani,,2358194,Mammalia,Chiroptera,Phyllostomidae,Gardnerycteris,mGarKee1.hap2,Chromosome,reference genome,178810477,85586699,2044903674,83,140,42,42.56,0,0,2025-06-02,
GCA_051307075.1,Lophostoma evote,Davis's round-eared bat,3370176,Mammalia,Chiroptera,Phyllostomidae,Lophostoma,mLopEvo1.hap1,Chromosome,reference genome,175755209,53008647,2427306059,311,464,42,43.01,0,0,2025-07-14,
GCA_051307065.1,Lophostoma evote,Davis's round-eared bat,3370176,Mammalia,Chiroptera,Phyllostomidae,Lophostoma,mLopEvo1.hap2,Chromosome,,172574066,60976938,2146397011,148,261,42,43.01,0,0,2025-07-14,
GCA_004126475.3,Phyllostomus discolor,pale spear-nosed bat,89673,Mammalia,Chiroptera,Phyllostomidae,Phyllostomus,mPhyDis1.pri.v3,Chromosome,reference genome,171742863,6892556,2108832841,77,953,42.5,65.8,0,0,2020-05-12,
GCF_004126475.2,Phyllostomus discolor,pale spear-nosed bat,89673,Mammalia,Chiroptera,Phyllostomidae,Phyllostomus,mPhyDis1.pri.v3,Chromosome,reference genome,171742863,6892556,2108832841,77,953,42.5,65.8,31980,19754,2020-05-12,NCBI Phyllostomus discolor Annotation Release 101
GCA_050655435.1,Gardnerycteris keenani,,2358194,Mammalia,Chiroptera,Phyllostomidae,Gardnerycteris,mGarKee1.hap1,Chromosome,,171193413,58415411,2206569125,187,290,42,42.56,0,0,2025-06-02,
GCA_039655065.1,Glossophaga mutica,Merriam's long-tongued bat,2994998,Mammalia,Chiroptera,Phyllostomidae,Glossophaga,mGloMut1.hap1,Chromosome,reference genome,169732090,77027013,2159891327,81,128,42,31.71,25467,19378,2024-05-17,GCA_039655065.1-GB_2025_08_29
GCA_039656995.1,Glossophaga mutica,Merriam's long-tongued bat,2994998,Mammalia,Chiroptera,Phyllostomidae,Glossophaga,mGloMut1.hap2,Chromosome,,169568502,72101253,2156622230,71,116,42,31.71,0,0,2024-05-17,
GCA_038363225.1,Artibeus intermedius,,51014,Mammalia,Chiroptera,Phyllostomidae,Artibeus,mArtInt1.hap2,Chromosome,reference genome,167574344,74638333,2080478059,187,243,42.5,45.8,0,0,2024-04-22,
GCA_038363175.3,Artibeus lituratus,great fruit-eating bat,27634,Mammalia,Chiroptera,Phyllostomidae,Artibeus,mArtLit1.hap2,Chromosome,reference genome,164085409,60386740,2096453601,312,366,42.5,48.74,0,0,2025-04-29,
GCA_038363145.1,Artibeus intermedius,,51014,Mammalia,Chiroptera,Phyllostomidae,Artibeus,mArtInt1.hap1,Chromosome,,160430197,60026580,2293600955,419,500,42.5,41.6,0,0,2024-04-22,
GCA_038363095.4,Artibeus lituratus,great fruit-eating bat,27634,Mammalia,Chiroptera,Phyllostomidae,Artibeus,mArtLit1.hap1,Chromosome,,160301290,65515378,2311600657,486,530,42.5,48.74,0,0,2025-05-01,
GCA_022682495.2,Desmodus rotundus,common vampire bat,9430,Mammalia,Chiroptera,Phyllostomidae,Desmodus,HLdesRot8A.1,Chromosome,reference genome,160127860,6739964,2119704833,573,1188,43,32,0,0,2022-03-24,
GCF_022682495.2,Desmodus rotundus,common vampire bat,9430,Mammalia,Chiroptera,Phyllostomidae,Desmodus,HLdesRot8A.1,Chromosome,reference genome,160127860,6739964,2119704833,573,1188,43,32,30007,19269,2022-03-24,GCF_022682495.2-RS_2025_02
GCA_022682395.2,Desmodus rotundus,common vampire bat,9430,Mammalia,Chiroptera,Phyllostomidae,Desmodus,HLdesRot8B.1,Chromosome,,160112692,7563979,1969917660,429,1005,43,32,0,0,2022-03-24,
GCA_051107505.1,Platyrrhinus helleri,Heller's broad-nosed bat,27658,Mammalia,Chiroptera,Phyllostomidae,Platyrrhinus,mPlaHel1.hap1,Chromosome,reference genome,159727393,49393690,2322571649,364,458,42.5,35.4,0,0,2025-06-26,
GCA_054855695.1,Sturnira parvidens,,196700,Mammalia,Chiroptera,Phyllostomidae,Sturnira,mStuPar1.hap2,Chromosome,reference genome,157872161,50527669,2144027267,703,786,42.5,35.15,0,0,2026-01-30,
GCA_051107545.1,Platyrrhinus helleri,Heller's broad-nosed bat,27658,Mammalia,Chiroptera,Phyllostomidae,Platyrrhinus,mPlaHel1.hap2,Chromosome,,157586635,47571643,2099234408,265,348,42.5,35.4,0,0,2025-06-26,
GCA_051107595.1,Dermanura phaeotis,dwarf fruit-eating bat,40229,Mammalia,Chiroptera,Phyllostomidae,Dermanura,mDerPha1.hap2,Chromosome,reference genome,156917333,101513163,2057243087,102,145,42,42.37,0,0,2025-06-26,
GCA_051107565.1,Dermanura phaeotis,dwarf fruit-eating bat,40229,Mammalia,Chiroptera,Phyllostomidae,Dermanura,mDerPha1.hap1,Chromosome,,154617452,57954836,2240567824,105,182,42,42.37,0,0,2025-06-26,
GCA_054855685.1,Sturnira parvidens,,196700,Mammalia,Chiroptera,Phyllostomidae,Sturnira,mStuPar1.hap1,Chromosome,,149586925,48411880,2355960729,947,1054,43,35.15,0,0,2026-01-30,
GCA_051107335.1,Micronycteris microtis,,249008,Mammalia,Chiroptera,Phyllostomidae,Micronycteris,mMicMic1.hap2,Chromosome,reference genome,147818333,58593296,2025303814,158,222,43,36.17,0,0,2025-06-26,
GCA_051107205.1,Micronycteris microtis,,249008,Mammalia,Chiroptera,Phyllostomidae,Micronycteris,mMicMic1.hap1,Chromosome,,134000379,59308170,2159962514,189,257,42.5,36.17,0,0,2025-06-26,
GCA_028533065.1,Trachops cirrhosus,,148073,Mammalia,Chiroptera,Phyllostomidae,Trachops,Trachops_cirrhosus_HiC,Chromosome,,124458213,60077,2179537627,396519,432766,42,106,0,0,2023-02-09,
GCA_030015415.1,Cynopterus sphinx,Indian short-nosed fruit bat,9400,Mammalia,Chiroptera,Pteropodidae,Cynopterus,ASM3001541v1,Chromosome,reference genome,145152962,84235024,1857070059,181,207,40,104.17,0,0,2023-05-16,
GCA_053538355.1,Rousettus leschenaultii,Leschenault's rousette,9408,Mammalia,Chiroptera,Pteropodidae,Rousettus,ASM5353835v1,Chromosome,reference genome,116991804,86068516,1952227642,74,109,40.5,33,0,0,2025-11-18,
GCA_014176215.2,Rousettus aegyptiacus,Egyptian rousette,9407,Mammalia,Chiroptera,Pteropodidae,Rousettus,mRouAeg1.pri,Chromosome,reference genome,113811895,21999313,1892781429,27,277,40,64.6,0,0,2025-12-17,
GCA_028533765.1,Pteropus rufus,Malagasy flying fox,196297,Mammalia,Chiroptera,Pteropodidae,Pteropus,Pteropus_rufus_HiC,Chromosome,reference genome,110476781,213999,2094173032,469091,483369,40,105,0,0,2023-02-10,
GCA_028627145.1,Eidolon dupreanum,Malagasy straw-colored fruit bat,58063,Mammalia,Chiroptera,Pteropodidae,Eidolon,Eidolon_dupreanum_HiC,Chromosome,reference genome,101563129,109255,2294267257,1191098,1209684,40.5,137,0,0,2023-02-16,
GCA_028533395.1,Rousettus madagascariensis,Madagascan rousette,77223,Mammalia,Chiroptera,Pteropodidae,Rousettus,Rousettus_madagascariensis_HiC,Chromosome,reference genome,85834856,63903,2344104132,1467186,1491090,40.5,92,0,0,2023-02-09,
GCA_043728145.1,Rhinolophus trifoliatus,Trefoil horseshoe bat,430492,Mammalia,Chiroptera,Rhinolophidae,Rhinolophus,ASM4372814v1,Chromosome,reference genome,184920896,11115074,2232405783,125,522,40.5,27,0,0,2024-10-24,
GCA_043880425.1,Rhinolophus yonghoiseni,Yong Hoi Sen's woolly horseshoe bat,2952509,Mammalia,Chiroptera,Rhinolophidae,Rhinolophus,ASM4388042v1,Chromosome,reference genome,181652838,28095277,2323175246,1485,1681,41.5,31,0,0,2024-10-28,
GCA_036562045.1,Rhinolophus sinicus,Chinese rufous horseshoe bat,89399,Mammalia,Chiroptera,Rhinolophidae,Rhinolophus,ASM3656204v1,Chromosome,reference genome,166556632,42906106,2036377185,454,740,40.5,87.1,0,0,2024-06-26,
GCF_036562045.2,Rhinolophus sinicus,Chinese rufous horseshoe bat,89399,Mammalia,Chiroptera,Rhinolophidae,Rhinolophus,ASM3656204v1,Chromosome,reference genome,166556632,42906106,2036377185,454,740,40.5,87.1,28282,18293,2024-06-26,GCF_036562045.2-RS_2025_06
GCA_043748575.1,Rhinolophus perniger lanosus,,3030661,Mammalia,Chiroptera,Rhinolophidae,Rhinolophus,ASM4374857v1,Chromosome,reference genome,154900566,53323821,2185518987,65,128,40.5,27,0,0,2024-10-24,
GCA_041825415.1,Rhinolophus rex,,188572,Mammalia,Chiroptera,Rhinolophidae,Rhinolophus,ASM4182541v1,Chromosome,reference genome,94173463,75261663,2106339337,149,230,40.5,50,0,0,2024-09-09,
GCA_054645015.1,Rhinolophus clivosus,Geoffroy's horseshoe bat,59478,Mammalia,Chiroptera,Rhinolophidae,Rhinolophus,mRhiCli1.hap1,Chromosome,reference genome,93247554,68120538,2275760243,270,306,40,13.47,0,0,2026-01-22,
GCA_040057535.1,Rhinolophus affinis,intermediate horseshoe bat,59477,Mammalia,Chiroptera,Rhinolophidae,Rhinolophus,ASM4005753v1,Chromosome,,92909886,201316,2025198401,60,21259,40.5,76,0,0,2024-06-04,
GCA_054645025.1,Rhinolophus clivosus,Geoffroy's horseshoe bat,59478,Mammalia,Chiroptera,Rhinolophidae,Rhinolophus,mRhiCli1.hap2,Chromosome,,92515904,68795586,2079886800,219,249,40,13.47,0,0,2026-01-22,
GCA_964194215.2,Rhinolophus hipposideros,lesser horseshoe bat,77218,Mammalia,Chiroptera,Rhinolophidae,Rhinolophus,mRhiHip2.hap2.2,Chromosome,reference genome,89071765,44946000,2240898699,980,1036,41,39,0,0,2025-04-12,
GCA_964194185.1,Rhinolophus hipposideros,lesser horseshoe bat,77218,Mammalia,Chiroptera,Rhinolophidae,Rhinolophus,mRhiHip2.hap1.1,Chromosome,,88364482,2014157,2171311786,722,2349,41,39,0,0,2024-06-28,
GCA_004115265.3,Rhinolophus ferrumequinum,greater horseshoe bat,59479,Mammalia,Chiroptera,Rhinolophidae,Rhinolophus,mRhiFer1_v1.p,Chromosome,reference genome,88025743,31900497,2075768562,134,289,40.5,52.8,0,0,2019-05-17,
GCF_004115265.2,Rhinolophus ferrumequinum,greater horseshoe bat,59479,Mammalia,Chiroptera,Rhinolophidae,Rhinolophus,mRhiFer1_v1.p,Chromosome,reference genome,88025743,31900497,2075768562,134,289,40.5,52.8,27139,19652,2019-05-16,GCF_004115265.2-RS_2023_02
GCA_043728065.1,Rhinolophus affinis,intermediate horseshoe bat,59477,Mammalia,Chiroptera,Rhinolophidae,Rhinolophus,ASM4372806v1,Chromosome,reference genome,85365043,65534120,2302439935,2193,2230,41.5,29,0,0,2024-10-24,
GCA_055761895.1,Rhinopoma cystops,,1034335,Mammalia,Chiroptera,Rhinopomatidae,Rhinopoma,mRhiCys1.hap1,Chromosome,reference genome,160986869,31224982,3200848786,479,617,43,38.97,0,0,2026-03-10,
GCA_055761905.1,Rhinopoma cystops,,1034335,Mammalia,Chiroptera,Rhinopomatidae,Rhinopoma,mRhiCys1.hap2,Chromosome,,154095941,32762973,2849602557,424,565,43,38.97,0,0,2026-03-10,
GCA_043880545.1,Rhinopoma microphyllum,Greater mouse-tailed bat,173903,Mammalia,Chiroptera,Rhinopomatidae,Rhinopoma,ASM4388054v1,Chromosome,reference genome,146810189,32895649,2564586454,106,258,42.5,30,0,0,2024-10-28,
GCA_963924515.2,Vespertilio murinus,particolored bat,59485,Mammalia,Chiroptera,Vespertilionidae,Vespertilio,mVesMur1.hap1.2,Chromosome,reference genome,187164881,48719070,1963609431,267,456,43.5,44,0,0,2025-04-09,
GCA_963455305.1,Plecotus auritus,brown big-eared bat,61862,Mammalia,Chiroptera,Vespertilionidae,Plecotus,mPleAur1.1,Chromosome,reference genome,186501726,2948753,2163204650,64,1301,43,34,0,0,2023-09-20,
GCA_026230045.2,Corynorhinus townsendii,Townsend's big-eared bat,124745,Mammalia,Chiroptera,Vespertilionidae,Corynorhinus,mCorTow1.1.hap2,Chromosome,reference genome,178915548,21365218,1951328266,165,404,43,32,0,0,2025-12-17,
GCA_026230055.2,Corynorhinus townsendii,Townsend's big-eared bat,124745,Mammalia,Chiroptera,Vespertilionidae,Corynorhinus,mCorTow1.1.hap1,Chromosome,,174690256,23451255,2115057576,380,636,43,32,0,0,2025-12-17,
GCA_044885105.2,Pipistrellus abramus,,105295,Mammalia,Chiroptera,Vespertilionidae,Pipistrellus,ASM4488510v2,Chromosome,reference genome,163267654,57073852,1755815725,48,100,43,95,0,0,2026-01-29,
GCA_027563665.1,Antrozous pallidus,pallid bat,9440,Mammalia,Chiroptera,Vespertilionidae,Antrozous,DD_ASM_mAP_20210503,Chromosome,reference genome,114648712,41887785,2126443499,92,325,43,120,0,0,2023-01-09,
GCA_014108235.2,Myotis myotis,,51298,Mammalia,Chiroptera,Vespertilionidae,Myotis,mMyoMyo1.pri,Chromosome,reference genome,108649645,12511134,2002765938,50,650,43,90.9,0,0,2026-01-22,
GCA_054644445.1,Neoeptesicus furinalis,Argentine brown bat,3371123,Mammalia,Chiroptera,Vespertilionidae,Neoeptesicus,mEptFur1.hap2,Chromosome,reference genome,108415112,60856633,2124553198,86,266,43.5,45.14,0,0,2026-01-22,
GCA_054855975.1,Myotis nesopolus,Cucacao Myotis,1163727,Mammalia,Chiroptera,Vespertilionidae,Myotis,mMyoNes1.hap2,Chromosome,reference genome,106113307,56061625,2011510900,150,324,43,42.53,0,0,2026-01-30,
GCA_054855985.1,Myotis nesopolus,Cucacao Myotis,1163727,Mammalia,Chiroptera,Vespertilionidae,Myotis,mMyoNes1.hap1,Chromosome,,105520506,49124421,2236155545,192,365,43,42.53,0,0,2026-01-30,
GCA_054100705.1,Neoeptesicus chiriquinus,Chiriquinan serotine,3371121,Mammalia,Chiroptera,Vespertilionidae,Neoeptesicus,mEptChi1.hap1,Chromosome,reference genome,104867932,43086391,2167981810,132,451,43.5,16.48,0,0,2025-12-18,
GCA_054644455.1,Neoeptesicus furinalis,Argentine brown bat,3371123,Mammalia,Chiroptera,Vespertilionidae,Neoeptesicus,mEptFur1.hap1,Chromosome,,103997655,55411905,2155761913,127,309,43.5,45.14,0,0,2026-01-22,
GCA_963242275.2,Myotis daubentonii,Daubenton's bat,98922,Mammalia,Chiroptera,Vespertilionidae,Myotis,mMyoDau2.hap2.2,Chromosome,,102876278,42270000,1963307520,208,344,43.5,40,0,0,2025-04-09,
GCA_054099605.1,Neoeptesicus chiriquinus,Chiriquinan serotine,3371121,Mammalia,Chiroptera,Vespertilionidae,Neoeptesicus,mEptChi1.hap2,Chromosome,,102867081,51935836,1994995676,112,379,43.5,16.48,0,0,2025-12-18,
GCA_027574615.1,Eptesicus fuscus,big brown bat,29078,Mammalia,Chiroptera,Vespertilionidae,Eptesicus,DD_ASM_mEF_20220401,Chromosome,reference genome,102817582,49033427,2008057866,48,123,43.5,95,0,0,2023-01-09,
GCF_027574615.1,Eptesicus fuscus,big brown bat,29078,Mammalia,Chiroptera,Vespertilionidae,Eptesicus,DD_ASM_mEF_20220401,Chromosome,reference genome,102817582,49033427,2008057866,48,123,43.5,95,30977,20078,2023-01-09,GCF_027574615.1-RS_2023_03
GCA_963259705.1,Myotis daubentonii,Daubenton's bat,98922,Mammalia,Chiroptera,Vespertilionidae,Myotis,mMyoDau2.1,Chromosome,,102234773,3062752,2127807131,121,1220,43,40,0,0,2023-08-20,
GCF_963259705.1,Myotis daubentonii,Daubenton's bat,98922,Mammalia,Chiroptera,Vespertilionidae,Myotis,mMyoDau2.1,Chromosome,reference genome,102234773,3062752,2127807131,121,1220,43,40,32043,21049,2023-08-20,GCF_963259705.1-RS_2023_09
GCA_036971965.2,Nyctalus aviator,,187010,Mammalia,Chiroptera,Vespertilionidae,Nyctalus,NENU_Navi_2.0,Chromosome,reference genome,101856247,61249120,1776615751,195,337,42.5,380,0,0,2024-05-31,
GCA_963259705.2,Myotis daubentonii,Daubenton's bat,98922,Mammalia,Chiroptera,Vespertilionidae,Myotis,mMyoDau2.hap1.2,Chromosome,reference genome,101535203,28718153,2167779971,175,394,43,40,0,0,2025-04-09,
GCA_054824995.1,Myotis tricolor,Cape hairy bat,233765,Mammalia,Chiroptera,Vespertilionidae,Myotis,mMyoTri1.hap1,Chromosome,reference genome,101392957,59717690,2144957041,188,315,43,47.75,0,0,2026-01-29,
GCA_054824925.1,Ia io,Great evening bat,360967,Mammalia,Chiroptera,Vespertilionidae,Ia,mIaxIox2.hap1,Chromosome,reference genome,100437821,22958249,2310617144,377,801,43,36.05,0,0,2026-01-29,
GCA_964094495.3,Myotis mystacinus,whiskered bat,109479,Mammalia,Chiroptera,Vespertilionidae,Myotis,mMyoMys1.hap1.2,Chromosome,reference genome,100246715,28343623,2081615551,240,507,43,46,0,0,2025-10-26,
GCA_964212035.2,Myotis nattereri,Natterer's bat,109481,Mammalia,Chiroptera,Vespertilionidae,Myotis,mMyoNat1.hap1.2,Chromosome,reference genome,99996439,44226636,2138575456,211,436,43,59,0,0,2025-03-28,
GCA_965115925.2,Myotis emarginatus,Geoffroy's bat,109480,Mammalia,Chiroptera,Vespertilionidae,Myotis,mMyoEma1.hap1.2,Chromosome,reference genome,99609134,48680186,2110521423,305,531,42.5,42,0,0,2025-04-14,
GCA_048340685.1,Myotis lucifugus carissima,,164660,Mammalia,Chiroptera,Vespertilionidae,Myotis,mMyoLuc1.0,Chromosome,,98951147,89327978,2062916987,258,277,43,39.3,0,0,2025-03-05,
GCA_964195625.1,Myotis mystacinus,whiskered bat,109479,Mammalia,Chiroptera,Vespertilionidae,Myotis,mMyoMys1.hap2.1,Chromosome,,98765083,2254345,1943289057,327,1741,43,46,0,0,2024-06-30,
GCA_951640355.1,Cnephaeus nilssonii,northern bat,3371016,Mammalia,Chiroptera,Vespertilionidae,Cnephaeus,mEptNil1.1,Chromosome,reference genome,98018206,2474537,2064102006,206,1629,43.5,33,0,0,2023-05-18,
GCF_951640355.1,Cnephaeus nilssonii,northern bat,3371016,Mammalia,Chiroptera,Vespertilionidae,Cnephaeus,mEptNil1.1,Chromosome,reference genome,98018206,2474537,2064102006,206,1629,43.5,33,24461,19697,2023-05-18,GCF_951640355.1-RS_2025_09
GCA_014108245.2,Pipistrellus kuhlii,Kuhl's pipistrelle,59472,Mammalia,Chiroptera,Vespertilionidae,Pipistrellus,mPipKuh1.pri,Chromosome,reference genome,97264675,10591995,1775701441,81,603,42.5,80.8,0,0,2025-12-17,
GCA_054824975.1,Ia io,Great evening bat,360967,Mammalia,Chiroptera,Vespertilionidae,Ia,mIaxIox2.hap2,Chromosome,,97251615,29055122,2125246065,196,556,43,36.05,0,0,2026-01-29,
GCA_963693515.1,Pipistrellus nathusii,Nathusius's pipistrelle,59473,Mammalia,Chiroptera,Vespertilionidae,Pipistrellus,mPipNat.pri,Chromosome,reference genome,97242187,17739480,1804478338,153,415,42.5,42,19038,19038,2024-02-07,Annotation submitted by Leibniz Institute for Zoo and Wildlife Research
GCA_054825045.1,Myotis tricolor,Cape hairy bat,233765,Mammalia,Chiroptera,Vespertilionidae,Myotis,mMyoTri1.hap2,Chromosome,,97191432,55227115,1926615407,118,231,43,47.75,0,0,2026-01-29,
GCA_965115945.2,Myotis emarginatus,Geoffroy's bat,109480,Mammalia,Chiroptera,Vespertilionidae,Myotis,mMyoEma1.hap2.2,Chromosome,,96701877,35846260,2084877460,418,682,42.5,42,0,0,2025-04-14,
GCA_964264875.2,Nyctalus leisleri,lesser noctule,59465,Mammalia,Chiroptera,Vespertilionidae,Nyctalus,mNycLei1.hap1.2,Chromosome,reference genome,95320580,26125689,2226320811,584,886,43,46,0,0,2025-04-03,
GCA_903992545.1,Pipistrellus pipistrellus,common pipistrelle,59474,Mammalia,Chiroptera,Vespertilionidae,Pipistrellus,mPipPip1.1,Chromosome,,94929986,4446752,1763422308,322,1867,42.5,62,0,0,2020-08-06,
GCA_965203405.2,Pipistrellus pipistrellus,common pipistrelle,59474,Mammalia,Chiroptera,Vespertilionidae,Pipistrellus,mPipPip2.hap1.2,Chromosome,reference genome,92154671,18707992,1915894624,241,611,43,52,0,0,2025-04-09,
GCA_949987585.2,Pipistrellus pygmaeus,soprano pipistrelle,246814,Mammalia,Chiroptera,Vespertilionidae,Pipistrellus,mPipPyg2.hap1.2,Chromosome,reference genome,90845294,54451000,1900259658,327,449,42.5,71,0,0,2025-04-09,
GCA_964656225.2,Pipistrellus nathusii,Nathusius's pipistrelle,59473,Mammalia,Chiroptera,Vespertilionidae,Pipistrellus,mPipNat1.hap1.2,Chromosome,,89973277,25164913,1961706381,396,703,42,51,0,0,2025-05-07,
GCA_964339955.5,Pipistrellus hanaki,Hanaki's dwarf bat,412090,Mammalia,Chiroptera,Vespertilionidae,Pipistrellus,mPipHan1.5,Chromosome,reference genome,89115682,48700701,1892165761,140,446,42.5,36,0,0,2025-07-07,
GCA_963693525.1,Pipistrellus nathusii,Nathusius's pipistrelle,59473,Mammalia,Chiroptera,Vespertilionidae,Pipistrellus,mPipNat.alt,Chromosome,,86738551,19092895,1688812661,155,418,42.5,42,0,0,2024-02-07,
GCA_030445035.2,Dasypus novemcinctus,nine-banded armadillo,9361,Mammalia,Cingulata,Dasypodidae,Dasypus,mDasNov1.1.hap2,Chromosome,reference genome,127081865,13963394,3610534858,545,1338,41,16.99,0,0,2023-07-13,
GCF_030445035.2,Dasypus novemcinctus,nine-banded armadillo,9361,Mammalia,Cingulata,Dasypodidae,Dasypus,mDasNov1.1.hap2,Chromosome,reference genome,127081865,13963394,3610534858,545,1338,41,16.99,43454,21697,2023-07-13,GCF_030445035.2-RS_2025_01
GCA_030445055.2,Dasypus novemcinctus,nine-banded armadillo,9361,Mammalia,Cingulata,Dasypodidae,Dasypus,mDasNov1.1.hap1,Chromosome,,126004510,14437728,3296222425,588,1411,41,16.99,0,0,2023-07-13,
GCA_048593235.1,Sminthopsis crassicaudata,fat-tailed dunnart,9301,Mammalia,Dasyuromorphia,Dasyuridae,Sminthopsis,ASM4859323v1,Chromosome,reference genome,656909261,4359487,3239981553,7,1890,36,78.5,0,0,2025-03-17,
GCF_048593235.1,Sminthopsis crassicaudata,fat-tailed dunnart,9301,Mammalia,Dasyuromorphia,Dasyuridae,Sminthopsis,ASM4859323v1,Chromosome,reference genome,656909261,4359487,3239981553,7,1890,36,78.5,28335,19709,2025-03-17,GCF_048593235.1-RS_2025_05
GCA_048593295.1,Sminthopsis crassicaudata,fat-tailed dunnart,9301,Mammalia,Dasyuromorphia,Dasyuridae,Sminthopsis,ASM4859329v1,Chromosome,,650834704,4734333,3272501082,7,1701,36,78.5,0,0,2025-03-17,
GCA_048593225.1,Sarcophilus harrisii,Tasmanian devil,9305,Mammalia,Dasyuromorphia,Dasyuridae,Sarcophilus,ASM4859322v1,Chromosome,,645083750,4514036,3244907618,7,1521,36,29.6,25405,20649,2025-03-17,GCA_048593225.1-GB_2025_09_01
GCA_048593325.1,Sarcophilus harrisii,Tasmanian devil,9305,Mammalia,Dasyuromorphia,Dasyuridae,Sarcophilus,ASM4859332v1,Chromosome,,638287698,1906549,3116321655,6,2584,36,29.6,0,0,2025-03-17,
GCA_016432865.2,Antechinus flavipes,yellow-footed antechinus,38775,Mammalia,Dasyuromorphia,Dasyuridae,Antechinus,AdamAnt_v2,Chromosome,reference genome,636717922,51843704,3192643918,485,1103,36,100,0,0,2021-01-06,
GCF_016432865.1,Antechinus flavipes,yellow-footed antechinus,38775,Mammalia,Dasyuromorphia,Dasyuridae,Antechinus,AdamAnt_v2,Chromosome,reference genome,636717922,51843704,3192643918,485,1103,36,100,27226,20412,2021-01-06,GCF_016432865.1-RS_2023_02
GCA_048593245.1,Dasyurus maculatus,spotted-tailed quoll,9281,Mammalia,Dasyuromorphia,Dasyuridae,Dasyurus,ASM4859324v1,Chromosome,reference genome,634296252,147374197,3066144370,6,124,36,34.1,0,0,2025-03-17,
GCA_020854095.1,Dasyurus viverrinus,eastern quoll,9279,Mammalia,Dasyuromorphia,Dasyuridae,Dasyurus,UniMelb_DasViv_v1.0,Chromosome,reference genome,628486596,13753271,3139221772,76,507,36,30,0,0,2021-11-12,
GCA_051122235.1,Dasyurus viverrinus,eastern quoll,9279,Mammalia,Dasyuromorphia,Dasyuridae,Dasyurus,LTU_DasViv_v2.0_hap1,Chromosome,,627474335,7484828,3121841029,7,866,36,30,0,0,2025-06-27,
GCA_051122245.1,Dasyurus viverrinus,eastern quoll,9279,Mammalia,Dasyuromorphia,Dasyuridae,Dasyurus,LTU_DasViv_v2.0_hap2,Chromosome,,626338559,7795350,3112572433,7,836,36,30,0,0,2025-06-27,
GCA_048593285.1,Dasyurus maculatus,spotted-tailed quoll,9281,Mammalia,Dasyuromorphia,Dasyuridae,Dasyurus,ASM4859328v1,Chromosome,,622380813,93424779,3043210118,6,157,36,34.1,0,0,2025-03-17,
GCA_902635505.1,Sarcophilus harrisii,Tasmanian devil,9305,Mammalia,Dasyuromorphia,Dasyuridae,Sarcophilus,mSarHar1.11,Chromosome,reference genome,611347268,62339597,3086657325,105,444,36,88,0,0,2019-11-07,
GCF_902635505.1,Sarcophilus harrisii,Tasmanian devil,9305,Mammalia,Dasyuromorphia,Dasyuridae,Sarcophilus,mSarHar1.11,Chromosome,reference genome,611347268,62339597,3086657325,105,444,36,88,26869,19966,2019-11-07,NCBI Sarcophilus harrisii Annotation Release 103
GCA_028643805.1,Dasyurus viverrinus,eastern quoll,9279,Mammalia,Dasyuromorphia,Dasyuridae,Dasyurus,Dasyurus_viverrinus_HiC,Chromosome,,531475703,42318,3085907905,386556,457206,36,90,0,0,2023-02-17,
GCA_007646695.3,Thylacinus cynocephalus,Tasmanian wolf,9275,Mammalia,Dasyuromorphia,Thylacinidae,Thylacinus,UniMelb_ThyCyn2.0_hybrid_assembly,Chromosome,,629085701,15023,3376725167,149109,440913,36.5,50,0,0,2022-04-04,
GCA_027409185.1,Cynocephalus volans,Philippine flying lemur,110931,Mammalia,Dermoptera,Cynocephalidae,Cynocephalus,mCynVol1.pri,Chromosome,reference genome,165781880,69195939,2814418120,130,246,40,31.83,0,0,2022-12-28,
GCF_027409185.1,Cynocephalus volans,Philippine flying lemur,110931,Mammalia,Dermoptera,Cynocephalidae,Cynocephalus,mCynVol1.pri,Chromosome,reference genome,165781880,69195939,2814418120,130,246,40,31.83,31559,21694,2022-12-28,GCF_027409185.1-RS_2024_02
GCA_016433145.1,Gracilinanus agilis,Agile Gracile Mouse Opossum,191870,Mammalia,Didelphimorphia,Didelphidae,Gracilinanus,AgileGrace,Chromosome,reference genome,683521856,73170,3701017385,60713,125011,38,100,0,0,2021-01-06,
GCF_016433145.1,Gracilinanus agilis,Agile Gracile Mouse Opossum,191870,Mammalia,Didelphimorphia,Didelphidae,Gracilinanus,AgileGrace,Chromosome,reference genome,683521856,73170,3701017385,60713,125011,38,100,26561,21142,2021-01-06,NCBI Gracilinanus agilis Annotation Release 100
GCA_027887165.2,Monodelphis domestica,gray short-tailed opossum,13616,Mammalia,Didelphimorphia,Didelphidae,Monodelphis,mMonDom1.pri,Chromosome,reference genome,538302405,3910714,3586166573,13,2268,38,32.9,0,0,2026-02-24,
GCA_027887165.1,Monodelphis domestica,gray short-tailed opossum,13616,Mammalia,Didelphimorphia,Didelphidae,Monodelphis,mMonDom1.pri,Chromosome,,538302405,3910714,3586166573,13,2268,38,32.9,0,0,2023-01-18,
GCF_027887165.1,Monodelphis domestica,gray short-tailed opossum,13616,Mammalia,Didelphimorphia,Didelphidae,Monodelphis,mMonDom1.pri,Chromosome,reference genome,538302405,3910714,3586166573,13,2268,38,32.9,32665,21694,2023-01-18,GCF_027887165.1-RS_2023_05
GCA_000002295.1,Monodelphis domestica,gray short-tailed opossum,13616,Mammalia,Didelphimorphia,Didelphidae,Monodelphis,MonDom5,Chromosome,,527952102,107990,3600487649,5137,72811,38,,0,0,2007-01-25,
GCF_000002295.2,Monodelphis domestica,gray short-tailed opossum,13616,Mammalia,Didelphimorphia,Didelphidae,Monodelphis,MonDom5,Chromosome,,59809810,108014,3598425998,5222,72673,38,,37371,20903,2007-01-25,NCBI Monodelphis domestica Annotation Release 103
GCA_028372415.2,Notamacropus eugenii,tammar wallaby,9315,Mammalia,Diprotodontia,Macropodidae,Notamacropus,mMacEug1.pri_v2,Chromosome,reference genome,489668034,15255043,3447464908,272,787,38.5,30.4,0,0,2023-02-06,
GCF_028372415.1,Notamacropus eugenii,tammar wallaby,9315,Mammalia,Diprotodontia,Macropodidae,Notamacropus,mMacEug1.pri_v2,Chromosome,reference genome,489668034,15255043,3447464908,272,787,38.5,30.4,38317,21604,2023-02-06,GCF_028372415.1-RS_2025_03
GCA_048593345.1,Notamacropus eugenii,tammar wallaby,9315,Mammalia,Diprotodontia,Macropodidae,Notamacropus,ASM4859334v1,Chromosome,,483542947,377640009,3250186738,8,20,38.5,158.75,0,0,2025-03-17,
GCA_048593335.1,Notamacropus eugenii,tammar wallaby,9315,Mammalia,Diprotodontia,Macropodidae,Notamacropus,ASM4859333v1,Chromosome,,483525886,377633954,3349423305,8,35,38.5,158.75,0,0,2025-03-17,
GCA_028533205.1,Lagorchestes hirsutus,rufous hare-wallaby,65632,Mammalia,Diprotodontia,Macropodidae,Lagorchestes,Lagorchestes_hirsutus_HiC,Chromosome,reference genome,401333761,57452,3381150672,569642,631689,38.5,93,0,0,2023-02-09,
GCA_028627215.1,Macropus giganteus,eastern gray kangaroo,9317,Mammalia,Diprotodontia,Macropodidae,Macropus,mg-2k,Chromosome,reference genome,392871110,41690,3535619686,1012328,1081779,38.5,70,0,0,2023-02-16,
GCA_028583105.1,Macropus fuliginosus,western gray kangaroo,9316,Mammalia,Diprotodontia,Macropodidae,Macropus,mf-2k,Chromosome,reference genome,341276260,30299,3638522883,1417799,1491687,38.5,64,0,0,2023-02-10,
GCA_011100635.1,Trichosurus vulpecula,common brushtail,9337,Mammalia,Diprotodontia,Phalangeridae,Trichosurus,mTriVul1.pri,Chromosome,reference genome,442560073,4314688,3359330516,211,2006,39.5,60.73,0,0,2020-03-10,
GCF_011100635.1,Trichosurus vulpecula,common brushtail,9337,Mammalia,Diprotodontia,Phalangeridae,Trichosurus,mTriVul1.pri,Chromosome,reference genome,442560073,4314688,3359330516,211,2006,39.5,60.73,31401,22532,2020-03-10,NCBI Trichosurus vulpecula Annotation Release 100
GCA_028646595.1,Phalanger gymnotis,,65615,Mammalia,Diprotodontia,Phalangeridae,Phalanger,pg-2k,Chromosome,reference genome,353051754,28067,3623972075,1142900,1222713,39.5,69,0,0,2023-02-16,
GCA_003287225.3,Phascolarctos cinereus,koala,38626,Mammalia,Diprotodontia,Phascolarctidae,Phascolarctos,mPhaCin1.pri,Chromosome,reference genome,480247137,11399805,3187989499,1235,1898,39,57.3,0,0,2025-12-17,
GCA_028658325.1,Potorous gilbertii,Gilbert's potoroo,173936,Mammalia,Diprotodontia,Potoroidae,Potorous,Potorous_gilbertii_HiC,Chromosome,reference genome,557804701,46323,3826410559,1148168,1209112,38.5,71,0,0,2023-02-17,
GCA_028627135.1,Pseudochirops cupreus,coppery ringtail possum,37702,Mammalia,Diprotodontia,Pseudocheiridae,Pseudochirops,Pseudochirops_cupreus_HiC,Chromosome,reference genome,425237964,27966,3579892125,1056511,1136014,39,79,0,0,2023-02-16,
GCA_028646575.1,Pseudocheirus occidentalis,Western ringtail oppossum,656515,Mammalia,Diprotodontia,Pseudocheiridae,Pseudocheirus,Pseudocheirus_occidentalis_HiC,Chromosome,reference genome,213462136,24464,3603728918,917762,1001302,39,60,0,0,2023-02-16,
GCA_028646515.1,Pseudochirops corinnae,golden ringtail possum,65629,Mammalia,Diprotodontia,Pseudocheiridae,Pseudochirops,Pseudochirops_corinnae_HiC,Chromosome,reference genome,209248263,26949,3503377836,551799,635686,39,75,0,0,2023-02-16,
GCA_028626985.1,Vombatus ursinus,common wombat,29139,Mammalia,Diprotodontia,Vombatidae,Vombatus,vu-2k,Chromosome,,576111283,74778,3341345253,633732,685857,39,71,0,0,2023-02-16,
GCA_950295315.1,Erinaceus europaeus,western European hedgehog,9365,Mammalia,Eulipotyphla,Erinaceidae,Erinaceus,mEriEur2.1,Chromosome,reference genome,126757761,999919,2720683831,1174,4934,42,31,0,0,2023-05-01,
GCF_950295315.1,Erinaceus europaeus,western European hedgehog,9365,Mammalia,Eulipotyphla,Erinaceidae,Erinaceus,mEriEur2.1,Chromosome,reference genome,126757761,999919,2720683831,1174,4934,42,31,31885,20879,2023-05-01,GCF_950295315.1-RS_2023_10
GCA_027595985.1,Sorex araneus,European shrew,42254,Mammalia,Eulipotyphla,Soricidae,Sorex,mSorAra2.pri,Chromosome,reference genome,374364821,4024507,2405993548,65,1492,43,35.71,0,0,2023-01-09,
GCF_027595985.1,Sorex araneus,European shrew,42254,Mammalia,Eulipotyphla,Soricidae,Sorex,mSorAra2.pri,Chromosome,reference genome,374364821,4024507,2405993548,65,1492,43,35.71,28480,20687,2023-01-09,GCF_027595985.1-RS_2023_04
GCA_024139225.1,Suncus etruscus,white-toothed pygmy shrew,109475,Mammalia,Eulipotyphla,Soricidae,Suncus,mSunEtr1.pri.cur,Chromosome,reference genome,131952995,5042816,2471666657,147,1154,40,142.65,0,0,2022-07-06,
GCF_024139225.1,Suncus etruscus,white-toothed pygmy shrew,109475,Mammalia,Eulipotyphla,Soricidae,Suncus,mSunEtr1.pri.cur,Chromosome,reference genome,131952995,5042816,2471666657,147,1154,40,142.65,39091,19819,2022-07-06,GCF_024139225.1-RS_2023_02
GCA_055769025.1,Suncus murinus,house shrew,9378,Mammalia,Eulipotyphla,Soricidae,Suncus,Smur_1.0,Chromosome,reference genome,128092613,108479493,2766318393,1236,1384,40,51,0,0,2026-03-10,
GCA_965212715.2,Crocidura gueldenstaedtii,Guldenstadt's white-toothed shrew,458323,Mammalia,Eulipotyphla,Soricidae,Crocidura,mCroZim1.2,Chromosome,reference genome,127229103,28351139,2571708824,145,306,40,37,0,0,2025-07-07,
GCA_964194135.1,Talpa europaea,European mole,9375,Mammalia,Eulipotyphla,Talpidae,Talpa,mTalEur1.hap1.1,Chromosome,reference genome,136888642,3421604,2060984045,463,1519,42,30,0,0,2024-06-28,
GCA_042919465.1,Scaptochirus moschatus,short-faced mole,446353,Mammalia,Eulipotyphla,Talpidae,Scaptochirus,ASM4291946v1,Chromosome,reference genome,110510357,67659624,2252983806,255,297,43,100,0,0,2024-10-15,
GCA_028571685.1,Heterohyrax brucei,yellow-spotted hyrax,77598,Mammalia,Hyracoidea,Procaviidae,Heterohyrax,mHetBru1.pri,Chromosome,reference genome,139648372,78495281,3488059404,62,338,41,35.04,0,0,2023-02-10,
GCA_051225735.1,Oryctolagus cuniculus,rabbit,9986,Mammalia,Lagomorpha,Leporidae,Oryctolagus,ASM5122573v1,Chromosome,,148896876,138122305,2878080230,53,59,44,64,0,0,2025-07-07,
GCA_964237555.1,Oryctolagus cuniculus,rabbit,9986,Mammalia,Lagomorpha,Leporidae,Oryctolagus,mOryCun1.1,Chromosome,reference genome,144279705,2030165,2804657419,221,2497,44,31,0,0,2024-08-31,
GCF_964237555.1,Oryctolagus cuniculus,rabbit,9986,Mammalia,Lagomorpha,Leporidae,Oryctolagus,mOryCun1.1,Chromosome,reference genome,144279705,2030165,2804657419,221,2497,44,31,38822,21895,2024-08-31,GCF_964237555.1-RS_2024_11
GCA_013371645.1,Oryctolagus cuniculus cuniculus,,568996,Mammalia,Lagomorpha,Leporidae,Oryctolagus,OryCun3.0,Chromosome,,140390130,1879078,2780373160,1091,5345,44,40,0,0,2020-06-24,
GCA_036325905.1,Lepus oiostolus,woolly hare,112018,Mammalia,Lagomorpha,Leporidae,Lepus,CXZ,Chromosome,reference genome,137608147,58464897,2855089205,112,352,44,74.31,0,0,2024-02-05,
GCA_978442995.1,Lepus castroviejoi,Broom Hare,187398,Mammalia,Lagomorpha,Leporidae,Lepus,mLepCas1.Hap1.1,Chromosome,reference genome,137255412,58008274,2919066766,212,451,44,38,0,0,2026-02-10,
GCA_051942805.1,Lepus tolai,,283924,Mammalia,Lagomorpha,Leporidae,Lepus,ASM5194280v1,Chromosome,reference genome,134987039,134987039,2867332150,25,30,44,60,0,0,2025-08-12,
GCA_055471105.1,Lepus americanus,snowshoe hare,48086,Mammalia,Lagomorpha,Leporidae,Lepus,ASM5547110v1,Chromosome,reference genome,131013113,52566763,2752826553,312,525,44,32.1,0,0,2026-02-24,
GCA_047671645.1,Oryctolagus cuniculus,rabbit,9986,Mammalia,Lagomorpha,Leporidae,Oryctolagus,ASM4767164v1,Chromosome,,129991246,39291861,2634100571,851,1998,44,102,0,0,2025-02-12,
GCA_949820135.1,Sylvilagus floridanus,eastern cottontail,9988,Mammalia,Lagomorpha,Leporidae,Sylvilagus,mSylFlo1.10,Chromosome,reference genome,129271642,34907720,2848420111,99,415,43.5,26,0,0,2023-04-19,
GCA_040893755.1,Lepus timidus,Mountain hare,62621,Mammalia,Lagomorpha,Leporidae,Lepus,mLepTim1.1_al,Chromosome,,126936470,5114768,2556802277,109,1454,44,21,0,0,2024-07-26,
GCA_047496845.1,Lepus yarkandensis,Yarkand hare,301146,Mammalia,Lagomorpha,Leporidae,Lepus,LepYark_1.0,Complete Genome,reference genome,126863262,126863262,2695446921,24,24,43.5,54.75,0,0,2025-02-07,
GCA_055471055.1,Lepus americanus,snowshoe hare,48086,Mammalia,Lagomorpha,Leporidae,Lepus,ASM5547105v1,Chromosome,,126702867,53223170,2644729856,392,594,44,32.1,0,0,2026-02-24,
GCA_033115175.1,Lepus europaeus,European hare,9983,Mammalia,Lagomorpha,Leporidae,Lepus,mLepEur2.pri,Chromosome,reference genome,125776599,43409466,2930954587,650,1068,44,25,0,0,2023-10-31,
GCF_033115175.1,Lepus europaeus,European hare,9983,Mammalia,Lagomorpha,Leporidae,Lepus,mLepTim1.pri,Chromosome,reference genome,125776599,43409466,2930954587,650,1068,44,25,30833,21467,2023-10-31,GCF_033115175.1-RS_2024_01
GCA_040893245.2,Lepus timidus,Mountain hare,62621,Mammalia,Lagomorpha,Leporidae,Lepus,mLepTim1.1_pri,Chromosome,reference genome,125755317,4885811,2695287872,84,1411,43.5,21,0,0,2024-07-26,
GCA_042027585.1,Lepus capensis,brown hare,9981,Mammalia,Lagomorpha,Leporidae,Lepus,NW_LepCap_1.0,Chromosome,reference genome,124437717,30546000,2961127500,924,1480,44,35.8,0,0,2024-09-19,
GCA_009760805.1,Lepus timidus,Mountain hare,62621,Mammalia,Lagomorpha,Leporidae,Lepus,CIBIO-ISEM_LeTim_1.1,Chromosome,,116271063,18458,2703257108,4205,221138,43.5,77,0,0,2019-12-17,
GCA_009806435.2,Oryctolagus cuniculus,rabbit,9986,Mammalia,Lagomorpha,Leporidae,Oryctolagus,UM_NZW_1.0,Chromosome,,111644748,337730,2841489785,3159,21334,44,40,0,0,2021-02-04,
GCF_009806435.1,Oryctolagus cuniculus,rabbit,9986,Mammalia,Lagomorpha,Leporidae,Oryctolagus,UM_NZW_1.0,Chromosome,,111644748,337730,2841489785,3159,21334,44,40,37497,22458,2021-02-04,GCF_009806435.1-RS_2023_02
GCA_015711505.1,Sylvilagus bachmani,brush rabbit,365149,Mammalia,Lagomorpha,Leporidae,Sylvilagus,Sylvilagus_bachmani_HiC,Chromosome,reference genome,110456461,58367,2686379823,524010,575170,44,125,0,0,2020-12-04,
GCA_014633375.1,Ochotona princeps,American pika,9978,Mammalia,Lagomorpha,Ochotonidae,Ochotona,OchPri4.0,Chromosome,,75838078,42119,2231476247,9350,134291,43.5,23.68,0,0,2020-09-21,
GCF_014633375.1,Ochotona princeps,American pika,9978,Mammalia,Lagomorpha,Ochotonidae,Ochotona,OchPri4.0,Chromosome,,75838078,42119,2231476247,9350,134291,43.5,23.68,24017,18872,2020-09-21,NCBI Ochotona princeps Annotation Release 102
GCA_030435755.1,Ochotona princeps,American pika,9978,Mammalia,Lagomorpha,Ochotonidae,Ochotona,mOchPri1.hap1,Chromosome,reference genome,73962893,12191025,2555444530,5864,6296,44,30,0,0,2023-07-13,
GCF_030435755.1,Ochotona princeps,American pika,9978,Mammalia,Lagomorpha,Ochotonidae,Ochotona,mOchPri1.hap1,Chromosome,reference genome,73962893,12191025,2555444530,5864,6296,44,30,28141,20332,2023-07-13,GCF_030435755.1-RS_2023_07
GCA_030435715.1,Ochotona princeps,American pika,9978,Mammalia,Lagomorpha,Ochotonidae,Ochotona,mOchPri1.hap2,Chromosome,,68818794,11313716,2534779560,6117,6492,44.5,30,0,0,2023-07-13,
GCA_043290065.1,Rhynchocyon petersi,black and rufous elephant shrew,320637,Mammalia,Macroscelidea,Macroscelididae,Rhynchocyon,mRhyPet1.hap2,Chromosome,reference genome,546604020,13791435,5331151070,314,1037,42,29.2,0,0,2024-10-17,
GCA_043290085.1,Rhynchocyon petersi,black and rufous elephant shrew,320637,Mammalia,Macroscelidea,Macroscelididae,Rhynchocyon,mRhyPet1.hap1,Chromosome,,521973465,13617243,5620354054,468,1238,41.5,29.2,27485,19192,2024-10-17,GCA_043290085.1-GB_2025_12_03
GCA_019393635.1,Dromiciops gliroides,monito del monte,33562,Mammalia,Microbiotheria,Microbiotheriidae,Dromiciops,mDroGli1.pri,Chromosome,reference genome,670775900,38230856,3303199800,17,277,39,63,0,0,2021-08-03,
GCF_019393635.1,Dromiciops gliroides,monito del monte,33562,Mammalia,Microbiotheria,Microbiotheriidae,Dromiciops,mDroGli1.pri,Chromosome,reference genome,670775900,38230856,3303199800,17,277,39,63,31081,21870,2021-08-03,NCBI Dromiciops gliroides Annotation Release 100
GCA_004115215.4,Ornithorhynchus anatinus,platypus,9258,Mammalia,Monotremata,Ornithorhynchidae,Ornithorhynchus,mOrnAna1.pri.v4,Chromosome,reference genome,83338043,15146802,1859264908,321,833,46,58.8,0,0,2020-11-06,
GCF_004115215.2,Ornithorhynchus anatinus,platypus,9258,Mammalia,Monotremata,Ornithorhynchidae,Ornithorhynchus,mOrnAna1.pri.v4,Chromosome,reference genome,83338043,15146802,1859264908,321,833,46,58.8,30497,18152,2020-11-06,NCBI Ornithorhynchus anatinus Annotation Release 105
GCA_015852505.1,Tachyglossus aculeatus,Australian echidna,9261,Mammalia,Monotremata,Tachyglossidae,Tachyglossus,mTacAcu1.pri,Chromosome,reference genome,63379719,19859057,2213004214,310,831,45.5,58.29,0,0,2020-12-09,
GCF_015852505.1,Tachyglossus aculeatus,Australian echidna,9261,Mammalia,Monotremata,Tachyglossidae,Tachyglossus,mTacAcu1.pri,Chromosome,reference genome,63379719,19859057,2213004214,310,831,45.5,58.29,31147,18929,2020-12-09,NCBI Tachyglossus aculeatus Annotation Release 100
GCA_048126345.2,Notoryctes typhlops,marsupial mole,37699,Mammalia,Notoryctemorphia,Notoryctidae,Notoryctes,mNotTyp1.pri,Chromosome,reference genome,357300764,84282059,3845125805,688,899,38,50,0,0,2026-01-23,
GCA_054644205.1,Lestoros inca,Incan shrew opossum,42731,Mammalia,Paucituberculata,Caenolestidae,Lestoros,mLesInc1.hap1,Chromosome,reference genome,853182845,11940304,4258788792,187,1262,38,51.17,0,0,2026-01-22,
GCA_054644215.1,Lestoros inca,Incan shrew opossum,42731,Mammalia,Paucituberculata,Caenolestidae,Lestoros,mLesInc1.hap2,Chromosome,,845142664,11196828,4080969164,98,1092,38,51.17,0,0,2026-01-22,
GCA_037893015.1,Macrotis lagotis,bilby,92651,Mammalia,Peramelemorphia,Peramelidae,Macrotis,bilby.v1.9.chrom.fasta,Chromosome,reference genome,343853051,1227456,3655715178,608,5027,37.5,67,0,0,2024-04-04,
GCF_037893015.1,Macrotis lagotis,bilby,92651,Mammalia,Peramelemorphia,Peramelidae,Macrotis,bilby.v1.9.chrom.fasta,Chromosome,reference genome,343853051,1227456,3655715178,608,5027,37.5,67,36223,21156,2024-04-04,GCF_037893015.1-RS_2025_05
GCA_021613505.1,Equus quagga,,89248,Mammalia,Perissodactyla,Equidae,Equus,UCLA_HA_Equagga_1.0,Chromosome,reference genome,122556673,427941,2500914156,12506,27130,41.5,48,0,0,2022-01-31,
GCF_021613505.1,Equus quagga,,89248,Mammalia,Perissodactyla,Equidae,Equus,UCLA_HA_Equagga_1.0,Chromosome,reference genome,122556673,427941,2500914156,12506,27130,41.5,48,27599,21070,2022-01-31,GCF_021613505.1-RS_2023_03
GCA_052150635.1,Equus kiang,kiang,94398,Mammalia,Perissodactyla,Equidae,Equus,ASM5215063v1,Complete Genome,reference genome,107027433,107027433,2486009267,27,27,42,257,0,0,2025-08-19,
GCA_052863115.1,Equus kiang,kiang,94398,Mammalia,Perissodactyla,Equidae,Equus,ASM5286311v1,Chromosome,,105491970,56672723,2487178225,1593,1654,42,500,0,0,2025-09-26,
GCA_054375355.1,Equus asinus,donkey,9793,Mammalia,Perissodactyla,Equidae,Equus,CAU_T2T_donkey1.0,Complete Genome,,105147494,105147494,2785912168,32,32,42,98,0,0,2026-01-06,
GCA_041296235.2,Equus asinus,donkey,9793,Mammalia,Perissodactyla,Equidae,Equus,EquAss-T2T_v2,Chromosome,reference genome,101318199,102829910,2797756172,848,855,42.5,185,0,0,2024-12-12,
GCF_041296235.1,Equus asinus,donkey,9793,Mammalia,Perissodactyla,Equidae,Equus,EquAss-T2T_v2,Chromosome,reference genome,101318199,102829910,2797756172,848,855,42.5,185,33601,21414,2024-12-12,GCF_041296235.1-RS_2024_12
GCA_052818215.1,Equus caballus,horse,9796,Mammalia,Perissodactyla,Equidae,Equus,T2T-horse1.0,Complete Genome,,100959084,100959084,2798702308,33,33,43,246,0,0,2025-09-24,
GCA_052445885.1,Equus asinus,donkey,9793,Mammalia,Perissodactyla,Equidae,Equus,ASM5244588v1,Chromosome,,99746532,99746532,2909267788,251,255,42.5,120,0,0,2025-09-04,
GCA_041296265.1,Equus caballus,horse,9796,Mammalia,Perissodactyla,Equidae,Equus,TB-T2T,Chromosome,reference genome,99223387,99223387,2769438211,624,629,43,185,0,0,2024-08-16,
GCF_041296265.1,Equus caballus,horse,9796,Mammalia,Perissodactyla,Equidae,Equus,TB-T2T,Chromosome,reference genome,99223387,99223387,2769438211,624,629,43,185,39335,21772,2024-08-16,GCF_041296265.1-RS_2024_12
GCA_016077325.2,Equus asinus,donkey,9793,Mammalia,Perissodactyla,Equidae,Equus,ASM1607732v2,Chromosome,,98589534,25073460,2431907375,50,1468,41.5,211,0,0,2021-10-14,
GCF_016077325.2,Equus asinus,donkey,9793,Mammalia,Perissodactyla,Equidae,Equus,ASM1607732v2,Chromosome,,98589534,25073460,2431907375,50,1468,41.5,211,38517,21649,2021-10-14,NCBI Equus asinus Annotation Release 101
GCA_052323815.1,Equus caballus,horse,9796,Mammalia,Perissodactyla,Equidae,Equus,ASM5232381v1,Complete Genome,,97876640,97876640,2747515568,33,33,43,109,0,0,2025-08-28,
GCA_036426135.1,Equus caballus,horse,9796,Mammalia,Perissodactyla,Equidae,Equus,mEquCab1.pat,Chromosome,,90406661,43557573,2596720901,601,715,42,32,0,0,2024-02-07,
GCA_964023255.1,Equus caballus,horse,9796,Mammalia,Perissodactyla,Equidae,Equus,EquCab_Warmblood_WUR,Chromosome,,89933864,35196120,2585039221,1850,2608,42.5,40,0,0,2024-04-11,
GCA_964023265.1,Equus caballus,horse,9796,Mammalia,Perissodactyla,Equidae,Equus,EquCab_Friesian_WUR,Chromosome,,89565925,36577919,2559419963,1713,2287,42.5,40,0,0,2024-04-11,
GCA_048565035.1,Equus caballus,horse,9796,Mammalia,Perissodactyla,Equidae,Equus,AGIS_DeBao_1.0,Chromosome,,88975660,34248948,2438381059,235,471,41.5,121,0,0,2025-03-12,
GCA_036418255.1,Equus caballus,horse,9796,Mammalia,Perissodactyla,Equidae,Equus,mEquCab1.mat,Chromosome,,88315369,37695881,2331848197,821,1031,42,32,0,0,2024-02-07,
GCA_002863925.1,Equus caballus,horse,9796,Mammalia,Perissodactyla,Equidae,Equus,EquCab3.0,Chromosome,,87230776,1502753,2506949475,4700,10986,41.5,88,0,0,2018-01-05,
GCF_002863925.1,Equus caballus,horse,9796,Mammalia,Perissodactyla,Equidae,Equus,EquCab3.0,Chromosome,,87230776,1502753,2506949475,4700,10986,41.5,88,33687,20955,2018-01-05,GCF_002863925.1-RS_2024_08
GCA_037783145.1,Equus przewalskii,Przewalski's horse,9798,Mammalia,Perissodactyla,Equidae,Equus,EquPr2,Chromosome,reference genome,85145959,25995503,2499640368,2146,2456,42,43,0,0,2024-04-01,
GCF_037783145.1,Equus przewalskii,Przewalski's horse,9798,Mammalia,Perissodactyla,Equidae,Equus,EquPr2,Chromosome,reference genome,85145959,25995503,2499640368,2146,2456,42,43,34800,20517,2024-04-01,GCF_037783145.1-RS_2024_12
GCA_037783155.1,Equus przewalskii,Przewalski's horse,9798,Mammalia,Perissodactyla,Equidae,Equus,EquPr2,Chromosome,,85125050,25989936,2499175760,2146,2453,42,43,0,0,2024-04-01,
GCA_023653735.1,Ceratotherium simum simum,southern white rhinoceros,73337,Mammalia,Perissodactyla,Rhinocerotidae,Ceratotherium,ASM2365373v1,Chromosome,,67555069,50391373,2870065268,306,946,41.5,28,0,0,2022-06-29,
GCA_021442165.1,Ceratotherium simum cottoni,northern white rhinoceros,310713,Mammalia,Perissodactyla,Rhinocerotidae,Ceratotherium,CerSimCot1.0,Chromosome,,65935509,16022912,2495791635,390,841,41,75,0,0,2022-01-12,
GCA_020826845.1,Diceros bicornis minor,,77932,Mammalia,Perissodactyla,Rhinocerotidae,Diceros,mDicBic1.mat.cur,Chromosome,reference genome,65026825,28468213,3005519209,1075,1290,41.5,30.57,0,0,2021-11-10,
GCF_020826845.1,Diceros bicornis minor,,77932,Mammalia,Perissodactyla,Rhinocerotidae,Diceros,mDicBic1.mat.cur,Chromosome,reference genome,65026825,28468213,3005519209,1075,1290,41.5,30.57,30368,21434,2021-11-10,GCF_020826845.1-RS_2023_07
GCA_028533375.1,Diceros bicornis,black rhinoceros,9805,Mammalia,Perissodactyla,Rhinocerotidae,Diceros,Diceros_bicornis_HiC,Chromosome,,59591286,87018,2604568178,636610,670561,41,99,0,0,2023-02-09,
GCA_028646465.1,Rhinoceros unicornis,greater Indian rhinoceros,9809,Mammalia,Perissodactyla,Rhinocerotidae,Rhinoceros,Rhinoceros_unicornis_HiC,Chromosome,reference genome,56870999,105810,2631998212,273665,306900,41,74,0,0,2023-02-16,
GCA_054859645.1,Tapirus indicus,Asiatic tapir,9802,Mammalia,Perissodactyla,Tapiridae,Tapirus,ASM5485964v1,Chromosome,reference genome,131304611,78907297,2468889663,114,160,41,100,0,0,2026-01-30,
GCA_031878705.1,Tapirus indicus,Asiatic tapir,9802,Mammalia,Perissodactyla,Tapiridae,Tapirus,mTapInd1.hap2,Chromosome,,129754520,56553937,2477428682,192,284,41,37,0,0,2023-09-25,
GCA_031878655.1,Tapirus indicus,Asiatic tapir,9802,Mammalia,Perissodactyla,Tapiridae,Tapirus,mTapInd1.hap1,Chromosome,,129321892,52012120,2498393425,259,338,41,37,0,0,2023-09-25,
GCA_054859495.1,Tapirus terrestris,Brazilian tapir,9801,Mammalia,Perissodactyla,Tapiridae,Tapirus,ASM5485949v1,Chromosome,reference genome,70378332,70378332,2567765356,50,73,41,88,0,0,2026-01-30,
GCA_030020395.1,Manis pentadactyla,Chinese pangolin,143292,Mammalia,Pholidota,Manidae,Manis,mManPen7.hap1,Chromosome,reference genome,149551276,25547713,2840164579,661,1044,41,30.11,0,0,2023-05-23,
GCF_030020395.1,Manis pentadactyla,Chinese pangolin,143292,Mammalia,Pholidota,Manidae,Manis,mManPen7.hap1,Chromosome,reference genome,149551276,25547713,2840164579,661,1044,41,30.11,31161,21077,2023-05-23,GCF_030020395.1-RS_2023_06
GCA_040802235.1,Manis javanica,Malayan pangolin,9974,Mammalia,Pholidota,Manidae,Manis,MJ_LKY,Chromosome,reference genome,141798549,61244301,2559979548,62,150,41,38,0,0,2024-07-22,
GCF_040802235.1,Manis javanica,Malayan pangolin,9974,Mammalia,Pholidota,Manidae,Manis,MJ_LKY,Chromosome,reference genome,141798549,61244301,2559979548,62,150,41,38,33018,20586,2024-07-22,GCF_040802235.1-RS_2025_04
GCA_040802205.1,Manis pentadactyla,Chinese pangolin,143292,Mammalia,Pholidota,Manidae,Manis,MP_LKY,Chromosome,,140706300,40346097,2641441103,89,281,41,25,0,0,2024-07-22,
GCA_963992745.1,Bradypus torquatus,Maned three-toed sloth,227087,Mammalia,Pilosa,Bradypodidae,Bradypus,mBraTor.pri,Chromosome,reference genome,156600181,4748776,3128591653,2915,5022,39.5,71,0,0,2024-12-06,
GCA_015220235.1,Choloepus didactylus,southern two-toed sloth,27675,Mammalia,Pilosa,Megalonychidae,Choloepus,mChoDid1.pri,Chromosome,reference genome,146178362,20994632,3214686105,145,1384,40,56.84,0,0,2020-11-03,
GCF_015220235.1,Choloepus didactylus,southern two-toed sloth,27675,Mammalia,Pilosa,Megalonychidae,Choloepus,mChoDid1.pri,Chromosome,reference genome,146178362,20994632,3214686105,145,1384,40,56.84,41055,23549,2020-11-03,NCBI Choloepus didactylus Annotation Release 100
GCA_023851605.1,Tamandua tetradactyla,southern tamandua,48850,Mammalia,Pilosa,Myrmecophagidae,Tamandua,mTamTet1.pri,Chromosome,reference genome,174634624,9869167,3205724741,200,1161,39.5,66.47,0,0,2022-06-22,
GCF_023851605.1,Tamandua tetradactyla,southern tamandua,48850,Mammalia,Pilosa,Myrmecophagidae,Tamandua,mTamTet1.pri,Chromosome,reference genome,174634624,9869167,3205724741,200,1161,39.5,66.47,49444,21002,2022-06-22,GCF_023851605.1-RS_2025_09
GCA_031835075.1,Saguinus oedipus,cotton-top tamarin,9490,Mammalia,Primates,Cebidae,Saguinus,ASM3183507v1,Chromosome,reference genome,148490209,91852676,3240181431,439,473,41,55,41012,41005,2023-09-25,Annotation submitted by The Ohio State University
GCA_011078405.1,Callithrix jacchus,white-tufted-ear marmoset,9483,Mammalia,Primates,Cebidae,Callithrix,mCalJac1.mat,Chromosome,,146897247,8609028,2811151840,216,1284,41,63.44,0,0,2020-03-10,
GCA_054851365.1,Saguinus oedipus,cotton-top tamarin,9490,Mammalia,Primates,Cebidae,Saguinus,mSagOed1.hap1,Chromosome,,145550415,18537884,3219013123,2111,2763,41,46.17,0,0,2026-01-30,
GCA_054824895.1,Leontopithecus rosalia,golden lion tamarin,30588,Mammalia,Primates,Cebidae,Leontopithecus,mLeoRos1.hap1,Chromosome,reference genome,144012852,54097536,3095545363,429,743,41,39,0,0,2026-01-29,
GCA_021498475.1,Saguinus midas,Midas tamarin,30586,Mammalia,Primates,Cebidae,Saguinus,ASM2149847v1,Chromosome,reference genome,143273090,10987047,2968536278,1785,3987,41,52.7,0,0,2022-01-19,
GCA_049354675.1,Callithrix jacchus,white-tufted-ear marmoset,9483,Mammalia,Primates,Cebidae,Callithrix,calJac220_alt,Chromosome,,142506461,132082805,2908819824,23,39,41,60,0,0,2025-04-08,
GCA_054824955.1,Leontopithecus rosalia,golden lion tamarin,30588,Mammalia,Primates,Cebidae,Leontopithecus,mLeoRos1.hap2,Chromosome,,142199188,45714362,2954369379,274,470,41,39,0,0,2026-01-29,
GCA_049354665.1,Callithrix jacchus,white-tufted-ear marmoset,9483,Mammalia,Primates,Cebidae,Callithrix,calJac220_pri,Chromosome,,142034236,137280848,2912676840,23,32,41,60,0,0,2025-04-08,
GCA_049354715.1,Callithrix jacchus,white-tufted-ear marmoset,9483,Mammalia,Primates,Cebidae,Callithrix,calJac240_pri,Chromosome,reference genome,141933726,137132494,2933409465,24,27,41,60,0,0,2025-04-08,
GCF_049354715.1,Callithrix jacchus,white-tufted-ear marmoset,9483,Mammalia,Primates,Cebidae,Callithrix,calJac240_pri,Chromosome,reference genome,141933726,137132494,2933409465,24,27,41,60,44333,21743,2025-04-08,GCF_049354715.1-RS_2025_12
GCA_049354655.1,Callithrix jacchus,white-tufted-ear marmoset,9483,Mammalia,Primates,Cebidae,Callithrix,calJac240_alt,Chromosome,,141415965,129140214,2760247778,22,29,41,60,0,0,2025-04-08,
GCA_011100535.2,Callithrix jacchus,white-tufted-ear marmoset,9483,Mammalia,Primates,Cebidae,Callithrix,mCalJac1.2.pat,Chromosome,,136971485,14602993,2727469741,1217,2211,41,63.44,0,0,2021-04-28,
GCA_011100555.2,Callithrix jacchus,white-tufted-ear marmoset,9483,Mammalia,Primates,Cebidae,Callithrix,mCalJa1.2.pat.X,Chromosome,,136971485,13222669,2874864526,1233,2398,41,63.44,0,0,2021-04-28,
GCF_011100555.1,Callithrix jacchus,white-tufted-ear marmoset,9483,Mammalia,Primates,Cebidae,Callithrix,mCalJa1.2.pat.X,Chromosome,,136971485,13222669,2874864526,1233,2398,41,63.44,42308,22355,2021-04-28,GCF_011100555.1-RS_2023_03
GCA_054851435.1,Saguinus oedipus,cotton-top tamarin,9490,Mammalia,Primates,Cebidae,Saguinus,mSagOed1.hap2,Chromosome,,131103041,10371741,2662848886,880,2065,40.5,46.17,0,0,2026-01-30,
GCA_048565385.1,Saimiri boliviensis,Bolivian squirrel monkey,27679,Mammalia,Primates,Cebidae,Saimiri,mSaiBol1.pri,Chromosome,reference genome,129414808,69222429,2747459968,62,135,41,34.8,0,0,2025-03-12,
GCF_048565385.1,Saimiri boliviensis,Bolivian squirrel monkey,27679,Mammalia,Primates,Cebidae,Saimiri,mSaiBol1.pri,Chromosome,reference genome,129414808,69222429,2747459968,62,135,41,34.8,36124,20437,2025-03-12,GCF_048565385.1-RS_2025_06
GCA_046862485.1,Callithrix penicillata,black-pencilled marmoset,57378,Mammalia,Primates,Cebidae,Callithrix,Cpen_1.0,Chromosome,reference genome,124262003,32659,2577799133,12090,194780,40.5,60,0,0,2025-01-22,
GCA_028533165.1,Leontopithecus rosalia,golden lion tamarin,30588,Mammalia,Primates,Cebidae,Leontopithecus,Leontopithecus_rosalia_HiC,Chromosome,,121128971,55757,2874530362,342831,401755,41,78,0,0,2023-02-09,
GCA_009663435.2,Callithrix jacchus,white-tufted-ear marmoset,9483,Mammalia,Primates,Cebidae,Callithrix,Callithrix_jacchus_cj1700_1.1,Chromosome,,98198953,25227091,2897807928,993,1335,41,40,0,0,2020-05-22,
GCF_009663435.1,Callithrix jacchus,white-tufted-ear marmoset,9483,Mammalia,Primates,Cebidae,Callithrix,Callithrix_jacchus_cj1700_1.1,Chromosome,,98198953,25227091,2897807928,993,1335,41,40,42294,22252,2020-05-22,NCBI Callithrix jacchus Annotation Release 105
GCA_049350105.2,Macaca mulatta,Rhesus monkey,9544,Mammalia,Primates,Cercopithecidae,Macaca,T2T-MMU8v2.0,Complete Genome,reference genome,162285572,162285572,3115120525,22,22,41,81,0,0,2025-07-24,
GCF_049350105.2,Macaca mulatta,Rhesus monkey,9544,Mammalia,Primates,Cercopithecidae,Macaca,T2T-MMU8v2.0,Complete Genome,reference genome,162285572,162285572,3115120525,22,22,41,81,44631,21513,2025-07-24,GCF_049350105.2-RS_2025_08
GCA_037993035.2,Macaca fascicularis,crab-eating macaque,9541,Mammalia,Primates,Cercopithecidae,Macaca,T2T-MFA8v1.1,Complete Genome,reference genome,162126771,162126771,3060038958,22,22,41,76,0,0,2024-09-18,
GCF_037993035.2,Macaca fascicularis,crab-eating macaque,9541,Mammalia,Primates,Cercopithecidae,Macaca,T2T-MFA8v1.1,Complete Genome,reference genome,162126771,162126771,3060038958,22,22,41,76,40596,21271,2024-09-18,GCF_037993035.2-RS_2025_03
GCA_000222185.1,Macaca fascicularis,crab-eating macaque,9541,Mammalia,Primates,Cercopithecidae,Macaca,MacFas_Jun2011,Chromosome,,155658674,3658,2878471044,21,1628360,40.5,,0,0,2011-07-23,
GCA_043159975.1,Macaca nemestrina,pig-tailed macaque,9545,Mammalia,Primates,Cercopithecidae,Macaca,mMacNem.hap1,Chromosome,reference genome,154799650,40835442,3116288670,361,621,41,38.4,0,0,2024-10-15,
GCF_043159975.1,Macaca nemestrina,pig-tailed macaque,9545,Mammalia,Primates,Cercopithecidae,Macaca,mMacNem.hap1,Chromosome,reference genome,154799650,40835442,3116288670,361,621,41,38.4,42216,21128,2024-10-15,GCF_043159975.1-RS_2025_01
GCA_026956025.1,Macaca cyclopis,Taiwan macaque,78449,Mammalia,Primates,Cercopithecidae,Macaca,MCyc01,Chromosome,reference genome,152979943,7139826,2846042475,119,1008,41,115,0,0,2022-12-19,
GCA_043161795.1,Macaca nemestrina,pig-tailed macaque,9545,Mammalia,Primates,Cercopithecidae,Macaca,mMacNem.hap2,Chromosome,,152800439,31516155,2963967802,233,465,41,38.4,0,0,2024-10-15,
GCA_024542745.1,Macaca thibetana thibetana,,257877,Mammalia,Primates,Cercopithecidae,Macaca,ASM2454274v1,Chromosome,reference genome,150623419,48622411,2822383045,623,989,41,86,0,0,2022-08-09,
GCF_024542745.1,Macaca thibetana thibetana,,257877,Mammalia,Primates,Cercopithecidae,Macaca,ASM2454274v1,Chromosome,reference genome,150623419,48622411,2822383045,623,989,41,86,35380,21402,2022-08-09,GCF_024542745.1-RS_2023_02
GCA_011100615.1,Macaca fascicularis,crab-eating macaque,9541,Mammalia,Primates,Cercopithecidae,Macaca,Macaca_fascicularis_6.0,Chromosome,,150377965,21344639,2906138557,936,1496,41,53.648,0,0,2020-03-10,
GCA_012559485.3,Macaca fascicularis,crab-eating macaque,9541,Mammalia,Primates,Cercopithecidae,Macaca,MFA1912RKSv2,Chromosome,,149803873,26251577,2800882497,400,1005,41,201,0,0,2021-10-26,
GCF_012559485.2,Macaca fascicularis,crab-eating macaque,9541,Mammalia,Primates,Cercopithecidae,Macaca,MFA1912RKSv2,Chromosome,,149803873,26251577,2800882497,400,1005,41,201,35561,21335,2021-10-26,NCBI Macaca fascicularis Annotation Release 102
GCA_030247045.1,Colobus guereza,mantled guereza,33548,Mammalia,Primates,Cercopithecidae,Colobus,ASM3024704v1,Chromosome,reference genome,149281349,15612012,2976664877,2570,4456,41,57.62,0,0,2023-06-12,
GCA_008058575.1,Macaca mulatta,Rhesus monkey,9544,Mammalia,Primates,Cercopithecidae,Macaca,rheMacS_1.0,Chromosome,,148403059,8187455,3037157472,1881,4743,41,100,0,0,2019-08-22,
GCA_021498455.1,Colobus guereza,mantled guereza,33548,Mammalia,Primates,Cercopithecidae,Colobus,ASM2149845v1,Chromosome,,145964134,15612012,2963339203,1657,3154,41,57.62,0,0,2022-01-19,
GCA_036172295.1,Macaca mulatta,Rhesus monkey,9544,Mammalia,Primates,Cercopithecidae,Macaca,MacMul_CN_1,Chromosome,,145208759,17712045,3114360084,1412,2115,41,32,0,0,2024-01-26,
GCA_007565055.1,Rhinopithecus roxellana,golden snub-nosed monkey,61622,Mammalia,Primates,Cercopithecidae,Rhinopithecus,ASM756505v1,Chromosome,reference genome,144559847,5723610,3038460517,3256,6088,41,100,0,0,2019-07-29,
GCF_007565055.1,Rhinopithecus roxellana,golden snub-nosed monkey,61622,Mammalia,Primates,Cercopithecidae,Rhinopithecus,ASM756505v1,Chromosome,reference genome,144559847,5723610,3038460517,3256,6088,41,100,34842,21094,2019-07-29,NCBI Rhinopithecus roxellana Annotation Release 101
GCA_008728515.1,Papio anubis,olive baboon,9555,Mammalia,Primates,Cercopithecidae,Papio,Panubis1.0,Chromosome,,140274886,1464978,2869804647,11144,15212,41,60,0,0,2019-10-02,
GCF_008728515.1,Papio anubis,olive baboon,9555,Mammalia,Primates,Cercopithecidae,Papio,Panubis1.0,Chromosome,reference genome,140274886,1464978,2869804647,11144,15212,41,60,39274,21087,2019-10-02,NCBI Papio anubis Annotation Release 104
GCA_008728515.2,Papio anubis,olive baboon,9555,Mammalia,Primates,Cercopithecidae,Papio,Panubis1.1,Chromosome,reference genome,140185856,1465768,2869802739,11149,15215,41,60,0,0,2022-04-27,
GCA_047655245.1,Pygathrix nigripes,Black-shanked douc langur,310352,Mammalia,Primates,Cercopithecidae,Pygathrix,ASM4765524v1,Chromosome,,139486693,6073853,2888895859,718,1393,41,457,22851,22851,2025-02-11,Annotation submitted by Northwest University
GCA_000772465.1,Nasalis larvatus,proboscis monkey,43780,Mammalia,Primates,Cercopithecidae,Nasalis,Charlie1.0,Chromosome,,137426304,13295,3011966170,319549,553412,40.5,290,0,0,2014-11-10,
GCA_047834645.1,Nasalis larvatus,proboscis monkey,43780,Mammalia,Primates,Cercopithecidae,Nasalis,ASM4783464v1,Chromosome,reference genome,135457967,4333480,2950091323,933,3811,41,275,22867,22867,2025-02-18,Annotation submitted by Northwest University
GCA_002776525.5,Piliocolobus tephrosceles,Ugandan red Colobus,591936,Mammalia,Primates,Cercopithecidae,Piliocolobus,ASM277652v5,Chromosome,reference genome,131283114,100421,2993041957,32287,88792,41,38.61,0,0,2019-12-12,
GCF_002776525.5,Piliocolobus tephrosceles,Ugandan red Colobus,591936,Mammalia,Primates,Cercopithecidae,Piliocolobus,ASM277652v5,Chromosome,reference genome,131283114,100421,2993041957,32287,88792,41,38.61,35364,21528,2019-12-12,NCBI Piliocolobus tephrosceles Annotation Release 102
GCA_003255815.1,Theropithecus gelada,gelada,9565,Mammalia,Primates,Cercopithecidae,Theropithecus,Tgel_1.0,Chromosome,reference genome,130230028,310061,2889614139,15307,35107,41,56,0,0,2018-06-19,
GCF_003255815.1,Theropithecus gelada,gelada,9565,Mammalia,Primates,Cercopithecidae,Theropithecus,Tgel_1.0,Chromosome,reference genome,130230028,310061,2889614139,15307,35107,41,56,32585,20683,2018-06-19,NCBI Theropithecus gelada Annotation Release 100
GCA_028533075.1,Theropithecus gelada,gelada,9565,Mammalia,Primates,Cercopithecidae,Theropithecus,Theropithecus_gelada_HiC,Chromosome,,120619367,49679,2878106698,347802,415068,41,73,0,0,2023-02-10,
GCA_028645565.1,Papio papio,Guinea baboon,100937,Mammalia,Primates,Cercopithecidae,Papio,Papio_papio_HiC,Chromosome,,116598389,44968,2908029665,429164,493925,41,117,0,0,2023-02-16,
GCA_047676025.1,Chlorocebus sabaeus,green monkey,60711,Mammalia,Primates,Cercopithecidae,Chlorocebus,mChlSab1.0.hap2,Chromosome,,101768245,14472010,3445599628,1205,1563,41,28,0,0,2025-02-12,
GCA_047675955.1,Chlorocebus sabaeus,green monkey,60711,Mammalia,Primates,Cercopithecidae,Chlorocebus,mChlSab1.0.hap1,Chromosome,reference genome,100816256,13913161,3267373866,1654,1983,41,28,0,0,2025-02-12,
GCF_047675955.1,Chlorocebus sabaeus,green monkey,60711,Mammalia,Primates,Cercopithecidae,Chlorocebus,mChlSab1.0.hap1,Chromosome,reference genome,100816256,13913161,3267373866,1654,1983,41,28,35179,20783,2025-02-12,GCF_047675955.1-RS_2025_04
GCA_028551445.1,Miopithecus talapoin,talapoin,36231,Mammalia,Primates,Cercopithecidae,Miopithecus,Miopithecus_talapoin_HiC,Chromosome,reference genome,99916881,76031,2969301606,651021,696051,41,110,0,0,2023-02-09,
GCA_000364345.1,Macaca fascicularis,crab-eating macaque,9541,Mammalia,Primates,Cercopithecidae,Macaca,Macaca_fascicularis_5.0,Chromosome,,88649475,86040,2946827162,7624,87763,41,68,0,0,2013-06-12,
GCF_000364345.1,Macaca fascicularis,crab-eating macaque,9541,Mammalia,Primates,Cercopithecidae,Macaca,Macaca_fascicularis_5.0,Chromosome,,88649475,86040,2946827162,7624,87763,41,68,32982,20596,2013-06-12,NCBI Macaca fascicularis Annotation Release 101
GCA_003339765.3,Macaca mulatta,Rhesus monkey,9544,Mammalia,Primates,Cercopithecidae,Macaca,Mmul_10,Chromosome,,82346004,46608966,2971314966,2978,3181,41,,0,0,2019-02-13,
GCF_003339765.1,Macaca mulatta,Rhesus monkey,9544,Mammalia,Primates,Cercopithecidae,Macaca,Mmul_10,Chromosome,,82346004,46608966,2971314966,2978,3181,41,,40304,21121,2019-02-13,NCBI Macaca mulatta Annotation Release 103
GCA_000409795.2,Chlorocebus sabaeus,green monkey,60711,Mammalia,Primates,Cercopithecidae,Chlorocebus,Chlorocebus_sabeus 1.1,Chromosome,,81825804,90449,2789639778,2021,162723,41,95,0,0,2014-03-25,
GCF_000409795.2,Chlorocebus sabaeus,green monkey,60711,Mammalia,Primates,Cercopithecidae,Chlorocebus,Chlorocebus_sabeus 1.1,Chromosome,,81825804,90449,2789639778,2021,162723,0,95,34943,20991,2014-03-25,NCBI Chlorocebus sabaeus Annotation Release 100
GCA_028627265.1,Cercopithecus mitis,blue monkey,36225,Mammalia,Primates,Cercopithecidae,Cercopithecus,Cercopithecus_mitis_HiC,Chromosome,reference genome,51119100,28335,3104799808,1396160,1456707,41,83,0,0,2023-02-16,
GCA_000165445.3,Microcebus murinus,gray mouse lemur,30608,Mammalia,Primates,Cheirogaleidae,Microcebus,Mmur_3.0,Chromosome,,108171978,210702,2487392024,7677,50982,41,221.6,0,0,2017-02-06,
GCF_000165445.2,Microcebus murinus,gray mouse lemur,30608,Mammalia,Primates,Cheirogaleidae,Microcebus,Mmur_3.0,Chromosome,,108171978,210702,2487392024,7677,50982,41,221.6,31964,20522,2017-02-06,NCBI Microcebus murinus Annotation Release 101
GCA_040939475.2,Microcebus murinus,gray mouse lemur,30608,Mammalia,Primates,Cheirogaleidae,Microcebus,M.murinus_Inina_pat1.0,Chromosome,,105509149,83341972,2382784813,239,289,42,,0,0,2025-06-05,
GCA_040939455.2,Microcebus murinus,gray mouse lemur,30608,Mammalia,Primates,Cheirogaleidae,Microcebus,M.murinus_Inina_mat1.0,Chromosome,reference genome,105226355,102817952,2350949499,124,174,41.5,,0,0,2025-06-05,
GCF_040939455.1,Microcebus murinus,gray mouse lemur,30608,Mammalia,Primates,Cheirogaleidae,Microcebus,M.murinus_Inina_mat1.0,Chromosome,reference genome,105226355,102817952,2350949499,124,174,41.5,,39859,19994,2025-06-05,GCF_040939455.1-RS_2025_12
GCA_050656345.1,Homo sapiens,human,9606,Mammalia,Primates,Hominidae,Homo,RPE1V1.1 Haplotype 1,Chromosome,,163647842,136612994,3064047955,23,85,41,20,0,0,2025-06-02,
GCA_046332495.1,Homo sapiens,human,9606,Mammalia,Primates,Hominidae,Homo,ASM4633249v1,Chromosome,,156195506,104879180,2989343661,24,84,41,39.8,0,0,2024-12-27,
GCA_018472695.2,Homo sapiens,human,9606,Mammalia,Primates,Hominidae,Homo,HG01928_mat_hprc_f2,Chromosome,,155602998,134785557,3037998802,70,85,41,90,0,0,2024-09-20,
GCA_044165025.1,Homo sapiens,human,9606,Mammalia,Primates,Hominidae,Homo,NA21144_hap2_hprc_f2,Chromosome,,155491826,134585109,3018486582,75,88,41,77,0,0,2024-10-31,
GCA_046332355.1,Homo sapiens,human,9606,Mammalia,Primates,Hominidae,Homo,ASM4633235v1,Chromosome,,155318995,129483041,3046576214,75,98,41,35.2,0,0,2024-12-27,
GCA_044166315.1,Homo sapiens,human,9606,Mammalia,Primates,Hominidae,Homo,NA21102_hap1_hprc_f2,Chromosome,,155316348,143882573,3049492957,78,86,41,62,0,0,2024-10-31,
GCA_046332225.1,Homo sapiens,human,9606,Mammalia,Primates,Hominidae,Homo,ASM4633222v1,Chromosome,,155233135,111328456,3018886770,71,95,41,49.3,0,0,2024-12-27,
GCA_054883195.1,Homo sapiens,human,9606,Mammalia,Primates,Hominidae,Homo,H9_T2T.hap1,Chromosome,,155153153,155153153,3040318105,23,27,41,123,0,0,2026-01-30,
GCA_046332365.1,Homo sapiens,human,9606,Mammalia,Primates,Hominidae,Homo,ASM4633236v1,Chromosome,,155122962,134223936,3013080344,52,65,41,39.5,0,0,2024-12-27,
GCA_046332065.1,Homo sapiens,human,9606,Mammalia,Primates,Hominidae,Homo,ASM4633206v1,Chromosome,,155068577,121324348,3039052332,59,77,41,54.6,0,0,2024-12-27,
GCA_046332145.1,Homo sapiens,human,9606,Mammalia,Primates,Hominidae,Homo,ASM4633214v1,Chromosome,,155042577,119971359,3017770296,75,105,41,47.1,0,0,2024-12-27,
GCA_046332015.1,Homo sapiens,human,9606,Mammalia,Primates,Hominidae,Homo,ASM4633201v1,Chromosome,,154963437,133646597,3015312822,68,87,41,47.2,0,0,2024-12-27,
GCA_046629225.1,Homo sapiens,human,9606,Mammalia,Primates,Hominidae,Homo,NA20806_hap2_hprc_f2,Chromosome,,154960785,144781433,3051570842,34,43,41,47,0,0,2025-01-14,
GCA_046629205.1,Homo sapiens,human,9606,Mammalia,Primates,Hominidae,Homo,NA20503_hap1_hprc_f2,Chromosome,,154907672,134001802,3011895543,38,52,41,42,0,0,2025-01-14,
GCA_042077855.1,Homo sapiens,human,9606,Mammalia,Primates,Hominidae,Homo,HG00133_hap2_hprc_f2,Chromosome,,154814317,146412853,3026120360,56,64,41,66,0,0,2024-09-20,
GCA_042077095.1,Homo sapiens,human,9606,Mammalia,Primates,Hominidae,Homo,NA18508_hap1_hprc_f2,Chromosome,,154688120,120995922,3026197614,62,72,41,61,0,0,2024-09-20,
GCA_044166845.1,Homo sapiens,human,9606,Mammalia,Primates,Hominidae,Homo,HG00344_hap2_hprc_f2,Chromosome,,154603705,101810135,3017370777,68,100,41,65,0,0,2024-10-31,
GCA_044166765.1,Homo sapiens,human,9606,Mammalia,Primates,Hominidae,Homo,HG00344_hap1_hprc_f2,Chromosome,,154595248,111694659,3056229783,89,115,41,65,0,0,2024-10-31,
GCA_046629575.1,Homo sapiens,human,9606,Mammalia,Primates,Hominidae,Homo,NA20762_hap2_hprc_f2,Chromosome,,154558889,132536328,3016784086,35,60,41,46,0,0,2025-01-14,
GCA_042077155.1,Homo sapiens,human,9606,Mammalia,Primates,Hominidae,Homo,NA18508_hap2_hprc_f2,Chromosome,,154484123,142946269,3041447603,56,63,41,61,0,0,2024-09-20,
GCA_021951015.1,Homo sapiens,human,9606,Mammalia,Primates,Hominidae,Homo,HG002.mat.cur.20211005,Chromosome,,154412560,62879740,3061735012,355,464,41,160,0,0,2022-02-04,
GCA_042078005.1,Homo sapiens,human,9606,Mammalia,Primates,Hominidae,Homo,HG00133_hap1_hprc_f2,Chromosome,,154384728,119654175,3022551977,64,80,41,66,0,0,2024-09-20,
GCA_042076715.1,Homo sapiens,human,9606,Mammalia,Primates,Hominidae,Homo,HG02583_hap2_hprc_f2,Chromosome,,154384493,133265195,3040239101,66,76,41,65,0,0,2024-09-20,
GCA_037177635.1,Homo sapiens,human,9606,Mammalia,Primates,Hominidae,Homo,ASM3717763v1,Chromosome,,154369205,96480592,3026057971,84,109,41,51,0,0,2024-03-18,
GCA_050656315.1,Homo sapiens,human,9606,Mammalia,Primates,Hominidae,Homo,RPE1V1.1 Haplotype 2,Chromosome,,154368220,141000299,3065526917,688,722,41,20,0,0,2025-06-02,
GCA_020881995.2,Homo sapiens,human,9606,Mammalia,Primates,Hominidae,Homo,ASM2088199v2,Chromosome,,154349815,154349815,216809844,2,2,38.5,60,0,0,2022-01-24,
GCA_018852615.3,Homo sapiens,human,9606,Mammalia,Primates,Hominidae,Homo,hg002v1.1.mat,Chromosome,,154341397,154341397,3051512984,23,28,41,170,0,0,2024-07-18,
GCA_046332235.1,Homo sapiens,human,9606,Mammalia,Primates,Hominidae,Homo,ASM4633223v1,Chromosome,,154332372,135059907,3071160971,70,108,41,35.6,0,0,2024-12-27,
GCA_042028895.1,Homo sapiens,human,9606,Mammalia,Primates,Hominidae,Homo,HG01255_mat_hprc_f2,Chromosome,,154316515,134368275,3036229640,62,73,41,70,0,0,2024-09-19,
GCA_041900265.2,Homo sapiens,human,9606,Mammalia,Primates,Hominidae,Homo,HG00597_mat_hprc_rel2,Chromosome,,154298688,135911756,3051551634,90,102,41,66,0,0,2024-09-11,
GCA_046629565.1,Homo sapiens,human,9606,Mammalia,Primates,Hominidae,Homo,NA20503_hap2_hprc_f2,Chromosome,,154195550,134124285,3021965041,42,63,41,42,0,0,2025-01-14,
GCA_046332475.1,Homo sapiens,human,9606,Mammalia,Primates,Hominidae,Homo,ASM4633247v1,Chromosome,,154181322,138568228,3030783315,39,53,41,40.5,0,0,2024-12-27,
GCA_046629265.1,Homo sapiens,human,9606,Mammalia,Primates,Hominidae,Homo,NA20827_hap2_hprc_f2,Chromosome,,154139224,134147671,3029363527,39,63,41,49,0,0,2025-01-14,
GCA_046332305.1,Homo sapiens,human,9606,Mammalia,Primates,Hominidae,Homo,ASM4633230v1,Chromosome,,154131922,135633951,3051092209,61,91,41,38.1,0,0,2024-12-27,
GCA_046332035.1,Homo sapiens,human,9606,Mammalia,Primates,Hominidae,Homo,PAN027_pat_v1.0,Chromosome,,154091411,140060080,3025370803,23,32,41,70,0,0,2024-12-27,
GCA_018472595.2,Homo sapiens,human,9606,Mammalia,Primates,Hominidae,Homo,HG00438_pat_hprc_f2,Chromosome,,153967661,135124728,3030495477,75,86,41,77,0,0,2024-09-20,
GCA_044164725.1,Homo sapiens,human,9606,Mammalia,Primates,Hominidae,Homo,NA21144_hap1_hprc_f2,Chromosome,,153959892,134371020,3037908004,80,97,41,77,0,0,2024-10-31,
GCA_046332005.1,Homo sapiens,human,9606,Mammalia,Primates,Hominidae,Homo,PAN027_mat_v1.0,Chromosome,,153709541,135088710,3018885713,23,31,41,70,0,0,2024-12-27,
GCA_054883265.1,Homo sapiens,human,9606,Mammalia,Primates,Hominidae,Homo,H9_T2T.hap2,Chromosome,,153704768,153704768,3018323265,23,27,41,123,0,0,2026-01-30,
GCA_037177555.1,Homo sapiens,human,9606,Mammalia,Primates,Hominidae,Homo,ASM3717755v1,Chromosome,,153473417,133706131,3032169569,164,188,41,51,0,0,2024-03-18,
GCA_003634875.1,Homo sapiens,human,9606,Mammalia,Primates,Hominidae,Homo,HG00733_Phased_Diploid,Chromosome,,152514555,26292878,2893174212,283,877,41,75,0,0,2018-10-19,
GCA_044166635.1,Homo sapiens,human,9606,Mammalia,Primates,Hominidae,Homo,NA21102_hap2_hprc_f2,Chromosome,,152042984,111892229,3038362524,63,75,41,62,0,0,2024-10-31,
GCA_028885495.2,Gorilla gorilla gorilla,western lowland gorilla,9595,Mammalia,Primates,Hominidae,Gorilla,NHGRI_mGorGor1-v2.0_mat,Chromosome,,151562521,151425642,3554709948,225,230,40.5,109,0,0,2024-01-08,
GCA_029281585.3,Gorilla gorilla gorilla,western lowland gorilla,9595,Mammalia,Primates,Hominidae,Gorilla,NHGRI_mGorGor1-v2.1_pri,Chromosome,reference genome,150804130,150804130,3545834224,25,27,40.5,109,0,0,2024-08-01,
GCF_029281585.2,Gorilla gorilla gorilla,western lowland gorilla,9595,Mammalia,Primates,Hominidae,Gorilla,NHGRI_mGorGor1-v2.1_pri,Chromosome,reference genome,150804130,150804130,3545834224,25,27,40.5,109,41169,22640,2024-01-08,GCF_029281585.2-RS_2025_04
GCA_028885475.2,Gorilla gorilla gorilla,western lowland gorilla,9595,Mammalia,Primates,Hominidae,Gorilla,NHGRI_mGorGor1-v2.0_pat,Chromosome,,150804130,150804130,3351856267,24,26,40.5,109,0,0,2024-01-08,
GCA_009914755.4,Homo sapiens,human,9606,Mammalia,Primates,Hominidae,Homo,T2T-CHM13v2.0,Complete Genome,,150617247,150617247,3117275501,24,24,41,30,0,0,2022-01-24,
GCF_009914755.1,Homo sapiens,human,9606,Mammalia,Primates,Hominidae,Homo,T2T-CHM13v2.0,Complete Genome,,150617247,150617247,3117275501,24,24,41,30,58506,20070,2022-01-24,GCF_009914755.1-RS_2025_08
GCA_016695395.2,Homo sapiens,human,9606,Mammalia,Primates,Hominidae,Homo,mHomSap3.mat,Chromosome,,150534096,12076592,2902197670,949,2165,41,73.27,0,0,2021-01-19,
GCA_011064465.2,Homo sapiens,human,9606,Mammalia,Primates,Hominidae,Homo,Ash1_v2.2,Chromosome,,150154455,150154455,3125421876,65,66,40.5,123,37714,19649,2022-06-02,Annotation submitted by Johns Hopkins University
GCA_020497085.1,Homo sapiens,human,9606,Mammalia,Primates,Hominidae,Homo,KOREF_S1v2.1,Chromosome,,150051441,20046962,2901817378,2229,3997,41,273,0,0,2021-10-14,
GCA_018873775.2,Homo sapiens,human,9606,Mammalia,Primates,Hominidae,Homo,hg01243.v3.0,Chromosome,,149697505,149697505,3116153243,88,88,41,282,37873,19696,2021-09-27,Annotation submitted by Johns Hopkins University
GCA_042078065.1,Homo sapiens,human,9606,Mammalia,Primates,Hominidae,Homo,HG00126_hap1_hprc_f2,Chromosome,,148870724,136634561,2945819519,74,92,41,64,0,0,2024-09-20,
GCA_024586135.1,Homo sapiens,human,9606,Mammalia,Primates,Hominidae,Homo,Han1,Chromosome,,148018047,148018047,3104992915,34,35,41,66,0,0,2022-08-09,
GCA_018466855.2,Homo sapiens,human,9606,Mammalia,Primates,Hominidae,Homo,HG02559_pat_hprc_f2,Chromosome,,147886747,117283867,3029726043,66,72,41,67,0,0,2024-09-20,
GCA_042030975.1,Homo sapiens,human,9606,Mammalia,Primates,Hominidae,Homo,NA18522_hap2_hprc_f2,Chromosome,,147832173,135094631,3032434283,77,97,41,67,0,0,2024-09-19,
GCA_028858825.2,Pan paniscus,pygmy chimpanzee,9597,Mammalia,Primates,Hominidae,Pan,NHGRI_mPanPan1-v2.0_pat,Chromosome,,147478900,147478900,3076853215,38,45,40.5,55,0,0,2024-01-08,
GCA_042032465.1,Homo sapiens,human,9606,Mammalia,Primates,Hominidae,Homo,HG00323_hap1_hprc_f2,Chromosome,,147465703,133325347,3039453116,89,104,41,60,0,0,2024-09-19,
GCA_018469705.2,Homo sapiens,human,9606,Mammalia,Primates,Hominidae,Homo,HG01361_pat_hprc_f2,Chromosome,,147437824,109937756,3024996016,85,107,41,120,0,0,2024-09-20,
GCA_042036935.1,Homo sapiens,human,9606,Mammalia,Primates,Hominidae,Homo,HG00558_mat_hprc_f2,Chromosome,,147412894,107159283,3039672830,69,90,41,63,0,0,2024-09-20,
GCA_046629235.1,Homo sapiens,human,9606,Mammalia,Primates,Hominidae,Homo,NA20806_hap1_hprc_f2,Chromosome,,147346606,133411240,2897340138,31,43,41,47,0,0,2025-01-14,
GCA_044167135.1,Homo sapiens,human,9606,Mammalia,Primates,Hominidae,Homo,HG01167_hap1_hprc_f2,Chromosome,,147204163,147204163,2960467225,97,105,41,62,0,0,2024-10-31,
GCA_018470445.2,Homo sapiens,human,9606,Mammalia,Primates,Hominidae,Homo,HG02572_mat_hprc_f2,Chromosome,,147189717,101642805,3043119661,80,95,41,59,0,0,2024-09-20,
GCA_042037725.1,Homo sapiens,human,9606,Mammalia,Primates,Hominidae,Homo,HG00558_pat_hprc_f2,Chromosome,,147172190,134375872,3047261165,113,124,41,63,0,0,2024-09-20,
GCA_046332455.1,Homo sapiens,human,9606,Mammalia,Primates,Hominidae,Homo,ASM4633245v1,Chromosome,,147151709,103757535,2904760418,23,61,41,39.8,0,0,2024-12-27,
GCA_042029915.1,Homo sapiens,human,9606,Mammalia,Primates,Hominidae,Homo,HG01255_pat_hprc_f2,Chromosome,,147042503,136052607,2929644872,92,108,41,70,0,0,2024-09-19,
GCA_029289425.3,Pan paniscus,pygmy chimpanzee,9597,Mammalia,Primates,Hominidae,Pan,NHGRI_mPanPan1-v2.1_pri,Chromosome,reference genome,147028407,147028407,3244888708,30,36,40.5,55,0,0,2024-08-13,
GCF_029289425.2,Pan paniscus,pygmy chimpanzee,9597,Mammalia,Primates,Hominidae,Pan,NHGRI_mPanPan1-v2.1_pri,Chromosome,reference genome,147028407,147028407,3244888708,30,36,40.5,55,38533,22890,2024-01-08,GCF_029289425.2-RS_2024_02
GCA_028858845.2,Pan paniscus,pygmy chimpanzee,9597,Mammalia,Primates,Hominidae,Pan,NHGRI_mPanPan1-v2.0_mat,Chromosome,,147028407,147028407,3210032406,32,37,40.5,55,0,0,2024-01-08,
GCA_041900115.2,Homo sapiens,human,9606,Mammalia,Primates,Hominidae,Homo,HG03834_mat_hprc_rel2,Chromosome,,146983678,133554630,3035945985,85,98,41,69,0,0,2024-09-11,
GCA_042076465.1,Homo sapiens,human,9606,Mammalia,Primates,Hominidae,Homo,HG03225_hap2_hprc_f2,Chromosome,,146959166,110971474,3044583658,89,107,41,75,0,0,2024-09-20,
GCA_046332025.1,Homo sapiens,human,9606,Mammalia,Primates,Hominidae,Homo,ASM4633202v1,Chromosome,,146930931,134404795,2964553196,49,76,41,47.2,0,0,2024-12-27,
GCA_045524175.1,Homo sapiens,human,9606,Mammalia,Primates,Hominidae,Homo,HG02514_mat_hprc_f2,Chromosome,,146927759,134613555,3021712601,68,81,41,60,0,0,2024-12-02,
GCA_018471515.2,Homo sapiens,human,9606,Mammalia,Primates,Hominidae,Homo,HG00438_mat_hprc_f2,Chromosome,,146844925,111880916,3029848475,75,92,41,77,0,0,2024-09-20,
GCA_018852605.3,Homo sapiens,human,9606,Mammalia,Primates,Hominidae,Homo,hg002v1.1.pat,Chromosome,,146786823,146786823,2947895164,23,27,41,170,0,0,2024-07-19,
GCA_018472685.2,Homo sapiens,human,9606,Mammalia,Primates,Hominidae,Homo,HG01071_mat_hprc_f2,Chromosome,,146779742,103013677,3023814063,75,91,41,91,0,0,2024-09-20,
GCA_046116005.2,Homo sapiens,human,9606,Mammalia,Primates,Hominidae,Homo,HG00706_mat_hprc_f2,Chromosome,,146748451,136017482,3039522532,82,91,41,61,0,0,2024-12-16,
GCA_021950905.1,Homo sapiens,human,9606,Mammalia,Primates,Hominidae,Homo,HG002.pat.cur.20211005,Chromosome,,146747882,84927121,2959277077,514,631,41,160,0,0,2022-02-04,
GCA_044166785.1,Homo sapiens,human,9606,Mammalia,Primates,Hominidae,Homo,HG01167_hap2_hprc_f2,Chromosome,,146698031,132113927,3025804925,62,74,41,62,0,0,2024-10-31,
GCA_042076925.1,Homo sapiens,human,9606,Mammalia,Primates,Hominidae,Homo,HG03874_hap1_hprc_f2,Chromosome,,146624645,135520168,3037473810,70,82,41,62,0,0,2024-09-20,
GCA_046332375.1,Homo sapiens,human,9606,Mammalia,Primates,Hominidae,Homo,ASM4633237v1,Chromosome,,146622731,127819649,2917234232,43,69,41,39.5,0,0,2024-12-27,
GCA_044165205.1,Homo sapiens,human,9606,Mammalia,Primates,Hominidae,Homo,NA19776_hap2_hprc_f2,Chromosome,,146612534,134701499,3037533074,65,75,41,62,0,0,2024-10-31,
GCA_042077015.1,Homo sapiens,human,9606,Mammalia,Primates,Hominidae,Homo,HG00321_hap1_hprc_f2,Chromosome,,146599930,135445018,2969014751,112,129,41,61,0,0,2024-09-20,
GCA_042035275.1,Homo sapiens,human,9606,Mammalia,Primates,Hominidae,Homo,NA19185_hap1_hprc_f2,Chromosome,,146584718,133977884,3037558876,74,84,41,60,0,0,2024-09-20,
GCA_042077185.1,Homo sapiens,human,9606,Mammalia,Primates,Hominidae,Homo,NA21110_hap2_hprc_f2,Chromosome,,146566796,111575001,3048770032,59,71,41,62,0,0,2024-09-20,
GCA_044165565.2,Homo sapiens,human,9606,Mammalia,Primates,Hominidae,Homo,NA20850_hap2_hprc_f2,Chromosome,,146562156,135202540,3033456211,78,93,41,61,0,0,2024-10-31,
GCA_042027095.1,Homo sapiens,human,9606,Mammalia,Primates,Hominidae,Homo,HG00609_mat_hprc_f2,Chromosome,,146552655,111367101,3028300905,82,96,41,69,0,0,2024-09-19,
GCA_042037435.1,Homo sapiens,human,9606,Mammalia,Primates,Hominidae,Homo,HG01940_mat_hprc_f2,Chromosome,,146524297,123341742,3031197062,55,64,41,63,0,0,2024-09-20,
GCA_042077875.1,Homo sapiens,human,9606,Mammalia,Primates,Hominidae,Homo,HG00126_hap2_hprc_f2,Chromosome,,146468527,107211229,3012520122,63,78,41,64,0,0,2024-09-20,
GCA_045524515.1,Homo sapiens,human,9606,Mammalia,Primates,Hominidae,Homo,HG03050_mat_hprc_f2,Chromosome,,146415042,133153140,3062391666,71,83,41,55,0,0,2024-12-02,
GCA_018472725.2,Homo sapiens,human,9606,Mammalia,Primates,Hominidae,Homo,HG01071_pat_hprc_f2,Chromosome,,146382201,92127474,3047759342,74,106,41,91,0,0,2024-09-20,
GCA_044166515.1,Homo sapiens,human,9606,Mammalia,Primates,Hominidae,Homo,HG00272_hap1_hprc_f2,Chromosome,,146364341,108060633,3041251865,74,95,41,68,0,0,2024-10-31,
GCA_042077965.1,Homo sapiens,human,9606,Mammalia,Primates,Hominidae,Homo,HG00290_hap1_hprc_f2,Chromosome,,146334305,105451097,2936962988,71,85,41,63,0,0,2024-09-20,
GCA_042076825.1,Homo sapiens,human,9606,Mammalia,Primates,Hominidae,Homo,HG00321_hap2_hprc_f2,Chromosome,,146310804,134873989,3019984776,56,67,41,61,0,0,2024-09-20,
GCA_042037905.1,Homo sapiens,human,9606,Mammalia,Primates,Hominidae,Homo,HG03041_pat_hprc_f2,Chromosome,,146310541,111138324,3041756498,53,70,41,59,0,0,2024-09-20,
GCA_028858775.3,Pan troglodytes,chimpanzee,9598,Mammalia,Primates,Hominidae,Pan,NHGRI_mPanTro3-v2.1_pri,Chromosome,reference genome,146288486,146288486,3177739762,25,30,40.5,60,0,0,2024-12-09,
GCF_028858775.2,Pan troglodytes,chimpanzee,9598,Mammalia,Primates,Hominidae,Pan,NHGRI_mPanTro3-v2.1_pri,Chromosome,reference genome,146288486,146288486,3177739762,25,30,40.5,60,41789,22561,2024-01-08,GCF_028858775.2-RS_2024_02
GCA_042030705.2,Homo sapiens,human,9606,Mammalia,Primates,Hominidae,Homo,HG00140_hap2_hprc_f2,Chromosome,,146275380,135893483,3045477063,60,71,41,61,0,0,2024-09-19,
GCA_018469685.2,Homo sapiens,human,9606,Mammalia,Primates,Hominidae,Homo,HG01361_mat_hprc_f2,Chromosome,,146264433,132508536,3037723321,86,104,41,120,0,0,2024-09-20,
GCA_016894425.1,Homo sapiens,human,9606,Mammalia,Primates,Hominidae,Homo,ASM1689442v1,Chromosome,,146259670,146259670,146259670,1,1,40,32.4,0,0,2021-02-16,
GCA_042034525.1,Homo sapiens,human,9606,Mammalia,Primates,Hominidae,Homo,NA19185_hap2_hprc_f2,Chromosome,,146246866,130677170,3044095661,58,68,41,60,0,0,2024-09-20,
GCA_046332435.1,Homo sapiens,human,9606,Mammalia,Primates,Hominidae,Homo,ASM4633243v1,Chromosome,,146218127,135991310,2930010287,54,79,41,35.2,0,0,2024-12-27,
GCA_046332325.1,Homo sapiens,human,9606,Mammalia,Primates,Hominidae,Homo,ASM4633232v1,Chromosome,,146198965,112864796,2911939063,50,69,41,38.1,0,0,2024-12-27,
GCA_028885655.3,Pongo abelii,Sumatran orangutan,9601,Mammalia,Primates,Hominidae,Pongo,NHGRI_mPonAbe1-v2.1_pri,Chromosome,reference genome,146197178,146197178,3259853530,29,40,41,89,0,0,2024-01-05,
GCF_028885655.2,Pongo abelii,Sumatran orangutan,9601,Mammalia,Primates,Hominidae,Pongo,NHGRI_mPonAbe1-v2.1_pri,Chromosome,reference genome,146197178,146197178,3259853530,29,40,41,89,41736,22189,2024-01-05,GCF_028885655.2-RS_2024_02
GCA_046056425.1,Homo sapiens,human,9606,Mammalia,Primates,Hominidae,Homo,HG02738_mat_hprc_f2,Chromosome,,146141635,127445586,3038206191,64,78,41,67,0,0,2024-12-13,
GCA_042028065.2,Homo sapiens,human,9606,Mammalia,Primates,Hominidae,Homo,HG02647_mat_hprc_f2,Chromosome,,146107598,133639950,3026836399,72,88,41,60,0,0,2024-09-19,
GCA_044165085.1,Homo sapiens,human,9606,Mammalia,Primates,Hominidae,Homo,NA19776_hap1_hprc_f2,Chromosome,,146097210,112832619,3046644309,78,97,41,62,0,0,2024-10-31,
GCA_042027765.2,Homo sapiens,human,9606,Mammalia,Primates,Hominidae,Homo,HG04184_mat_hprc_f2,Chromosome,,146068781,135217153,3033897226,95,109,41,63,0,0,2024-09-19,
GCA_046116065.1,Homo sapiens,human,9606,Mammalia,Primates,Hominidae,Homo,HG00706_pat_hprc_f2,Chromosome,,145949764,111270799,2932473439,96,110,41,61,0,0,2024-12-16,
GCA_042037155.1,Homo sapiens,human,9606,Mammalia,Primates,Hominidae,Homo,HG00639_mat_hprc_f2,Chromosome,,145941412,98033365,3035647295,79,91,41,64,0,0,2024-09-20,
GCA_018472565.2,Homo sapiens,human,9606,Mammalia,Primates,Hominidae,Homo,HG00673_mat_hprc_f2,Chromosome,,145910189,98753216,3021393957,61,77,41,61,0,0,2024-09-20,
GCA_018472835.2,Homo sapiens,human,9606,Mammalia,Primates,Hominidae,Homo,HG03579_pat_hprc_f2,Chromosome,,145891138,125970107,2943146018,82,102,41,84,0,0,2024-09-20,
GCA_042037875.1,Homo sapiens,human,9606,Mammalia,Primates,Hominidae,Homo,HG01940_pat_hprc_f2,Chromosome,,145868865,133744264,3036230596,71,82,41,63,0,0,2024-09-20,
GCA_042076685.1,Homo sapiens,human,9606,Mammalia,Primates,Hominidae,Homo,HG03874_hap2_hprc_f2,Chromosome,,145858383,135510334,3051230101,67,83,41,62,0,0,2024-09-20,
GCA_046332195.1,Homo sapiens,human,9606,Mammalia,Primates,Hominidae,Homo,ASM4633219v1,Chromosome,,145841060,140401979,2968374987,69,93,41,47.1,0,0,2024-12-27,
GCA_046332285.1,Homo sapiens,human,9606,Mammalia,Primates,Hominidae,Homo,ASM4633228v1,Chromosome,,145777493,120427261,2914544910,62,94,41,35.6,0,0,2024-12-27,
GCA_042031775.1,Homo sapiens,human,9606,Mammalia,Primates,Hominidae,Homo,HG00323_hap2_hprc_f2,Chromosome,,145640313,134304874,3026253502,83,93,41,60,0,0,2024-09-19,
GCA_045523115.1,Homo sapiens,human,9606,Mammalia,Primates,Hominidae,Homo,HG02514_pat_hprc_f2,Chromosome,,145637896,133196295,2933866521,82,95,41,60,0,0,2024-12-02,
GCA_044166665.2,Homo sapiens,human,9606,Mammalia,Primates,Hominidae,Homo,HG00272_hap2_hprc_f2,Chromosome,,145506536,114091217,3040992671,67,96,41,68,0,0,2024-10-31,
GCA_042037625.1,Homo sapiens,human,9606,Mammalia,Primates,Hominidae,Homo,HG03041_mat_hprc_f2,Chromosome,,145461092,134247759,3041669822,63,79,41,59,0,0,2024-09-20,
GCA_046629585.1,Homo sapiens,human,9606,Mammalia,Primates,Hominidae,Homo,NA20827_hap1_hprc_f2,Chromosome,,145458170,133342447,2915641356,42,63,41,49,0,0,2025-01-14,
GCA_046332135.1,Homo sapiens,human,9606,Mammalia,Primates,Hominidae,Homo,ASM4633213v1,Chromosome,,145431912,137101261,2923921428,48,57,41,54.6,0,0,2024-12-27,
GCA_046332185.1,Homo sapiens,human,9606,Mammalia,Primates,Hominidae,Homo,ASM4633218v1,Chromosome,,145421388,135253169,2941018753,56,73,41,49.3,0,0,2024-12-27,
GCA_042037765.1,Homo sapiens,human,9606,Mammalia,Primates,Hominidae,Homo,HG00639_pat_hprc_f2,Chromosome,,145355388,133374946,3019487537,73,83,41,64,0,0,2024-09-20,
GCA_046332485.1,Homo sapiens,human,9606,Mammalia,Primates,Hominidae,Homo,ASM4633248v1,Chromosome,,145305005,136080202,2928042134,51,71,41,40.5,0,0,2024-12-27,
GCA_018466985.2,Homo sapiens,human,9606,Mammalia,Primates,Hominidae,Homo,HG02559_mat_hprc_f2,Chromosome,,145235078,145235078,3033603604,69,76,41,67,0,0,2024-09-20,
GCA_041899965.1,Homo sapiens,human,9606,Mammalia,Primates,Hominidae,Homo,HG03834_pat_hprc_rel2,Chromosome,,145222850,102955487,3042936088,87,111,41,69,0,0,2024-09-11,
GCA_044164705.1,Homo sapiens,human,9606,Mammalia,Primates,Hominidae,Homo,NA19835_hap1_hprc_f2,Chromosome,,145166998,111113045,3025315903,82,95,41,62,0,0,2024-10-31,
GCA_018472705.2,Homo sapiens,human,9606,Mammalia,Primates,Hominidae,Homo,HG01928_pat_hprc_f2,Chromosome,,145123535,135026607,2925221426,71,81,41,90,0,0,2024-09-20,
GCA_046629215.1,Homo sapiens,human,9606,Mammalia,Primates,Hominidae,Homo,NA20762_hap1_hprc_f2,Chromosome,,145027085,134730260,2910590402,32,49,41,46,0,0,2025-01-14,
GCA_042029385.1,Homo sapiens,human,9606,Mammalia,Primates,Hominidae,Homo,HG04199_mat_hprc_f2,Chromosome,,144520206,137661311,3027932758,82,92,41,68,0,0,2024-09-19,
GCA_042027665.2,Homo sapiens,human,9606,Mammalia,Primates,Hominidae,Homo,HG01884_mat_hprc_f2,Chromosome,,143688517,103201472,3057337446,82,101,41,60,0,0,2024-09-19,
GCA_042036435.1,Homo sapiens,human,9606,Mammalia,Primates,Hominidae,Homo,HG02071_pat_hprc_f2,Chromosome,,143685523,133658670,2921041254,110,120,41,70,0,0,2024-09-20,
GCA_042028145.1,Homo sapiens,human,9606,Mammalia,Primates,Hominidae,Homo,HG03927_mat_hprc_f2,Chromosome,,143670156,128806727,3033429154,94,108,41,60,0,0,2024-09-19,
GCA_042028845.1,Homo sapiens,human,9606,Mammalia,Primates,Hominidae,Homo,HG03927_pat_hprc_f2,Chromosome,,143661611,117143061,3052668953,113,132,41,60,0,0,2024-09-19,
GCA_028885625.3,Pongo pygmaeus,Bornean orangutan,9600,Mammalia,Primates,Hominidae,Pongo,NHGRI_mPonPyg2-v2.1_pri,Chromosome,reference genome,143261986,140592248,3220935163,25,33,41,54,0,0,2024-01-08,
GCF_028885625.2,Pongo pygmaeus,Bornean orangutan,9600,Mammalia,Primates,Hominidae,Pongo,NHGRI_mPonPyg2-v2.1_pri,Chromosome,reference genome,143261986,140592248,3220935163,25,33,41,54,37497,22085,2024-01-08,GCF_028885625.2-RS_2024_02
GCA_042037925.1,Homo sapiens,human,9606,Mammalia,Primates,Hominidae,Homo,HG03239_pat_hprc_f2,Chromosome,,143097122,133179805,3025605445,71,84,41,61,0,0,2024-09-20,
GCA_018472605.2,Homo sapiens,human,9606,Mammalia,Primates,Hominidae,Homo,HG00621_mat_hprc_f2,Chromosome,,142875830,142875830,3022730155,55,59,41,58,0,0,2024-09-20,
GCA_042027545.1,Homo sapiens,human,9606,Mammalia,Primates,Hominidae,Homo,HG00609_pat_hprc_f2,Chromosome,,142518968,137300752,2934102778,94,108,41,69,0,0,2024-09-19,
GCA_016700455.2,Homo sapiens,human,9606,Mammalia,Primates,Hominidae,Homo,mHomSap3.pat,Chromosome,,142230338,13671004,2744463177,994,2165,41,73.27,0,0,2021-01-19,
GCA_014905855.1,Homo sapiens,human,9606,Mammalia,Primates,Hominidae,Homo,ASM1490585v1,Chromosome,,141953703,23601496,3085766330,623,1070,41,1167,0,0,2020-09-26,
GCA_020497115.1,Homo sapiens,human,9606,Mammalia,Primates,Hominidae,Homo,PGP1v1,Chromosome,,141933136,24698710,3016802955,3880,5816,41,85,0,0,2021-10-14,
GCA_015476435.1,Homo sapiens,human,9606,Mammalia,Primates,Hominidae,Homo,HC1-N,Chromosome,,141840420,5215207,2953486705,5272,7984,41,100,0,0,2020-11-16,
GCA_042076675.1,Homo sapiens,human,9606,Mammalia,Primates,Hominidae,Homo,HG00544_pat_hprc_f2,Chromosome,,141486743,137486831,3012861499,61,68,41,67,0,0,2024-09-20,
GCA_018505845.3,Homo sapiens,human,9606,Mammalia,Primates,Hominidae,Homo,HG03492_mat_hprc_f2,Chromosome,,141322252,99900848,3032649500,75,95,41,76,0,0,2025-08-06,
GCA_042030015.1,Homo sapiens,human,9606,Mammalia,Primates,Hominidae,Homo,HG04199_pat_hprc_f2,Chromosome,,141293537,128696179,2928958187,96,113,41,68,0,0,2024-09-19,
GCA_042031325.1,Homo sapiens,human,9606,Mammalia,Primates,Hominidae,Homo,NA18522_hap1_hprc_f2,Chromosome,,141194160,109263211,2946461234,86,98,41,67,0,0,2024-09-19,
GCA_042028635.1,Homo sapiens,human,9606,Mammalia,Primates,Hominidae,Homo,HG04184_pat_hprc_f2,Chromosome,,141004403,119895189,3041286288,102,124,41,63,0,0,2024-09-19,
GCA_041900365.1,Homo sapiens,human,9606,Mammalia,Primates,Hominidae,Homo,HG00597_pat_hprc_rel2,Chromosome,,140945340,136110441,3027440921,81,94,41,66,0,0,2024-09-11,
GCA_028858805.2,Pan troglodytes,chimpanzee,9598,Mammalia,Primates,Hominidae,Pan,NHGRI_mPanTro3-v2.0_alt,Chromosome,,140842815,140842815,2998472174,23,28,40.5,60,0,0,2024-01-08,
GCA_042031165.1,Homo sapiens,human,9606,Mammalia,Primates,Hominidae,Homo,HG02922_hap1_hprc_f2,Chromosome,,140797485,135038399,3054779426,96,112,41,64,0,0,2024-09-19,
GCA_045999905.1,Homo sapiens,human,9606,Mammalia,Primates,Hominidae,Homo,HG01975_mat_hprc_f2,Chromosome,,140668322,112315213,3040111072,91,104,41,63,0,0,2024-12-11,
GCA_042037555.1,Homo sapiens,human,9606,Mammalia,Primates,Hominidae,Homo,HG01969_mat_hprc_f2,Chromosome,,140632703,133766909,3030795866,61,73,41,59,0,0,2024-09-20,
GCA_028885685.2,Pongo abelii,Sumatran orangutan,9601,Mammalia,Primates,Hominidae,Pongo,NHGRI_mPonAbe1-v2.0_alt,Chromosome,,140600164,140600164,3000996708,48,58,41,89,0,0,2024-01-05,
GCA_043304965.1,Homo sapiens,human,9606,Mammalia,Primates,Hominidae,Homo,HG03470_hap2_hprc_f2,Chromosome,,140582321,134030441,3042614938,68,82,41,70,0,0,2024-10-17,
GCA_028885525.2,Pongo pygmaeus,Bornean orangutan,9600,Mammalia,Primates,Hominidae,Pongo,NHGRI_mPonPyg2-v2.0_alt,Chromosome,,140580864,137913290,3007136161,33,43,41,54,0,0,2024-01-08,
GCA_042076565.1,Homo sapiens,human,9606,Mammalia,Primates,Hominidae,Homo,HG00544_mat_hprc_f2,Chromosome,,140541327,139361540,3027909530,61,70,41,67,0,0,2024-09-20,
GCA_018471105.2,Homo sapiens,human,9606,Mammalia,Primates,Hominidae,Homo,HG00741_pat_hprc_f2,Chromosome,,140510613,105155120,3034007608,80,103,41,62,0,0,2024-09-20,
GCA_042076865.1,Homo sapiens,human,9606,Mammalia,Primates,Hominidae,Homo,NA21106_hap2_hprc_f2,Chromosome,,140503124,133172463,3033271007,59,70,41,63,0,0,2024-09-20,
GCA_042027595.1,Homo sapiens,human,9606,Mammalia,Primates,Hominidae,Homo,HG01496_pat_hprc_f2,Chromosome,,140490222,132703900,3050536339,105,124,41,63,0,0,2024-09-19,
GCA_042038875.1,Homo sapiens,human,9606,Mammalia,Primates,Hominidae,Homo,HG01934_pat_hprc_f2,Chromosome,,140471924,134403041,2938221349,103,114,41,78,0,0,2024-09-20,
GCA_018470455.2,Homo sapiens,human,9606,Mammalia,Primates,Hominidae,Homo,HG02886_mat_hprc_f2,Chromosome,,140096138,91967322,3038223051,111,129,41,55,0,0,2024-09-20,
GCA_018469665.2,Homo sapiens,human,9606,Mammalia,Primates,Hominidae,Homo,HG01123_mat_hprc_f2,Chromosome,,140089099,126989935,3022209588,57,74,41,72,0,0,2024-09-20,
GCA_018471095.2,Homo sapiens,human,9606,Mammalia,Primates,Hominidae,Homo,HG00741_mat_hprc_f2,Chromosome,,140079229,109510415,3052185434,72,91,41,62,0,0,2024-09-20,
GCA_043304535.1,Homo sapiens,human,9606,Mammalia,Primates,Hominidae,Homo,HG03139_hap2_hprc_f2,Chromosome,,139868663,134609164,3033477337,67,74,41,62,0,0,2024-10-17,
GCA_042030115.1,Homo sapiens,human,9606,Mammalia,Primates,Hominidae,Homo,HG02523_pat_hprc_f2,Chromosome,,139692652,134236179,3025983784,105,113,41,66,0,0,2024-09-19,
GCA_042026535.1,Homo sapiens,human,9606,Mammalia,Primates,Hominidae,Homo,HG03704_mat_hprc_f2,Chromosome,,139568241,118012399,3041305379,63,79,41,57,0,0,2024-09-19,
GCA_042038345.1,Homo sapiens,human,9606,Mammalia,Primates,Hominidae,Homo,HG01934_mat_hprc_f2,Chromosome,,139511608,129211965,3020697475,86,97,41,78,0,0,2024-09-20,
GCA_042036515.1,Homo sapiens,human,9606,Mammalia,Primates,Hominidae,Homo,HG03804_pat_hprc_f2,Chromosome,,139497053,133426588,3034033633,79,94,41,70,0,0,2024-09-20,
GCA_042036285.1,Homo sapiens,human,9606,Mammalia,Primates,Hominidae,Homo,HG03804_mat_hprc_f2,Chromosome,,139467863,130919272,3049855180,108,125,41,70,0,0,2024-09-20,
GCA_042076455.1,Homo sapiens,human,9606,Mammalia,Primates,Hominidae,Homo,HG03225_hap1_hprc_f2,Chromosome,,139309162,133272142,2942097360,77,91,41,75,0,0,2024-09-20,
GCA_046056435.1,Homo sapiens,human,9606,Mammalia,Primates,Hominidae,Homo,HG02738_pat_hprc_f2,Chromosome,,139154523,112818513,2927203238,86,98,41,67,0,0,2024-12-13,
GCA_044165925.1,Homo sapiens,human,9606,Mammalia,Primates,Hominidae,Homo,HG03369_hap1_hprc_f2,Chromosome,,138866811,108190518,3042981283,66,76,41,62,0,0,2024-10-31,
GCA_045524245.1,Homo sapiens,human,9606,Mammalia,Primates,Hominidae,Homo,HG03050_pat_hprc_f2,Chromosome,,138774716,124502371,2928019044,98,108,41,55,0,0,2024-12-02,
GCA_042036255.1,Homo sapiens,human,9606,Mammalia,Primates,Hominidae,Homo,HG02809_mat_hprc_f2,Chromosome,,138710879,133532687,3031047894,83,91,41,74,0,0,2024-09-20,
GCA_018504085.2,Homo sapiens,human,9606,Mammalia,Primates,Hominidae,Homo,HG02080_mat_hprc_f2,Chromosome,,138698082,125688124,3038058923,103,119,41,62,0,0,2024-10-17,
GCA_042034335.1,Homo sapiens,human,9606,Mammalia,Primates,Hominidae,Homo,NA19087_hap1_hprc_f2,Chromosome,,138694996,138694996,3050288669,93,103,41,67,0,0,2024-09-20,
GCA_018505825.3,Homo sapiens,human,9606,Mammalia,Primates,Hominidae,Homo,HG02109_mat_hprc_f2,Chromosome,,138680953,106726885,3032667747,73,84,41,71,0,0,2024-10-17,
GCA_042028275.1,Homo sapiens,human,9606,Mammalia,Primates,Hominidae,Homo,HG01884_pat_hprc_f2,Chromosome,,138633847,130751236,3040759426,89,100,41,60,0,0,2024-09-19,
GCA_042035195.1,Homo sapiens,human,9606,Mammalia,Primates,Hominidae,Homo,NA19338_hap1_hprc_f2,Chromosome,,138588803,108961022,3043521817,76,94,41,63,0,0,2024-09-20,
GCA_042037825.1,Homo sapiens,human,9606,Mammalia,Primates,Hominidae,Homo,HG01081_pat_hprc_f2,Chromosome,,138401026,126116857,3034790068,79,88,41,61,0,0,2024-09-20,
GCA_046000115.1,Homo sapiens,human,9606,Mammalia,Primates,Hominidae,Homo,HG04187_pat_hprc_f2,Chromosome,,138394246,111391340,2916304162,112,125,41,66,0,0,2024-12-11,
GCA_018504065.2,Homo sapiens,human,9606,Mammalia,Primates,Hominidae,Homo,HG02723_mat_hprc_f2,Chromosome,,138300147,110993309,3036416205,64,76,41,89,0,0,2024-10-17,
GCA_018503245.2,Homo sapiens,human,9606,Mammalia,Primates,Hominidae,Homo,HG03486_pat_hprc_f2,Chromosome,,138279518,106244626,3055461096,124,146,41,48,0,0,2024-10-17,
GCA_045524125.1,Homo sapiens,human,9606,Mammalia,Primates,Hominidae,Homo,HG02984_pat_hprc_f2,Chromosome,,138260617,134573075,2922783173,70,84,41,65,0,0,2024-12-02,
GCA_042034585.1,Homo sapiens,human,9606,Mammalia,Primates,Hominidae,Homo,NA19338_hap2_hprc_f2,Chromosome,,138201436,111001097,3047748106,74,86,41,63,0,0,2024-09-20,
GCA_042034325.1,Homo sapiens,human,9606,Mammalia,Primates,Hominidae,Homo,HG03742_hap1_hprc_f2,Chromosome,,138119534,101605781,2947572195,93,111,41,63,0,0,2024-09-20,
GCA_042037355.1,Homo sapiens,human,9606,Mammalia,Primates,Hominidae,Homo,HG01150_mat_hprc_f2,Chromosome,,138005898,134675934,3032062714,55,68,41,67,0,0,2024-09-20,
GCA_043304515.1,Homo sapiens,human,9606,Mammalia,Primates,Hominidae,Homo,NA20805_hap2_hprc_f2,Chromosome,,137926097,137509463,3029610539,88,97,41,58,0,0,2024-10-17,
GCA_042076665.1,Homo sapiens,human,9606,Mammalia,Primates,Hominidae,Homo,HG00423_pat_hprc_f2,Chromosome,,137865197,129131645,3037753962,68,84,41,61,0,0,2024-09-20,
GCA_042077085.1,Homo sapiens,human,9606,Mammalia,Primates,Hominidae,Homo,NA19700_hap1_hprc_f2,Chromosome,,137835423,134937965,2949058313,64,76,41,61,0,0,2024-09-20,
GCA_042027145.1,Homo sapiens,human,9606,Mammalia,Primates,Hominidae,Homo,HG01496_mat_hprc_f2,Chromosome,,137762049,122921261,3041822242,49,63,41,63,0,0,2024-09-19,
GCA_043305115.1,Homo sapiens,human,9606,Mammalia,Primates,Hominidae,Homo,HG03470_hap1_hprc_f2,Chromosome,,137645245,111051675,3042147490,94,102,41,70,0,0,2024-10-17,
GCA_044166395.1,Homo sapiens,human,9606,Mammalia,Primates,Hominidae,Homo,NA18565_hap1_hprc_f2,Chromosome,,137643465,105595841,3034051429,86,110,41,63,0,0,2024-10-31,
GCA_042077305.1,Homo sapiens,human,9606,Mammalia,Primates,Hominidae,Homo,NA18620_hap2_hprc_f2,Chromosome,,137595772,133930769,3038440209,110,120,41,68,0,0,2024-09-20,
GCA_018472575.2,Homo sapiens,human,9606,Mammalia,Primates,Hominidae,Homo,HG00621_pat_hprc_f2,Chromosome,,137559864,136121883,2916144033,73,83,41,58,0,0,2024-09-20,
GCA_042029485.1,Homo sapiens,human,9606,Mammalia,Primates,Hominidae,Homo,HG03710_mat_hprc_f2,Chromosome,,137540951,134067740,3025764950,69,74,41,77,0,0,2024-09-19,
GCA_042078025.1,Homo sapiens,human,9606,Mammalia,Primates,Hominidae,Homo,HG00128_hap1_hprc_f2,Chromosome,,137537084,111859824,3056461595,78,94,41,66,0,0,2024-09-20,
GCA_042034315.1,Homo sapiens,human,9606,Mammalia,Primates,Hominidae,Homo,HG02391_hap1_hprc_f2,Chromosome,,137468109,133373571,2943401465,109,113,41,59,0,0,2024-09-20,
GCA_018472845.2,Homo sapiens,human,9606,Mammalia,Primates,Hominidae,Homo,HG01978_mat_hprc_f2,Chromosome,,137222114,133960273,3036541936,82,92,41,87,0,0,2024-09-20,
GCA_018471085.2,Homo sapiens,human,9606,Mammalia,Primates,Hominidae,Homo,HG01175_mat_hprc_f2,Chromosome,,137217898,126946641,3038252594,58,73,41,62,0,0,2024-09-20,
GCA_042034345.1,Homo sapiens,human,9606,Mammalia,Primates,Hominidae,Homo,NA18570_hap1_hprc_f2,Chromosome,,137210850,128660614,3030693438,100,112,41,66,0,0,2024-09-20,
GCA_043304645.1,Homo sapiens,human,9606,Mammalia,Primates,Hominidae,Homo,HG03139_hap1_hprc_f2,Chromosome,,137185745,124942138,2936552828,64,77,41,62,0,0,2024-10-17,
GCA_042077005.1,Homo sapiens,human,9606,Mammalia,Primates,Hominidae,Homo,NA21106_hap1_hprc_f2,Chromosome,,137179791,130533233,3018663442,61,77,41,63,0,0,2024-09-20,
GCA_042029905.1,Homo sapiens,human,9606,Mammalia,Primates,Hominidae,Homo,HG02523_mat_hprc_f2,Chromosome,,137169833,133531697,3034593747,59,68,41,66,0,0,2024-09-19,
GCA_043304975.1,Homo sapiens,human,9606,Mammalia,Primates,Hominidae,Homo,NA20805_hap1_hprc_f2,Chromosome,,137148065,137148065,2920853688,89,107,41,58,0,0,2024-10-17,
GCA_018469945.2,Homo sapiens,human,9606,Mammalia,Primates,Hominidae,Homo,HG02630_pat_hprc_f2,Chromosome,,137141014,96042229,3055623940,134,161,41,58,0,0,2024-10-17,
GCA_042076885.1,Homo sapiens,human,9606,Mammalia,Primates,Hominidae,Homo,NA19700_hap2_hprc_f2,Chromosome,,137138020,132182243,3018296640,55,65,41,61,0,0,2024-09-20,
GCA_042026475.1,Homo sapiens,human,9606,Mammalia,Primates,Hominidae,Homo,HG02451_mat_hprc_f2,Chromosome,,137110937,133427943,3026412175,78,88,41,63,0,0,2024-09-19,
GCA_044164665.1,Homo sapiens,human,9606,Mammalia,Primates,Hominidae,Homo,NA19682_hap2_hprc_f2,Chromosome,,137038241,133337158,3035885272,71,79,41,63,0,0,2024-10-31,
GCA_042037705.1,Homo sapiens,human,9606,Mammalia,Primates,Hominidae,Homo,HG03239_mat_hprc_f2,Chromosome,,137030409,125553825,3015245153,67,83,41,61,0,0,2024-09-20,
GCA_042028775.1,Homo sapiens,human,9606,Mammalia,Primates,Hominidae,Homo,HG02647_pat_hprc_f2,Chromosome,,137020912,103191339,2943616750,127,140,41,60,0,0,2024-09-19,
GCA_018852585.2,Homo sapiens,human,9606,Mammalia,Primates,Hominidae,Homo,HG02145_mat_hprc_f2,Chromosome,,136921572,133325902,3039211445,103,113,41,81,0,0,2024-12-11,
GCA_044166095.1,Homo sapiens,human,9606,Mammalia,Primates,Hominidae,Homo,HG03784_hap1_hprc_f2,Chromosome,,136886162,110432423,3053320161,92,115,41,62,0,0,2024-10-31,
GCA_042029495.1,Homo sapiens,human,9606,Mammalia,Primates,Hominidae,Homo,HG02698_mat_hprc_f2,Chromosome,,136857623,134010116,3037116985,65,77,41,71,0,0,2024-09-19,
GCA_042032565.1,Homo sapiens,human,9606,Mammalia,Primates,Hominidae,Homo,HG02165_hap1_hprc_f2,Chromosome,,136749502,134102951,3039901087,81,94,41,65,0,0,2024-09-19,
GCA_018471545.2,Homo sapiens,human,9606,Mammalia,Primates,Hominidae,Homo,HG01952_mat_hprc_f2,Chromosome,,136727744,112193775,3023430987,66,78,41,59,0,0,2024-09-20,
GCA_042032555.1,Homo sapiens,human,9606,Mammalia,Primates,Hominidae,Homo,HG02040_hap1_hprc_f2,Chromosome,,136713237,120123898,2937497056,79,90,41,65,0,0,2024-09-19,
GCA_018469865.2,Homo sapiens,human,9606,Mammalia,Primates,Hominidae,Homo,HG01358_mat_hprc_f2,Chromosome,,136686401,106560555,3037322176,80,96,41,60,0,0,2024-09-20,
GCA_042037225.1,Homo sapiens,human,9606,Mammalia,Primates,Hominidae,Homo,HG01081_mat_hprc_f2,Chromosome,,136586003,113771190,3046385061,68,79,41,61,0,0,2024-09-20,
GCA_044164745.1,Homo sapiens,human,9606,Mammalia,Primates,Hominidae,Homo,HG00097_hap2_hprc_f2,Chromosome,,136532944,119660345,3042538325,61,94,41,64,0,0,2024-10-31,
GCA_042031355.1,Homo sapiens,human,9606,Mammalia,Primates,Hominidae,Homo,HG03209_hap2_hprc_f2,Chromosome,,136513831,133294904,3038043089,73,87,41,63,0,0,2024-09-19,
GCA_042031805.1,Homo sapiens,human,9606,Mammalia,Primates,Hominidae,Homo,HG02040_hap2_hprc_f2,Chromosome,,136434176,107506565,3039435323,67,85,41,65,0,0,2024-09-19,
GCA_042028875.1,Homo sapiens,human,9606,Mammalia,Primates,Hominidae,Homo,HG03669_mat_hprc_f2,Chromosome,,136413511,122374351,3029858464,76,88,41,72,0,0,2024-09-19,
GCA_018471065.2,Homo sapiens,human,9606,Mammalia,Primates,Hominidae,Homo,HG01175_pat_hprc_f2,Chromosome,,136393325,133490652,3033390826,69,83,41,62,0,0,2024-09-20,
GCA_041899975.1,Homo sapiens,human,9606,Mammalia,Primates,Hominidae,Homo,HG02258_pat_hprc_rel2,Chromosome,,136342499,98166087,2940836153,73,89,41,63,0,0,2024-09-11,
GCA_042034195.1,Homo sapiens,human,9606,Mammalia,Primates,Hominidae,Homo,HG03742_hap2_hprc_f2,Chromosome,,136321951,110344908,3055789294,82,95,41,63,0,0,2024-09-20,
GCA_900086635.1,Pongo pygmaeus,Bornean orangutan,9600,Mammalia,Primates,Hominidae,Pongo,NGS12,Chromosome,,136302887,17285,136302887,1,13874,40.5,30,0,0,2016-07-09,
GCA_046000005.1,Homo sapiens,human,9606,Mammalia,Primates,Hominidae,Homo,NA18879_hap1_hprc_f2,Chromosome,,136286965,134928668,2957105898,92,105,41,64,0,0,2024-12-11,
GCA_042037975.1,Homo sapiens,human,9606,Mammalia,Primates,Hominidae,Homo,HG00658_pat_hprc_f2,Chromosome,,136217396,100099542,2934086275,127,147,41,68,0,0,2024-09-20,
GCA_042038595.1,Homo sapiens,human,9606,Mammalia,Primates,Hominidae,Homo,HG03017_mat_hprc_f2,Chromosome,,136198776,129672142,3031231766,88,100,41,62,0,0,2024-09-20,
GCA_018469695.2,Homo sapiens,human,9606,Mammalia,Primates,Hominidae,Homo,HG01123_pat_hprc_f2,Chromosome,,136179005,106405428,3020299646,79,95,41,72,0,0,2024-09-20,
GCA_042034285.1,Homo sapiens,human,9606,Mammalia,Primates,Hominidae,Homo,HG01530_hap1_hprc_f2,Chromosome,,136171873,112004102,2929677415,90,109,41,60,0,0,2024-09-20,
GCA_042076855.1,Homo sapiens,human,9606,Mammalia,Primates,Hominidae,Homo,NA19443_hap1_hprc_f2,Chromosome,,136159698,133122227,2958934336,95,110,41,63,0,0,2024-09-20,
GCA_042030135.1,Homo sapiens,human,9606,Mammalia,Primates,Hominidae,Homo,HG02083_pat_hprc_f2,Chromosome,,136150118,106533774,2949481628,75,90,41,65,0,0,2024-09-19,
GCA_042034505.1,Homo sapiens,human,9606,Mammalia,Primates,Hominidae,Homo,NA19087_hap2_hprc_f2,Chromosome,,136077604,134578797,3039410865,72,85,41,67,0,0,2024-09-20,
GCA_042077885.1,Homo sapiens,human,9606,Mammalia,Primates,Hominidae,Homo,HG00128_hap2_hprc_f2,Chromosome,,136057803,128757022,3025361343,71,98,41,66,0,0,2024-09-20,
GCA_018469935.2,Homo sapiens,human,9606,Mammalia,Primates,Hominidae,Homo,HG02717_mat_hprc_f2,Chromosome,,136054812,135844052,3046045286,75,84,41,82,0,0,2024-09-20,
GCA_042029645.1,Homo sapiens,human,9606,Mammalia,Primates,Hominidae,Homo,HG02132_mat_hprc_f2,Chromosome,,136039179,103264327,3031314152,79,92,41,67,0,0,2024-09-19,
GCA_042077995.1,Homo sapiens,human,9606,Mammalia,Primates,Hominidae,Homo,HG00146_hap1_hprc_f2,Chromosome,,135982360,135982360,3008366934,97,106,41,73,0,0,2024-09-20,
GCA_018503275.3,Homo sapiens,human,9606,Mammalia,Primates,Hominidae,Homo,NA19240_mat_hprc_f2,Chromosome,,135978293,92183995,3024634577,64,87,41,47,0,0,2024-12-11,
GCA_046116025.1,Homo sapiens,human,9606,Mammalia,Primates,Hominidae,Homo,HG03816_pat_hprc_f2,Chromosome,,135920409,133405611,3043861278,79,94,41,60,0,0,2024-12-16,
GCA_042077625.1,Homo sapiens,human,9606,Mammalia,Primates,Hominidae,Homo,NA18608_hap1_hprc_f2,Chromosome,,135916283,134878745,2939438464,61,68,41,62,0,0,2024-09-20,
GCA_044166535.1,Homo sapiens,human,9606,Mammalia,Primates,Hominidae,Homo,NA20850_hap1_hprc_f2,Chromosome,,135901129,133127859,2925557644,73,86,41,61,0,0,2024-10-31,
GCA_042077025.1,Homo sapiens,human,9606,Mammalia,Primates,Hominidae,Homo,NA21093_hap1_hprc_f2,Chromosome,,135893399,98090427,2954194670,99,119,41,63,0,0,2024-09-20,
GCA_044165725.1,Homo sapiens,human,9606,Mammalia,Primates,Hominidae,Homo,NA18565_hap2_hprc_f2,Chromosome,,135869566,111681782,3022407735,70,79,41,63,0,0,2024-10-31,
GCA_018469965.2,Homo sapiens,human,9606,Mammalia,Primates,Hominidae,Homo,HG01358_pat_hprc_f2,Chromosome,,135856640,134471244,2937739660,83,92,41,60,0,0,2024-09-20,
GCA_018467005.2,Homo sapiens,human,9606,Mammalia,Primates,Hominidae,Homo,HG02486_pat_hprc_f2,Chromosome,,135843703,102882194,2934042468,59,75,41,64,0,0,2024-09-20,
GCA_018470425.2,Homo sapiens,human,9606,Mammalia,Primates,Hominidae,Homo,HG02717_pat_hprc_f2,Chromosome,,135824751,101243250,2945414934,86,106,41,82,0,0,2024-09-20,
GCA_042076985.1,Homo sapiens,human,9606,Mammalia,Primates,Hominidae,Homo,HG02583_hap1_hprc_f2,Chromosome,,135799517,133766385,3068129497,72,87,41,65,0,0,2024-09-20,
GCA_044165335.1,Homo sapiens,human,9606,Mammalia,Primates,Hominidae,Homo,NA19835_hap2_hprc_f2,Chromosome,,135754460,111688029,3034438376,76,88,41,62,0,0,2024-10-31,
GCA_044166645.1,Homo sapiens,human,9606,Mammalia,Primates,Hominidae,Homo,HG03521_hap2_hprc_f2,Chromosome,,135707127,135707127,3097148207,89,99,41,67,0,0,2024-10-31,
GCA_018504075.2,Homo sapiens,human,9606,Mammalia,Primates,Hominidae,Homo,HG02723_pat_hprc_f2,Chromosome,,135704109,102291905,3043950469,80,103,41,89,0,0,2024-10-17,
GCA_042034465.1,Homo sapiens,human,9606,Mammalia,Primates,Hominidae,Homo,NA18570_hap2_hprc_f2,Chromosome,,135682654,134954340,3036353878,62,76,41,66,0,0,2024-09-20,
GCA_042038095.1,Homo sapiens,human,9606,Mammalia,Primates,Hominidae,Homo,HG01252_mat_hprc_f2,Chromosome,,135676466,114546763,3036090096,74,87,41,58,0,0,2024-09-20,
GCA_042027065.1,Homo sapiens,human,9606,Mammalia,Primates,Hominidae,Homo,HG01981_mat_hprc_f2,Chromosome,,135672165,135373843,3035409281,76,87,41,63,0,0,2024-09-19,
GCA_042038885.1,Homo sapiens,human,9606,Mammalia,Primates,Hominidae,Homo,HG03017_pat_hprc_f2,Chromosome,,135653034,108272113,2944823524,77,93,41,62,0,0,2024-09-20,
GCA_042027505.1,Homo sapiens,human,9606,Mammalia,Primates,Hominidae,Homo,HG01981_pat_hprc_f2,Chromosome,,135646472,111442317,3048266136,79,94,41,63,0,0,2024-09-19,
GCA_042038865.1,Homo sapiens,human,9606,Mammalia,Primates,Hominidae,Homo,HG01252_pat_hprc_f2,Chromosome,,135644138,135644138,2927093043,68,71,41,58,0,0,2024-09-20,
GCA_018469955.3,Homo sapiens,human,9606,Mammalia,Primates,Hominidae,Homo,HG02630_mat_hprc_f2,Chromosome,,135613090,96214595,3035795675,98,126,41,58,0,0,2024-10-17,
GCA_042036805.1,Homo sapiens,human,9606,Mammalia,Primates,Hominidae,Homo,HG04160_pat_hprc_f2,Chromosome,,135604956,131792052,2951772771,108,123,41,59,0,0,2024-09-20,
GCA_041900135.2,Homo sapiens,human,9606,Mammalia,Primates,Hominidae,Homo,HG02258_mat_hprc_rel2,Chromosome,,135602307,107671399,3044679122,62,77,41,63,0,0,2024-09-11,
GCA_042029545.1,Homo sapiens,human,9606,Mammalia,Primates,Hominidae,Homo,HG03688_mat_hprc_f2,Chromosome,,135595487,98811830,3038126278,96,107,41,62,0,0,2024-09-19,
GCA_042027475.1,Homo sapiens,human,9606,Mammalia,Primates,Hominidae,Homo,HG01099_pat_hprc_f2,Chromosome,,135591016,123794045,2919563000,80,99,41,64,0,0,2024-09-19,
GCA_046000045.1,Homo sapiens,human,9606,Mammalia,Primates,Hominidae,Homo,NA18612_hap1_hprc_f2,Chromosome,,135560953,106856053,2950353362,101,124,41,60,0,0,2024-12-11,
GCA_042077575.1,Homo sapiens,human,9606,Mammalia,Primates,Hominidae,Homo,NA18974_hap1_hprc_f2,Chromosome,,135549307,134249167,2968912520,118,128,41,82,0,0,2024-09-20,
GCA_042028835.1,Homo sapiens,human,9606,Mammalia,Primates,Hominidae,Homo,HG00738_pat_hprc_f2,Chromosome,,135521074,133429102,2915362507,93,107,41,69,0,0,2024-09-19,
GCA_042077475.1,Homo sapiens,human,9606,Mammalia,Primates,Hominidae,Homo,NA21110_hap1_hprc_f2,Chromosome,,135513929,133815977,3030281100,68,76,41,62,0,0,2024-09-20,
GCA_018505865.2,Homo sapiens,human,9606,Mammalia,Primates,Hominidae,Homo,HG02109_pat_hprc_f2,Chromosome,,135493725,97869362,3035503866,109,127,41,71,0,0,2024-10-17,
GCA_042032115.1,Homo sapiens,human,9606,Mammalia,Primates,Hominidae,Homo,HG02165_hap2_hprc_f2,Chromosome,,135478579,134846101,3033776997,72,83,41,65,0,0,2024-09-19,
GCA_042028725.1,Homo sapiens,human,9606,Mammalia,Primates,Hominidae,Homo,HG03831_pat_hprc_f2,Chromosome,,135456634,101021022,3033693090,82,94,41,76,0,0,2024-09-19,
GCA_044166585.1,Homo sapiens,human,9606,Mammalia,Primates,Hominidae,Homo,NA20282_hap1_hprc_f2,Chromosome,,135447653,111638666,3049741901,78,94,41,70,0,0,2024-10-31,
GCA_042036535.1,Homo sapiens,human,9606,Mammalia,Primates,Hominidae,Homo,HG04157_pat_hprc_f2,Chromosome,,135444183,102096646,2947111749,130,152,41,60,0,0,2024-09-20,
GCA_042036395.1,Homo sapiens,human,9606,Mammalia,Primates,Hominidae,Homo,HG04160_mat_hprc_f2,Chromosome,,135436670,102731640,3024215338,77,92,41,59,0,0,2024-09-20,
GCA_044166805.1,Homo sapiens,human,9606,Mammalia,Primates,Hominidae,Homo,HG00253_hap1_hprc_f2,Chromosome,,135426305,133597816,3032885449,82,100,41,65,0,0,2024-10-31,
GCA_042037885.1,Homo sapiens,human,9606,Mammalia,Primates,Hominidae,Homo,HG01969_pat_hprc_f2,Chromosome,,135424007,134098084,3027524738,84,91,41,59,0,0,2024-09-20,
GCA_042077985.1,Homo sapiens,human,9606,Mammalia,Primates,Hominidae,Homo,HG00232_hap1_hprc_f2,Chromosome,,135396448,105700205,3034419784,69,87,41,62,0,0,2024-09-20,
GCA_044165125.1,Homo sapiens,human,9606,Mammalia,Primates,Hominidae,Homo,NA19682_hap1_hprc_f2,Chromosome,,135394871,132631459,2928664823,64,71,41,63,0,0,2024-10-31,
GCA_042077465.1,Homo sapiens,human,9606,Mammalia,Primates,Hominidae,Homo,HG03270_hap2_hprc_f2,Chromosome,,135393057,135052193,3031178199,77,84,41,65,0,0,2024-09-20,
GCA_042028645.1,Homo sapiens,human,9606,Mammalia,Primates,Hominidae,Homo,HG01433_pat_hprc_f2,Chromosome,,135391092,118529733,2963613904,100,111,41,68,0,0,2024-09-19,
GCA_043304655.1,Homo sapiens,human,9606,Mammalia,Primates,Hominidae,Homo,HG02155_hap2_hprc_f2,Chromosome,,135378190,108931499,3032891435,81,98,41,68,0,0,2024-10-17,
GCA_018506945.2,Homo sapiens,human,9606,Mammalia,Primates,Hominidae,Homo,HG005_pat_hprc_f2,Chromosome,,135360093,107334447,2936560154,110,126,41,57,0,0,2024-12-13,
GCA_042028945.1,Homo sapiens,human,9606,Mammalia,Primates,Hominidae,Homo,HG04115_mat_hprc_f2,Chromosome,,135357399,112305080,3058096967,98,112,41,69,0,0,2024-09-19,
GCA_018471345.2,Homo sapiens,human,9606,Mammalia,Primates,Hominidae,Homo,HG01106_mat_hprc_f2,Chromosome,,135354631,109892213,3026689161,83,98,41,56,0,0,2024-09-20,
GCA_042077735.1,Homo sapiens,human,9606,Mammalia,Primates,Hominidae,Homo,HG00290_hap2_hprc_f2,Chromosome,,135341326,135341326,3023881521,56,64,41,63,0,0,2024-09-20,
GCA_042034155.1,Homo sapiens,human,9606,Mammalia,Primates,Hominidae,Homo,HG02391_hap2_hprc_f2,Chromosome,,135338140,111115736,3051980980,69,81,41,59,0,0,2024-09-20,
GCA_042026455.1,Homo sapiens,human,9606,Mammalia,Primates,Hominidae,Homo,HG02293_mat_hprc_f2,Chromosome,,135336959,114378716,3053498592,104,125,41,62,0,0,2024-09-19,
GCA_042026465.1,Homo sapiens,human,9606,Mammalia,Primates,Hominidae,Homo,HG02280_mat_hprc_f2,Chromosome,,135329459,111735059,3057551557,105,114,41,71,0,0,2024-09-19,
GCA_044165595.2,Homo sapiens,human,9606,Mammalia,Primates,Hominidae,Homo,HG03784_hap2_hprc_f2,Chromosome,,135326271,133652110,3034244664,74,88,41,62,0,0,2024-10-31,
GCA_044167285.1,Homo sapiens,human,9606,Mammalia,Primates,Hominidae,Homo,HG00350_hap2_hprc_f2,Chromosome,,135293998,102914233,3028758977,72,90,41,66,0,0,2024-10-31,
GCA_042037855.1,Homo sapiens,human,9606,Mammalia,Primates,Hominidae,Homo,HG01150_pat_hprc_f2,Chromosome,,135286521,132727226,3031853446,117,125,41,67,0,0,2024-09-20,
GCA_042036925.1,Homo sapiens,human,9606,Mammalia,Primates,Hominidae,Homo,HG04228_pat_hprc_f2,Chromosome,,135278595,98587931,2932691154,93,106,41,73,0,0,2024-09-20,
GCA_042077485.1,Homo sapiens,human,9606,Mammalia,Primates,Hominidae,Homo,NA20870_hap1_hprc_f2,Chromosome,,135276798,133386813,2939316511,75,89,41,70,0,0,2024-09-20,
GCA_042030055.1,Homo sapiens,human,9606,Mammalia,Primates,Hominidae,Homo,HG03710_pat_hprc_f2,Chromosome,,135262305,109442972,2922212188,97,115,41,77,0,0,2024-09-19,
GCA_042036915.1,Homo sapiens,human,9606,Mammalia,Primates,Hominidae,Homo,HG04228_mat_hprc_f2,Chromosome,,135255137,127334373,3019426168,61,70,41,73,0,0,2024-09-20,
GCA_018504055.2,Homo sapiens,human,9606,Mammalia,Primates,Hominidae,Homo,HG02080_pat_hprc_f2,Chromosome,,135253577,123187761,3028964752,91,103,41,62,0,0,2024-10-17,
GCA_046056445.1,Homo sapiens,human,9606,Mammalia,Primates,Hominidae,Homo,NA19159_hap1_hprc_f2,Chromosome,,135252010,129844903,3051951431,83,98,41,65,0,0,2024-12-13,
GCA_018504635.3,Homo sapiens,human,9606,Mammalia,Primates,Hominidae,Homo,NA20129_mat_hprc_f2,Chromosome,,135248830,87910702,3052018008,94,123,41,42,0,0,2024-10-17,
GCA_018469675.2,Homo sapiens,human,9606,Mammalia,Primates,Hominidae,Homo,HG01258_pat_hprc_f2,Chromosome,,135247494,125689318,2917123521,67,82,41,59,0,0,2024-09-20,
GCA_045999895.1,Homo sapiens,human,9606,Mammalia,Primates,Hominidae,Homo,NA18879_hap2_hprc_f2,Chromosome,,135195926,102835591,3044290788,86,103,41,64,0,0,2024-12-11,
GCA_018504655.2,Homo sapiens,human,9606,Mammalia,Primates,Hominidae,Homo,NA21309_mat_hprc_f2,Chromosome,,135195836,97398880,3047902479,83,108,41,45,0,0,2024-10-17,
GCA_046000055.1,Homo sapiens,human,9606,Mammalia,Primates,Hominidae,Homo,HG02602_mat_hprc_f2,Chromosome,,135194150,135141784,3028964855,62,72,41,65,0,0,2024-12-11,
GCA_018472865.2,Homo sapiens,human,9606,Mammalia,Primates,Hominidae,Homo,HG01978_pat_hprc_f2,Chromosome,,135180464,102460800,3049871774,97,115,41,87,0,0,2024-09-20,
GCA_042036275.1,Homo sapiens,human,9606,Mammalia,Primates,Hominidae,Homo,HG03942_mat_hprc_f2,Chromosome,,135154786,107524252,3039304384,102,118,41,71,0,0,2024-09-20,
GCA_041900245.1,Homo sapiens,human,9606,Mammalia,Primates,Hominidae,Homo,HG00408_mat_hprc_rel2,Chromosome,,135153932,103282266,3034396854,71,88,41,63,0,0,2024-09-11,
GCA_042028935.1,Homo sapiens,human,9606,Mammalia,Primates,Hominidae,Homo,HG00738_mat_hprc_f2,Chromosome,,135136833,106447152,3035355339,87,111,41,69,0,0,2024-09-19,
GCA_042077495.1,Homo sapiens,human,9606,Mammalia,Primates,Hominidae,Homo,NA19036_hap1_hprc_f2,Chromosome,,135116613,135116613,3048886802,71,81,41,64,0,0,2024-09-20,
GCA_045523135.1,Homo sapiens,human,9606,Mammalia,Primates,Hominidae,Homo,HG02841_pat_hprc_f2,Chromosome,,135095353,103527612,3047451075,94,113,41,72,0,0,2024-12-02,
GCA_018503265.2,Homo sapiens,human,9606,Mammalia,Primates,Hominidae,Homo,NA19240_pat_hprc_f2,Chromosome,,135069098,98523824,3038833213,64,96,41,47,0,0,2024-12-11,
GCA_042027645.2,Homo sapiens,human,9606,Mammalia,Primates,Hominidae,Homo,HG01433_mat_hprc_f2,Chromosome,,135056423,112182633,3040236151,74,88,41,68,0,0,2024-09-19,
GCA_042077865.1,Homo sapiens,human,9606,Mammalia,Primates,Hominidae,Homo,HG00320_hap1_hprc_f2,Chromosome,,135052250,133573433,3042866138,88,101,41,68,0,0,2024-09-20,
GCA_018852595.2,Homo sapiens,human,9606,Mammalia,Primates,Hominidae,Homo,HG02145_pat_hprc_f2,Chromosome,,135032050,99203608,2937451479,152,170,41,81,0,0,2024-12-11,
GCA_044165645.1,Homo sapiens,human,9606,Mammalia,Primates,Hominidae,Homo,HG00235_hap1_hprc_f2,Chromosome,,135022139,120050300,3019355776,71,84,41,62,0,0,2024-10-31,
GCA_042036105.1,Homo sapiens,human,9606,Mammalia,Primates,Hominidae,Homo,HG02071_mat_hprc_f2,Chromosome,,135020942,109153622,3031192456,97,109,41,70,0,0,2024-09-20,
GCA_042031205.1,Homo sapiens,human,9606,Mammalia,Primates,Hominidae,Homo,NA19043_hap1_hprc_f2,Chromosome,,135014831,106099690,2932179058,74,88,41,61,0,0,2024-09-19,
GCA_043304525.1,Homo sapiens,human,9606,Mammalia,Primates,Hominidae,Homo,HG02155_hap1_hprc_f2,Chromosome,,135013515,111469595,3028269862,83,93,41,68,0,0,2024-10-17,
GCA_018472825.2,Homo sapiens,human,9606,Mammalia,Primates,Hominidae,Homo,HG03579_mat_hprc_f2,Chromosome,,134971037,132560287,3038725877,103,111,41,84,0,0,2024-09-20,
GCA_018505835.3,Homo sapiens,human,9606,Mammalia,Primates,Hominidae,Homo,HG03492_pat_hprc_f2,Chromosome,,134959787,108176534,2944546197,132,149,41,76,0,0,2025-01-31,
GCA_041900255.1,Homo sapiens,human,9606,Mammalia,Primates,Hominidae,Homo,HG00408_pat_hprc_rel2,Chromosome,,134954437,101022985,3055608753,112,136,41,63,0,0,2024-09-11,
GCA_042077595.1,Homo sapiens,human,9606,Mammalia,Primates,Hominidae,Homo,NA18952_hap1_hprc_f2,Chromosome,,134952431,107616121,2933014140,102,115,41,76,0,0,2024-09-20,
GCA_042037895.1,Homo sapiens,human,9606,Mammalia,Primates,Hominidae,Homo,HG01960_pat_hprc_f2,Chromosome,,134930287,111273896,3038712028,72,82,41,57,0,0,2024-09-20,
GCA_018472855.2,Homo sapiens,human,9606,Mammalia,Primates,Hominidae,Homo,HG03453_mat_hprc_f2,Chromosome,,134922011,91431363,3052581172,134,170,41,60,0,0,2024-09-20,
GCA_046056495.2,Homo sapiens,human,9606,Mammalia,Primates,Hominidae,Homo,NA19159_hap2_hprc_f2,Chromosome,,134912882,133843756,3020949632,68,78,41,65,0,0,2024-12-13,
GCA_042076445.1,Homo sapiens,human,9606,Mammalia,Primates,Hominidae,Homo,HG02735_pat_hprc_f2,Chromosome,,134910473,108563488,2938416004,110,130,41,65,0,0,2024-09-20,
GCA_042030035.1,Homo sapiens,human,9606,Mammalia,Primates,Hominidae,Homo,HG03654_pat_hprc_f2,Chromosome,,134910399,134115449,2918017029,86,98,41,66,0,0,2024-09-19,
GCA_018506975.3,Homo sapiens,human,9606,Mammalia,Primates,Hominidae,Homo,HG00733_mat_hprc_f2,Chromosome,,134903419,104580392,3041642981,97,111,41,66,0,0,2024-12-11,
GCA_042036525.1,Homo sapiens,human,9606,Mammalia,Primates,Hominidae,Homo,HG02809_pat_hprc_f2,Chromosome,,134895139,109054958,3033729543,92,108,41,74,0,0,2024-09-20,
GCA_042031955.1,Homo sapiens,human,9606,Mammalia,Primates,Hominidae,Homo,NA18983_hap2_hprc_f2,Chromosome,,134892869,111995602,3031354060,97,112,41,66,0,0,2024-09-19,
GCA_042035225.1,Homo sapiens,human,9606,Mammalia,Primates,Hominidae,Homo,NA19468_hap1_hprc_f2,Chromosome,,134883353,129345581,3030599104,90,103,41,75,0,0,2024-09-20,
GCA_042077285.1,Homo sapiens,human,9606,Mammalia,Primates,Hominidae,Homo,NA18974_hap2_hprc_f2,Chromosome,,134877616,111250450,3045537107,72,80,41,82,0,0,2024-09-20,
GCA_042032545.1,Homo sapiens,human,9606,Mammalia,Primates,Hominidae,Homo,NA18983_hap1_hprc_f2,Chromosome,,134869013,133900270,2945953867,112,126,41,66,0,0,2024-09-19,
GCA_042077695.1,Homo sapiens,human,9606,Mammalia,Primates,Hominidae,Homo,HG03270_hap1_hprc_f2,Chromosome,,134865115,108093600,3042024418,87,107,41,65,0,0,2024-09-20,
GCA_044166625.1,Homo sapiens,human,9606,Mammalia,Primates,Hominidae,Homo,HG03369_hap2_hprc_f2,Chromosome,,134862294,103939308,3020020935,70,83,41,62,0,0,2024-10-31,
GCA_042077765.1,Homo sapiens,human,9606,Mammalia,Primates,Hominidae,Homo,HG00320_hap2_hprc_f2,Chromosome,,134860118,132891317,3033390545,75,91,41,68,0,0,2024-09-20,
GCA_042037715.1,Homo sapiens,human,9606,Mammalia,Primates,Hominidae,Homo,HG00658_mat_hprc_f2,Chromosome,,134855658,134855658,3024520661,57,64,41,68,0,0,2024-09-20,
GCA_044166285.1,Homo sapiens,human,9606,Mammalia,Primates,Hominidae,Homo,HG03521_hap1_hprc_f2,Chromosome,,134827433,112262779,2931797765,79,93,41,67,0,0,2024-10-31,
GCA_042077425.1,Homo sapiens,human,9606,Mammalia,Primates,Hominidae,Homo,HG03583_hap2_hprc_f2,Chromosome,,134817384,92895014,3035580732,69,90,41,57,0,0,2024-09-20,
GCA_044165735.1,Homo sapiens,human,9606,Mammalia,Primates,Hominidae,Homo,HG00235_hap2_hprc_f2,Chromosome,,134805934,134544783,3041632543,60,72,41,62,0,0,2024-10-31,
GCA_045523085.1,Homo sapiens,human,9606,Mammalia,Primates,Hominidae,Homo,NA20799_hap1_hprc_f2,Chromosome,,134782105,134782105,3047904344,101,106,41,73,0,0,2024-12-02,
GCA_044166135.2,Homo sapiens,human,9606,Mammalia,Primates,Hominidae,Homo,NA20346_hap2_hprc_f2,Chromosome,,134780398,116604358,3049349223,107,119,41,60,0,0,2024-10-31,
GCA_018467015.2,Homo sapiens,human,9606,Mammalia,Primates,Hominidae,Homo,HG02486_mat_hprc_f2,Chromosome,,134772533,134272382,3034953532,57,66,41,64,0,0,2024-09-20,
GCA_042032445.1,Homo sapiens,human,9606,Mammalia,Primates,Hominidae,Homo,HG03209_hap1_hprc_f2,Chromosome,,134770037,115989372,2945862781,66,77,41,63,0,0,2024-09-19,
GCA_045524615.1,Homo sapiens,human,9606,Mammalia,Primates,Hominidae,Homo,HG02841_mat_hprc_f2,Chromosome,,134750145,100987154,3040431573,92,119,41,72,0,0,2024-12-02,
GCA_042037445.1,Homo sapiens,human,9606,Mammalia,Primates,Hominidae,Homo,HG01960_mat_hprc_f2,Chromosome,,134740066,127569596,3027522558,84,96,41,57,0,0,2024-09-20,
GCA_044166465.2,Homo sapiens,human,9606,Mammalia,Primates,Hominidae,Homo,HG00329_hap2_hprc_f2,Chromosome,,134719390,133411682,3051306896,82,94,41,62,0,0,2024-10-31,
GCA_042032345.1,Homo sapiens,human,9606,Mammalia,Primates,Hominidae,Homo,HG03130_hap1_hprc_f2,Chromosome,,134698176,133447960,2965182099,88,96,41,64,0,0,2024-09-19,
GCA_042076735.1,Homo sapiens,human,9606,Mammalia,Primates,Hominidae,Homo,HG01786_hap2_hprc_f2,Chromosome,,134693606,133359032,3031717414,88,102,41,74,0,0,2024-09-20,
GCA_041900235.1,Homo sapiens,human,9606,Mammalia,Primates,Hominidae,Homo,HG01261_pat_hprc_rel2,Chromosome,,134682406,107127701,2918687843,82,89,41,69,0,0,2024-09-11,
GCA_018470435.2,Homo sapiens,human,9606,Mammalia,Primates,Hominidae,Homo,HG02572_pat_hprc_f2,Chromosome,,134682376,111191427,2927481637,64,76,41,59,0,0,2024-09-20,
GCA_042077335.1,Homo sapiens,human,9606,Mammalia,Primates,Hominidae,Homo,NA18608_hap2_hprc_f2,Chromosome,,134679219,124094187,3014222305,62,74,41,62,0,0,2024-09-20,
GCA_018472585.2,Homo sapiens,human,9606,Mammalia,Primates,Hominidae,Homo,HG00673_pat_hprc_f2,Chromosome,,134672440,107340998,2941519674,89,105,41,61,0,0,2024-09-20,
GCA_042031175.1,Homo sapiens,human,9606,Mammalia,Primates,Hominidae,Homo,HG03195_hap1_hprc_f2,Chromosome,,134642290,111036643,3036756203,77,85,41,66,0,0,2024-09-19,
GCA_018469425.2,Homo sapiens,human,9606,Mammalia,Primates,Hominidae,Homo,HG03516_pat_hprc_f2,Chromosome,,134634819,134443836,3045861377,74,89,41,92,0,0,2024-09-20,
GCA_018470465.2,Homo sapiens,human,9606,Mammalia,Primates,Hominidae,Homo,HG02886_pat_hprc_f2,Chromosome,,134629330,108995514,3033980100,98,117,41,55,0,0,2024-09-20,
GCA_042031845.1,Homo sapiens,human,9606,Mammalia,Primates,Hominidae,Homo,HG02965_hap2_hprc_f2,Chromosome,,134609686,134484557,3056560985,73,80,41,65,0,0,2024-09-19,
GCA_042029955.1,Homo sapiens,human,9606,Mammalia,Primates,Hominidae,Homo,HG04115_pat_hprc_f2,Chromosome,,134586742,101292842,2947393700,106,123,41,69,0,0,2024-09-19,
GCA_044165215.1,Homo sapiens,human,9606,Mammalia,Primates,Hominidae,Homo,HG00097_hap1_hprc_f2,Chromosome,,134577915,129914126,3034131346,75,90,41,64,0,0,2024-10-31,
GCA_042030125.1,Homo sapiens,human,9606,Mammalia,Primates,Hominidae,Homo,HG02132_pat_hprc_f2,Chromosome,,134565846,129036150,2927595203,115,123,41,67,0,0,2024-09-19,
GCA_042032535.1,Homo sapiens,human,9606,Mammalia,Primates,Hominidae,Homo,HG02965_hap1_hprc_f2,Chromosome,,134545739,134545739,2928579478,95,109,41,65,0,0,2024-09-19,
GCA_018504625.2,Homo sapiens,human,9606,Mammalia,Primates,Hominidae,Homo,NA20129_pat_hprc_f2,Chromosome,,134544231,92194898,3035733452,88,119,41,42,0,0,2024-10-17,
GCA_018503285.2,Homo sapiens,human,9606,Mammalia,Primates,Hominidae,Homo,NA18906_pat_hprc_f2,Chromosome,,134533833,97692243,3037177237,126,139,41,51,0,0,2024-10-17,
GCA_018471075.2,Homo sapiens,human,9606,Mammalia,Primates,Hominidae,Homo,HG01106_pat_hprc_f2,Chromosome,,134521685,106746823,2934219507,80,94,41,56,0,0,2024-09-20,
GCA_042031265.1,Homo sapiens,human,9606,Mammalia,Primates,Hominidae,Homo,HG00140_hap1_hprc_f2,Chromosome,,134518744,133697027,2937713519,85,90,41,61,0,0,2024-09-19,
GCA_042027485.1,Homo sapiens,human,9606,Mammalia,Primates,Hominidae,Homo,HG02280_pat_hprc_f2,Chromosome,,134515644,101868892,3038198364,87,102,41,71,0,0,2024-09-19,
GCA_042027135.1,Homo sapiens,human,9606,Mammalia,Primates,Hominidae,Homo,HG02451_pat_hprc_f2,Chromosome,,134504889,105193844,3038851516,95,108,41,63,0,0,2024-09-19,
GCA_042035175.1,Homo sapiens,human,9606,Mammalia,Primates,Hominidae,Homo,NA19468_hap2_hprc_f2,Chromosome,,134504604,110975390,3053750006,71,82,41,75,0,0,2024-09-20,
GCA_042031485.1,Homo sapiens,human,9606,Mammalia,Primates,Hominidae,Homo,HG03130_hap2_hprc_f2,Chromosome,,134494821,101134065,3040582064,98,119,41,64,0,0,2024-09-19,
GCA_045524165.1,Homo sapiens,human,9606,Mammalia,Primates,Hominidae,Homo,HG02984_mat_hprc_f2,Chromosome,,134494775,116025717,3041799928,83,93,41,65,0,0,2024-12-02,
GCA_018471555.2,Homo sapiens,human,9606,Mammalia,Primates,Hominidae,Homo,HG01952_pat_hprc_f2,Chromosome,,134490528,130040622,2916550023,81,89,41,59,0,0,2024-09-20,
GCA_042036505.1,Homo sapiens,human,9606,Mammalia,Primates,Hominidae,Homo,HG03942_pat_hprc_f2,Chromosome,,134485713,104670928,2926859353,96,111,41,71,0,0,2024-09-20,
GCA_041899995.1,Homo sapiens,human,9606,Mammalia,Primates,Hominidae,Homo,HG01261_mat_hprc_rel2,Chromosome,,134466608,108750579,3047020924,83,97,41,69,0,0,2024-09-11,
GCA_042038585.1,Homo sapiens,human,9606,Mammalia,Primates,Hominidae,Homo,HG02668_mat_hprc_f2,Chromosome,,134456234,110829824,3025421525,71,84,41,65,0,0,2024-09-20,
GCA_018471535.2,Homo sapiens,human,9606,Mammalia,Primates,Hominidae,Homo,HG02148_mat_hprc_f2,Chromosome,,134455264,107578719,3033060697,70,84,41,62,0,0,2024-09-20,
GCA_046116015.1,Homo sapiens,human,9606,Mammalia,Primates,Hominidae,Homo,HG03816_mat_hprc_f2,Chromosome,,134434350,132666505,3021544271,70,80,41,60,0,0,2024-12-16,
GCA_018503585.2,Homo sapiens,human,9606,Mammalia,Primates,Hominidae,Homo,HG02818_mat_hprc_f2,Chromosome,,134404956,65632029,3047557822,111,154,41,44,0,0,2024-10-17,
GCA_041900085.1,Homo sapiens,human,9606,Mammalia,Primates,Hominidae,Homo,HG02056_pat_hprc_rel2,Chromosome,,134398299,97887394,2943966799,89,106,41,66,0,0,2024-09-11,
GCA_041900145.1,Homo sapiens,human,9606,Mammalia,Primates,Hominidae,Homo,HG01192_pat_hprc_rel2,Chromosome,,134368155,133732469,2916291803,100,111,41,69,0,0,2024-09-11,
GCA_044166575.1,Homo sapiens,human,9606,Mammalia,Primates,Hominidae,Homo,HG00329_hap1_hprc_f2,Chromosome,,134346481,103846157,2930096732,66,78,41,62,0,0,2024-10-31,
GCA_042034305.1,Homo sapiens,human,9606,Mammalia,Primates,Hominidae,Homo,HG01784_hap1_hprc_f2,Chromosome,,134339229,130907135,3044785494,81,92,41,67,0,0,2024-09-20,
GCA_042028025.2,Homo sapiens,human,9606,Mammalia,Primates,Hominidae,Homo,HG03831_mat_hprc_f2,Chromosome,,134334521,103265692,3039148060,116,131,41,76,0,0,2024-09-19,
GCA_042034145.1,Homo sapiens,human,9606,Mammalia,Primates,Hominidae,Homo,HG01530_hap2_hprc_f2,Chromosome,,134321373,111508531,3037284404,90,101,41,60,0,0,2024-09-20,
GCA_018506155.2,Homo sapiens,human,9606,Mammalia,Primates,Hominidae,Homo,HG03098_pat_hprc_f2,Chromosome,,134316203,97914071,2939964980,112,128,41,42,0,0,2024-10-17,
GCA_042034175.1,Homo sapiens,human,9606,Mammalia,Primates,Hominidae,Homo,HG01784_hap2_hprc_f2,Chromosome,,134306596,133443848,3019095252,71,86,41,67,0,0,2024-09-20,
GCA_018469415.2,Homo sapiens,human,9606,Mammalia,Primates,Hominidae,Homo,HG03516_mat_hprc_f2,Chromosome,,134294824,111551517,3025321995,71,85,41,92,0,0,2024-09-20,
GCA_042030175.2,Homo sapiens,human,9606,Mammalia,Primates,Hominidae,Homo,HG02083_mat_hprc_f2,Chromosome,,134284582,110322687,3026849626,70,82,41,65,0,0,2024-09-19,
GCA_045524135.1,Homo sapiens,human,9606,Mammalia,Primates,Hominidae,Homo,NA20799_hap2_hprc_f2,Chromosome,,134266128,134266128,3021374115,67,70,41,73,0,0,2024-12-02,
GCA_042029925.1,Homo sapiens,human,9606,Mammalia,Primates,Hominidae,Homo,HG03669_pat_hprc_f2,Chromosome,,134257556,133321827,3032439686,122,144,41,72,0,0,2024-09-19,
GCA_042035185.1,Homo sapiens,human,9606,Mammalia,Primates,Hominidae,Homo,NA19391_hap1_hprc_f2,Chromosome,,134251913,102790354,3052417325,94,110,41,65,0,0,2024-09-20,
GCA_042027455.1,Homo sapiens,human,9606,Mammalia,Primates,Hominidae,Homo,HG02004_pat_hprc_f2,Chromosome,,134249047,133918786,3030521506,88,99,41,64,0,0,2024-09-19,
GCA_045999875.1,Homo sapiens,human,9606,Mammalia,Primates,Hominidae,Homo,NA18612_hap2_hprc_f2,Chromosome,,134233597,120498315,3025934158,106,125,41,60,0,0,2024-12-11,
GCA_042028155.1,Homo sapiens,human,9606,Mammalia,Primates,Hominidae,Homo,HG00642_mat_hprc_f2,Chromosome,,134231696,103362516,3032824460,71,90,41,65,0,0,2024-09-19,
GCA_042030255.2,Homo sapiens,human,9606,Mammalia,Primates,Hominidae,Homo,HG02922_hap2_hprc_f2,Chromosome,,134227781,111307783,3027354163,83,102,41,64,0,0,2024-09-19,
GCA_018503525.2,Homo sapiens,human,9606,Mammalia,Primates,Hominidae,Homo,HG03486_mat_hprc_f2,Chromosome,,134190597,91188860,3035190217,114,142,41,48,0,0,2024-10-17,
GCA_042077745.1,Homo sapiens,human,9606,Mammalia,Primates,Hominidae,Homo,HG00232_hap2_hprc_f2,Chromosome,,134178702,108605997,3034849534,64,73,41,62,0,0,2024-09-20,
GCA_018471525.2,Homo sapiens,human,9606,Mammalia,Primates,Hominidae,Homo,HG02148_pat_hprc_f2,Chromosome,,134172392,126956616,3029782018,91,105,41,62,0,0,2024-09-20,
GCA_044167235.1,Homo sapiens,human,9606,Mammalia,Primates,Hominidae,Homo,HG00350_hap1_hprc_f2,Chromosome,,134149434,133888901,3022190943,76,86,41,66,0,0,2024-10-31,
GCA_042031945.1,Homo sapiens,human,9606,Mammalia,Primates,Hominidae,Homo,HG00099_hap2_hprc_f2,Chromosome,,134147720,111420198,3038686895,98,114,41,74,0,0,2024-09-19,
GCA_042077135.1,Homo sapiens,human,9606,Mammalia,Primates,Hominidae,Homo,NA19036_hap2_hprc_f2,Chromosome,,134108137,111110023,3028284899,69,82,41,64,0,0,2024-09-20,
GCA_042032625.1,Homo sapiens,human,9606,Mammalia,Primates,Hominidae,Homo,NA20905_hap1_hprc_f2,Chromosome,,134098599,101204386,2916172338,89,102,41,61,0,0,2024-09-19,
GCA_042026525.1,Homo sapiens,human,9606,Mammalia,Primates,Hominidae,Homo,HG01099_mat_hprc_f2,Chromosome,,134039818,132654058,3027120748,89,100,41,64,0,0,2024-09-19,
GCA_018504665.2,Homo sapiens,human,9606,Mammalia,Primates,Hominidae,Homo,NA21309_pat_hprc_f2,Chromosome,,134038678,75552083,3039155404,95,131,41,45,0,0,2024-10-17,
GCA_042037735.1,Homo sapiens,human,9606,Mammalia,Primates,Hominidae,Homo,HG01074_mat_hprc_f2,Chromosome,,134018886,119795150,3027002481,70,81,41,64,0,0,2024-09-20,
GCA_042030025.1,Homo sapiens,human,9606,Mammalia,Primates,Hominidae,Homo,HG03688_pat_hprc_f2,Chromosome,,133998937,104609862,2934867679,88,102,41,62,0,0,2024-09-19,
GCA_041899985.1,Homo sapiens,human,9606,Mammalia,Primates,Hominidae,Homo,HG02129_pat_hprc_rel2,Chromosome,,133997970,107407794,2942439609,106,120,41,61,0,0,2024-09-11,
GCA_042034105.1,Homo sapiens,human,9606,Mammalia,Primates,Hominidae,Homo,HG03471_hap2_hprc_f2,Chromosome,,133984953,95048477,3035013749,105,134,41,61,0,0,2024-09-20,
GCA_018466845.2,Homo sapiens,human,9606,Mammalia,Primates,Hominidae,Homo,HG02257_pat_hprc_f2,Chromosome,,133974451,109255843,3046522005,113,126,41,68,0,0,2024-09-20,
GCA_042028975.1,Homo sapiens,human,9606,Mammalia,Primates,Hominidae,Homo,HG02615_mat_hprc_f2,Chromosome,,133932905,111207802,3031991793,74,83,41,71,0,0,2024-09-19,
GCA_044164695.1,Homo sapiens,human,9606,Mammalia,Primates,Hominidae,Homo,NA19909_hap1_hprc_f2,Chromosome,,133821624,116106248,3043797705,66,73,41,64,0,0,2024-10-31,
GCA_018473295.2,Homo sapiens,human,9606,Mammalia,Primates,Hominidae,Homo,HG03540_mat_hprc_f2,Chromosome,,133807500,102389682,3045612164,99,119,41,59,0,0,2024-09-20,
GCA_042076555.1,Homo sapiens,human,9606,Mammalia,Primates,Hominidae,Homo,HG02735_mat_hprc_f2,Chromosome,,133733977,103952127,3024605137,108,124,41,65,0,0,2024-09-20,
GCA_046043145.2,Homo sapiens,human,9606,Mammalia,Primates,Hominidae,Homo,HG02392_hap2_hprc_f2,Chromosome,,133728133,98495231,3027538293,88,106,41,62,0,0,2024-12-12,
GCA_018503575.2,Homo sapiens,human,9606,Mammalia,Primates,Hominidae,Homo,HG02818_pat_hprc_f2,Chromosome,,133707953,89367286,3019047514,76,102,41,44,0,0,2024-10-17,
GCA_042038895.1,Homo sapiens,human,9606,Mammalia,Primates,Hominidae,Homo,HG02668_pat_hprc_f2,Chromosome,,133683676,112681092,2951334881,103,118,41,65,0,0,2024-09-20,
GCA_042077635.1,Homo sapiens,human,9606,Mammalia,Primates,Hominidae,Homo,HG03583_hap1_hprc_f2,Chromosome,,133667927,133667927,3021847772,89,99,41,57,0,0,2024-09-20,
GCA_044166615.1,Homo sapiens,human,9606,Mammalia,Primates,Hominidae,Homo,NA20809_hap2_hprc_f2,Chromosome,,133664368,108438243,3003384081,103,119,41,59,0,0,2024-10-31,
GCA_018505855.2,Homo sapiens,human,9606,Mammalia,Primates,Hominidae,Homo,HG02055_pat_hprc_f2,Chromosome,,133650875,97268550,2959450968,106,125,41,83,0,0,2024-10-17,
GCA_042030635.2,Homo sapiens,human,9606,Mammalia,Primates,Hominidae,Homo,HG03195_hap2_hprc_f2,Chromosome,,133648505,119387471,3042975522,78,87,41,66,0,0,2024-09-19,
GCA_042032525.1,Homo sapiens,human,9606,Mammalia,Primates,Hominidae,Homo,HG00099_hap1_hprc_f2,Chromosome,,133645319,133043050,3036190794,120,139,41,74,0,0,2024-09-19,
GCA_042030595.2,Homo sapiens,human,9606,Mammalia,Primates,Hominidae,Homo,NA19043_hap2_hprc_f2,Chromosome,,133624777,97242840,3025956184,77,89,41,61,0,0,2024-09-19,
GCA_042028805.1,Homo sapiens,human,9606,Mammalia,Primates,Hominidae,Homo,HG00642_pat_hprc_f2,Chromosome,,133622060,107685214,2907467825,69,81,41,65,0,0,2024-09-19,
GCA_046000095.1,Homo sapiens,human,9606,Mammalia,Primates,Hominidae,Homo,HG02602_pat_hprc_f2,Chromosome,,133611855,103707637,2948871118,100,113,41,65,0,0,2024-12-11,
GCA_042027105.1,Homo sapiens,human,9606,Mammalia,Primates,Hominidae,Homo,HG02004_mat_hprc_f2,Chromosome,,133602223,105542541,3030366186,99,114,41,64,0,0,2024-09-19,
GCA_018466835.2,Homo sapiens,human,9606,Mammalia,Primates,Hominidae,Homo,HG02257_mat_hprc_f2,Chromosome,,133600428,112912087,3031856628,78,87,41,68,0,0,2024-09-20,
GCA_042076705.1,Homo sapiens,human,9606,Mammalia,Primates,Hominidae,Homo,NA19443_hap2_hprc_f2,Chromosome,,133600188,110973584,3023889943,65,73,41,63,0,0,2024-09-20,
GCA_042028705.1,Homo sapiens,human,9606,Mammalia,Primates,Hominidae,Homo,HG01993_pat_hprc_f2,Chromosome,,133580826,110748663,3040466643,73,90,41,72,0,0,2024-09-19,
GCA_018504375.2,Homo sapiens,human,9606,Mammalia,Primates,Hominidae,Homo,HG01243_mat_hprc_f2,Chromosome,,133578952,107141109,3032131028,92,110,41,63,0,0,2024-12-11,
GCA_041900015.1,Homo sapiens,human,9606,Mammalia,Primates,Hominidae,Homo,HG02056_mat_hprc_rel2,Chromosome,,133559377,112087724,3005458690,76,82,41,66,0,0,2024-09-11,
GCA_042030695.2,Homo sapiens,human,9606,Mammalia,Primates,Hominidae,Homo,HG02976_hap2_hprc_f2,Chromosome,,133552631,105215903,3042875448,93,105,41,62,0,0,2024-09-19,
GCA_042077145.1,Homo sapiens,human,9606,Mammalia,Primates,Hominidae,Homo,NA20870_hap2_hprc_f2,Chromosome,,133547253,111514476,3036743481,83,89,41,70,0,0,2024-09-20,
GCA_042076995.1,Homo sapiens,human,9606,Mammalia,Primates,Hominidae,Homo,HG01786_hap1_hprc_f2,Chromosome,,133527061,108133243,3032664379,89,107,41,74,0,0,2024-09-20,
GCA_042027495.1,Homo sapiens,human,9606,Mammalia,Primates,Hominidae,Homo,HG02293_pat_hprc_f2,Chromosome,,133522353,123018179,3043162374,118,129,41,62,0,0,2024-09-19,
GCA_044166435.1,Homo sapiens,human,9606,Mammalia,Primates,Hominidae,Homo,NA20809_hap1_hprc_f2,Chromosome,,133510924,101885089,2957426484,102,115,41,59,0,0,2024-10-31,
GCA_042036305.1,Homo sapiens,human,9606,Mammalia,Primates,Hominidae,Homo,HG04157_mat_hprc_f2,Chromosome,,133496569,91580421,3018936457,96,117,41,60,0,0,2024-09-20,
GCA_042078085.1,Homo sapiens,human,9606,Mammalia,Primates,Hominidae,Homo,HG00146_hap2_hprc_f2,Chromosome,,133468945,133468945,3061484900,84,94,41,73,0,0,2024-09-20,
GCA_042034575.1,Homo sapiens,human,9606,Mammalia,Primates,Hominidae,Homo,NA19391_hap2_hprc_f2,Chromosome,,133468279,110294129,3038897315,70,80,41,65,0,0,2024-09-20,
GCA_018469925.2,Homo sapiens,human,9606,Mammalia,Primates,Hominidae,Homo,HG02622_pat_hprc_f2,Chromosome,,133453108,133453108,3038074426,100,114,41,57,0,0,2024-09-20,
GCA_018472715.2,Homo sapiens,human,9606,Mammalia,Primates,Hominidae,Homo,HG00735_pat_hprc_f2,Chromosome,,133451366,107974947,3029527752,82,94,41,53,0,0,2024-09-20,
GCA_042028795.1,Homo sapiens,human,9606,Mammalia,Primates,Hominidae,Homo,HG01346_pat_hprc_f2,Chromosome,,133443204,112200762,3045913237,91,109,41,68,0,0,2024-09-19,
GCA_042027445.1,Homo sapiens,human,9606,Mammalia,Primates,Hominidae,Homo,HG03704_pat_hprc_f2,Chromosome,,133436210,129499622,3037010997,67,76,41,57,0,0,2024-09-19,
GCA_046000135.1,Homo sapiens,human,9606,Mammalia,Primates,Hominidae,Homo,HG01975_pat_hprc_f2,Chromosome,,133411460,105405949,3019161849,88,103,41,63,0,0,2024-12-11,
GCA_042031155.1,Homo sapiens,human,9606,Mammalia,Primates,Hominidae,Homo,HG02273_hap1_hprc_f2,Chromosome,,133410962,105879431,3041119961,84,100,41,57,0,0,2024-09-19,
GCA_042076545.1,Homo sapiens,human,9606,Mammalia,Primates,Hominidae,Homo,HG00423_mat_hprc_f2,Chromosome,,133410738,106929703,3044734359,74,94,41,61,0,0,2024-09-20,
GCA_042077755.1,Homo sapiens,human,9606,Mammalia,Primates,Hominidae,Homo,HG02178_hap2_hprc_f2,Chromosome,,133398295,111428626,3045366917,58,68,41,63,0,0,2024-09-20,
GCA_042027655.2,Homo sapiens,human,9606,Mammalia,Primates,Hominidae,Homo,HG01993_mat_hprc_f2,Chromosome,,133388926,122962790,3033001767,94,118,41,72,0,0,2024-09-19,
GCA_042030045.1,Homo sapiens,human,9606,Mammalia,Primates,Hominidae,Homo,HG02698_pat_hprc_f2,Chromosome,,133358310,121177034,2916555126,93,105,41,71,0,0,2024-09-19,
GCA_018503255.2,Homo sapiens,human,9606,Mammalia,Primates,Hominidae,Homo,NA18906_mat_hprc_f2,Chromosome,,133348541,97046940,3031773023,96,116,41,51,0,0,2024-10-17,
GCA_042028165.1,Homo sapiens,human,9606,Mammalia,Primates,Hominidae,Homo,HG01346_mat_hprc_f2,Chromosome,,133337808,107606467,3033865973,80,98,41,68,0,0,2024-09-19,
GCA_042076535.1,Homo sapiens,human,9606,Mammalia,Primates,Hominidae,Homo,HG01943_mat_hprc_f2,Chromosome,,133326395,107059334,3063332453,126,151,41,67,0,0,2024-09-20,
GCA_042037995.1,Homo sapiens,human,9606,Mammalia,Primates,Hominidae,Homo,HG01074_pat_hprc_f2,Chromosome,,133310546,95486100,2928323943,82,94,41,64,0,0,2024-09-20,
GCA_018506955.2,Homo sapiens,human,9606,Mammalia,Primates,Hominidae,Homo,HG00733_pat_hprc_f2,Chromosome,,133285220,116107301,3035753094,90,104,41,66,0,0,2024-12-11,
GCA_044166065.2,Homo sapiens,human,9606,Mammalia,Primates,Hominidae,Homo,NA20282_hap2_hprc_f2,Chromosome,,133267414,102806034,3021762578,66,82,41,70,0,0,2024-10-31,
GCA_018504045.2,Homo sapiens,human,9606,Mammalia,Primates,Hominidae,Homo,HG01243_pat_hprc_f2,Chromosome,,133218714,107341909,2919240460,94,111,41,63,0,0,2024-12-11,
GCA_018469405.2,Homo sapiens,human,9606,Mammalia,Primates,Hominidae,Homo,HG01258_mat_hprc_f2,Chromosome,,133185412,119353117,3039819224,91,100,41,59,0,0,2024-09-20,
GCA_042036495.1,Homo sapiens,human,9606,Mammalia,Primates,Hominidae,Homo,HG02135_pat_hprc_f2,Chromosome,,133158193,93271440,2949762196,175,184,41,70,0,0,2024-09-20,
GCA_042077165.1,Homo sapiens,human,9606,Mammalia,Primates,Hominidae,Homo,NA18976_hap2_hprc_f2,Chromosome,,133151388,108532765,3043947596,87,110,41,73,0,0,2024-09-20,
GCA_046043155.1,Homo sapiens,human,9606,Mammalia,Primates,Hominidae,Homo,HG02392_hap1_hprc_f2,Chromosome,,133150949,129962483,2935131877,86,94,41,62,0,0,2024-12-12,
GCA_042036795.1,Homo sapiens,human,9606,Mammalia,Primates,Hominidae,Homo,HG04204_pat_hprc_f2,Chromosome,,133131022,97483738,2940701950,121,133,41,63,0,0,2024-09-20,
GCA_018504365.2,Homo sapiens,human,9606,Mammalia,Primates,Hominidae,Homo,HG01109_mat_hprc_f2,Chromosome,,133120182,105491724,3031854471,120,136,41,41,0,0,2024-10-17,
GCA_018506965.2,Homo sapiens,human,9606,Mammalia,Primates,Hominidae,Homo,HG005_mat_hprc_f2,Chromosome,,133010346,109964942,3039577984,134,156,41,57,0,0,2024-12-13,
GCA_044165395.1,Homo sapiens,human,9606,Mammalia,Primates,Hominidae,Homo,NA19909_hap2_hprc_f2,Chromosome,,132965903,111163106,3036418221,75,86,41,64,0,0,2024-10-31,
GCA_044166835.1,Homo sapiens,human,9606,Mammalia,Primates,Hominidae,Homo,HG00253_hap2_hprc_f2,Chromosome,,132952852,108049179,3052310495,72,85,41,65,0,0,2024-10-31,
GCA_018473315.2,Homo sapiens,human,9606,Mammalia,Primates,Hominidae,Homo,HG03540_pat_hprc_f2,Chromosome,,132914900,106855795,3060546927,130,147,41,59,0,0,2024-09-20,
GCA_042031405.1,Homo sapiens,human,9606,Mammalia,Primates,Hominidae,Homo,NA18747_hap2_hprc_f2,Chromosome,,132903735,111126961,3029698369,75,87,41,62,0,0,2024-09-19,
GCA_042077615.1,Homo sapiens,human,9606,Mammalia,Primates,Hominidae,Homo,NA18620_hap1_hprc_f2,Chromosome,,132883297,96943801,2950568788,159,178,41,68,0,0,2024-09-20,
GCA_044166545.1,Homo sapiens,human,9606,Mammalia,Primates,Hominidae,Homo,NA20346_hap1_hprc_f2,Chromosome,,132834294,96974739,2949496588,100,115,41,60,0,0,2024-10-31,
GCA_041900275.1,Homo sapiens,human,9606,Mammalia,Primates,Hominidae,Homo,HG01192_mat_hprc_rel2,Chromosome,,132717354,100759445,3036857329,68,79,41,69,0,0,2024-09-11,
GCA_042029535.1,Homo sapiens,human,9606,Mammalia,Primates,Hominidae,Homo,HG03654_mat_hprc_f2,Chromosome,,132703527,96701097,3036076764,100,117,41,66,0,0,2024-09-19,
GCA_042029935.1,Homo sapiens,human,9606,Mammalia,Primates,Hominidae,Homo,HG02615_pat_hprc_f2,Chromosome,,132088689,107199321,3031318528,72,82,41,71,0,0,2024-09-19,
GCA_018506165.3,Homo sapiens,human,9606,Mammalia,Primates,Hominidae,Homo,HG03098_mat_hprc_f2,Chromosome,,132004006,99449741,3066052472,102,125,41,42,0,0,2024-10-17,
GCA_018469875.2,Homo sapiens,human,9606,Mammalia,Primates,Hominidae,Homo,HG02622_mat_hprc_f2,Chromosome,,131913761,101903330,3042937650,112,124,41,57,0,0,2024-09-20,
GCA_046000145.1,Homo sapiens,human,9606,Mammalia,Primates,Hominidae,Homo,NA20752_hap1_hprc_f2,Chromosome,,131899995,122318195,2918542776,78,87,41,74,0,0,2024-12-11,
GCA_045999885.1,Homo sapiens,human,9606,Mammalia,Primates,Hominidae,Homo,NA20752_hap2_hprc_f2,Chromosome,,131848520,104817825,3046800922,88,108,41,74,0,0,2024-12-11,
GCA_045999925.1,Homo sapiens,human,9606,Mammalia,Primates,Hominidae,Homo,HG04187_mat_hprc_f2,Chromosome,,131319597,109792801,3018598947,103,116,41,66,0,0,2024-12-11,
GCA_042032335.1,Homo sapiens,human,9606,Mammalia,Primates,Hominidae,Homo,NA20905_hap2_hprc_f2,Chromosome,,130822804,127612055,3025522757,91,110,41,61,0,0,2024-09-19,
GCA_041900385.2,Homo sapiens,human,9606,Mammalia,Primates,Hominidae,Homo,HG02129_mat_hprc_rel2,Chromosome,,130190500,115046533,3018846753,70,79,41,61,0,0,2024-09-11,
GCA_042036425.1,Homo sapiens,human,9606,Mammalia,Primates,Hominidae,Homo,HG04204_mat_hprc_f2,Chromosome,,130171955,102792675,3032267815,101,118,41,63,0,0,2024-09-20,
GCA_042030215.1,Homo sapiens,human,9606,Mammalia,Primates,Hominidae,Homo,HG02027_pat_hprc_f2,Chromosome,,130102062,109218989,2965356762,205,218,41,68,0,0,2024-09-19,
GCA_042031275.1,Homo sapiens,human,9606,Mammalia,Primates,Hominidae,Homo,HG00280_hap1_hprc_f2,Chromosome,,130064362,112037638,2930645488,111,128,41,67,0,0,2024-09-19,
GCA_042030185.2,Homo sapiens,human,9606,Mammalia,Primates,Hominidae,Homo,HG02027_mat_hprc_f2,Chromosome,,129552994,103331747,3034532460,83,95,41,68,0,0,2024-09-19,
GCA_042077605.1,Homo sapiens,human,9606,Mammalia,Primates,Hominidae,Homo,NA18505_hap1_hprc_f2,Chromosome,,129433389,111085699,3032656490,81,98,41,61,0,0,2024-09-20,
GCA_042076875.1,Homo sapiens,human,9606,Mammalia,Primates,Hominidae,Homo,NA21093_hap2_hprc_f2,Chromosome,,128942370,95476640,3024804588,94,113,41,63,0,0,2024-09-20,
GCA_018472765.3,Homo sapiens,human,9606,Mammalia,Primates,Hominidae,Homo,HG00735_mat_hprc_f2,Chromosome,,128532055,100805894,3034840463,83,92,41,53,0,0,2024-10-11,
GCA_042036205.1,Homo sapiens,human,9606,Mammalia,Primates,Hominidae,Homo,HG02074_mat_hprc_f2,Chromosome,,128314980,111328869,3031426012,97,112,41,71,0,0,2024-09-20,
GCA_018467155.2,Homo sapiens,human,9606,Mammalia,Primates,Hominidae,Homo,HG01891_mat_hprc_f2,Chromosome,,128175991,111402458,3024486138,88,102,41,65,0,0,2024-09-20,
GCA_018506125.3,Homo sapiens,human,9606,Mammalia,Primates,Hominidae,Homo,HG02055_mat_hprc_f2,Chromosome,,127234010,100854514,3032070338,97,117,41,83,0,0,2024-10-17,
GCA_018473305.2,Homo sapiens,human,9606,Mammalia,Primates,Hominidae,Homo,HG03453_pat_hprc_f2,Chromosome,,126663138,100807991,3055037310,132,151,41,60,0,0,2024-09-20,
GCA_042077505.1,Homo sapiens,human,9606,Mammalia,Primates,Hominidae,Homo,NA18976_hap1_hprc_f2,Chromosome,,124687625,105723567,3025309811,96,111,41,73,0,0,2024-09-20,
GCA_042036245.1,Homo sapiens,human,9606,Mammalia,Primates,Hominidae,Homo,HG02135_mat_hprc_f2,Chromosome,,124209027,103989823,3023668152,100,118,41,70,0,0,2024-09-20,
GCA_041900165.1,Homo sapiens,human,9606,Mammalia,Primates,Hominidae,Homo,HG02015_pat_hprc_rel2,Chromosome,,123114408,98662242,2908671283,172,184,41,58,0,0,2024-09-11,
GCA_042031415.1,Homo sapiens,human,9606,Mammalia,Primates,Hominidae,Homo,NA18971_hap2_hprc_f2,Chromosome,,122061971,102308763,3027045573,92,113,41,68,0,0,2024-09-19,
GCA_042077345.1,Homo sapiens,human,9606,Mammalia,Primates,Hominidae,Homo,NA18505_hap2_hprc_f2,Chromosome,,114186492,99567452,3042903765,71,85,41,61,0,0,2024-09-20,
GCA_042036445.1,Homo sapiens,human,9606,Mammalia,Primates,Hominidae,Homo,HG02074_pat_hprc_f2,Chromosome,,111571999,107398536,2937665312,141,150,41,71,0,0,2024-09-20,
GCA_042031255.1,Homo sapiens,human,9606,Mammalia,Primates,Hominidae,Homo,HG02976_hap1_hprc_f2,Chromosome,,111381066,111381066,3035895274,86,96,41,62,0,0,2024-09-19,
GCA_018467165.2,Homo sapiens,human,9606,Mammalia,Primates,Hominidae,Homo,HG01891_pat_hprc_f2,Chromosome,,111347962,91993568,3042586116,104,126,41,65,0,0,2024-09-20,
GCA_018504645.2,Homo sapiens,human,9606,Mammalia,Primates,Hominidae,Homo,HG01109_pat_hprc_f2,Chromosome,,111063775,98067334,2915645599,119,130,41,41,0,0,2024-10-17,
GCA_042027635.2,Homo sapiens,human,9606,Mammalia,Primates,Hominidae,Homo,HG02300_mat_hprc_f2,Chromosome,,111018164,98189854,3042209544,101,118,41,59,0,0,2024-09-19,
GCA_042031315.1,Homo sapiens,human,9606,Mammalia,Primates,Hominidae,Homo,NA18747_hap1_hprc_f2,Chromosome,,110932151,110666499,2935934041,76,90,41,62,0,0,2024-09-19,
GCA_042030225.2,Homo sapiens,human,9606,Mammalia,Primates,Hominidae,Homo,HG02273_hap2_hprc_f2,Chromosome,,110847098,98399380,3051460281,89,105,41,57,0,0,2024-09-19,
GCA_042030605.1,Homo sapiens,human,9606,Mammalia,Primates,Hominidae,Homo,HG00280_hap2_hprc_f2,Chromosome,,110597748,96619145,3041527965,78,96,41,67,0,0,2024-09-19,
GCA_042034215.1,Homo sapiens,human,9606,Mammalia,Primates,Hominidae,Homo,HG03471_hap1_hprc_f2,Chromosome,,110396642,98886298,2971533575,129,158,41,61,0,0,2024-09-20,
GCA_042028475.1,Homo sapiens,human,9606,Mammalia,Primates,Hominidae,Homo,HG02300_pat_hprc_f2,Chromosome,,110025900,100626649,3042903063,113,128,41,59,0,0,2024-09-19,
GCA_042077705.1,Homo sapiens,human,9606,Mammalia,Primates,Hominidae,Homo,HG02178_hap1_hprc_f2,Chromosome,,109376360,101045337,3015981817,63,75,41,63,0,0,2024-09-20,
GCA_042077325.1,Homo sapiens,human,9606,Mammalia,Primates,Hominidae,Homo,NA18952_hap2_hprc_f2,Chromosome,,108288254,108288254,3027406095,71,80,41,76,0,0,2024-09-20,
GCA_041900105.1,Homo sapiens,human,9606,Mammalia,Primates,Hominidae,Homo,HG02015_mat_hprc_rel2,Chromosome,,107656395,92247016,3039579738,100,120,41,58,0,0,2024-09-11,
GCA_042032395.1,Homo sapiens,human,9606,Mammalia,Primates,Hominidae,Homo,NA18971_hap1_hprc_f2,Chromosome,,106928378,105124673,2941882306,127,146,41,68,0,0,2024-09-19,
GCA_042076525.1,Homo sapiens,human,9606,Mammalia,Primates,Hominidae,Homo,HG01943_pat_hprc_f2,Chromosome,,104558449,101995889,2921296798,117,134,41,67,0,0,2024-09-20,
GCA_002880775.3,Pongo abelii,Sumatran orangutan,9601,Mammalia,Primates,Hominidae,Pongo,Susie_PABv2,Chromosome,,98475126,11074009,3065035716,5299,5813,41,101.2,55217,18685,2018-01-19,Annotation submitted by University of Washington
GCF_002880775.1,Pongo abelii,Sumatran orangutan,9601,Mammalia,Primates,Hominidae,Pongo,Susie_PABv2,Chromosome,,98475126,11074009,3065035716,5299,5813,41,101.2,34351,20574,2018-01-19,NCBI Pongo abelii Annotation Release 103
GCA_001524155.4,Homo sapiens,human,9606,Mammalia,Primates,Hominidae,Homo,NA19240_prelim_3.0,Chromosome,,89467683,29140631,3088495238,1826,2521,41,73,0,0,2017-07-19,
GCA_002180035.3,Homo sapiens,human,9606,Mammalia,Primates,Hominidae,Homo,HG00514_prelim_3.0,Chromosome,,89384495,29396877,3094330096,2226,2877,41,80,0,0,2018-05-22,
GCA_002077035.3,Homo sapiens,human,9606,Mammalia,Primates,Hominidae,Homo,NA12878_prelim_3.0,Chromosome,,89003101,16821028,3088210890,2221,3220,41,75,0,0,2018-02-09,
GCA_000151905.3,Gorilla gorilla gorilla,western lowland gorilla,9595,Mammalia,Primates,Hominidae,Gorilla,gorGor4,Chromosome,,81227029,52934,3063346382,40729,170104,41,80,0,0,2014-12-19,
GCF_000151905.2,Gorilla gorilla gorilla,western lowland gorilla,9595,Mammalia,Primates,Hominidae,Gorilla,gorGor4,Chromosome,,81227029,52934,3063346382,40729,170104,41,80,32212,21391,2014-12-19,NCBI Gorilla gorilla Annotation Release 101
GCA_037575895.1,Homo sapiens,human,9606,Mammalia,Primates,Hominidae,Homo,UW_CHM1_v1.0,Chromosome,,81061439,81061439,2982104557,477,477,41,56,0,0,2024-03-27,
GCA_001292825.2,Homo sapiens,human,9606,Mammalia,Primates,Hominidae,Homo,HS1011_v1.1,Chromosome,,74315606,373039,2872295476,6553,31483,41,165,0,0,2015-11-12,
GCA_000001405.29,Homo sapiens,human,9606,Mammalia,Primates,Hominidae,Homo,GRCh38.p14,Chromosome,reference genome,67794873,57879411,3099734149,473,999,41,,0,0,2022-02-03,
GCF_000001405.40,Homo sapiens,human,9606,Mammalia,Primates,Hominidae,Homo,GRCh38.p14,Chromosome,reference genome,67794873,57879411,3099441038,470,996,41,,59792,20076,2022-02-03,GCF_000001405.40-RS_2025_08
GCA_964035085.1,Homo sapiens,human,9606,Mammalia,Primates,Hominidae,Homo,HG00358.HIFIRW.ONTUL.na.chrY,Chromosome,,58903441,58903441,59092759,11,11,36,69,0,0,2024-04-28,
GCA_000002135.3,Homo sapiens,human,9606,Mammalia,Primates,Hominidae,Homo,CRA_TCAGchr7v2,Chromosome,,58008433,6194666,158329839,6,122,41,,0,0,2004-09-01,
GCF_000002135.2,Homo sapiens,human,9606,Mammalia,Primates,Hominidae,Homo,CRA_TCAGchr7v2,Chromosome,,58008433,6194666,158329839,6,122,0,,2108,913,2004-09-01,NCBI Homo sapiens Annotation Release 105
GCA_964035025.1,Homo sapiens,human,9606,Mammalia,Primates,Hominidae,Homo,HC02666.HIFIRW.ONTUL.na.chrY,Chromosome,,54782457,54782457,54796626,2,2,37,27,0,0,2024-04-28,
GCA_013052645.3,Pan paniscus,pygmy chimpanzee,9597,Mammalia,Primates,Hominidae,Pan,Mhudiblu_PPA_v2,Chromosome,,53386619,15060308,3203531224,5520,6129,40.5,73.9,0,0,2021-03-18,
GCA_002880755.3,Pan troglodytes,chimpanzee,9598,Mammalia,Primates,Hominidae,Pan,Clint_PTRv2,Chromosome,,53103722,12421315,3024031013,4418,5037,40.5,124,55892,18940,2018-01-19,Annotation submitted by University of Washington
GCF_002880755.1,Pan troglodytes,chimpanzee,9598,Mammalia,Primates,Hominidae,Pan,Clint_PTRv2,Chromosome,,53103722,12268567,3050381528,4431,5060,40.5,124,40980,21522,2018-01-19,NCBI Pan troglodytes Annotation Release 105
GCA_000306695.2,Homo sapiens,human,9606,Mammalia,Primates,Hominidae,Homo,CHM1_1.1,Chromosome,,50362920,143936,3037866619,163,40828,41,38,0,0,2013-06-14,
GCF_000306695.2,Homo sapiens,human,9606,Mammalia,Primates,Hominidae,Homo,CHM1_1.1,Chromosome,,50362920,143936,3037866619,163,40828,0,38,52620,19751,2013-06-14,NCBI Homo sapiens Annotation Release 108
GCA_047372625.1,Hoolock leuconedys,eastern hoolock gibbon,593543,Mammalia,Primates,Hylobatidae,Hoolock,UCONN_HLeu1,Chromosome,reference genome,159996863,79153354,2760609521,19,77,41,31,0,0,2025-02-03,
GCA_028878055.3,Symphalangus syndactylus,siamang,9590,Mammalia,Primates,Hylobatidae,Symphalangus,NHGRI_mSymSyn1-v2.1_pri,Chromosome,reference genome,146713733,146713733,3262887708,26,27,40.5,76,0,0,2024-06-20,
GCF_028878055.3,Symphalangus syndactylus,siamang,9590,Mammalia,Primates,Hylobatidae,Symphalangus,NHGRI_mSymSyn1-v2.1_pri,Chromosome,reference genome,146713733,146713733,3262887708,26,27,40.5,76,38417,22102,2024-01-05,GCF_028878055.3-RS_2024_07
GCA_028878085.3,Symphalangus syndactylus,siamang,9590,Mammalia,Primates,Hylobatidae,Symphalangus,NHGRI_mSymSyn1-v2.0_alt,Chromosome,,144673617,144673617,3097367794,40,43,40.5,76,0,0,2024-01-05,
GCA_021498465.1,Hylobates pileatus,pileated gibbon,9589,Mammalia,Primates,Hylobatidae,Hylobates,ASM2149846v1,Chromosome,reference genome,131825309,17385161,2851401333,743,1567,41,52.94,0,0,2022-01-19,
GCA_040113115.1,Nomascus leucogenys,northern white-cheeked gibbon,61853,Mammalia,Primates,Hylobatidae,Nomascus,ASM4011311v1,Chromosome,,124246014,102188915,3068802784,143,248,41,49,0,0,2024-06-12,
GCA_040113105.1,Nomascus leucogenys,northern white-cheeked gibbon,61853,Mammalia,Primates,Hylobatidae,Nomascus,ASM4011310v1,Chromosome,,121177099,85672497,2959653166,90,485,41,49,0,0,2024-06-12,
GCA_028642525.1,Symphalangus syndactylus,siamang,9590,Mammalia,Primates,Hylobatidae,Symphalangus,Symphalangus_syndactylus_HiC,Chromosome,,87438310,32309,2896079755,797215,867194,41,57,0,0,2023-02-16,
GCA_000146795.3,Nomascus leucogenys,northern white-cheeked gibbon,61853,Mammalia,Primates,Hylobatidae,Nomascus,Nleu_3.0,Chromosome,,52956880,35148,2962060179,17524,197900,41,5.6,0,0,2012-12-08,
GCF_000146795.2,Nomascus leucogenys,northern white-cheeked gibbon,61853,Mammalia,Primates,Hylobatidae,Nomascus,Nleu_3.0,Chromosome,,52956880,35148,2962060179,17524,197900,0,5.6,28407,20370,2012-12-08,NCBI Nomascus leucogenys Annotation Release 102
GCA_028533085.1,Varecia variegata,ruffed lemur,9455,Mammalia,Primates,Lemuridae,Varecia,Varecia_variegata_HiC,Chromosome,reference genome,128811464,40155,2424021081,984208,1029863,41,74,0,0,2023-02-10,
GCA_020740605.1,Lemur catta,Ring-tailed lemur,9447,Mammalia,Primates,Lemuridae,Lemur,mLemCat1.pri,Chromosome,reference genome,102162704,32529614,2245584463,184,394,41.5,20.81,0,0,2021-11-04,
GCF_020740605.2,Lemur catta,Ring-tailed lemur,9447,Mammalia,Primates,Lemuridae,Lemur,mLemCat1.pri,Chromosome,reference genome,102162704,32529614,2245584463,184,394,41.5,20.81,30858,19990,2021-11-04,NCBI Lemur catta Annotation Release 100
GCA_043251655.1,Eulemur rufifrons,Bennett's brown lemur,859984,Mammalia,Primates,Lemuridae,Eulemur,EulRuf_1.0,Chromosome,,101660362,1586978,2157098113,2980,6576,41,,0,0,2024-10-17,
GCA_041146395.1,Eulemur rufifrons,Bennett's brown lemur,859984,Mammalia,Primates,Lemuridae,Eulemur,OSU_ERuf_1,Chromosome,reference genome,100874195,89959899,2415577446,647,680,41.5,15,0,0,2024-08-16,
GCF_041146395.1,Eulemur rufifrons,Bennett's brown lemur,859984,Mammalia,Primates,Lemuridae,Eulemur,OSU_ERuf_1,Chromosome,reference genome,100874195,89959899,2415577446,647,680,41.5,15,28489,19514,2024-08-16,GCF_041146395.1-RS_2024_10
GCA_028534055.1,Eulemur mongoz,mongoose lemur,34828,Mammalia,Primates,Lemuridae,Eulemur,Eulemur_mongoz_HiC,Chromosome,reference genome,82429097,38022,2476385662,1055658,1106606,41,103,0,0,2023-02-09,
GCA_027406575.1,Nycticebus coucang,slow loris,9470,Mammalia,Primates,Lorisidae,Nycticebus,mNycCou1.pri,Chromosome,reference genome,135917784,41197715,2917154053,84,302,41,31.63,0,0,2022-12-28,
GCF_027406575.1,Nycticebus coucang,slow loris,9470,Mammalia,Primates,Lorisidae,Nycticebus,mNycCou1.pri,Chromosome,reference genome,135917784,41197715,2917154053,84,302,41,31.63,38900,22137,2022-12-28,GCF_027406575.1-RS_2023_03
GCA_023898255.1,Nycticebus bengalensis,Bengal slow loris,261741,Mammalia,Primates,Lorisidae,Nycticebus,ASM2389825v1,Chromosome,reference genome,128767214,19794679,2856254458,3383,4349,40.5,53.88,0,0,2022-06-27,
GCA_040437455.1,Plecturocebus cupreus,coppery titi,202457,Mammalia,Primates,Pitheciidae,Plecturocebus,PleCup_hybrid,Chromosome,reference genome,130776705,16955781,2764079242,1288,2013,41,175,40818,40320,2024-07-02,Annotation submitted by Arizona State University
GCA_028551515.1,Pithecia pithecia,white-faced saki,43777,Mammalia,Primates,Pitheciidae,Pithecia,Pithecia_pithecia_HiC,Chromosome,,103980617,53327,3051940974,1322362,1370502,41,79,0,0,2023-02-09,
GCA_033060105.1,Elephas maximus,Asiatic elephant,9783,Mammalia,Proboscidea,Elephantidae,Elephas,EmaxG-LGv1.0,Chromosome,,130469234,77194844,3377773971,45,176,41,30.71,0,0,2023-10-26,
GCA_024166365.1,Elephas maximus indicus,,99487,Mammalia,Proboscidea,Elephantidae,Elephas,mEleMax1 primary haplotype,Chromosome,reference genome,127432672,87987108,3401247148,64,190,41,43,0,0,2022-07-06,
GCF_024166365.1,Elephas maximus indicus,,99487,Mammalia,Proboscidea,Elephantidae,Elephas,mEleMax1 primary haplotype,Chromosome,reference genome,127432672,87987108,3401247148,64,190,41,43,30964,21809,2022-07-06,GCF_024166365.1-RS_2023_02
GCA_051911805.1,Elephas maximus indicus,,99487,Mammalia,Proboscidea,Elephantidae,Elephas,mEleMax1.hap2,Chromosome,,125802197,88213608,3106194800,88,139,41,51,0,0,2025-08-11,
GCA_051911825.1,Elephas maximus indicus,,99487,Mammalia,Proboscidea,Elephantidae,Elephas,mEleMax1.hap1,Chromosome,,125437426,75101715,3377912597,103,186,41,51,0,0,2025-08-11,
GCA_032718755.1,Elephas maximus,Asiatic elephant,9783,Mammalia,Proboscidea,Elephantidae,Elephas,EmaxH1_LGv1.0,Chromosome,,124428925,43858507,3131795632,100,271,41,31,0,0,2023-10-17,
GCA_032717405.1,Loxodonta africana,African savanna elephant,9785,Mammalia,Proboscidea,Elephantidae,Loxodonta,LafrH1_LGv1.0,Chromosome,,122926248,64227854,3104041151,638,1141,41,32,0,0,2023-10-17,
GCA_033060095.1,Loxodonta africana,African savanna elephant,9785,Mammalia,Proboscidea,Elephantidae,Loxodonta,LafrG- LGv1.0,Chromosome,,122446792,71750044,3313860776,742,1323,41,32.41,0,0,2023-10-26,
GCA_032717415.1,Loxodonta africana,African savanna elephant,9785,Mammalia,Proboscidea,Elephantidae,Loxodonta,LafrH2_LGv1.0,Chromosome,,122288900,78024827,3267373081,675,1211,41,33,0,0,2023-10-17,
GCA_032718585.1,Elephas maximus,Asiatic elephant,9783,Mammalia,Proboscidea,Elephantidae,Elephas,EmaxH2_LGv1.0,Chromosome,,121677346,49989079,3329733255,104,250,41,32,0,0,2023-10-17,
GCA_030014295.1,Loxodonta africana,African savanna elephant,9785,Mammalia,Proboscidea,Elephantidae,Loxodonta,mLoxAfr1.hap2,Chromosome,reference genome,119600562,82653632,3540876381,879,1110,41,43,0,0,2023-05-16,
GCF_030014295.1,Loxodonta africana,African savanna elephant,9785,Mammalia,Proboscidea,Elephantidae,Loxodonta,mLoxAfr1.hap2,Chromosome,reference genome,119600562,82653632,3540876381,879,1110,41,43,32081,22303,2023-05-16,GCF_030014295.1-RS_2024_04
GCA_964261345.1,Heterocephalus glaber,naked mole-rat,10181,Mammalia,Rodentia,Bathyergidae,Heterocephalus,mHetGlaV3,Chromosome,,97315161,3219654,2474733770,74,2302,40,38,0,0,2024-09-07,
GCA_963923965.1,Heterocephalus glaber,naked mole-rat,10181,Mammalia,Rodentia,Bathyergidae,Heterocephalus,HetGla maternal painted,Chromosome,,97315161,3168000,2500289933,223,2500,40,38,0,0,2024-01-19,
GCA_964261355.1,Heterocephalus glaber,naked mole-rat,10181,Mammalia,Rodentia,Bathyergidae,Heterocephalus,pHetGlaV3,Chromosome,,96917872,2750000,2474531762,78,2443,40,35,0,0,2024-09-07,
GCA_963923975.1,Heterocephalus glaber,naked mole-rat,10181,Mammalia,Rodentia,Bathyergidae,Heterocephalus,HetGla paternal painted,Chromosome,,96917872,2716667,2500477843,247,2669,40,35,0,0,2024-01-19,
GCA_944319715.1,Heterocephalus glaber,naked mole-rat,10181,Mammalia,Rodentia,Bathyergidae,Heterocephalus,Naked mole-rat maternal,Chromosome,,95752777,3438577,2500134508,31,2223,40,58,0,0,2022-07-01,
GCA_944319725.1,Heterocephalus glaber,naked mole-rat,10181,Mammalia,Rodentia,Bathyergidae,Heterocephalus,Naked mole-rat paternal,Chromosome,,94825129,2890005,2499441111,31,2349,40,55,0,0,2022-07-01,
GCA_053478225.1,Fukomys anselli,Ansell's mole-rat,261002,Mammalia,Rodentia,Bathyergidae,Fukomys,DKFZ_Fans_1.0,Chromosome,reference genome,72399386,21598940,2274106617,412,741,40.5,46,0,0,2025-11-14,
GCA_047511655.2,Castor canadensis,American beaver,51338,Mammalia,Rodentia,Castoridae,Castor,mCasCan1.hap1v2,Chromosome,reference genome,158968201,59379167,2814832999,181,362,39.5,66.4,0,0,2025-02-10,
GCF_047511655.1,Castor canadensis,American beaver,51338,Mammalia,Rodentia,Castoridae,Castor,mCasCan1.hap1v2,Chromosome,reference genome,158968201,59379167,2814832999,181,362,39.5,66.4,40020,20783,2025-02-10,GCF_047511655.1-RS_2025_05
GCA_047511605.2,Castor canadensis,American beaver,51338,Mammalia,Rodentia,Castoridae,Castor,mCasCan1.hap2v2,Chromosome,,158538439,49955893,2761005066,153,347,39.5,66.4,0,0,2025-02-10,
GCA_001984765.2,Castor canadensis,American beaver,51338,Mammalia,Rodentia,Castoridae,Castor,ASM198476v2,Chromosome,,158004004,144908913,2815113504,21,32,39.5,122.6,0,0,2026-01-29,
GCA_977036005.1,Castor fiber,Eurasian beaver,10185,Mammalia,Rodentia,Castoridae,Castor,mCasFib1.1,Chromosome,reference genome,144294294,48519000,2824180382,227,464,39.5,30,0,0,2025-11-13,
GCA_964304595.1,Cricetus cricetus,black-bellied hamster,10034,Mammalia,Rodentia,Cricetidae,Cricetus,mCriCri2.1,Chromosome,reference genome,305542590,47690202,2520162027,48,178,41.5,104,0,0,2024-11-06,
GCA_003668045.2,Cricetulus griseus,Chinese hamster,10029,Mammalia,Rodentia,Cricetidae,Cricetulus,CriGri-PICRH-1.0,Chromosome,,274391693,2711962,2366634374,647,4014,41.5,31,0,0,2020-06-11,
GCF_003668045.3,Cricetulus griseus,Chinese hamster,10029,Mammalia,Rodentia,Cricetidae,Cricetulus,CriGri-PICRH-1.0,Chromosome,,274391693,2711962,2366634374,647,4014,41.5,31,32251,21776,2020-06-11,NCBI Cricetulus griseus Annotation Release 104
GCA_023856395.1,Phodopus sungorus,winter white dwarf hamster,10044,Mammalia,Rodentia,Cricetidae,Phodopus,Psun_UM_1.1,Chromosome,,165747135,53079,2119204330,7756,96357,41.5,85,0,0,2022-06-29,
GCA_903992535.2,Arvicola amphibius,Eurasian water vole,1047088,Mammalia,Rodentia,Cricetidae,Arvicola,mArvAmp1.2,Chromosome,reference genome,158924400,5392280,2297766297,215,1085,42,45,0,0,2021-05-15,
GCF_903992535.2,Arvicola amphibius,Eurasian water vole,1047088,Mammalia,Rodentia,Cricetidae,Arvicola,mArvAmp1.2,Chromosome,reference genome,158924400,5392280,2297766297,215,1085,42,45,28375,21424,2021-05-15,NCBI Arvicola amphibius Annotation Release 101
GCA_037038515.1,Microtus pennsylvanicus,meadow vole,10058,Mammalia,Rodentia,Cricetidae,Microtus,mMicPen1.hap1,Chromosome,reference genome,125308425,47175454,2369119668,180,240,42.5,40.8,0,0,2024-03-06,
GCF_037038515.1,Microtus pennsylvanicus,meadow vole,10058,Mammalia,Rodentia,Cricetidae,Microtus,mMicPen1.hap1,Chromosome,reference genome,125308425,47175454,2369119668,180,240,42.5,40.8,29617,21461,2024-03-06,GCF_037038515.1-RS_2025_08
GCA_049852395.1,Peromyscus maniculatus bairdii,prairie deer mouse,230844,Mammalia,Rodentia,Cricetidae,Peromyscus,HU_Pman_BW_mat_3.1,Chromosome,reference genome,122208007,32642229,2587065283,24,130,42.5,30,0,0,2025-04-22,
GCF_049852395.1,Peromyscus maniculatus bairdii,prairie deer mouse,230844,Mammalia,Rodentia,Cricetidae,Peromyscus,HU_Pman_BW_mat_3.1,Chromosome,reference genome,122208007,32642229,2587065283,24,130,42.5,30,37364,22575,2025-04-22,GCF_049852395.1-RS_2025_08
GCA_049852355.1,Peromyscus maniculatus gambelii,,3406445,Mammalia,Rodentia,Cricetidae,Peromyscus,HU_Pman_BK_pat_3.1,Chromosome,,121800740,29751781,2631712304,24,149,42.5,30,0,0,2025-04-22,
GCA_049852335.1,Peromyscus maniculatus rubidus,,3080742,Mammalia,Rodentia,Cricetidae,Peromyscus,HU_Pman_SW_mat_3.1,Chromosome,,121651058,30524957,2581581139,24,143,42.5,30,0,0,2025-04-22,
GCA_049852375.1,Peromyscus maniculatus nubiterrae,,754487,Mammalia,Rodentia,Cricetidae,Peromyscus,HU_Pman_NUB_pat_3.1,Chromosome,,121512914,33666505,2483513858,23,143,42.5,30,0,0,2025-04-22,
GCA_047301775.1,Sigmodon hispidus,hispid cotton rat,42415,Mammalia,Rodentia,Cricetidae,Sigmodon,ASM4730177v1,Chromosome,reference genome,118707662,77390441,2668580129,39,77,40,62.87,0,0,2025-01-30,
GCA_037039175.1,Microtus pennsylvanicus,meadow vole,10058,Mammalia,Rodentia,Cricetidae,Microtus,mMicPen1.hap2,Chromosome,,118374433,63584353,2156400253,143,196,42.5,44.8,0,0,2024-03-06,
GCA_003704135.2,Peromyscus polionotus subgriseus,,369710,Mammalia,Rodentia,Cricetidae,Peromyscus,HU_Ppol_1.3.3,Chromosome,,117603569,13217,2645110392,5292,318482,42,290,0,0,2019-04-26,
GCA_003704035.3,Peromyscus maniculatus bairdii,prairie deer mouse,230844,Mammalia,Rodentia,Cricetidae,Peromyscus,HU_Pman_2.1.3,Chromosome,,115033041,30111,2512423440,8523,155965,42.5,115,0,0,2020-09-17,
GCF_003704035.1,Peromyscus maniculatus bairdii,prairie deer mouse,230844,Mammalia,Rodentia,Cricetidae,Peromyscus,HU_Pman_2.1.3,Chromosome,,115033041,30111,2512423440,8523,155965,42.5,115,36461,22079,2020-09-17,NCBI Peromyscus maniculatus bairdii Annotation Release 102
GCA_004664715.2,Peromyscus leucopus,white-footed mouse,10041,Mammalia,Rodentia,Cricetidae,Peromyscus,UCI_PerLeu_2.1,Chromosome,reference genome,114273790,3487364,2475164510,1856,4147,42,60,0,0,2020-10-02,
GCF_004664715.2,Peromyscus leucopus,white-footed mouse,10041,Mammalia,Rodentia,Cricetidae,Peromyscus,UCI_PerLeu_2.1,Chromosome,reference genome,114273790,3487364,2475164510,1856,4147,42,60,32259,22198,2020-10-02,NCBI Peromyscus leucopus Annotation Release 101
GCA_903995425.1,Onychomys torridus,southern grasshopper mouse,38674,Mammalia,Rodentia,Cricetidae,Onychomys,mOncTor1.1,Chromosome,reference genome,112723509,2276141,2468394440,2949,5088,42,59,0,0,2020-08-21,
GCF_903995425.1,Onychomys torridus,southern grasshopper mouse,38674,Mammalia,Rodentia,Cricetidae,Onychomys,mOncTor1.1,Chromosome,reference genome,112723509,2276141,2468394440,2949,5088,42,59,28999,20942,2020-08-21,NCBI Onychomys torridus Annotation Release 100
GCA_949787125.1,Onychomys torridus,southern grasshopper mouse,38674,Mammalia,Rodentia,Cricetidae,Onychomys,OncTor_H1_v1,Chromosome,,112723509,2287010,2461999269,1827,6169,42,40,0,0,2023-04-12,
GCA_026229955.2,Peromyscus maniculatus sonoriensis,,372063,Mammalia,Rodentia,Cricetidae,Peromyscus,mPerMan1.1.pri,Chromosome,,110437847,10714300,2828207836,1632,2109,42,34,0,0,2026-01-22,
GCA_949786405.1,Onychomys arenicola,Chihuahuan grasshopper mouse,38679,Mammalia,Rodentia,Cricetidae,Onychomys,OncAre_H1_v1,Chromosome,reference genome,108432058,26219289,2871851351,601,844,42,40,0,0,2023-04-08,
GCA_041721565.1,Sigmodon hispidus,hispid cotton rat,42415,Mammalia,Rodentia,Cricetidae,Sigmodon,HispidOSU,Chromosome,,107795196,360703,2504706843,16480,30647,39.5,60,62872,24857,2024-09-03,Annotation submitted by The Ohio State University
GCA_949786425.1,Onychomys arenicola,Chihuahuan grasshopper mouse,38679,Mammalia,Rodentia,Cricetidae,Onychomys,OncAre_H2_v1,Chromosome,,102486503,29018958,2893799444,679,930,42,40,0,0,2023-04-08,
GCA_055000105.1,Myodes glareolus,Bank vole,447135,Mammalia,Rodentia,Cricetidae,Myodes,ASM5500010v1,Chromosome,,98460877,31957,2231755126,28,169718,42,19955.2,0,0,2026-02-04,
GCA_949786415.1,Peromyscus eremicus,cactus mouse,42410,Mammalia,Rodentia,Cricetidae,Peromyscus,PerEre_H2_v1,Chromosome,reference genome,97176920,1332236,2916547091,4296,6899,42.5,40,0,0,2023-04-08,
GCF_949786415.1,Peromyscus eremicus,cactus mouse,42410,Mammalia,Rodentia,Cricetidae,Peromyscus,PerEre_H2_v1,Chromosome,reference genome,97176920,1332236,2916547091,4296,6899,42.5,40,33180,22148,2023-04-08,GCF_949786415.1-RS_2023_08
GCA_949786435.1,Peromyscus eremicus,cactus mouse,42410,Mammalia,Rodentia,Cricetidae,Peromyscus,PerEre_H1_v1,Chromosome,,96210102,1422290,2908086432,4194,6896,42.5,40,0,0,2023-04-08,
GCA_050000055.1,Neotoma floridana,eastern woodrat,42409,Mammalia,Rodentia,Cricetidae,Neotoma,mNeoFlo1.hap1,Chromosome,reference genome,95007747,28556977,3228206949,1381,1535,41,50.4,0,0,2025-04-29,
GCA_050000045.1,Neotoma floridana,eastern woodrat,42409,Mammalia,Rodentia,Cricetidae,Neotoma,mNeoFlo1.hap2,Chromosome,,94217888,30010264,2822897152,942,1096,41,50.4,0,0,2025-04-29,
GCA_949786385.1,Onychomys leucogaster,northern grasshopper mouse,38668,Mammalia,Rodentia,Cricetidae,Onychomys,OncLeu_H2_v1,Chromosome,reference genome,94124810,19200283,3152994889,1053,1239,42,40,0,0,2023-04-08,
GCA_949786395.1,Onychomys leucogaster,northern grasshopper mouse,38668,Mammalia,Rodentia,Cricetidae,Onychomys,OncLeu_H1_v1,Chromosome,,92738233,20532404,3068077476,1014,1166,42,40,0,0,2023-04-08,
GCA_054502245.1,Alexandromys fortis,reed vole,100897,Mammalia,Rodentia,Cricetidae,Alexandromys,ASM5450224v1,Chromosome,,91234584,68894778,2286498262,88,115,42.5,99.98,25093,25093,2026-01-15,Annotation submitted by Central South University
GCA_982192425.1,Myodes glareolus,Bank vole,447135,Mammalia,Rodentia,Cricetidae,Myodes,mMyoGla1.1,Chromosome,,90684812,14620921,2585094733,188,470,42,18,0,0,2026-03-08,
GCA_950005125.1,Chionomys nivalis,European snow vole,269649,Mammalia,Rodentia,Cricetidae,Chionomys,mChiNiv1.1,Chromosome,reference genome,88844950,30960136,2393390621,160,357,42,26,0,0,2023-05-01,
GCF_950005125.1,Chionomys nivalis,European snow vole,269649,Mammalia,Rodentia,Cricetidae,Chionomys,mChiNiv1.1,Chromosome,reference genome,88844950,30960136,2393390621,160,357,42,26,28844,22222,2023-05-01,GCF_950005125.1-RS_2023_06
GCA_040207285.2,Clethrionomys rutilus,Northern red-backed vole,537920,Mammalia,Rodentia,Cricetidae,Clethrionomys,mMyoRut1_p1.0,Chromosome,reference genome,87441830,42196457,2398514924,83,270,42,60.6,0,0,2025-02-12,
GCA_047571435.1,Neodon fuscus,Smokey vole,771787,Mammalia,Rodentia,Cricetidae,Neodon,SNNU_Nfu_v1,Chromosome,reference genome,83801500,25369699,2264304678,338,751,42,60,0,0,2025-02-10,
GCA_048771875.1,Ctenodactylus gundi,northern gundi,10166,Mammalia,Rodentia,Ctenodactylidae,Ctenodactylus,mCteGun2.hap1,Chromosome,reference genome,108787391,38834406,2184404205,535,652,42.5,54.6,18895,17643,2025-03-21,GCA_048771875.1-GB_2025_08_12
GCA_048771865.1,Ctenodactylus gundi,northern gundi,10166,Mammalia,Rodentia,Ctenodactylidae,Ctenodactylus,mCteGun2.hap2,Chromosome,,106936071,27843871,2329663899,1031,1146,43,54.6,0,0,2025-03-21,
GCA_020740685.1,Jaculus jaculus,lesser Egyptian jerboa,51337,Mammalia,Rodentia,Dipodidae,Jaculus,mJacJac1.mat.Y.cur,Chromosome,reference genome,158244790,22104564,2863848715,159,715,42,61,0,0,2021-11-04,
GCF_020740685.1,Jaculus jaculus,lesser Egyptian jerboa,51337,Mammalia,Rodentia,Dipodidae,Jaculus,mJacJac1.mat.Y.cur,Chromosome,reference genome,158244790,22104564,2863848715,159,715,42,61,35105,20913,2021-11-04,NCBI Jaculus jaculus Annotation Release 102
GCA_036346955.1,Dipus sagitta,northern three-toed jerboa,73863,Mammalia,Rodentia,Dipodidae,Dipus,IOZCAS_Dsag_1.1,Chromosome,reference genome,147241050,28651707,2816644003,487,1441,42,325.81,0,0,2024-02-05,
GCA_028451465.1,Erethizon dorsatum,North American porcupine,34844,Mammalia,Rodentia,Erethizontidae,Erethizon,mEreDor1.pri,Chromosome,reference genome,127995937,19239546,2432130964,115,392,41,115.21,21968,18578,2023-02-06,GCA_028451465.1-GB_2025_12_01
GCA_031878675.1,Thomomys bottae,Botta's pocket gopher,10013,Mammalia,Rodentia,Geomyidae,Thomomys,mThoBot2.hap1,Chromosome,,64418693,5921125,2025633870,629,1404,41,45,26557,20357,2023-09-25,GCA_031878675.1-GB_2025_08_01
GCA_031878665.1,Thomomys bottae,Botta's pocket gopher,10013,Mammalia,Rodentia,Geomyidae,Thomomys,mThoBot2.hap2,Chromosome,,61325068,6183328,1879249320,340,881,41,45,0,0,2023-09-25,
GCA_963383645.1,Muscardinus avellanarius,hazel dormouse,39082,Mammalia,Rodentia,Gliridae,Muscardinus,mMusAve1.1,Chromosome,reference genome,119481734,2432660,2497503975,212,2017,41.5,58,0,0,2023-08-26,
GCA_051143605.1,Eliomys quercinus,garden dormouse,53277,Mammalia,Rodentia,Gliridae,Eliomys,HLeliQue1A,Chromosome,reference genome,108114398,51740598,2391831224,180,420,41,59,0,0,2025-06-30,
GCA_051143595.1,Eliomys quercinus,garden dormouse,53277,Mammalia,Rodentia,Gliridae,Eliomys,HLeliQue1B,Chromosome,,107541173,45399149,2208543884,136,503,41,59,0,0,2025-06-30,
GCA_023159225.1,Perognathus longimembris pacificus,Pacific pocket mouse,214514,Mammalia,Rodentia,Heteromyidae,Perognathus,ASM2315922v1,Chromosome,reference genome,72679016,7389774,2212099196,6180,7987,42,23,0,0,2022-04-27,
GCF_023159225.1,Perognathus longimembris pacificus,Pacific pocket mouse,214514,Mammalia,Rodentia,Heteromyidae,Perognathus,ASM2315922v1,Chromosome,reference genome,72679016,7389774,2212099196,6180,7987,42,23,30069,20883,2022-04-27,NCBI Perognathus longimembris pacificus Annotation Release 100
GCA_015741225.1,Hydrochoerus hydrochaeris,capybara,10149,Mammalia,Rodentia,Hydrochaeridae,Hydrochoerus,Hydrochoerus_hydrochaeris_HiC,Chromosome,,71052467,78808,2590838763,343877,384170,40,74,0,0,2020-12-04,
GCA_011064425.1,Rattus rattus,black rat,10117,Mammalia,Rodentia,Muridae,Rattus,Rrattus_CSIRO_v1,Chromosome,reference genome,158824752,1635336,2382770976,2172,7846,42,130,0,0,2020-03-04,
GCF_011064425.1,Rattus rattus,black rat,10117,Mammalia,Rodentia,Muridae,Rattus,Rrattus_CSIRO_v1,Chromosome,reference genome,158824752,1635336,2382770976,2172,7846,42,130,32100,21597,2020-03-04,NCBI Rattus rattus Annotation Release 100
GCA_011800105.1,Rattus rattus,black rat,10117,Mammalia,Rodentia,Muridae,Rattus,ASM1180010v1,Chromosome,,145848398,31539,2250262423,6805,188027,42,117,0,0,2020-04-01,
GCA_023515785.2,Rattus norvegicus,Norway rat,10116,Mammalia,Rodentia,Muridae,Rattus,UTH_Rnor_SHR_Utx_2.0,Chromosome,,140697154,24520032,2865158578,2116,2497,42,33,0,0,2024-02-29,
GCA_045687965.1,Rattus norvegicus,Norway rat,10116,Mammalia,Rodentia,Muridae,Rattus,Lyon_Hypertensive,Chromosome,,139969333,41701269,2842656376,132,401,42,35,0,0,2024-12-04,
GCA_045687995.1,Rattus norvegicus,Norway rat,10116,Mammalia,Rodentia,Muridae,Rattus,Lyon_Normot_Rat_Genome,Chromosome,,139830128,43604662,2845920730,148,448,42,35,0,0,2024-12-04,
GCA_023515805.2,Rattus norvegicus,Norway rat,10116,Mammalia,Rodentia,Muridae,Rattus,Genome assembly UTH_Rnor_WKY_Bbb_1.1,Chromosome,,139493494,27772074,2910751356,3510,4189,42,28,0,0,2024-08-16,
GCA_964188545.1,Mus musculus castaneus,southeastern Asian house mouse,10091,Mammalia,Rodentia,Muridae,Mus,CAST_EiJ_T2T_v1,Chromosome,,139012417,107094373,2950550120,338,413,41,40,0,0,2024-06-23,
GCA_021556685.1,Rattus norvegicus,Norway rat,10116,Mammalia,Rodentia,Muridae,Rattus,UTH_Rnor_SHRSP_BbbUtx_1.0,Chromosome,,138881597,50481003,2907517304,2734,4344,42,36,0,0,2022-01-24,
GCA_045688005.1,Rattus norvegicus,Norway rat,10116,Mammalia,Rodentia,Muridae,Rattus,Dahl_SR_JrHsd,Chromosome,,138878041,42620618,2844320943,136,433,42,35,0,0,2024-12-04,
GCA_041222355.1,Rattus norvegicus,Norway rat,10116,Mammalia,Rodentia,Muridae,Rattus,F344 StmMcwi,Chromosome,,138538352,44377000,2792069624,119,353,42,37,0,0,2024-08-13,
GCA_036323735.1,Rattus norvegicus,Norway rat,10116,Mammalia,Rodentia,Muridae,Rattus,GRCr8,Chromosome,reference genome,137014596,64250101,2849581192,76,296,42,40,0,0,2024-01-31,
GCF_036323735.1,Rattus norvegicus,Norway rat,10116,Mammalia,Rodentia,Muridae,Rattus,GRCr8,Chromosome,reference genome,137014596,64250101,2849581192,76,296,42,40,47357,23154,2024-01-31,GCF_036323735.1-RS_2024_02
GCA_015227675.2,Rattus norvegicus,Norway rat,10116,Mammalia,Rodentia,Muridae,Rattus,mRatBN7.2,Chromosome,,135012528,29198295,2647899415,175,756,42,92,0,0,2020-11-10,
GCF_015227675.2,Rattus norvegicus,Norway rat,10116,Mammalia,Rodentia,Muridae,Rattus,mRatBN7.2,Chromosome,,135012528,29198295,2647899415,175,756,42,92,42049,21990,2020-11-10,GCF_015227675.2-RS_2023_06
GCA_001624445.1,Mus musculus castaneus,southeastern Asian house mouse,10091,Mammalia,Rodentia,Muridae,Mus,CAST_EiJ_v1,Chromosome,,133752109,11642,2653974351,2976,391249,42,60,0,0,2016-04-26,
GCA_001624835.1,Mus musculus domesticus,western European house mouse,10092,Mammalia,Rodentia,Muridae,Mus,WSB_EiJ_v1,Chromosome,,133184209,11777,2689641256,2238,372889,42,60,0,0,2016-04-26,
GCA_921999095.2,Mus musculus molossinus,Japanese wild mouse,57486,Mammalia,Rodentia,Muridae,Mus,JF1_MsJ_v3,Chromosome,,133124609,14400882,2727417884,1397,1794,41.5,40,0,0,2022-07-01,
GCA_001624865.1,Mus spretus,western wild mouse,10096,Mammalia,Rodentia,Muridae,Mus,SPRET_EiJ_v1,Chromosome,,131945496,17887,2625571169,5403,280392,41.5,60,0,0,2016-04-26,
GCA_921997135.2,Mus spretus,western wild mouse,10096,Mammalia,Rodentia,Muridae,Mus,SPRET_EiJ_v3,Chromosome,reference genome,129120363,10023970,2546527799,138,732,41.5,40,0,0,2022-06-30,
GCA_029890205.1,Acomys cahirinus,Egyptian spiny mouse,10068,Mammalia,Rodentia,Muridae,Acomys,ASM2989020v1,Chromosome,reference genome,128545730,55022522,2270846306,34,123,43,45,0,0,2023-05-01,
GCA_001624775.1,Mus musculus musculus,eastern European house mouse,39442,Mammalia,Rodentia,Muridae,Mus,PWK_PhJ_v1,Chromosome,,128387505,5105,2559971091,3139,832629,42,60,0,0,2016-04-26,
GCA_921998335.2,Mus musculus musculus,eastern European house mouse,39442,Mammalia,Rodentia,Muridae,Mus,PWK_PhJ_v3,Chromosome,,126992800,26698258,2507108059,207,411,42,40,0,0,2022-07-01,
GCA_921998345.2,Mus musculus domesticus,western European house mouse,10092,Mammalia,Rodentia,Muridae,Mus,WSB_EiJ_v3,Chromosome,,126894850,6279527,2519241035,231,1049,42,40,0,0,2022-07-01,
GCA_907169655.1,Acomys percivali,Percival's spiny mouse,83527,Mammalia,Rodentia,Muridae,Acomys,mAcoPer2_REL_1905,Chromosome,reference genome,126270630,26477,2302049166,22442,160804,42.5,97,0,0,2021-07-06,
GCA_921999005.2,Mus musculus castaneus,southeastern Asian house mouse,10091,Mammalia,Rodentia,Muridae,Mus,CAST_EiJ_v3,Chromosome,,126140585,32955239,2519847465,146,368,42,40,0,0,2022-07-01,
GCA_907164505.1,Acomys kempi,Kemp's spiny mouse,83762,Mammalia,Rodentia,Muridae,Acomys,mAcoKem2_REL_1905,Chromosome,reference genome,125230826,33625,2162154686,19,109600,42.5,85,0,0,2021-07-06,
GCA_907164435.1,Acomys dimidiatus,,60744,Mammalia,Rodentia,Muridae,Acomys,mAcoDim1_REL_1905,Chromosome,reference genome,124365287,33040,2302401611,18302,127573,42.5,80,0,0,2021-07-06,
GCA_964271855.5,Acomys minous,Crete spiny mouse,83528,Mammalia,Rodentia,Muridae,Acomys,mAcoMin1.4,Chromosome,reference genome,122851966,29281624,2350177229,111,295,43,33,0,0,2025-07-07,
GCF_900094665.2,Mus caroli,Ryukyu mouse,10089,Mammalia,Rodentia,Muridae,Mus,CAROLI_EIJ_v1.1,Chromosome,reference genome,122627250,30921,2552816249,3077,136880,41.5,60,32457,21002,2017-04-28,NCBI Mus caroli Annotation Release 101
GCA_900094665.2,Mus caroli,Ryukyu mouse,10089,Mammalia,Rodentia,Muridae,Mus,CAROLI_EIJ_v1.1,Chromosome,reference genome,122627250,30917,2553112587,3162,136967,41.5,60,0,0,2017-04-28,
GCA_030254825.1,Meriones unguiculatus,Mongolian gerbil,10047,Mammalia,Rodentia,Muridae,Meriones,Bangor_MerUng_6.1,Chromosome,reference genome,122584302,50173090,2702201048,193,246,42,34,0,0,2023-06-12,
GCF_030254825.1,Meriones unguiculatus,Mongolian gerbil,10047,Mammalia,Rodentia,Muridae,Meriones,Bangor_MerUng_6.1,Chromosome,reference genome,122584302,50173090,2702201048,193,246,42,34,34685,21259,2023-06-12,GCF_030254825.1-RS_2023_10
GCA_947179515.1,Apodemus sylvaticus,European woodmouse,10129,Mammalia,Rodentia,Muridae,Apodemus,mApoSyl1.1,Chromosome,reference genome,120938251,4449850,2889785202,497,1626,41,25,0,0,2022-10-28,
GCF_947179515.1,Apodemus sylvaticus,European woodmouse,10129,Mammalia,Rodentia,Muridae,Apodemus,mApoSyl1.1,Chromosome,reference genome,120938251,4449850,2889785202,497,1626,41,25,34626,22444,2022-10-28,GCF_947179515.1-RS_2023_02
GCA_964023405.1,Apodemus agrarius,Eurasian field mouse,39030,Mammalia,Rodentia,Muridae,Apodemus,mApoAgr2.1,Chromosome,reference genome,119125257,35188814,2613523018,60,242,42,70,0,0,2024-04-12,
GCA_008632895.1,Mastomys coucha,southern multimammate mouse,35658,Mammalia,Rodentia,Muridae,Mastomys,UCSF_Mcou_1,Chromosome,reference genome,118621203,30483,2507168619,27,146740,41.5,73,0,0,2019-09-24,
GCF_008632895.1,Mastomys coucha,southern multimammate mouse,35658,Mammalia,Rodentia,Muridae,Mastomys,UCSF_Mcou_1,Chromosome,reference genome,118621203,30483,2507168619,27,146740,41.5,73,37046,20166,2019-09-24,NCBI Mastomys coucha Annotation Release 100
GCA_900095145.2,Mus pahari,shrew mouse,10093,Mammalia,Rodentia,Muridae,Mus,PAHARI_EIJ_v1.1,Chromosome,reference genome,111406228,29465,2475012951,2581,133720,42,74,0,0,2017-04-28,
GCF_900095145.1,Mus pahari,shrew mouse,10093,Mammalia,Rodentia,Muridae,Mus,PAHARI_EIJ_v1.1,Chromosome,reference genome,111406228,29465,2475012951,2581,133720,42,74,29483,20482,2017-04-28,NCBI Mus pahari Annotation Release 101
GCA_048544855.1,Mus musculus musculus,eastern European house mouse,39442,Mammalia,Rodentia,Muridae,Mus,chr_tw5,Chromosome,,99757035,28738779,99757035,1,29,43,48,0,0,2025-03-12,
GCA_028551405.1,Uromys caudimaculatus,giant uromys,36800,Mammalia,Rodentia,Muridae,Uromys,Uromys_caudimaculatus_HiC,Chromosome,reference genome,99048585,49660,2615851634,559416,611178,41.5,122,0,0,2023-02-09,
GCA_011762505.3,Arvicanthis niloticus,Nile rat,61156,Mammalia,Rodentia,Muridae,Arvicanthis,mArvNil1.pat.X,Chromosome,reference genome,82689117,11143170,2496761438,1595,3219,41.5,60.95,0,0,2025-01-29,
GCF_011762505.2,Arvicanthis niloticus,Nile rat,61156,Mammalia,Rodentia,Muridae,Arvicanthis,mArvNil1.pat.X,Chromosome,reference genome,82689117,11143170,2496761438,1595,3219,41.5,60.95,36156,21696,2025-01-29,GCF_011762505.2-RS_2025_09
GCA_028658305.1,Pachyuromys duprasi,fat-tailed gerbil,298894,Mammalia,Rodentia,Muridae,Pachyuromys,Pachyuromys_duprasi_HiC,Chromosome,reference genome,70283636,47672,2488923329,502065,551819,42,82,0,0,2023-02-17,
GCA_903995435.1,Acomys russatus,golden spiny mouse,60746,Mammalia,Rodentia,Muridae,Acomys,mAcoRus1.1,Chromosome,reference genome,66475698,4450755,2301522284,623,1502,42.5,58,0,0,2020-08-21,
GCF_903995435.1,Acomys russatus,golden spiny mouse,60746,Mammalia,Rodentia,Muridae,Acomys,mAcoRus1.1,Chromosome,reference genome,66475698,4450755,2301522284,623,1502,42.5,58,29331,20811,2020-08-21,GCF_903995435.1-RS_2023_02
GCA_963924665.1,Micromys minutus,European harvest mouse,13151,Mammalia,Rodentia,Muridae,Micromys,mMicMin1.1,Chromosome,reference genome,59776753,1835000,2651771171,893,2913,40,28,0,0,2024-01-29,
GCA_016881025.1,Ictidomys tridecemlineatus,thirteen-lined ground squirrel,43179,Mammalia,Rodentia,Sciuridae,Ictidomys,HiC_Itri_2,Chromosome,,193221680,44127,2478949113,7131,153543,40,8356,42878,21175,2021-02-17,Annotation submitted by Stanford University School of Medicine
GCF_016881025.1,Ictidomys tridecemlineatus,thirteen-lined ground squirrel,43179,Mammalia,Rodentia,Sciuridae,Ictidomys,HiC_Itri_2,Chromosome,,193221680,44127,2478949113,7131,153543,40,8356,34527,20734,2021-02-17,NCBI Ictidomys tridecemlineatus Annotation Release 103
GCA_052094965.1,Ictidomys tridecemlineatus,thirteen-lined ground squirrel,43179,Mammalia,Rodentia,Sciuridae,Ictidomys,mIctTri1.hap2,Chromosome,,185360950,13926175,2589558247,1438,2438,40,29.36,0,0,2025-08-18,
GCA_045843805.1,Urocitellus parryii,Arctic ground squirrel,9999,Mammalia,Rodentia,Sciuridae,Urocitellus,mUroPar1.hap1,Chromosome,reference genome,184159334,23164455,2935776410,2529,3223,40,51.1,27647,21628,2024-12-13,GCA_045843805.1-GB_2025_08_01
GCF_045843805.1,Urocitellus parryii,Arctic ground squirrel,9999,Mammalia,Rodentia,Sciuridae,Urocitellus,mUroPar1.hap1,Chromosome,reference genome,184159334,23164455,2935776410,2529,3223,40,51.1,33564,21555,2024-12-13,GCF_045843805.1-RS_2025_11
GCA_025594165.1,Tamias sibiricus,Siberian chipmunk,64680,Mammalia,Rodentia,Sciuridae,Tamias,ASM2559416v1,Chromosome,,172614981,9422552,2643750606,2095,4483,40.5,174,0,0,2022-10-06,
GCA_045843765.1,Urocitellus parryii,Arctic ground squirrel,9999,Mammalia,Rodentia,Sciuridae,Urocitellus,mUroPar1.hap2,Chromosome,,168114946,19265769,2750197790,2307,2897,40,51.1,0,0,2024-12-12,
GCA_047496905.1,Tamias sibiricus,Siberian chipmunk,64680,Mammalia,Rodentia,Sciuridae,Tamias,ASM4749690v1,Chromosome,reference genome,166459957,9155588,2601791133,19,1999,40.5,80,0,0,2025-02-07,
GCA_051107445.1,Pteromys volans,Siberian flying squirrel,55152,Mammalia,Rodentia,Sciuridae,Pteromys,Uoulu_pteVol_1.0,Chromosome,reference genome,157387023,60698384,2848323221,637,758,41,21.4,0,0,2025-06-26,
GCA_052094955.1,Ictidomys tridecemlineatus,thirteen-lined ground squirrel,43179,Mammalia,Rodentia,Sciuridae,Ictidomys,mIctTri1.hap1,Chromosome,reference genome,157082519,10558370,3144977123,5279,6723,40.5,29.36,0,0,2025-08-18,
GCF_052094955.1,Ictidomys tridecemlineatus,thirteen-lined ground squirrel,43179,Mammalia,Rodentia,Sciuridae,Ictidomys,mIctTri1.hap1,Chromosome,reference genome,157082519,10558370,3144977123,5279,6723,40.5,29.36,42748,23086,2025-08-18,GCF_052094955.1-RS_2025_11
GCA_964194105.1,Spermophilus citellus,European ground squirrel,9997,Mammalia,Rodentia,Sciuridae,Spermophilus,mSpeCit3.1,Chromosome,reference genome,155990855,3445081,3090032603,497,1933,40,30,0,0,2024-06-28,
GCA_902686455.2,Sciurus vulgaris,Eurasian red squirrel,55149,Mammalia,Rodentia,Sciuridae,Sciurus,mSciVul1.2,Chromosome,reference genome,153872958,16333633,2878591032,638,1807,40,23,0,0,2020-07-31,
GCF_902686455.1,Sciurus vulgaris,Eurasian red squirrel,55149,Mammalia,Rodentia,Sciuridae,Sciurus,mSciVul1.2,Chromosome,reference genome,153872958,16333633,2878591032,638,1807,40,23,33591,22317,2019-11-20,GCF_902686455.1-RS_2025_09
GCA_902686445.2,Sciurus carolinensis,gray squirrel,30640,Mammalia,Rodentia,Sciuridae,Sciurus,mSciCar1.2,Chromosome,reference genome,148229995,13975867,2815397268,752,2576,40,74,0,0,2020-07-31,
GCF_902686445.1,Sciurus carolinensis,gray squirrel,30640,Mammalia,Rodentia,Sciuridae,Sciurus,mSciCar1.2,Chromosome,reference genome,148229995,13975867,2815397268,752,2576,40,74,37331,21959,2020-07-31,GCF_902686445.1-RS_2023_03
GCA_047512175.1,Marmota flaviventris,yellow-bellied marmot,93162,Mammalia,Rodentia,Sciuridae,Marmota,mMarFla1.hap2,Chromosome,,138730837,47537411,2467036054,329,636,40,55.8,0,0,2025-02-10,
GCA_047511675.1,Marmota flaviventris,yellow-bellied marmot,93162,Mammalia,Rodentia,Sciuridae,Marmota,mMarFla1.hap1,Chromosome,reference genome,136846803,52587502,2704651887,813,1143,40,55.8,0,0,2025-02-10,
GCF_047511675.1,Marmota flaviventris,yellow-bellied marmot,93162,Mammalia,Rodentia,Sciuridae,Marmota,mMarFla1.hap1,Chromosome,reference genome,136846803,52587502,2704651887,813,1143,40,55.8,34400,21191,2025-02-10,GCF_047511675.1-RS_2025_02
GCA_028644305.1,Xerus rutilus,unstriped ground squirrel,226860,Mammalia,Rodentia,Sciuridae,Xerus,Xerus_rutilus_HiC,Chromosome,reference genome,127260801,58140,2750758914,1123228,1164041,40,112,0,0,2023-02-16,
GCA_051821045.1,Otospermophilus beecheyi,California ground squirrel,34862,Mammalia,Rodentia,Sciuridae,Otospermophilus,Obeecheyi_v1,Chromosome,reference genome,124984502,418950,2269446536,1383,10096,38.5,20,0,0,2025-08-05,
GCA_048772825.1,Callospermophilus lateralis,golden-mantled ground squirrel,76772,Mammalia,Rodentia,Sciuridae,Callospermophilus,mCalLat2.hap2,Chromosome,,114988597,13623428,3349745798,2820,3463,39.5,30.6,0,0,2025-03-21,
GCF_048772825.1,Callospermophilus lateralis,golden-mantled ground squirrel,76772,Mammalia,Rodentia,Sciuridae,Callospermophilus,mCalLat2.hap2,Chromosome,,114988597,13623428,3349745798,2820,3463,39.5,30.6,33281,20343,2025-03-21,GCF_048772825.1-RS_2025_09
GCA_048772815.1,Callospermophilus lateralis,golden-mantled ground squirrel,76772,Mammalia,Rodentia,Sciuridae,Callospermophilus,mCalLat2.hap1,Chromosome,reference genome,94176142,6579271,4646974320,8087,9535,39.5,30.6,29013,20494,2025-03-21,GCA_048772815.1-GB_2025_10_14
GCF_048772815.1,Callospermophilus lateralis,golden-mantled ground squirrel,76772,Mammalia,Rodentia,Sciuridae,Callospermophilus,mCalLat2.hap1,Chromosome,reference genome,94176142,6579271,4646974320,8087,9535,39.5,30.6,35505,21594,2025-03-21,GCF_048772815.1-RS_2025_09
GCA_049190835.1,Myospalax aspalax,false zokor,213498,Mammalia,Rodentia,Spalacidae,Myospalax,ASM4919083v1,Chromosome,reference genome,89298488,37952886,3014030832,547,653,41.5,30,0,0,2025-03-31,
GCA_035773235.1,Eospalax fontanierii,,146134,Mammalia,Rodentia,Spalacidae,Eospalax,ASM3577323v1,Chromosome,reference genome,82041474,59200000,2699079450,87,115,41.5,33,0,0,2024-01-24,
GCA_049190895.1,Myospalax psilurus,,146129,Mammalia,Rodentia,Spalacidae,Myospalax,ASM4919089v1,Chromosome,reference genome,76917133,23106468,3313470922,1668,1827,41.5,30,0,0,2025-03-31,
GCA_026018925.2,Tupaia tana,large tree shrew,70687,Mammalia,Scandentia,Tupaiidae,Tupaia,mTupTan1.pri,Chromosome,reference genome,111208849,7301848,2948301657,1209,2472,42,19,0,0,2025-12-17,
GCA_033439345.1,Tupaia chinensis,Chinese tree shrew,246437,Mammalia,Scandentia,Tupaiidae,Tupaia,KIZ version 2,Chromosome,,104643080,3217288,2667459972,1645,3342,42,55,0,0,2023-11-09,
GCA_030035585.1,Dugong dugon,dugong,29137,Mammalia,Sirenia,Dugongidae,Dugong,mDugDug1.hap1,Chromosome,reference genome,140670990,57632671,3158488110,198,294,40.5,32,22843,19248,2023-05-18,GCA_030035585.1-GB_2025_10_02
GCA_040182945.1,Dugong dugon,dugong,29137,Mammalia,Sirenia,Dugongidae,Dugong,ASM4018294v1,Chromosome,,136909105,272829,3061735718,2919,22906,40.5,160,0,0,2024-06-14,
GCA_046562895.1,Trichechus inunguis,Amazon manatee,9777,Mammalia,Sirenia,Trichechidae,Trichechus,mTriInu1 haplotype 2,Chromosome,reference genome,123530250,25109643,3320339069,401,695,41,73,24160,19991,2025-01-08,GCA_046562895.1-GB_2025_09_06
GCA_046562985.1,Trichechus inunguis,Amazon manatee,9777,Mammalia,Sirenia,Trichechidae,Trichechus,mTriInu1 haplotype 1,Chromosome,,121225153,16297374,3071794592,550,927,41,79,0,0,2025-01-08,
GCA_054668785.1,Orycteropus afer,aardvark,9818,Mammalia,Tubulidentata,Orycteropodidae,Orycteropus,mOryAfe1.hap1,Chromosome,,655437740,166734673,4714243411,353,474,40.5,46.9,0,0,2026-01-23,
GCA_054668755.1,Orycteropus afer,aardvark,9818,Mammalia,Tubulidentata,Orycteropodidae,Orycteropus,mOryAfe1.hap2,Chromosome,,643834862,195783007,4292536414,269,358,40,46.9,0,0,2026-01-23,
GCA_964187855.1,Myxine glutinosa,Atlantic hagfish,7769,Myxini,Myxiniformes,Myxinidae,Myxine,kmMyxGlut1.1,Chromosome,reference genome,192170830,739991,3057504053,4003,8415,44.5,30,0,0,2024-06-18,
GCF_964187855.1,Myxine glutinosa,Atlantic hagfish,7769,Myxini,Myxiniformes,Myxinidae,Myxine,kmMyxGlut1.1,Chromosome,reference genome,192170830,739991,3057504053,4003,8415,44.5,30,23902,18316,2024-06-18,GCF_964187855.1-RS_2026_01
GCA_040869285.1,Myxine glutinosa,Atlantic hagfish,7769,Myxini,Myxiniformes,Myxinidae,Myxine,UKY_Mglu_1.0,Chromosome,,156894492,847554,3829258836,4269,9145,44,28,0,0,2024-07-30,
GCF_040869285.1,Myxine glutinosa,Atlantic hagfish,7769,Myxini,Myxiniformes,Myxinidae,Myxine,UKY_Mglu_1.0,Chromosome,,156894492,847554,3829258836,4269,9145,44,28,29685,22424,2024-07-30,GCF_040869285.1-RS_2024_08
GCA_035128595.1,Eptatretus atami,,50612,Myxini,Myxiniformes,Myxinidae,Eptatretus,Eptata_v1,Chromosome,reference genome,147609921,12689,2517612418,6307,712472,43.5,250,0,0,2024-01-09,
GCA_041222605.1,Eptatretus okinoseanus,,7767,Myxini,Myxiniformes,Myxinidae,Eptatretus,ASM4122260v1,Chromosome,reference genome,110357792,2770831,1888650646,1372,3680,44,134,0,0,2024-08-13,
GCA_045345515.1,Morphnus guianensis,crested eagle,252789,Neognathae,Accipitriformes,Accipitridae,Morphnus,bMorGui1 haplotype 2,Chromosome,reference genome,61450600,26372894,1576624229,544,708,44.5,57,22581,18065,2024-12-02,GCA_045345515.1-GB_2025_12_03
GCA_045345505.1,Morphnus guianensis,crested eagle,252789,Neognathae,Accipitriformes,Accipitridae,Morphnus,bMorGui1 haplotype 1,Chromosome,,58544916,28221181,1316595704,548,653,44,69,0,0,2024-12-02,
GCA_026419915.1,Harpia harpyja,harpy eagle,202280,Neognathae,Accipitriformes,Accipitridae,Harpia,bHarHar1 primary haplotype,Chromosome,reference genome,58111031,16799191,1351447071,322,664,43.5,54,0,0,2022-11-27,
GCF_026419915.1,Harpia harpyja,harpy eagle,202280,Neognathae,Accipitriformes,Accipitridae,Harpia,bHarHar1 primary haplotype,Chromosome,reference genome,58111031,16799191,1351447071,322,664,43.5,54,20830,16803,2022-11-27,GCF_026419915.1-RS_2023_02
GCA_028022735.1,Gypaetus barbatus,lammergeier,33610,Neognathae,Accipitriformes,Accipitridae,Gypaetus,bGypBar2.pri,Chromosome,reference genome,52189775,18064636,1365299843,232,491,43.5,27.32,0,0,2023-01-31,
GCA_037962945.1,Sarcoramphus papa,king vulture,43583,Neognathae,Accipitriformes,Cathartidae,Sarcoramphus,bSarPap1.hap1,Chromosome,reference genome,96420541,40899883,1543931415,123,277,44,54.2,18126,16579,2024-04-04,GCA_037962945.1-GB_2025_12_03
GCA_037950955.1,Sarcoramphus papa,king vulture,43583,Neognathae,Accipitriformes,Cathartidae,Sarcoramphus,bSarPap1.hap2,Chromosome,,87061668,30635722,1469241744,140,268,44.5,54.2,0,0,2024-04-04,
GCA_018139145.2,Gymnogyps californianus,California condor,33616,Neognathae,Accipitriformes,Cathartidae,Gymnogyps,ASM1813914v2,Chromosome,reference genome,85355094,17075888,1240248578,542,1174,42,20,0,0,2022-09-01,
GCF_018139145.2,Gymnogyps californianus,California condor,33616,Neognathae,Accipitriformes,Cathartidae,Gymnogyps,ASM1813914v2,Chromosome,reference genome,85355094,17075888,1240248578,542,1174,42,20,17498,15144,2022-09-01,GCF_018139145.2-RS_2023_02
GCA_039700855.2,Vultur gryphus,Andean condor,8924,Neognathae,Accipitriformes,Cathartidae,Vultur,bVulGry1,Chromosome,reference genome,84949164,21673,1190354707,1179,121785,42,65,0,0,2025-05-07,
GCA_009819795.1,Aythya fuligula,tufted duck,219594,Neognathae,Anseriformes,Anatidae,Aythya,bAytFul2.pri,Chromosome,reference genome,85905639,17816505,1126988109,104,267,41.5,64.03,0,0,2019-12-31,
GCF_009819795.1,Aythya fuligula,tufted duck,219594,Neognathae,Anseriformes,Anatidae,Aythya,bAytFul2.pri,Chromosome,reference genome,85905639,17816505,1126988109,104,267,41.5,64.03,17219,15578,2019-12-31,NCBI Aythya fuligula Annotation Release 100
GCA_030142145.1,Somateria mollissima,common eider,76058,Neognathae,Anseriformes,Anatidae,Somateria,ASM3014214v1,Chromosome,,85846784,106998,1105825584,118,24340,41.5,42.96,0,0,2023-06-05,
GCA_026413565.1,Aythya baeri,Baer's pochard,1177618,Neognathae,Anseriformes,Anatidae,Aythya,ASM2641356v1,Chromosome,reference genome,85749954,29098202,1144760485,135,227,42,162.11,0,0,2022-11-27,
GCA_029042245.1,Aythya marila,greater scaup,189534,Neognathae,Anseriformes,Anatidae,Aythya,ASM2904224v1,Chromosome,reference genome,85439399,32460729,1135194460,125,196,42,91.36,0,0,2023-03-15,
GCA_042478095.1,Aythya ferina,common pochard,219593,Neognathae,Anseriformes,Anatidae,Aythya,ASM4247809v1,Chromosome,reference genome,85018818,31429927,1130787795,95,161,42,156,0,0,2024-10-03,
GCA_013377495.2,Cygnus atratus,black swan,8868,Neognathae,Anseriformes,Anatidae,Cygnus,CAtr_DNAZoo_HiC_assembly,Chromosome,reference genome,84552148,28995010,1124217020,567,697,42,90,0,0,2022-08-03,
GCF_013377495.2,Cygnus atratus,black swan,8868,Neognathae,Anseriformes,Anatidae,Cygnus,CAtr_DNAZoo_HiC_assembly,Chromosome,reference genome,84552148,28995010,1124217020,567,697,42,90,18459,15671,2022-08-03,GCF_013377495.2-RS_2023_02
GCA_036873955.1,Mergus octosetaceus,Brazilian merganser,1570318,Neognathae,Anseriformes,Anatidae,Mergus,bMerOct1.hap1,Chromosome,reference genome,83836255,10800487,1245774584,568,895,42.5,46.2,16183,15648,2024-02-26,GCA_036873955.1-GB_2025_10_02
GCA_048319975.1,Cairina moschata,Muscovy duck,8855,Neognathae,Anseriformes,Anatidae,Cairina,ASM4831997v1,Chromosome,reference genome,82343468,9791839,1100132706,39,283,42,60,0,0,2025-03-04,
GCA_025388735.1,Anser cygnoides,Swan goose,8845,Neognathae,Anseriformes,Anatidae,Anser,ASM2538873v1,Chromosome,,81861053,21589146,1278045749,486,1385,42.5,300,0,0,2022-09-25,
GCA_009769625.2,Cygnus olor,mute swan,8869,Neognathae,Anseriformes,Anatidae,Cygnus,bCygOlo1.pri.v2,Chromosome,reference genome,81481363,8308965,1134169903,170,621,42,60.23,0,0,2021-03-31,
GCF_009769625.2,Cygnus olor,mute swan,8869,Neognathae,Anseriformes,Anatidae,Cygnus,bCygOlo1.pri.v2,Chromosome,reference genome,81481363,8308965,1134169903,170,621,42,60.23,23209,16150,2021-03-31,NCBI Cygnus olor Annotation Release 100
GCA_030515125.1,Anser cygnoides,Swan goose,8845,Neognathae,Anseriformes,Anatidae,Anser,QAU1.0,Chromosome,,81474995,3297282,1128398295,587,1830,42,27,0,0,2023-07-26,
GCA_054644365.1,Anser cygnoides,Swan goose,8845,Neognathae,Anseriformes,Anatidae,Anser,Zi_goose_T2T_genome,Chromosome,,81055700,54135724,1305488053,272,305,43.5,230,0,0,2026-01-22,
GCA_040182565.1,Anser cygnoides,Swan goose,8845,Neognathae,Anseriformes,Anatidae,Anser,Taihu_goose_T2T_genome,Chromosome,reference genome,81007908,39655246,1215337776,74,116,43,70,0,0,2024-06-14,
GCF_040182565.1,Anser cygnoides,Swan goose,8845,Neognathae,Anseriformes,Anatidae,Anser,Taihu_goose_T2T_genome,Chromosome,reference genome,81007908,39655246,1215337776,74,116,43,70,25487,18126,2024-06-14,GCF_040182565.1-RS_2024_07
GCA_965277985.1,Anser erythropus,Lesser white-fronted goose,132586,Neognathae,Anseriformes,Anatidae,Anser,bAnsEry1.hap1.1,Chromosome,reference genome,80247187,2382381,1339878510,925,1845,44,61,0,0,2025-05-04,
GCA_964211825.1,Aythya ferina,common pochard,219593,Neognathae,Anseriformes,Anatidae,Aythya,bAytFer1.hap1.1,Chromosome,,79844515,4150808,1252302973,861,1335,42,122,0,0,2024-07-31,
GCA_965278175.1,Alopochen aegyptiaca,Egyptian goose,30382,Neognathae,Anseriformes,Anatidae,Alopochen,bAloAeg2.hap1.1,Chromosome,reference genome,79723726,4748427,1272231060,539,938,42,227,0,0,2025-05-08,
GCA_964034855.1,Anser brachyrhynchus,Pink-footed goose,132585,Neognathae,Anseriformes,Anatidae,Anser,bAnsBra1.1,Chromosome,reference genome,79251119,2049950,1287320976,714,1851,43.5,38,0,0,2024-04-27,
GCA_965231335.1,Branta canadensis,Canada goose,8853,Neognathae,Anseriformes,Anatidae,Branta,bBraCan1.1,Chromosome,reference genome,78989891,3892771,1311882472,613,1144,44,42,0,0,2025-03-29,
GCA_964211835.1,Anser anser,Domestic goose,8843,Neognathae,Anseriformes,Anatidae,Anser,bAnsAns1.hap1.1,Chromosome,reference genome,78965412,2674135,1313438308,818,1748,43.5,56,0,0,2024-07-31,
GCA_965250395.1,Anser fabalis,Taiga bean goose,132587,Neognathae,Anseriformes,Anatidae,Anser,bAnsFab1.1,Chromosome,reference genome,78817196,2200672,1316274463,878,1851,44,37,0,0,2025-04-20,
GCA_951416345.1,Somateria mollissima,common eider,76058,Neognathae,Anseriformes,Anatidae,Somateria,bSomMol1.h2.1,Chromosome,reference genome,78490558,9245871,1079261109,290,499,43,36,0,0,2023-06-27,
GCA_965151615.1,Cygnus columbianus,tundra swan,110926,Neognathae,Anseriformes,Anatidae,Cygnus,bCygCol1.1,Chromosome,reference genome,78162771,3838603,1293521421,602,1142,45,52,0,0,2025-02-15,
GCA_963989345.1,Clangula hyemalis,long-tailed duck,197941,Neognathae,Anseriformes,Anatidae,Clangula,bClaHye2.1,Chromosome,reference genome,78069974,3738964,1206087415,271,815,42.5,43,0,0,2024-03-14,
GCA_026259575.1,Anser cygnoides,Swan goose,8845,Neognathae,Anseriformes,Anatidae,Anser,AnsCyg_swan_goose_v2.0,Chromosome,,77798581,22747468,1153444501,1263,1577,42.5,110.33,0,0,2022-11-23,
GCA_036850655.1,Mergus octosetaceus,Brazilian merganser,1570318,Neognathae,Anseriformes,Anatidae,Mergus,bMerOct1.hap2,Chromosome,,77730658,10490917,1213885900,720,964,43,46.2,0,0,2024-02-26,
GCA_054883635.1,Spatula clypeata,Northern shoveler,75838,Neognathae,Anseriformes,Anatidae,Spatula,SKLAFABB.AnasCly1.0,Chromosome,reference genome,77553093,26869251,1165814024,72,130,42,100,0,0,2026-01-30,
GCA_951411735.1,Somateria mollissima,common eider,76058,Neognathae,Anseriformes,Anatidae,Somateria,bSomMol1.h1.1,Chromosome,,77552753,7862886,1205423405,468,740,44,36,0,0,2023-06-27,
GCA_018104995.1,Cairina moschata,Muscovy duck,8855,Neognathae,Anseriformes,Anatidae,Cairina,ASM1810499v1,Chromosome,,77345420,315520,1118556028,4613,16714,41.5,128,0,0,2021-04-23,
GCA_964035555.1,Netta rufina,red-crested pochard,30387,Neognathae,Anseriformes,Anatidae,Netta,bNetRuf1.1,Chromosome,reference genome,77261329,3347974,1166961997,140,854,42,30,0,0,2024-04-29,
GCA_971847395.1,Mergellus albellus,Smew,107026,Neognathae,Anseriformes,Anatidae,Mergellus,bMerAlb1.hap1.1,Chromosome,reference genome,77103717,2393000,1298127596,844,1612,42.5,31,0,0,2025-09-13,
GCA_965140915.1,Aythya marila,greater scaup,189534,Neognathae,Anseriformes,Anatidae,Aythya,bAytMar2.hap1.1,Chromosome,,77037309,3182246,1224516623,1268,1961,42,63,0,0,2025-02-13,
GCA_053567805.1,Anas acuta,northern pintail,28680,Neognathae,Anseriformes,Anatidae,Anas,SKLAFABB.AnasAcu1.0,Chromosome,,77014527,77014527,1198851733,159,159,42.5,100,0,0,2025-11-18,
GCA_976225485.1,Aythya fuligula,tufted duck,219594,Neognathae,Anseriformes,Anatidae,Aythya,bAytFul3.1,Chromosome,,76924276,3978115,1175427868,391,1033,42,55,0,0,2025-10-26,
GCA_053567875.1,Mareca falcata,falcated duck,75844,Neognathae,Anseriformes,Anatidae,Mareca,SKLAFABB.AnasFal1.0,Chromosome,reference genome,76775030,41080195,1183678463,116,159,42,100,0,0,2025-11-18,
GCA_977066335.1,Spatula clypeata,Northern shoveler,75838,Neognathae,Anseriformes,Anatidae,Spatula,bSpaCly1.hap1.1,Chromosome,,76684505,3649032,1236960625,537,1006,42.5,60,0,0,2025-11-28,
GCA_053567865.1,Anas crecca,Common teal,75839,Neognathae,Anseriformes,Anatidae,Anas,SKLAFABB.AnasCre1.0,Chromosome,reference genome,76541717,76541717,1224007728,218,218,43,100,0,0,2025-11-18,
GCA_963932015.1,Anas acuta,northern pintail,28680,Neognathae,Anseriformes,Anatidae,Anas,bAnaAcu1.1,Chromosome,reference genome,76435830,3416933,1189296988,394,1025,42.5,28,0,0,2024-02-07,
GCF_963932015.1,Anas acuta,northern pintail,28680,Neognathae,Anseriformes,Anatidae,Anas,bAnaAcu1.1,Chromosome,reference genome,76435830,3416933,1189296988,394,1025,42.5,28,24772,16993,2024-02-07,GCF_963932015.1-RS_2024_09
GCA_054883605.1,Sibirionetta formosa,Baikal teal,56278,Neognathae,Anseriformes,Anatidae,Sibirionetta,SKLAFABB.AnasFor1.0,Chromosome,reference genome,76402273,36461813,1154117424,72,112,42,100,0,0,2026-01-30,
GCA_002743455.1,Anas platyrhynchos platyrhynchos,common mallard,8840,Neognathae,Anseriformes,Anatidae,Anas,CAU_duck1.0,Chromosome,,74988519,88037,1136415614,21240,44791,41.5,150,0,0,2017-11-03,
GCA_054883575.1,Anas zonorhyncha,Eastern spot-billed duck,75864,Neognathae,Anseriformes,Anatidae,Anas,SKLAFABB.AnasZon1.0,Chromosome,reference genome,68264297,64774675,1303404548,633,677,43,50,0,0,2026-01-30,
GCA_964211785.1,Anser anser,Domestic goose,8843,Neognathae,Anseriformes,Anatidae,Anser,bAnsAns1.hap2.1,Chromosome,,67215310,2662746,1168290161,381,1135,43.5,56,0,0,2024-07-31,
GCA_965642265.1,Branta leucopsis,barnacle goose,184711,Neognathae,Anseriformes,Anatidae,Branta,bBraLeu2.hap1.1,Chromosome,reference genome,66377272,6988405,1346851039,692,1117,44,62,0,0,2025-07-19,
GCA_964059595.1,Bucephala clangula,common goldeneye,107022,Neognathae,Anseriformes,Anatidae,Bucephala,bBucCla1.1,Chromosome,reference genome,66356865,4272793,1190922165,537,991,42,45,0,0,2024-06-06,
GCA_965278785.1,Mareca strepera,gadwall,75861,Neognathae,Anseriformes,Anatidae,Mareca,bMarStr1.hap1.1,Chromosome,reference genome,66097916,2097805,1300597795,1155,2004,42.5,28,0,0,2025-05-10,
GCA_965278775.1,Cygnus cygnus,common whooper,219595,Neognathae,Anseriformes,Anatidae,Cygnus,bCygCyg1.hap1.1,Chromosome,reference genome,65831537,2482267,1387568417,2056,2793,47.5,38,0,0,2025-05-10,
GCA_025583725.1,Anser indicus,Bar-headed goose,8846,Neognathae,Anseriformes,Anatidae,Anser,ASM2558372v1,Chromosome,reference genome,65774817,5739385,1129455536,484,1429,42,85,0,0,2022-10-06,
GCA_971812175.1,Mergellus albellus,Smew,107026,Neognathae,Anseriformes,Anatidae,Mergellus,bMerAlb1.hap2.1,Chromosome,,65538291,2538332,1160594237,910,1541,42.5,31,0,0,2025-09-13,
GCA_977964035.1,Mergus serrator,,8879,Neognathae,Anseriformes,Anatidae,Mergus,bMerSer1.hap1.1,Chromosome,reference genome,65261140,2748324,1413260963,2559,3155,43,43,0,0,2026-02-01,
GCA_977964335.1,Mergus serrator,,8879,Neognathae,Anseriformes,Anatidae,Mergus,bMerSer1.hap2.1,Chromosome,,65202210,3221568,1320954292,1614,2172,42.5,43,0,0,2025-12-17,
GCA_976913865.1,Anser albifrons,White-fronted goose,50365,Neognathae,Anseriformes,Anatidae,Anser,bAnsAlb1.hap1.1,Chromosome,reference genome,62180537,1821908,1311784712,1336,2405,43.5,54,0,0,2025-10-26,
GCA_020740795.1,Apus apus,common swift,8895,Neognathae,Apodiformes,Apodidae,Apus,bApuApu2.pri.cur,Chromosome,reference genome,115508478,25561769,1100361224,109,365,42,103.36,0,0,2021-11-04,
GCF_020740795.1,Apus apus,common swift,8895,Neognathae,Apodiformes,Apodidae,Apus,bApuApu2.pri.cur,Chromosome,reference genome,115508478,25561769,1100361224,109,365,42,103.36,16724,14765,2021-11-04,GCF_020740795.1-RS_2023_02
GCA_020745705.1,Hemiprocne comata,,243314,Neognathae,Apodiformes,Apodidae,Hemiprocne,bHemCom1.pri.cur,Chromosome,reference genome,91346199,20531774,1164793941,145,363,42,80.12,0,0,2021-11-05,
GCA_003957555.2,Calypte anna,Anna's hummingbird,9244,Neognathae,Apodiformes,Trochilidae,Calypte,bCalAnn1_v1.p,Chromosome,reference genome,74081004,14522327,1059687259,159,584,41.5,54,0,0,2019-05-17,
GCF_003957555.1,Calypte anna,Anna's hummingbird,9244,Neognathae,Apodiformes,Trochilidae,Calypte,bCalAnn1_v1.p,Chromosome,reference genome,74081004,14522327,1059687259,159,584,41.5,54,16230,14711,2019-05-16,NCBI Calypte anna Annotation Release 101
GCA_036169615.1,Heliangelus exortis,,472823,Neognathae,Apodiformes,Trochilidae,Heliangelus,bHelExo1.hap1,Chromosome,reference genome,73898144,8413062,1049650714,131,568,41.5,47,0,0,2024-01-26,
GCF_036169615.1,Heliangelus exortis,,472823,Neognathae,Apodiformes,Trochilidae,Heliangelus,bHelExo1.hap1,Chromosome,reference genome,73898144,8413062,1049650714,131,568,41.5,47,20276,15365,2024-01-26,GCF_036169615.1-RS_2025_02
GCA_054051235.1,Chalcostigma stanleyi,,689208,Neognathae,Apodiformes,Trochilidae,Chalcostigma,bChaSta1.hap2,Chromosome,reference genome,73105083,1579170,1042267249,610,2372,41.5,30.6,0,0,2025-12-17,
GCA_023637945.2,Phaethornis superciliosus,long-tailed hermit,46513,Neognathae,Apodiformes,Trochilidae,Phaethornis,bPhaSup1.pri,Chromosome,reference genome,72671965,35194150,1020009783,65,205,41,85,14293,14185,2025-02-06,GCA_023637945.2-GB_2025_10_09
GCA_054372455.1,Selasphorus platycercus,broad-tailed hummingbird,240704,Neognathae,Apodiformes,Trochilidae,Selasphorus,SelPlat_v1,Chromosome,reference genome,72349162,27428828,1009456933,484,556,41.5,53,0,0,2026-01-06,
GCA_054051245.1,Chalcostigma stanleyi,,689208,Neognathae,Apodiformes,Trochilidae,Chalcostigma,bChaSta1.hap1,Chromosome,,72296937,1621151,1023131045,403,2163,41.5,30.6,0,0,2025-12-17,
GCA_907165065.1,Caprimulgus europaeus,Eurasian nightjar,111811,Neognathae,Caprimulgiformes,Caprimulgidae,Caprimulgus,bCapEur3.1,Chromosome,reference genome,82614289,30622946,1177791212,121,274,42,87,0,0,2021-05-17,
GCF_907165065.1,Caprimulgus europaeus,Eurasian nightjar,111811,Neognathae,Caprimulgiformes,Caprimulgidae,Caprimulgus,bCapEur3.1,Chromosome,reference genome,82614289,30622946,1177791212,121,274,42,87,16620,15555,2021-05-17,GCF_907165065.1-RS_2025_09
GCA_028020825.1,Podargus strigoides,tawny frogmouth,8905,Neognathae,Caprimulgiformes,Podargidae,Podargus,bPodStr1.pri,Chromosome,reference genome,58393285,11637970,1271141449,1038,1241,42.5,27.7,16374,15482,2023-01-31,GCA_028020825.1-GB_2025_12_03
GCA_054099775.1,Steatornis caripensis,oilbird,48435,Neognathae,Caprimulgiformes,Steatornithidae,Steatornis,bSteCar1.hap1,Chromosome,reference genome,84204331,44324291,1367945121,126,244,44,62.8,0,0,2025-12-18,
GCA_054099845.1,Steatornis caripensis,oilbird,48435,Neognathae,Caprimulgiformes,Steatornithidae,Steatornis,bSteCar1.hap2,Chromosome,,83830409,44910062,1200758481,94,196,44,62.8,0,0,2025-12-18,
GCA_008658365.1,Alca torda,razorbill,28689,Neognathae,Charadriiformes,Alcidae,Alca,bAlcTor1 primary,Chromosome,reference genome,84526827,18221265,1178473458,94,321,42.5,64.69,16796,15256,2019-10-10,GCA_008658365.1-GB_2025_12_03
GCA_017639485.1,Pluvialis apricaria,,670352,Neognathae,Charadriiformes,Charadriidae,Pluvialis,bPluApr1.pri,Chromosome,reference genome,87527607,15203797,1247746888,106,374,42.5,60,16975,15491,2021-03-30,GCA_017639485.1-GB_2025_12_08
GCA_965286855.1,Vanellus vanellus,,100859,Neognathae,Charadriiformes,Charadriidae,Vanellus,bVanVan3.1,Chromosome,reference genome,87105696,22783031,1393446359,986,1167,44,57,0,0,2025-06-07,
GCA_053477275.1,Charadrius alexandrinus x Charadrius dealbatus,,2697428,Neognathae,Charadriiformes,Charadriidae,Charadrius,ASM5347727v1,Chromosome,reference genome,84072220,23698919,1205393496,31,372,43,115,0,0,2025-11-14,
GCA_965231255.1,Vanellus vanellus,,100859,Neognathae,Charadriiformes,Charadriidae,Vanellus,bVanVan1.hap1.1,Chromosome,,82789932,1930563,1476605334,2407,3343,44.5,48,0,0,2025-03-28,
GCA_976988815.1,Haematopus ostralegus,Eurasian oystercatcher,31908,Neognathae,Charadriiformes,Haematopodidae,Haematopus,bHaeOst1.hap1.1,Chromosome,reference genome,87398943,4836579,1305996864,318,775,43.5,77,0,0,2025-11-08,
GCA_976988755.1,Haematopus ostralegus,Eurasian oystercatcher,31908,Neognathae,Charadriiformes,Haematopodidae,Haematopus,bHaeOst1.hap2.1,Chromosome,,85971649,4999330,1290388642,364,812,43.5,77,0,0,2025-10-10,
GCA_965649815.1,Larus marinus,,8912,Neognathae,Charadriiformes,Laridae,Larus,bLarMar3.hap2.1,Chromosome,reference genome,101702972,4427508,1239846396,351,818,44.5,155,0,0,2025-07-31,
GCA_965654465.1,Larus glaucescens,glaucous-winged gull,119606,Neognathae,Charadriiformes,Laridae,Larus,bLarGla1.hap2.1,Chromosome,reference genome,99528583,3859372,1225395165,507,1014,44.5,72,0,0,2025-08-03,
GCA_964199725.2,Larus michahellis,yellow-legged gull,119627,Neognathae,Charadriiformes,Laridae,Larus,bLarMic1.hap2.2,Chromosome,,98331555,3730653,1224408023,499,1029,44,68,0,0,2025-07-31,
GCA_965654445.1,Larus occidentalis,,126713,Neognathae,Charadriiformes,Laridae,Larus,bLarOcc1.hap2.1,Chromosome,reference genome,97575237,3921826,1232342620,386,868,44.5,78,0,0,2025-08-03,
GCA_965654415.1,Larus hyperboreus,,119637,Neognathae,Charadriiformes,Laridae,Larus,bLarHyp1.hap2.1,Chromosome,reference genome,96916423,3123111,1222596547,1707,2332,44,37,0,0,2025-08-03,
GCA_964417175.1,Larus argentatus,herring gull,35669,Neognathae,Charadriiformes,Laridae,Larus,bLarArg3.hap1.1,Chromosome,reference genome,88668981,3525167,1417836755,400,959,45,75,0,0,2024-12-05,
GCA_965649785.1,Larus marinus,,8912,Neognathae,Charadriiformes,Laridae,Larus,bLarMar3.hap1.1,Chromosome,,88539195,4327725,1427211259,343,883,45,155,0,0,2025-07-31,
GCA_963932325.2,Larus fuscus,,8915,Neognathae,Charadriiformes,Laridae,Larus,bLarFus1.hap2.2,Chromosome,reference genome,88510922,3559350,1291628069,613,1259,44,44,0,0,2025-08-23,
GCA_966204495.1,Larus canus,,28681,Neognathae,Charadriiformes,Laridae,Larus,bLarCan2.hap1.1,Chromosome,reference genome,88504857,3838233,1317714504,311,859,44.5,73,0,0,2025-08-24,
GCA_028500815.1,Rissa tridactyla,black-legged kittiwake,75485,Neognathae,Charadriiformes,Laridae,Rissa,bRisTri1.patW.cur.20221130,Chromosome,reference genome,88208671,15653959,1353621101,716,999,44.5,33,0,0,2023-02-09,
GCF_028500815.1,Rissa tridactyla,black-legged kittiwake,75485,Neognathae,Charadriiformes,Laridae,Rissa,bRisTri1.patW.cur.20221130,Chromosome,reference genome,88208671,15653959,1353621101,716,999,44.5,33,19635,16534,2023-02-09,GCF_028500815.1-RS_2023_03
GCA_964199755.1,Larus michahellis,yellow-legged gull,119627,Neognathae,Charadriiformes,Laridae,Larus,bLarMic1.1,Chromosome,,87713602,4216312,1405564706,617,1117,44.5,68,0,0,2024-07-14,
GCF_964199755.1,Larus michahellis,yellow-legged gull,119627,Neognathae,Charadriiformes,Laridae,Larus,bLarMic1.1,Chromosome,reference genome,87713602,4216312,1405564706,617,1117,44.5,68,19952,16940,2024-07-14,GCF_964199755.1-RS_2025_06
GCA_966207165.1,Larus canus,,28681,Neognathae,Charadriiformes,Laridae,Larus,bLarCan2.hap2.1,Chromosome,,87583120,3787740,1387001037,316,824,45,73,0,0,2025-08-24,
GCA_964199755.2,Larus michahellis,yellow-legged gull,119627,Neognathae,Charadriiformes,Laridae,Larus,bLarMic1.hap1.2,Chromosome,reference genome,86639822,3360787,1466224372,919,1573,45,68,0,0,2025-07-31,
GCA_963932225.2,Larus fuscus,,8915,Neognathae,Charadriiformes,Laridae,Larus,bLarFus1.hap1.2,Chromosome,,86173170,3007703,1425657605,1973,2648,45.5,44,0,0,2025-08-23,
GCA_964417125.1,Larus argentatus,herring gull,35669,Neognathae,Charadriiformes,Laridae,Larus,bLarArg3.hap2.1,Chromosome,,85940022,4497000,1256866793,533,989,44.5,75,0,0,2024-12-05,
GCA_965654385.1,Larus glaucescens,glaucous-winged gull,119606,Neognathae,Charadriiformes,Laridae,Larus,bLarGla1.hap1.1,Chromosome,,85721269,3410995,1446586518,665,1238,45,72,0,0,2025-08-03,
GCA_965654215.1,Larus hyperboreus,,119637,Neognathae,Charadriiformes,Laridae,Larus,bLarHyp1.hap1.1,Chromosome,,85666633,2840269,1458800923,2661,3442,45,37,0,0,2025-08-03,
GCA_965654455.1,Larus occidentalis,,126713,Neognathae,Charadriiformes,Laridae,Larus,bLarOcc1.hap1.1,Chromosome,,85627649,3779439,1443155878,453,1006,45,78,0,0,2025-08-03,
GCA_009819605.1,Sterna hirundo,Common tern,108405,Neognathae,Charadriiformes,Laridae,Sterna,bSteHir1.pri,Chromosome,reference genome,85487239,22002498,1229953488,122,327,43,67.91,0,0,2019-12-31,
GCA_053573735.1,Leucophaeus fuliginosus,Lava gull,328047,Neognathae,Charadriiformes,Laridae,Leucophaeus,bLeucoFulig_1.0,Chromosome,reference genome,85146451,42764735,1311830680,450,533,44.5,22.5,0,0,2025-11-21,
GCA_963924245.1,Chroicocephalus ridibundus,black-headed gull,1192867,Neognathae,Charadriiformes,Laridae,Chroicocephalus,bChrRid1.1,Chromosome,reference genome,83755488,4003687,1417554307,728,1190,44.5,37,0,0,2024-01-20,
GCF_963924245.1,Chroicocephalus ridibundus,black-headed gull,1192867,Neognathae,Charadriiformes,Laridae,Chroicocephalus,bChrRid1.1,Chromosome,reference genome,83755488,4003687,1417554307,728,1190,44.5,37,19454,16778,2024-01-20,GCF_963924245.1-RS_2024_02
GCA_030820635.1,Chroicocephalus ridibundus,black-headed gull,1192867,Neognathae,Charadriiformes,Laridae,Chroicocephalus,KIZ_Lrid_1.0,Chromosome,,83560245,18400000,1243762172,297,446,43,28.27,0,0,2023-08-18,
GCA_028501385.1,Rissa tridactyla,black-legged kittiwake,75485,Neognathae,Charadriiformes,Laridae,Rissa,bRisTri1.mat.cur.20221130,Chromosome,,82691832,18169445,1268441171,733,956,44.5,33,0,0,2023-02-10,
GCA_964106895.1,Numenius arquata,Eurasian curlew,31919,Neognathae,Charadriiformes,Scolopacidae,Numenius,bNumArq3.hap1.1,Chromosome,reference genome,63363742,2605715,1348859203,1818,2603,44,45,0,0,2024-06-06,
GCF_964106895.1,Numenius arquata,Eurasian curlew,31919,Neognathae,Charadriiformes,Scolopacidae,Numenius,bNumArq3.hap1.1,Chromosome,reference genome,63363742,2605715,1348859203,1818,2603,44,45,17452,16115,2024-06-06,GCF_964106895.1-RS_2025_05
GCA_034638445.1,Ciconia boyciana,Oriental stork,52775,Neognathae,Ciconiiformes,Ciconiidae,Ciconia,ASM3463844v1,Chromosome,reference genome,102765642,35788150,1240615254,280,429,42.5,81,0,0,2023-12-27,
GCF_034638445.1,Ciconia boyciana,Oriental stork,52775,Neognathae,Ciconiiformes,Ciconiidae,Ciconia,ASM3463844v1,Chromosome,reference genome,102765642,35788150,1240615254,280,429,42.5,81,19635,16546,2023-12-27,GCF_034638445.1-RS_2025_04
GCA_017639555.1,Ciconia maguari,,52777,Neognathae,Ciconiiformes,Ciconiidae,Ciconia,bCicMag1.pri,Chromosome,reference genome,85554746,23757428,1239415939,152,384,42,88.32,17613,15601,2021-03-30,GCA_017639555.1-GB_2025_09_05
GCA_035582795.1,Mycteria americana,wood stork,33587,Neognathae,Ciconiiformes,Ciconiidae,Mycteria,USCA_MyAme_1.0,Chromosome,reference genome,80020930,36845572,1348542611,279,360,43.5,30,28227,27983,2024-01-12,Annotation submitted by University of South Carolina Aiken
GCF_035582795.1,Mycteria americana,wood stork,33587,Neognathae,Ciconiiformes,Ciconiidae,Mycteria,USCA_MyAme_1.0,Chromosome,reference genome,80020930,36845572,1348542611,279,360,43.5,30,19520,16519,2024-01-12,GCF_035582795.1-RS_2025_07
GCA_028858725.2,Colius striatus,speckled mousebird,57412,Neognathae,Coliiformes,Coliidae,Colius,bColStr4.1.hap1,Chromosome,reference genome,89023854,21931325,1212464869,190,348,42.5,28.91,0,0,2023-02-24,
GCF_028858725.1,Colius striatus,speckled mousebird,57412,Neognathae,Coliiformes,Coliidae,Colius,bColStr4.1.hap1,Chromosome,reference genome,89023854,21931325,1212464869,190,348,42.5,28.91,17551,15621,2023-02-24,GCF_028858725.1-RS_2023_12
GCA_028858625.2,Colius striatus,speckled mousebird,57412,Neognathae,Coliiformes,Coliidae,Colius,bColStr4.1.hap2,Chromosome,,59190243,21724867,1153503718,242,378,42.5,28.91,0,0,2023-02-24,
GCA_036010745.1,Caloenas nicobarica,Nicobar pigeon,187106,Neognathae,Columbiformes,Columbidae,Caloenas,bCalNic1.hap2,Chromosome,,107988563,24693610,1197404482,226,344,43,68,0,0,2024-01-24,
GCA_032719375.1,Columba livia,rock pigeon,8932,Neognathae,Columbiformes,Columbidae,Columba,Trm_1.0,Chromosome,,95288922,95288922,1295808506,79,91,42.5,32.4,0,0,2023-10-18,
GCA_901699155.2,Streptopelia turtur,,177155,Neognathae,Columbiformes,Columbidae,Streptopelia,bStrTur1.2,Chromosome,reference genome,81365208,3790373,1178816852,311,1246,42,44,0,0,2021-05-17,
GCA_036013445.1,Caloenas nicobarica,Nicobar pigeon,187106,Neognathae,Columbiformes,Columbidae,Caloenas,bCalNic1.hap1,Chromosome,reference genome,79699707,25101800,1285834579,806,923,44.5,68,0,0,2024-01-26,
GCF_036013445.1,Caloenas nicobarica,Nicobar pigeon,187106,Neognathae,Columbiformes,Columbidae,Caloenas,bCalNic1.hap1,Chromosome,reference genome,79699707,25101800,1285834579,806,923,44.5,68,18897,17126,2024-01-26,GCF_036013445.1-RS_2024_06
GCA_964273445.1,Streptopelia decaocto,Eurasian collared-dove,177147,Neognathae,Columbiformes,Columbidae,Streptopelia,bStrDea1.hap1.1,Chromosome,reference genome,78754139,2425281,1290939990,2450,3146,42,52,0,0,2024-10-04,
GCA_964273585.1,Streptopelia decaocto,Eurasian collared-dove,177147,Neognathae,Columbiformes,Columbidae,Streptopelia,bStrDea1.hap2.1,Chromosome,,78428900,2790637,1200501445,584,1267,42.5,52,0,0,2024-10-04,
GCA_963082525.1,Nesoenas mayeri,pink pigeon,187126,Neognathae,Columbiformes,Columbidae,Nesoenas,bNesMay2.1,Chromosome,reference genome,78184682,4840756,1183254979,142,651,42.5,32,0,0,2023-08-09,
GCA_040285205.1,Columba livia,rock pigeon,8932,Neognathae,Columbiformes,Columbidae,Columba,ZA_WK_1,Chromosome,,77020822,7491769,1107711294,1438,2063,42,148,0,0,2024-06-25,
GCA_055754855.1,Columba livia,rock pigeon,8932,Neognathae,Columbiformes,Columbidae,Columba,ASM5575485v1,Chromosome,,76594100,44145000,1359329535,497,692,42.5,100,0,0,2026-03-09,
GCA_965250375.1,Columba palumbus,,8934,Neognathae,Columbiformes,Columbidae,Columba,bColPal1.1,Chromosome,reference genome,72549161,3440717,1362502569,718,1259,43.5,28,0,0,2025-04-20,
GCA_037038585.2,Patagioenas fasciata,band-tailed pigeon,372321,Neognathae,Columbiformes,Columbidae,Patagioenas,bPatFas1.hap1,Chromosome,reference genome,71669782,48246320,1454324034,360,497,44,66,0,0,2025-02-07,
GCF_037038585.1,Patagioenas fasciata,band-tailed pigeon,372321,Neognathae,Columbiformes,Columbidae,Patagioenas,bPatFas1.hap1,Chromosome,reference genome,71669782,48246320,1454324034,360,497,44,66,22217,17516,2025-02-07,GCF_037038585.1-RS_2025_02
GCA_036971685.2,Patagioenas fasciata,band-tailed pigeon,372321,Neognathae,Columbiformes,Columbidae,Patagioenas,bPatFas1.hap2,Chromosome,,70857732,63448456,1198742887,441,505,43.5,66,0,0,2025-02-10,
GCA_036013475.2,Columba livia,rock pigeon,8932,Neognathae,Columbiformes,Columbidae,Columba,bColLiv1.pat.W.v2,Chromosome,reference genome,68980706,14042120,1325566026,869,1118,42,55,0,0,2024-04-08,
GCF_036013475.1,Columba livia,rock pigeon,8932,Neognathae,Columbiformes,Columbidae,Columba,bColLiv1.pat.W.v2,Chromosome,reference genome,68980706,14042120,1325566026,869,1118,42,55,22830,17095,2024-04-08,GCF_036013475.1-RS_2024_05
GCA_036010775.2,Columba livia,rock pigeon,8932,Neognathae,Columbiformes,Columbidae,Columba,bColLiv1.mat.v2,Chromosome,,68652091,17433930,1181506259,650,842,42.5,55,0,0,2024-04-08,
GCA_017976375.1,Cuculus canorus,common cuckoo,55661,Neognathae,Cuculiformes,Cuculidae,Cuculus,bCucCan1.pri,Chromosome,reference genome,78325852,20797936,1180136575,150,446,42,64.31,0,0,2021-04-15,
GCF_017976375.1,Cuculus canorus,common cuckoo,55661,Neognathae,Cuculiformes,Cuculidae,Cuculus,bCucCan1.pri,Chromosome,reference genome,78325852,20797936,1180136575,150,446,42,64.31,19729,16774,2021-04-15,GCF_017976375.1-RS_2023_02
GCA_032191515.2,Phaenicophaeus curvirostris,,33595,Neognathae,Cuculiformes,Cuculidae,Phaenicophaeus,BPBGC_Pcur_1.0,Chromosome,reference genome,70715910,17162444,1315410253,587,768,43,36.6,0,0,2023-09-29,
GCF_032191515.1,Phaenicophaeus curvirostris,,33595,Neognathae,Cuculiformes,Cuculidae,Phaenicophaeus,BPBGC_Pcur_1.0,Chromosome,reference genome,70715910,17162444,1315410253,587,768,43,36.6,18938,16797,2023-09-29,GCF_032191515.1-RS_2024_11
GCA_027574665.1,Rhynochetos jubatus,kagu,54386,Neognathae,Eurypygiformes,Rhynochetidae,Rhynochetos,bRhyJub1.pri,Chromosome,reference genome,63592491,10485863,1331454348,148,448,45,35.71,16158,15543,2023-01-09,GCA_027574665.1-GB_2025_12_08
GCA_965282645.1,Falco peregrinus,peregrine falcon,8954,Neognathae,Falconiformes,Falconidae,Falco,bFalPer5.hap2.1,Chromosome,,113526587,5509184,1209127676,329,705,43,72,0,0,2025-05-18,
GCA_023634155.1,Falco peregrinus,peregrine falcon,8954,Neognathae,Falconiformes,Falconidae,Falco,bFalPer1.pri,Chromosome,reference genome,93682670,15744644,1311580791,124,356,42.5,28,0,0,2022-06-02,
GCF_023634155.1,Falco peregrinus,peregrine falcon,8954,Neognathae,Falconiformes,Falconidae,Falco,bFalPer1.pri,Chromosome,reference genome,93682670,15744644,1311580791,124,356,42.5,28,19918,16083,2022-06-02,GCF_023634155.1-RS_2023_04
GCA_965282525.1,Falco peregrinus,peregrine falcon,8954,Neognathae,Falconiformes,Falconidae,Falco,bFalPer5.hap1.1,Chromosome,,93426718,5500399,1284654402,295,728,42.5,72,0,0,2025-05-18,
GCA_023634085.1,Falco cherrug,Saker falcon,345164,Neognathae,Falconiformes,Falconidae,Falco,bFalChe1.pri,Chromosome,reference genome,92426045,21245687,1309366964,282,540,43,35.49,0,0,2022-06-02,
GCF_023634085.1,Falco cherrug,Saker falcon,345164,Neognathae,Falconiformes,Falconidae,Falco,bFalChe1.pri,Chromosome,reference genome,92426045,21245687,1309366964,282,540,43,35.49,19950,16251,2022-06-02,GCF_023634085.1-RS_2023_04
GCA_963210335.1,Falco punctatus,,148596,Neognathae,Falconiformes,Falconidae,Falco,bFalPun1.1,Chromosome,reference genome,92385878,4755657,1279260504,315,722,42.5,39,0,0,2023-08-19,
GCA_976974655.1,Falco tinnunculus,common kestrel,100819,Neognathae,Falconiformes,Falconidae,Falco,bFalTin1.hap2.1,Chromosome,reference genome,92215987,5189005,1201163297,447,830,43,66,0,0,2025-10-05,
GCF_017639655.2,Falco naumanni,lesser kestrel,148594,Neognathae,Falconiformes,Falconidae,Falco,bFalNau1.pat,Chromosome,reference genome,91761059,13754753,1215702009,290,588,42.5,104.34,19775,16079,2021-03-30,NCBI Falco naumanni Annotation Release 100
GCA_017639655.1,Falco naumanni,lesser kestrel,148594,Neognathae,Falconiformes,Falconidae,Falco,bFalNau1.pat,Chromosome,reference genome,91761059,13754753,1215702009,290,588,42.5,104.34,0,0,2021-03-30,
GCA_976974455.1,Falco tinnunculus,common kestrel,100819,Neognathae,Falconiformes,Falconidae,Falco,bFalTin1.hap1.1,Chromosome,,91707238,4874000,1417225294,506,1002,43,66,0,0,2025-10-26,
GCA_023638135.1,Falco biarmicus,lanner falcon,345155,Neognathae,Falconiformes,Falconidae,Falco,bFalBia1.pri,Chromosome,reference genome,91472507,24892811,1285492283,397,555,43,28,0,0,2022-06-02,
GCF_023638135.1,Falco biarmicus,lanner falcon,345155,Neognathae,Falconiformes,Falconidae,Falco,bFalBia1.pri,Chromosome,reference genome,91472507,24892811,1285492283,397,555,43,28,19520,15891,2022-06-02,GCF_023638135.1-RS_2023_05
GCA_015220075.1,Falco rusticolus,gyrfalcon,120794,Neognathae,Falconiformes,Falconidae,Falco,bFalRus1.pri,Chromosome,reference genome,91094845,15323486,1195829278,132,767,42,44.28,0,0,2020-11-03,
GCF_015220075.1,Falco rusticolus,gyrfalcon,120794,Neognathae,Falconiformes,Falconidae,Falco,bFalRus1.pri,Chromosome,reference genome,91094845,15323486,1195829278,132,767,42,44.28,19484,15894,2020-11-03,NCBI Falco rusticolus Annotation Release 100
GCA_965278835.1,Alectoris graeca,rock partridge,40178,Neognathae,Galliformes,Phasianidae,Alectoris,bAleGra1.1,Chromosome,reference genome,97991491,43679502,1114500572,116,266,42,53,0,0,2025-05-31,
GCA_045791835.1,Pavo cristatus,Indian peafowl,9049,Neognathae,Galliformes,Phasianidae,Pavo,ASM4579183v1,Chromosome,reference genome,94977930,30501418,1041763075,38,129,42,32,0,0,2024-12-06,
GCA_035666275.1,Alectoris chukar,chukar partridge,9078,Neognathae,Galliformes,Phasianidae,Alectoris,chu_hap1.0,Chromosome,reference genome,93605039,1069603,1034932086,186,3115,42,136,0,0,2024-01-17,
GCA_965225075.1,Pavo cristatus,Indian peafowl,9049,Neognathae,Galliformes,Phasianidae,Pavo,fPavCri16.1,Chromosome,,93074296,3567650,1036604390,812,1415,42,33,0,0,2025-03-27,
GCA_051903495.1,Alectoris rufa,red-legged partridge,9079,Neognathae,Galliformes,Phasianidae,Alectoris,Arufa_2401F,Complete Genome,reference genome,92881468,92881468,1037582712,40,40,42,60,0,0,2025-08-08,
GCA_033088195.2,Gallus gallus gallus,,208526,Neognathae,Galliformes,Phasianidae,Gallus,CAU_Silkie_2.0,Chromosome,,90911270,90911270,1094958033,94,108,42.5,477,0,0,2025-11-14,
GCA_039878825.1,Excalfactoria chinensis,blue-breasted quail,46218,Neognathae,Galliformes,Phasianidae,Excalfactoria,bCotChi1.hap2,Chromosome,reference genome,86361526,7816141,966847183,191,521,41.5,52,0,0,2024-05-31,
GCF_039878825.1,Excalfactoria chinensis,blue-breasted quail,46218,Neognathae,Galliformes,Phasianidae,Excalfactoria,bCotChi1.hap2,Chromosome,reference genome,86361526,7816141,966847183,191,521,41.5,52,18499,15853,2024-05-31,GCF_039878825.1-RS_2025_03
GCA_039878515.1,Excalfactoria chinensis,blue-breasted quail,46218,Neognathae,Galliformes,Phasianidae,Excalfactoria,bCotChi1.hap1,Chromosome,,86245886,6812677,974500481,424,755,41.5,52,0,0,2024-05-29,
GCA_030625065.1,Alectoris magna,Przewalski's partridge,40179,Neognathae,Galliformes,Phasianidae,Alectoris,ASM3062506v1,Chromosome,reference genome,77158717,23345045,1135030874,69,228,42,58,0,0,2023-08-08,
GCA_051820755.1,Coturnix coturnix,Common quail,9091,Neognathae,Galliformes,Phasianidae,Coturnix,ASM5182075v1,Chromosome,reference genome,75266076,2547645,1080135269,831,1596,42,22,0,0,2025-08-05,
GCA_037305975.1,Chrysolophus pictus,golden pheasant,9089,Neognathae,Galliformes,Phasianidae,Chrysolophus,CPswu_hap2,Chromosome,reference genome,72274759,37751291,1061050268,100,198,41.5,12,0,0,2024-03-20,
GCA_943294205.1,Meleagris gallopavo,turkey,9103,Neognathae,Galliformes,Phasianidae,Meleagris,MGAL_WU_HG_1.0_parent2,Chromosome,,71481950,19817032,1085657715,489,675,41.5,110,0,0,2022-06-24,
GCA_951394365.1,Tetrao urogallus,western capercaillie,100830,Neognathae,Galliformes,Phasianidae,Tetrao,bTetUro1.1,Chromosome,reference genome,71401156,1909808,1013167347,317,1290,41.5,23,0,0,2023-06-15,
GCF_951394365.1,Tetrao urogallus,western capercaillie,100830,Neognathae,Galliformes,Phasianidae,Tetrao,bTetUro1.1,Chromosome,reference genome,71401156,1909808,1013167347,317,1290,41.5,23,15196,14824,2023-06-15,GCF_951394365.1-RS_2025_10
GCA_023343835.1,Lagopus muta,rock ptarmigan,64668,Neognathae,Galliformes,Phasianidae,Lagopus,bLagMut1 primary,Chromosome,reference genome,71229700,17905263,1026755127,164,374,41.5,57.75,0,0,2022-05-12,
GCF_023343835.1,Lagopus muta,rock ptarmigan,64668,Neognathae,Galliformes,Phasianidae,Lagopus,bLagMut1 primary,Chromosome,reference genome,71229700,17905263,1026755127,164,374,41.5,57.75,20110,16078,2022-05-12,NCBI Lagopus muta Annotation Release 100
GCA_943295565.1,Meleagris gallopavo,turkey,9103,Neognathae,Galliformes,Phasianidae,Meleagris,MGAL_WU_HG_1.0_parent1,Chromosome,,71046337,9174806,1051251094,415,738,41,137,0,0,2022-06-24,
GCA_030408155.1,Lophura swinhoii,,140446,Neognathae,Galliformes,Phasianidae,Lophura,ASM3040815v1,Chromosome,reference genome,61385513,11027439,1144026423,153,1050,41.5,30,0,0,2023-07-05,
GCA_037216735.1,Chrysolophus pictus,golden pheasant,9089,Neognathae,Galliformes,Phasianidae,Chrysolophus,CPswu_hap1,Chromosome,,60607567,32994898,1000637296,113,227,42,12,0,0,2024-03-20,
GCA_054131305.1,Coturnix japonica,Japanese quail,93934,Neognathae,Galliformes,Phasianidae,Coturnix,WE-NBRP24,Chromosome,,56593093,20383166,1279647445,249,568,43,88,0,0,2025-12-22,
GCA_030936135.1,Gavia stellata,red-throated loon,37040,Neognathae,Gaviiformes,Gaviidae,Gavia,bGavSte3.hap2,Chromosome,reference genome,50637386,13765203,1321270170,1185,1434,43,35,0,0,2023-08-30,
GCF_030936135.1,Gavia stellata,red-throated loon,37040,Neognathae,Gaviiformes,Gaviidae,Gavia,bGavSte3.hap2,Chromosome,reference genome,50637386,13765203,1321270170,1185,1434,43,35,17980,16399,2023-08-30,GCF_030936135.1-RS_2023_09
GCA_030936125.1,Gavia stellata,red-throated loon,37040,Neognathae,Gaviiformes,Gaviidae,Gavia,bGavSte3.hap1,Chromosome,,50556253,12016335,1403461371,2965,3225,43.5,35,0,0,2023-08-30,
GCA_964106855.1,Grus grus,Eurasian crane,40816,Neognathae,Gruiformes,Gruidae,Grus,bGruGru1.hap1.1,Chromosome,reference genome,83713171,3365458,1352263658,753,1346,44,48,0,0,2024-06-06,
GCA_053455625.1,Leucogeranus leucogeranus,Siberian crane,3150944,Neognathae,Gruiformes,Gruidae,Leucogeranus,sysu_Leleuc_2.0,Chromosome,reference genome,83445140,21544053,1311076771,1433,1747,43,102,0,0,2025-11-13,
GCA_028858705.1,Grus americana,Whooping crane,9117,Neognathae,Gruiformes,Gruidae,Grus,bGruAme1.mat,Chromosome,reference genome,82903739,28324902,1257821324,929,1190,43,232.6,0,0,2023-02-24,
GCF_028858705.1,Grus americana,Whooping crane,9117,Neognathae,Gruiformes,Gruidae,Grus,bGruAme1.mat,Chromosome,reference genome,82903739,28324902,1257821324,929,1190,43,232.6,20835,17399,2023-02-24,GCF_028858705.1-RS_2023_03
GCA_011004875.1,Balearica regulorum gibbericeps,East African grey crowned-crane,100784,Neognathae,Gruiformes,Gruidae,Balearica,bBalReg1.pri,Chromosome,reference genome,82577926,23326060,1221032548,104,248,42.5,59.56,0,0,2020-03-05,
GCF_011004875.1,Balearica regulorum gibbericeps,East African grey crowned-crane,100784,Neognathae,Gruiformes,Gruidae,Balearica,bBalReg1.pri,Chromosome,reference genome,82577926,23326060,1221032548,104,248,42.5,59.56,20298,16191,2020-03-05,GCF_011004875.1-RS_2025_07
GCA_028858595.1,Grus americana,Whooping crane,9117,Neognathae,Gruiformes,Gruidae,Grus,bGruAme1.pat,Chromosome,,81581678,7082157,1200805165,395,979,42.5,232.6,0,0,2023-02-24,
GCA_964237585.1,Gallinula chloropus,common moorhen,9123,Neognathae,Gruiformes,Rallidae,Gallinula,bGalChl1.hap1.1,Chromosome,reference genome,90336355,3673000,1282394494,817,1420,44.5,44,0,0,2024-08-31,
GCA_965250365.1,Rallus aquaticus,,54496,Neognathae,Gruiformes,Rallidae,Rallus,bRalAqu1.1,Chromosome,reference genome,86795660,4112000,1266648806,1570,2346,44,42,0,0,2025-04-20,
GCA_020800305.1,Porphyrio hochstetteri,South Island takahe,439704,Neognathae,Gruiformes,Rallidae,Porphyrio,bPorHoc1.mat.Z.cur,Chromosome,reference genome,71566193,13461271,1270277365,173,500,43.5,36.82,16984,15589,2021-11-08,GCA_020800305.1-GB_2025_12_03
GCA_034619465.1,Leptosomus discolor,cuckoo roller,188344,Neognathae,Leptosomiformes,Leptosomidae,Leptosomus,bLepDis1.hap2,Chromosome,,82124922,8826436,1332028070,277,548,43.5,52,16137,15541,2023-12-27,GCA_034619465.1-GB_2025_11_26
GCA_034619455.1,Leptosomus discolor,cuckoo roller,188344,Neognathae,Leptosomiformes,Leptosomidae,Leptosomus,bLepDis1.hap1,Chromosome,,82108581,8029456,1327905210,335,625,43.5,52,0,0,2023-12-27,
GCA_009769465.1,Tauraco erythrolophus,red-crested turaco,121530,Neognathae,Musophagiformes,Musophagidae,Tauraco,bTauEry1.pri,Chromosome,,85562082,11927027,1252271553,140,484,42.5,65.99,0,0,2019-12-19,
GCA_013368605.1,Nyctibius grandis,,48427,Neognathae,Nyctibiiformes,Nyctibiidae,Nyctibius,bNycGra1.pri,Chromosome,reference genome,92359233,23231768,1256393467,190,433,42.5,88.4,0,0,2020-06-23,
GCF_013368605.1,Nyctibius grandis,,48427,Neognathae,Nyctibiiformes,Nyctibiidae,Nyctibius,bNycGra1.pri,Chromosome,reference genome,92359233,23231768,1256393467,190,433,42.5,88.4,17583,15872,2020-06-23,GCF_013368605.1-RS_2024_09
GCA_030867145.1,Opisthocomus hoazin,,30419,Neognathae,Opisthocomiformes,Opisthocomidae,Opisthocomus,bOpiHoa1.hap1,Chromosome,reference genome,80946297,14274197,1482459898,415,683,45.5,40,0,0,2023-08-24,
GCF_030867145.1,Opisthocomus hoazin,,30419,Neognathae,Opisthocomiformes,Opisthocomidae,Opisthocomus,bOpiHoa1.hap1,Chromosome,reference genome,80946297,14274197,1482459898,415,683,45.5,40,19904,16456,2023-08-24,GCF_030867145.1-RS_2025_07
GCA_030867165.1,Opisthocomus hoazin,,30419,Neognathae,Opisthocomiformes,Opisthocomidae,Opisthocomus,bOpiHoa1.hap2,Chromosome,,75689470,13957079,1355639139,323,535,46,40,0,0,2023-08-24,
GCA_036417535.1,Chlamydotis macqueenii,Macqueen's bustard,187382,Neognathae,Otidiformes,Otididae,Chlamydotis,bChlMac1.mat,Chromosome,,84623986,25335467,1273916401,328,428,43,51.93,17654,15755,2024-02-07,GCA_036417535.1-GB_2025_12_03
GCA_036418225.1,Chlamydotis macqueenii,Macqueen's bustard,187382,Neognathae,Otidiformes,Otididae,Chlamydotis,bChlMac1.pat,Chromosome,,84298225,29084237,1106587813,343,427,43,51.93,0,0,2024-02-07,
GCA_026413225.1,Otis tarda,great bustard,73107,Neognathae,Otidiformes,Otididae,Otis,OTswu,Chromosome,reference genome,82831862,40962436,1198259872,117,135,43,112.72,0,0,2022-11-27,
GCA_977066295.1,Aegithalos caudatus,Northern long-tailed tit,73327,Neognathae,Passeriformes,Aegithalidae,Aegithalos,bAegCau2.hap1.1,Chromosome,reference genome,73711400,8444000,1216966789,1322,1758,43.5,68,0,0,2025-11-28,
GCA_018697195.1,Certhia americana,,186443,Neognathae,Passeriformes,Certhiidae,Certhia,ASM1869719v1,Chromosome,reference genome,64356598,143071,1113356413,8309,36642,41.5,80,0,0,2021-06-03,
GCA_963662255.1,Cinclus cinclus,,127875,Neognathae,Passeriformes,Cinclidae,Cinclus,bCinCin1.1,Chromosome,reference genome,74357285,3563180,1170837027,277,935,43,41,0,0,2023-12-11,
GCF_963662255.1,Cinclus cinclus,,127875,Neognathae,Passeriformes,Cinclidae,Cinclus,bCinCin1.1,Chromosome,reference genome,74357285,3563180,1170837027,277,935,43,41,17187,16099,2023-12-11,GCF_963662255.1-RS_2024_01
GCA_021018805.3,Prinia subflava,tawny-flanked prinia,208062,Neognathae,Passeriformes,Cisticolidae,Prinia,Cam_Psub_1.2,Chromosome,reference genome,63498583,7918915,1119947663,538,916,42.5,50,0,0,2024-01-26,
GCF_021018805.1,Prinia subflava,tawny-flanked prinia,208062,Neognathae,Passeriformes,Cisticolidae,Prinia,Cam_Psub_1.2,Chromosome,reference genome,63498583,7918915,1119947663,538,916,42.5,50,19289,16306,2024-01-26,GCF_021018805.1-RS_2024_02
GCA_046129655.1,Cyanocitta cristata,blue jay,28727,Neognathae,Passeriformes,Corvidae,Cyanocitta,bCyaCrs1.hap1,Chromosome,reference genome,76484566,6932545,1227159539,315,708,43.5,37.2,20306,16639,2024-12-18,GCA_046129655.1-GB_2025_09_01
GCA_020740725.1,Corvus hawaiiensis,hawaiian crow,134902,Neognathae,Passeriformes,Corvidae,Corvus,bCorHaw1.pri.cur,Chromosome,reference genome,76278832,23064755,1151594481,187,481,43.5,29.61,0,0,2021-11-04,
GCF_020740725.1,Corvus hawaiiensis,hawaiian crow,134902,Neognathae,Passeriformes,Corvidae,Corvus,bCorHaw1.pri.cur,Chromosome,reference genome,76278832,23064755,1151594481,187,481,43.5,29.61,21647,16414,2021-11-04,NCBI Corvus hawaiiensis Annotation Release 100
GCA_965178545.1,Coloeus monedula,jackdaw,30423,Neognathae,Passeriformes,Corvidae,Coloeus,bColMon1.hap1.1,Chromosome,,75391489,3289653,1263979770,728,1376,44,77,0,0,2025-03-04,
GCA_009650955.1,Corvus moneduloides,New Caledonian crow,1196302,Neognathae,Passeriformes,Corvidae,Corvus,bCorMon1.pri,Chromosome,reference genome,74699841,11524098,1112734094,105,394,42.5,62.08,0,0,2019-11-14,
GCF_009650955.1,Corvus moneduloides,New Caledonian crow,1196302,Neognathae,Passeriformes,Corvidae,Corvus,bCorMon1.pri,Chromosome,reference genome,74699841,11524098,1112734094,105,394,42.5,62.08,20781,16167,2019-11-14,NCBI Corvus moneduloides Annotation Release 100
GCA_041296225.1,Aphelocoma coerulescens,scrub jay,39617,Neognathae,Passeriformes,Corvidae,Aphelocoma,ASM4129622v1,Chromosome,,74350943,133581,1060933515,855,21997,42,221,0,0,2024-08-16,
GCA_013407035.1,Coloeus monedula,jackdaw,30423,Neognathae,Passeriformes,Corvidae,Coloeus,ASM1340703v1,Chromosome,reference genome,73777161,23262489,1035863955,41,552,42,64,0,0,2020-07-13,
GCA_000738735.6,Corvus cornix cornix,,932674,Neognathae,Passeriformes,Corvidae,Corvus,ASM73873v6,Chromosome,reference genome,73732264,8553235,1030864775,46,471,42,150,0,0,2022-04-01,
GCF_000738735.6,Corvus cornix cornix,,932674,Neognathae,Passeriformes,Corvidae,Corvus,ASM73873v6,Chromosome,reference genome,73732264,8553235,1030864775,46,471,42,150,17944,14435,2022-04-01,NCBI Corvus cornix cornix Annotation Release 104
GCA_041296385.2,Aphelocoma coerulescens,scrub jay,39617,Neognathae,Passeriformes,Corvidae,Aphelocoma,UR_Acoe_1.0,Chromosome,reference genome,68049500,17285536,1330898477,659,798,44.5,63,0,0,2024-10-21,
GCA_041296385.1,Aphelocoma coerulescens,scrub jay,39617,Neognathae,Passeriformes,Corvidae,Aphelocoma,UR_Acoe_1.0,Chromosome,,68049500,17285536,1330898477,659,798,44.5,63,0,0,2024-08-16,
GCF_041296385.1,Aphelocoma coerulescens,scrub jay,39617,Neognathae,Passeriformes,Corvidae,Aphelocoma,UR_Acoe_1.0,Chromosome,reference genome,68049500,17285536,1330898477,659,798,44.5,63,23987,17513,2024-08-16,GCF_041296385.1-RS_2024_10
GCA_046129645.1,Cyanocitta cristata,blue jay,28727,Neognathae,Passeriformes,Corvidae,Cyanocitta,bCyaCrs1.hap2,Chromosome,,65830681,7082694,1195662530,309,642,44.5,37.2,0,0,2024-12-18,
GCA_965178535.1,Coloeus monedula,jackdaw,30423,Neognathae,Passeriformes,Corvidae,Coloeus,bColMon1.hap2.1,Chromosome,,64959247,3370455,1109102816,1173,1744,44,77,0,0,2025-03-04,
GCA_050655825.1,Lonchura striata,white-rumped munia,40157,Neognathae,Passeriformes,Estrildidae,Lonchura,ASM5065582v1,Chromosome,,74583612,74583612,1306137203,41,46,44,60,0,0,2025-06-02,
GCA_046129695.1,Lonchura striata,white-rumped munia,40157,Neognathae,Passeriformes,Estrildidae,Lonchura,bLonStr1.mat,Chromosome,reference genome,73424396,29140630,1207550942,161,337,43.5,69,0,0,2024-12-18,
GCF_046129695.1,Lonchura striata,white-rumped munia,40157,Neognathae,Passeriformes,Estrildidae,Lonchura,bLonStr1.mat,Chromosome,reference genome,73424396,29140630,1207550942,161,337,43.5,69,19577,15844,2024-12-18,GCF_046129695.1-RS_2025_08
GCA_046129705.1,Lonchura striata,white-rumped munia,40157,Neognathae,Passeriformes,Estrildidae,Lonchura,bLonStr1.pat,Chromosome,,72614999,31062148,1195923327,202,430,43,69,0,0,2024-12-18,
GCA_048772025.1,Taeniopygia guttata,zebra finch,59729,Neognathae,Passeriformes,Estrildidae,Taeniopygia,bTaeGut7.pat,Chromosome,,72373967,72373967,1021668102,39,41,42.5,433.93,0,0,2025-03-21,
GCA_051428105.1,Taeniopygia guttata,zebra finch,59729,Neognathae,Passeriformes,Estrildidae,Taeniopygia,bTaeGut2.hap2,Chromosome,,72223254,8294711,1005855727,243,547,42.5,82.5,0,0,2025-07-21,
GCA_048771995.1,Taeniopygia guttata,zebra finch,59729,Neognathae,Passeriformes,Estrildidae,Taeniopygia,bTaeGut7.mat,Chromosome,reference genome,72089520,65033001,1141148522,41,50,42.5,433.93,0,0,2025-03-21,
GCF_048771995.1,Taeniopygia guttata,zebra finch,59729,Neognathae,Passeriformes,Estrildidae,Taeniopygia,bTaeGut7.mat,Chromosome,reference genome,72089520,65033001,1141148522,41,50,42.5,433.93,23294,16799,2025-03-21,GCF_048771995.1-RS_2025_04
GCA_051427915.1,Taeniopygia guttata,zebra finch,59729,Neognathae,Passeriformes,Estrildidae,Taeniopygia,bTaeGut2.hap1,Chromosome,,72061231,6935319,1166567356,572,1091,43,82.5,0,0,2025-07-21,
GCA_005870125.1,Lonchura striata,white-rumped munia,40157,Neognathae,Passeriformes,Estrildidae,Lonchura,lonStrDom2,Chromosome,,71975342,100423,1060252993,2014,33370,41.5,151,0,0,2019-06-05,
GCF_005870125.1,Lonchura striata,white-rumped munia,40157,Neognathae,Passeriformes,Estrildidae,Lonchura,lonStrDom2,Chromosome,,71975342,100423,1060252993,2014,33370,41.5,151,18674,15577,2019-06-05,GCF_005870125.1-RS_2024_09
GCA_008822115.3,Taeniopygia guttata,zebra finch,59729,Neognathae,Passeriformes,Estrildidae,Taeniopygia,bTaeGut2.mat.v3,Chromosome,,71673800,5533763,995935930,205,783,42,82.5,0,0,2020-02-21,
GCA_009859065.2,Taeniopygia guttata,zebra finch,59729,Neognathae,Passeriformes,Estrildidae,Taeniopygia,bTaeGut2.pri.v2,Chromosome,,71643432,4023669,1106280703,540,1320,42,101.2,0,0,2020-04-01,
GCA_008822125.1,Taeniopygia guttata,zebra finch,59729,Neognathae,Passeriformes,Estrildidae,Taeniopygia,bTaeGut2pat,Chromosome,,71341325,4443179,1047569904,202,1029,41.5,82.5,0,0,2019-10-03,
GCA_003957565.4,Taeniopygia guttata,zebra finch,59729,Neognathae,Passeriformes,Estrildidae,Taeniopygia,bTaeGut1.4.pri,Chromosome,,70982421,8964551,1056254409,198,550,42,,0,0,2021-05-04,
GCF_003957565.2,Taeniopygia guttata,zebra finch,59729,Neognathae,Passeriformes,Estrildidae,Taeniopygia,bTaeGut1.4.pri,Chromosome,,70982421,8964551,1056254409,198,550,42,,21933,16520,2021-05-04,NCBI Taeniopygia guttata Annotation Release 106
GCA_008822105.2,Taeniopygia guttata,zebra finch,59729,Neognathae,Passeriformes,Estrildidae,Taeniopygia,bTaeGut2.pat.W.v2,Chromosome,,70879221,4378277,1068971253,204,1052,42,82.5,0,0,2020-02-21,
GCF_008822105.2,Taeniopygia guttata,zebra finch,59729,Neognathae,Passeriformes,Estrildidae,Taeniopygia,bTaeGut2.pat.W.v2,Chromosome,,70879221,4378277,1068971253,204,1052,0,82.5,21570,16197,2020-02-12,NCBI Taeniopygia guttata Annotation Release 105
GCA_050655735.1,Lonchura striata,white-rumped munia,40157,Neognathae,Passeriformes,Estrildidae,Lonchura,ASM5065573v1,Chromosome,,70278893,57875299,1150370587,50,59,43.5,60,0,0,2025-06-02,
GCA_027477595.1,Haemorhous mexicanus,house finch,30427,Neognathae,Passeriformes,Fringillidae,Haemorhous,bHaeMex1.pri,Chromosome,reference genome,77212160,16787335,1148216196,183,478,43,36.85,0,0,2022-12-29,
GCF_027477595.1,Haemorhous mexicanus,house finch,30427,Neognathae,Passeriformes,Fringillidae,Haemorhous,bHaeMex1.pri,Chromosome,reference genome,77212160,16787335,1148216196,183,478,43,36.85,19965,16679,2022-12-29,GCF_027477595.1-RS_2023_09
GCA_055764355.1,Serinus canaria,Common canary,9135,Neognathae,Passeriformes,Fringillidae,Serinus,bSerCaa1.mat,Chromosome,,76898014,11621605,1421920078,299,626,44.5,56.91,0,0,2026-03-10,
GCA_965183895.1,Pyrrhula murina,,928672,Neognathae,Passeriformes,Fringillidae,Pyrrhula,bPyrMur1.1,Chromosome,reference genome,76036967,64819875,1163867538,60,65,43.5,100,0,0,2025-03-04,
GCA_965649865.1,Coccothraustes coccothraustes,hawfinch,37609,Neognathae,Passeriformes,Fringillidae,Coccothraustes,bCocCoc1.h1,Chromosome,reference genome,73935772,7278480,1190889568,509,874,43.5,31,23903,23903,2025-07-31,Annotation submitted by ELIXIR Norway
GCA_039654755.1,Calcarius lapponicus,Lapland longspur,135424,Neognathae,Passeriformes,Fringillidae,Calcarius,RI_Cla_1.0,Chromosome,reference genome,72367164,1995792,1154665796,455,1488,42.5,50,0,0,2024-05-17,
GCA_022539315.2,Serinus canaria,Common canary,9135,Neognathae,Passeriformes,Fringillidae,Serinus,serCan2020,Chromosome,reference genome,72083177,12206373,1050336073,684,1738,42.5,,0,0,2022-08-25,
GCF_022539315.1,Serinus canaria,Common canary,9135,Neognathae,Passeriformes,Fringillidae,Serinus,serCan2020,Chromosome,reference genome,72083177,12206373,1050336073,684,1738,42.5,,17915,15457,2022-08-25,GCF_022539315.1-RS_2023_02
GCA_050947545.1,Emberiza aureola,yellow-breasted bunting,433632,Neognathae,Passeriformes,Fringillidae,Emberiza,ASM5094754v1,Chromosome,,71570192,122914,1020995869,159,21393,42,63.8,0,0,2025-06-17,
GCA_055764365.1,Serinus canaria,Common canary,9135,Neognathae,Passeriformes,Fringillidae,Serinus,bSerCaa1.pat,Chromosome,,69946079,17267553,1264031119,210,411,45,56.91,0,0,2026-03-10,
GCA_015532645.2,Fringilla coelebs coelebs,,1471794,Neognathae,Passeriformes,Fringillidae,Fringilla,FrCoel.v2,Chromosome,,69727445,66810,994865760,3255,49331,42,249,0,0,2021-06-16,
GCA_055672765.1,Emberiza rustica,rustic bunting,36250,Neognathae,Passeriformes,Fringillidae,Emberiza,ASM5567276v1,Chromosome,reference genome,65771690,12685084,1291605020,894,1170,44,31,0,0,2026-03-04,
GCA_053477415.1,Spinus pinus,Pine siskin,2201931,Neognathae,Passeriformes,Fringillidae,Spinus,bSpiPin_alt1.0,Chromosome,,64938551,23035499,1097225515,109,227,43.5,49,0,0,2025-11-14,
GCA_055697325.1,Emberiza rutila,Chestnut bunting,267979,Neognathae,Passeriformes,Fringillidae,Emberiza,ASM5569732v1,Chromosome,reference genome,64904774,11295816,1243704861,196,484,43.5,33,0,0,2026-03-04,
GCA_055697245.1,Emberiza aureola,yellow-breasted bunting,433632,Neognathae,Passeriformes,Fringillidae,Emberiza,ASM5569724v1,Chromosome,reference genome,64644127,10111157,1308546733,486,855,44,32,0,0,2026-03-04,
GCA_055697235.1,Emberiza spodocephala,,125294,Neognathae,Passeriformes,Fringillidae,Emberiza,ASM5569723v1,Chromosome,reference genome,64073110,10073190,1264309501,280,724,43.5,30,0,0,2026-03-04,
GCA_053477405.1,Spinus pinus,Pine siskin,2201931,Neognathae,Passeriformes,Fringillidae,Spinus,bSpiPin_pri1.0,Chromosome,reference genome,63847955,19100671,1253257106,208,596,44,43,0,0,2025-11-14,
GCA_015227805.3,Hirundo rustica,Barn swallow,43150,Neognathae,Passeriformes,Hirundinidae,Hirundo,bHirRus1.pri.v3,Chromosome,reference genome,76187387,2794774,1105955550,617,1719,42.5,51.15,0,0,2021-11-30,
GCF_015227805.2,Hirundo rustica,Barn swallow,43150,Neognathae,Passeriformes,Hirundinidae,Hirundo,bHirRus1.pri.v3,Chromosome,reference genome,76187387,2794774,1105955550,617,1719,42.5,51.15,18409,15517,2021-11-30,GCF_015227805.2-RS_2023_07
GCA_055001455.1,Riparia riparia,,88110,Neognathae,Passeriformes,Hirundinidae,Riparia,ICG_Riri_1,Complete Genome,reference genome,73324403,73324403,1189392182,40,40,43,30,0,0,2026-02-12,
GCA_051311805.1,Agelaius phoeniceus,red-winged blackbird,39638,Neognathae,Passeriformes,Icteridae,Agelaius,bAgePho1.hap1,Chromosome,reference genome,73898474,30085171,1238411316,299,484,43.5,68.6,0,0,2025-07-14,
GCF_051311805.1,Agelaius phoeniceus,red-winged blackbird,39638,Neognathae,Passeriformes,Icteridae,Agelaius,bAgePho1.hap1,Chromosome,reference genome,73898474,30085171,1238411316,299,484,43.5,68.6,21620,17098,2025-07-14,GCF_051311805.1-RS_2025_09
GCA_037042795.1,Molothrus aeneus,bronzed cowbird,84833,Neognathae,Passeriformes,Icteridae,Molothrus,BPBGC_Maene_1.0,Chromosome,reference genome,70606200,25845000,1177171786,527,594,43,82,0,0,2024-03-07,
GCF_037042795.1,Molothrus aeneus,bronzed cowbird,84833,Neognathae,Passeriformes,Icteridae,Molothrus,BPBGC_Maene_1.0,Chromosome,reference genome,70606200,25845000,1177171786,527,594,43,82,18476,16194,2024-03-07,GCF_037042795.1-RS_2024_07
GCA_012460135.3,Molothrus ater,,84834,Neognathae,Passeriformes,Icteridae,Molothrus,BPBGC_Mater_1.1,Chromosome,reference genome,70107701,13273966,1087219985,373,691,42.5,200,0,0,2022-10-11,
GCF_012460135.2,Molothrus ater,,84834,Neognathae,Passeriformes,Icteridae,Molothrus,BPBGC_Mater_1.1,Chromosome,reference genome,70107701,13273966,1087219985,373,691,42.5,200,18259,16046,2022-10-11,GCF_012460135.2-RS_2023_03
GCA_051348685.1,Agelaius phoeniceus,red-winged blackbird,39638,Neognathae,Passeriformes,Icteridae,Agelaius,bAgePho1.hap2,Chromosome,,65200977,29988714,1146822152,289,460,44,68.6,0,0,2025-07-15,
GCA_054913815.1,Pterorhinus courtoisi,,1156347,Neognathae,Passeriformes,Leiothrichidae,Pterorhinus,ASM5491381v1,Chromosome,reference genome,70596790,27850013,1255045218,656,803,43.5,78.85,0,0,2026-02-04,
GCA_009741485.1,Malurus cyaneus samueli,,2593467,Neognathae,Passeriformes,Maluridae,Malurus,mCya_1.0,Chromosome,reference genome,68113514,210412,1078874851,4329,18227,42,51.2,0,0,2019-12-12,
GCA_051294455.1,Myzomela tristrami,,1786045,Neognathae,Passeriformes,Meliphagidae,Myzomela,MyzoTris1.0.pri,Chromosome,reference genome,74714370,29690660,1257626521,247,277,43,70,0,0,2025-07-10,
GCA_051294465.1,Myzomela cardinalis,cardinal Myzomela,265620,Neognathae,Passeriformes,Meliphagidae,Myzomela,MyzoCard1.0.pri,Chromosome,reference genome,72951082,19065458,1261735957,1167,1328,43,55,0,0,2025-07-10,
GCA_008360975.3,Lichenostomus cassidix,helmeted honeyeater,1497555,Neognathae,Passeriformes,Meliphagidae,Lichenostomus,HeHo_3.0,Chromosome,reference genome,63798329,6735845,1102937223,894,2226,42.5,255.9,0,0,2025-07-30,
GCA_042985785.1,Mimus melanotis,San Cristobal mockingbird,245851,Neognathae,Passeriformes,Mimidae,Mimus,USASK_Mmel_1,Chromosome,reference genome,71597153,74264,1013368168,40,26369,41,42.43,18250,17971,2024-10-15,Annotation submitted by University of Saskatchewan
GCA_015832195.1,Motacilla alba alba,,1094192,Neognathae,Passeriformes,Motacillidae,Motacilla,Motacilla_alba_V1.0_pri,Chromosome,reference genome,72386170,8515530,1072653902,618,1524,42.5,18,0,0,2020-12-08,
GCF_015832195.1,Motacilla alba alba,,1094192,Neognathae,Passeriformes,Motacillidae,Motacilla,Motacilla_alba_V1.0_pri,Chromosome,reference genome,72386170,8515530,1072653902,618,1524,42.5,18,18047,15594,2020-12-08,NCBI Motacilla alba alba Annotation Release 100
GCA_054084135.1,Copsychus sechellarum,,797021,Neognathae,Passeriformes,Muscicapidae,Copsychus,bCopSec1.hap2,Chromosome,reference genome,71944673,12529446,1040605357,189,409,42.5,39.42,0,0,2025-12-18,
GCA_029582105.1,Oenanthe melanoleuca,,2939378,Neognathae,Passeriformes,Muscicapidae,Oenanthe,OMel1.0,Chromosome,reference genome,69618406,7795761,1036256795,587,1169,42,100,0,0,2023-04-06,
GCF_029582105.1,Oenanthe melanoleuca,,2939378,Neognathae,Passeriformes,Muscicapidae,Oenanthe,OMel1.0,Chromosome,reference genome,69618406,7795761,1036256795,587,1169,42,100,18947,16429,2023-04-06,GCF_029582105.1-RS_2023_05
GCA_054084125.1,Copsychus sechellarum,,797021,Neognathae,Passeriformes,Muscicapidae,Copsychus,bCopSec1.hap1,Chromosome,,68559407,13305154,1384301290,314,547,43.5,39.42,0,0,2025-12-18,
GCA_014706295.2,Lycocorax pyrrhopterus obiensis,,2767082,Neognathae,Passeriformes,Paradisaeidae,Lycocorax,bLycPyr6.2.pri,Chromosome,reference genome,74168823,7315902,1107775038,1700,3339,43,70,0,0,2025-12-17,
GCA_030490865.1,Poecile atricapillus,Black-capped chickadee,48891,Neognathae,Passeriformes,Paridae,Poecile,bPoeAtr1.hap1,Chromosome,reference genome,107919339,8462732,1251116877,306,708,42.5,40,0,0,2023-07-18,
GCF_030490865.1,Poecile atricapillus,Black-capped chickadee,48891,Neognathae,Passeriformes,Paridae,Poecile,bPoeAtr1.hap1,Chromosome,reference genome,107919339,8462732,1251116877,306,708,42.5,40,20627,17743,2023-07-18,GCF_030490865.1-RS_2023_08
GCA_971803275.1,Cyanistes caeruleus,blue tit,156563,Neognathae,Passeriformes,Paridae,Cyanistes,bCyaCae1.hap1.1,Chromosome,,82237909,3559555,1220456237,455,931,42.5,80,0,0,2025-09-13,
GCA_971808865.1,Cyanistes caeruleus,blue tit,156563,Neognathae,Passeriformes,Paridae,Cyanistes,bCyaCae1.hap2.1,Chromosome,,81606955,3266771,1229107639,382,896,42.5,80,0,0,2025-09-13,
GCA_038429875.2,Poecile montanus,willow tit,48895,Neognathae,Passeriformes,Paridae,Poecile,ASM3842987v2,Chromosome,reference genome,76173615,16277000,1223814010,190,525,43,146.7,0,0,2025-02-05,
GCA_030490855.1,Poecile atricapillus,Black-capped chickadee,48891,Neognathae,Passeriformes,Paridae,Poecile,bPoeAtr1.hap2,Chromosome,,75865069,8008306,987998379,157,397,43,40,0,0,2023-07-18,
GCA_032357785.1,Periparus ater,Coal Tit,156567,Neognathae,Passeriformes,Paridae,Periparus,ASM3235778v1,Chromosome,reference genome,74403770,9092038,1124835199,158,694,42.5,20,0,0,2023-10-06,
GCA_055754725.1,Baeolophus bicolor,tufted titmouse,88114,Neognathae,Passeriformes,Paridae,Baeolophus,bBaeBic1.hap1,Chromosome,reference genome,74378943,6803303,1222437453,337,790,42.5,43.37,0,0,2026-03-09,
GCA_049639895.1,Pseudopodoces humilis,Tibetan ground-tit,181119,Neognathae,Passeriformes,Paridae,Pseudopodoces,ASM4963989v1,Chromosome,,73139925,32246491,1051101716,33,329,41.5,134.3,0,0,2025-04-15,
GCA_978021935.1,Parus major,Great Tit,9157,Neognathae,Passeriformes,Paridae,Parus,bParMaj1.1_alternate,Chromosome,,72463987,4234717,1044753706,616,1246,42.5,30,0,0,2026-02-10,
GCA_055001445.1,Parus major,Great Tit,9157,Neognathae,Passeriformes,Paridae,Parus,ICG_Pmaj_1A_p2,Chromosome,,72002570,152317,998952537,32,19770,41,30,0,0,2026-02-12,
GCA_001522545.3,Parus major,Great Tit,9157,Neognathae,Passeriformes,Paridae,Parus,Parus_major1.1,Chromosome,reference genome,71365269,148693,1020293992,1674,24043,41.5,95,0,0,2019-01-15,
GCF_001522545.3,Parus major,Great Tit,9157,Neognathae,Passeriformes,Paridae,Parus,Parus_major1.1,Chromosome,reference genome,71365269,148693,1020293992,1674,24043,41.5,95,19061,15069,2019-01-15,NCBI Parus major Annotation Release 102
GCA_055761795.1,Baeolophus bicolor,tufted titmouse,88114,Neognathae,Passeriformes,Paridae,Baeolophus,bBaeBic1.hap2,Chromosome,,64472019,6579559,1127455526,259,588,42.5,43.37,0,0,2026-03-10,
GCA_978021925.1,Parus major,Great Tit,9157,Neognathae,Passeriformes,Paridae,Parus,bParMaj1.1_primary,Chromosome,,64261913,3624465,1263885519,1697,2868,43,30,0,0,2026-01-23,
GCA_009764595.1,Geothlypis trichas,common yellowthroat,135433,Neognathae,Passeriformes,Parulidae,Geothlypis,bGeoTri1.pri,Chromosome,reference genome,72541719,3247339,1078128490,278,1757,42,52.11,18110,15086,2019-12-19,GCA_009764595.1-GB_2025_08_09
GCA_001746935.2,Setophaga coronata coronata,myrtle warbler,1037456,Neognathae,Passeriformes,Parulidae,Setophaga,mywa_2.1,Chromosome,reference genome,71386623,43576,1022634526,2108,69222,41,100,0,0,2020-12-08,
GCA_027887145.1,Ammospiza caudacuta,,2857398,Neognathae,Passeriformes,Passerellidae,Ammospiza,bAmmCau1.pri,Chromosome,reference genome,78443464,8252193,1241209685,282,645,43.5,34.18,0,0,2023-01-18,
GCF_027887145.1,Ammospiza caudacuta,,2857398,Neognathae,Passeriformes,Passerellidae,Ammospiza,bAmmCau1.pri,Chromosome,reference genome,78443464,8252193,1241209685,282,645,43.5,34.18,18099,16439,2023-01-18,GCF_027887145.1-RS_2023_08
GCA_035770615.1,Melospiza melodia melodia,,1914991,Neognathae,Passeriformes,Passerellidae,Melospiza,bMelMel2.pri,Chromosome,reference genome,77460261,19453098,1541245192,353,652,45,30.7,0,0,2024-01-24,
GCF_035770615.1,Melospiza melodia melodia,,1914991,Neognathae,Passeriformes,Passerellidae,Melospiza,bMelMel2.pri,Chromosome,reference genome,77460261,19453098,1541245192,353,652,45,30.7,21141,17176,2024-01-24,GCF_035770615.1-RS_2024_02
GCA_027579445.1,Ammospiza nelsoni,,2857394,Neognathae,Passeriformes,Passerellidae,Ammospiza,bAmmNel1.pri,Chromosome,reference genome,74723840,12036358,1185463352,77,292,43,34.27,0,0,2023-01-09,
GCF_027579445.1,Ammospiza nelsoni,,2857394,Neognathae,Passeriformes,Passerellidae,Ammospiza,bAmmNel1.pri,Chromosome,reference genome,74723840,12036358,1185463352,77,292,43,34.27,18165,15799,2023-01-09,GCF_027579445.1-RS_2023_09
GCA_028018845.1,Melospiza georgiana,,44398,Neognathae,Passeriformes,Passerellidae,Melospiza,bMelGeo1.pri,Chromosome,reference genome,74254230,10446106,1162015399,40,276,43,31.58,0,0,2023-01-31,
GCF_028018845.1,Melospiza georgiana,,44398,Neognathae,Passeriformes,Passerellidae,Melospiza,bMelGeo1.pri,Chromosome,reference genome,74254230,10446106,1162015399,40,276,43,31.58,17000,15448,2023-01-31,GCF_028018845.1-RS_2023_07
GCA_045281155.1,Zonotrichia leucophrys nuttalli,,655235,Neognathae,Passeriformes,Passerellidae,Zonotrichia,RI_Zln_1.0,Chromosome,,72190781,3442275,1121558528,4194,5280,43,50,0,0,2024-12-02,
GCA_028769735.2,Zonotrichia leucophrys gambelii,,257770,Neognathae,Passeriformes,Passerellidae,Zonotrichia,RI_Zleu_2.0,Chromosome,reference genome,71969017,14729340,1123996003,3792,4131,43,50,0,0,2023-12-27,
GCF_028769735.1,Zonotrichia leucophrys gambelii,,257770,Neognathae,Passeriformes,Passerellidae,Zonotrichia,RI_Zleu_2.0,Chromosome,reference genome,71969017,14729340,1123996003,3792,4131,43,50,19936,16563,2023-12-27,GCF_028769735.1-RS_2024_04
GCA_003829775.2,Junco hyemalis,dark-eyed junco,40217,Neognathae,Passeriformes,Passerellidae,Junco,dark-eyed_junco_22Sep2020_assembly,Chromosome,reference genome,71317294,75757,1031523570,4684,52252,42,66.67,0,0,2022-06-02,
GCA_045269165.1,Zonotrichia capensis,rufous-collared sparrow,44391,Neognathae,Passeriformes,Passerellidae,Zonotrichia,RI_Zcap_1.0,Chromosome,reference genome,71112957,15476969,1113638239,1673,1848,43,50,0,0,2024-11-25,
GCA_036010785.1,Ammospiza maritima maritima,,3111550,Neognathae,Passeriformes,Passerellidae,Ammospiza,bAmmMar1.pri,Chromosome,reference genome,67791739,8735889,1397839254,500,865,44,30.2,18249,16645,2024-01-24,GCA_036010785.1-GB_2025_08_28
GCA_047774235.1,Zonotrichia albicollis,white-throated sparrow,44394,Neognathae,Passeriformes,Passerellidae,Zonotrichia,bZonAlb1.hap2,Chromosome,,66000077,18665454,1176404578,150,396,44,45.7,0,0,2025-02-18,
GCA_047830755.1,Zonotrichia albicollis,white-throated sparrow,44394,Neognathae,Passeriformes,Passerellidae,Zonotrichia,bZonAlb1.hap1,Chromosome,reference genome,64429512,17147933,1278921982,179,408,44,45.7,0,0,2025-02-18,
GCF_047830755.1,Zonotrichia albicollis,white-throated sparrow,44394,Neognathae,Passeriformes,Passerellidae,Zonotrichia,bZonAlb1.hap1,Chromosome,reference genome,64429512,17147933,1278921982,179,408,44,45.7,21875,17420,2025-02-18,GCF_047830755.1-RS_2025_06
GCA_031885435.1,Passerculus sandwichensis,Savannah sparrow,161624,Neognathae,Passeriformes,Passerellidae,Passerculus,bPasSan2.pri,Chromosome,reference genome,64395891,19816254,1270923488,109,358,43.5,46.33,17737,16852,2023-09-25,GCA_031885435.1-GB_2025_08_10
GCA_036417665.1,Passer domesticus,house sparrow,48849,Neognathae,Passeriformes,Passeridae,Passer,bPasDom1.hap1,Chromosome,reference genome,83066519,20590000,1310114252,334,536,44,49,0,0,2024-02-07,
GCF_036417665.1,Passer domesticus,house sparrow,48849,Neognathae,Passeriformes,Passeridae,Passer,bPasDom1.hap1,Chromosome,reference genome,83066519,20590000,1310114252,334,536,44,49,31465,18191,2024-02-07,GCF_036417665.1-RS_2024_04
GCA_036417895.1,Passer domesticus,house sparrow,48849,Neognathae,Passeriformes,Passeridae,Passer,bPasDom1.hap2,Chromosome,,74917897,15030081,1260479385,482,664,44.5,49,0,0,2024-02-07,
GCA_048593965.1,Phylloscopus trochiloides,greenish warbler,48154,Neognathae,Passeriformes,Phylloscopidae,Phylloscopus,ASM4859396v1,Chromosome,reference genome,77876639,7376425,1282834378,938,2279,44,38.172,0,0,2025-03-17,
GCA_036250135.1,Pseudopipra pipra,,415032,Neognathae,Passeriformes,Pipridae,Pseudopipra,bDixPip1.hap2,Chromosome,,75989417,11116877,1027640383,595,902,42.5,49,0,0,2024-01-31,
GCA_009829145.1,Chiroxiphia lanceolata,lance-tailed manakin,296741,Neognathae,Passeriformes,Pipridae,Chiroxiphia,bChiLan1.pri,Chromosome,reference genome,75608808,18496167,1089631598,93,299,42,67.75,0,0,2020-01-03,
GCF_009829145.1,Chiroxiphia lanceolata,lance-tailed manakin,296741,Neognathae,Passeriformes,Pipridae,Chiroxiphia,bChiLan1.pri,Chromosome,reference genome,75608808,18496167,1089631598,93,299,42,67.75,20299,15873,2020-01-03,NCBI Chiroxiphia lanceolata Annotation Release 100
GCA_036250125.1,Pseudopipra pipra,,415032,Neognathae,Passeriformes,Pipridae,Pseudopipra,bDixPip1.hap1,Chromosome,reference genome,75011098,10447158,1165201947,696,1019,42.5,49,0,0,2024-01-31,
GCF_036250125.1,Pseudopipra pipra,,415032,Neognathae,Passeriformes,Pipridae,Pseudopipra,bDixPip1.hap1,Chromosome,reference genome,75011098,10447158,1165201947,696,1019,42.5,49,24218,17114,2024-01-31,GCF_036250125.1-RS_2024_04
GCA_032173965.1,Sitta carolinensis,,50250,Neognathae,Passeriformes,Sittidae,Sitta,ASM3217396v1,Chromosome,reference genome,57574287,18480409,1032235423,359,533,42.5,173,0,0,2023-09-29,
GCA_027559615.1,Acridotheres tristis,common myna,279927,Neognathae,Passeriformes,Sturnidae,Acridotheres,bAcrTri1.pri,Chromosome,,75254055,7308823,1193400391,454,889,42.5,25,17983,16001,2023-01-09,GCA_027559615.1-GB_2025_09_29
GCA_052056845.1,Sturnus vulgaris,Common starling,9172,Neognathae,Passeriformes,Sturnidae,Sturnus,bStuVul1.hap2,Chromosome,,74172147,20174914,1098594187,367,576,43,38.55,0,0,2025-08-15,
GCA_052056855.1,Sturnus vulgaris,Common starling,9172,Neognathae,Passeriformes,Sturnidae,Sturnus,bStuVul1.hap1,Chromosome,,73111058,14719593,1357016380,1011,1298,44,38.55,0,0,2025-08-15,
GCA_037013685.1,Acridotheres tristis,common myna,279927,Neognathae,Passeriformes,Sturnidae,Acridotheres,AcTris_vAus2.0,Chromosome,reference genome,72486765,10406399,1040539946,256,598,42,22.6,0,0,2024-03-06,
GCA_015883425.2,Lamprotornis superbus,,245042,Neognathae,Passeriformes,Sturnidae,Lamprotornis,CU_Lasu_v2,Chromosome,reference genome,72276715,150307,1068005652,2008,25607,41.5,98,15207,14254,2022-03-24,Annotation submitted by Columbia University
GCA_023376015.1,Sturnus vulgaris,Common starling,9172,Neognathae,Passeriformes,Sturnidae,Sturnus,Svulgaris_vAU_1.1,Chromosome,,72244370,148638,1043825371,1344,23337,41.5,115,0,0,2022-05-19,
GCA_965287075.1,Acrocephalus paludicola,,68471,Neognathae,Passeriformes,Sylviidae,Acrocephalus,bAcrPal2.2,Chromosome,reference genome,76810945,27615808,1163426503,111,212,43,129,0,0,2025-06-07,
GCA_910950805.1,Acrocephalus scirpaceus scirpaceus,,126889,Neognathae,Passeriformes,Sylviidae,Acrocephalus,RW_assembly,Chromosome,reference genome,74438198,12742779,1075083815,200,1079,42,200,0,0,2021-08-16,
GCA_009819655.1,Sylvia atricapilla,blackcap,48155,Neognathae,Passeriformes,Sylviidae,Sylvia,bSylAtr1.pri,Chromosome,reference genome,72978054,7345957,1066786587,189,602,42,66.29,0,0,2019-12-31,
GCF_009819655.1,Sylvia atricapilla,blackcap,48155,Neognathae,Passeriformes,Sylviidae,Sylvia,bSylAtr1.pri,Chromosome,reference genome,72978054,7345957,1066786587,189,602,42,66.29,18169,15521,2019-12-31,GCF_009819655.1-RS_2024_07
GCA_014839755.1,Sylvia borin,garden warbler,73324,Neognathae,Passeriformes,Sylviidae,Sylvia,bSylBor1.pri,Chromosome,reference genome,72750092,31914676,1045652180,176,310,42,72.07,16677,15258,2020-10-02,GCA_014839755.1-GB_2025_08_04
GCA_047495875.1,Pithys albifrons albifrons,,3385563,Neognathae,Passeriformes,Thamnophilidae,Pithys,PitAlb_v1,Chromosome,reference genome,77071861,11992177,1144301792,53,467,42.5,60,0,0,2025-02-07,
GCF_047495875.1,Pithys albifrons albifrons,,3385563,Neognathae,Passeriformes,Thamnophilidae,Pithys,PitAlb_v1,Chromosome,reference genome,77071861,11992177,1144301792,53,467,42.5,60,17300,15076,2025-02-07,GCF_047495875.1-RS_2025_02
GCA_013398505.2,Rhegmatorhina hoffmannsi,white-breasted antbird,468512,Neognathae,Passeriformes,Thamnophilidae,Rhegmatorhina,LSU_RhHo_2.0,Chromosome,reference genome,72802098,24643,1066555733,8943,90038,42,141,0,0,2021-04-30,
GCA_045364795.1,Willisornis vidua,Xingu scale-backed antbird,1566151,Neognathae,Passeriformes,Thamnophilidae,Willisornis,bWilVid1 haplotype 1,Chromosome,reference genome,68492996,4357226,1233406177,1510,2283,44,35,0,0,2024-12-02,
GCA_045364805.1,Willisornis vidua,Xingu scale-backed antbird,1566151,Neognathae,Passeriformes,Thamnophilidae,Willisornis,bWilVid1 haplotype 2,Chromosome,,67271988,5519225,1070918723,743,1276,43.5,37,0,0,2024-12-02,
GCA_902806625.1,Camarhynchus parvulus,,87175,Neognathae,Passeriformes,Thraupidae,Camarhynchus,Camarhynchus_parvulus_V1.1,Chromosome,,71061686,15143611,1064016364,1756,1980,42.5,31,0,0,2020-03-21,
GCA_901933205.1,Camarhynchus parvulus,,87175,Neognathae,Passeriformes,Thraupidae,Camarhynchus,STF_HiC,Chromosome,reference genome,70356807,16035651,1051609828,1345,1530,42.5,31,0,0,2019-09-06,
GCF_901933205.1,Camarhynchus parvulus,,87175,Neognathae,Passeriformes,Thraupidae,Camarhynchus,STF_HiC,Chromosome,reference genome,70356807,16035651,1051609828,1345,1530,42.5,31,16830,15747,2019-09-06,NCBI Camarhynchus parvulus Annotation Release 100
GCA_019023105.1,Diglossa brunneiventris,black-throated flowerpiercer,547948,Neognathae,Passeriformes,Thraupidae,Diglossa,LSU_DiBr_2.0,Chromosome,reference genome,67281049,7273401,1079473785,600,1570,42.5,30,0,0,2021-06-24,
GCA_965287015.2,Turdus merula,blackbird,9187,Neognathae,Passeriformes,Turdidae,Turdus,bTurMer3.2,Chromosome,reference genome,71343807,32937796,1105465534,136,190,42.5,53,0,0,2025-12-05,
GCA_965287035.1,Turdus iliacus,,411526,Neognathae,Passeriformes,Turdidae,Turdus,bTurIli2.1,Chromosome,reference genome,70769131,8414000,1127610686,346,738,42.5,51,0,0,2025-06-07,
GCA_009819885.2,Catharus ustulatus,Swainson's thrush,91951,Neognathae,Passeriformes,Turdidae,Catharus,bCatUst1.pri.v2,Chromosome,reference genome,68462074,4908935,1131616530,160,589,42.5,60.58,0,0,2020-12-22,
GCF_009819885.2,Catharus ustulatus,Swainson's thrush,91951,Neognathae,Passeriformes,Turdidae,Catharus,bCatUst1.pri.v2,Chromosome,reference genome,68462074,4908935,1131616530,160,589,42.5,60.58,19631,16929,2020-12-22,NCBI Catharus ustulatus Annotation Release 101
GCA_052324695.1,Turdus migratorius,American robin,9188,Neognathae,Passeriformes,Turdidae,Turdus,bTurMig1.hap1,Chromosome,reference genome,68099324,13640387,1303638384,421,755,43.5,41.8,0,0,2025-08-28,
GCA_965287025.1,Turdus philomelos,song thrush,127946,Neognathae,Passeriformes,Turdidae,Turdus,bTurPhi1.1,Chromosome,reference genome,62560071,7452025,1090103056,280,857,42.5,45,0,0,2025-06-07,
GCA_034336685.1,Luscinia luscinia,,391696,Neognathae,Passeriformes,Turdidae,Luscinia,ASM3433668v1,Chromosome,reference genome,62437632,18695389,1102322600,9477,9962,43,168,0,0,2023-12-26,
GCA_034336665.1,Luscinia megarhynchos,nightingale,383689,Neognathae,Passeriformes,Turdidae,Luscinia,ASM3433666v1,Chromosome,reference genome,61211992,13437235,1098475349,3224,3818,43,194,0,0,2023-12-26,
GCA_903797595.2,Erithacus rubecula,European robin,37610,Neognathae,Passeriformes,Turdidae,Erithacus,bEriRub2.2,Chromosome,reference genome,60684490,5585877,1086738418,1119,2109,42,41,0,0,2021-05-03,
GCF_903797595.1,Erithacus rubecula,European robin,37610,Neognathae,Passeriformes,Turdidae,Erithacus,bEriRub2.2,Chromosome,reference genome,60684490,5585877,1086738418,1119,2109,42,41,19135,16077,2021-05-03,GCF_903797595.1-RS_2025_12
GCA_038380795.1,Pyrocephalus nanus,Galapagos flycatcher,1853061,Neognathae,Passeriformes,Tyrannidae,Pyrocephalus,CAS-CDF_Pyrnan_1.0,Chromosome,reference genome,74038366,17811915,1072479546,152,267,42.5,79,0,0,2024-04-18,
GCA_055470965.1,Sayornis phoebe,Eastern phoebe,56315,Neognathae,Passeriformes,Tyrannidae,Sayornis,bSayPho3.hap1,Chromosome,reference genome,64623597,18464113,1175667572,260,470,43,57.5,0,0,2026-02-24,
GCA_055471015.1,Sayornis phoebe,Eastern phoebe,56315,Neognathae,Passeriformes,Tyrannidae,Sayornis,bSayPho3.hap2,Chromosome,,64559386,21389695,1030083035,128,264,43,57.5,0,0,2026-02-24,
GCA_026979565.1,Vidua chalybeata,,81927,Neognathae,Passeriformes,Viduidae,Vidua,bVidCha1 merged haplotype,Chromosome,reference genome,72553174,15819291,1080440577,177,635,42,55,0,0,2022-12-21,
GCF_026979565.1,Vidua chalybeata,,81927,Neognathae,Passeriformes,Viduidae,Vidua,bVidCha1 merged haplotype,Chromosome,reference genome,72553174,15819291,1080440577,177,635,42,55,21003,16658,2022-12-21,GCF_026979565.1-RS_2023_03
GCA_031753505.1,Anomalospiza imberbis,,187417,Neognathae,Passeriformes,Viduidae,Anomalospiza,ASM3175350v1,Chromosome,reference genome,72455167,12312023,1198243876,1370,1800,43.5,32,0,0,2023-09-22,
GCF_031753505.1,Anomalospiza imberbis,,187417,Neognathae,Passeriformes,Viduidae,Anomalospiza,ASM3175350v1,Chromosome,reference genome,72455167,12312023,1198243876,1370,1800,43.5,32,25520,16778,2023-09-22,GCF_031753505.1-RS_2024_07
GCA_024509145.1,Vidua macroura,Pin-tailed whydah,187451,Neognathae,Passeriformes,Viduidae,Vidua,ASM2450914v1,Chromosome,reference genome,61801348,7488902,1123252761,223,483,42.5,47.6,0,0,2022-08-03,
GCF_024509145.1,Vidua macroura,Pin-tailed whydah,187451,Neognathae,Passeriformes,Viduidae,Vidua,ASM2450914v1,Chromosome,reference genome,61801348,7488902,1123252761,223,483,42.5,47.6,20373,16296,2022-08-03,GCF_024509145.1-RS_2023_03
GCA_965231245.1,Zosterops lateralis,silver-eye,43581,Neognathae,Passeriformes,Zosteropidae,Zosterops,bZosLat1.hap2.1,Chromosome,reference genome,74034074,2855402,1047426550,818,1459,42.5,48,0,0,2025-03-28,
GCA_965231275.1,Zosterops lateralis,silver-eye,43581,Neognathae,Passeriformes,Zosteropidae,Zosterops,bZosLat1.hap1.1,Chromosome,,73228557,3151134,1143494826,426,1129,42.5,48,0,0,2025-03-28,
GCA_034008185.1,Gorsachius magnificus,,887050,Neognathae,Pelecaniformes,Ardeidae,Gorsachius,SYSU_GOM,Chromosome,reference genome,84772300,18463888,1176607910,79,724,43,109,0,0,2023-12-01,
GCA_030463565.1,Pelecanus crispus,Dalmatian pelican,36300,Neognathae,Pelecaniformes,Pelecanidae,Pelecanus,bPelCri1.pri,Chromosome,reference genome,86807213,9666746,1314568463,310,700,43.5,27.71,0,0,2023-07-18,
GCF_030463565.1,Pelecanus crispus,Dalmatian pelican,36300,Neognathae,Pelecaniformes,Pelecanidae,Pelecanus,bPelCri1.pri,Chromosome,reference genome,86807213,9666746,1314568463,310,700,43.5,27.71,17487,16064,2023-07-18,GCF_030463565.1-RS_2025_07
GCA_035839065.1,Nipponia nippon,crested ibis,128390,Neognathae,Pelecaniformes,Threskiornithidae,Nipponia,ASM3583906v1,Chromosome,,102769032,15945059,1306321373,114,305,43,37,0,0,2024-01-18,
GCA_020745775.1,Theristicus caerulescens,plumbeous ibis,1118847,Neognathae,Pelecaniformes,Threskiornithidae,Theristicus,bTheCae1.pri.cur,Chromosome,reference genome,101368359,37098842,1203353649,87,191,42.5,123.5,20826,16201,2021-11-05,GCA_020745775.1-GB_2025_12_03
GCA_965183815.1,Platalea leucorodia,Eurasian spoonbill,257867,Neognathae,Pelecaniformes,Threskiornithidae,Platalea,bPlaLeu2.hap1.1,Chromosome,reference genome,94714899,3299000,1345825956,668,1371,43.5,33,0,0,2025-03-04,
GCA_964289735.1,Phaethon aethereus,,37045,Neognathae,Phaethontiformes,Phaethontidae,Phaethon,bPhaAeh10.maternal.1,Chromosome,reference genome,85546101,2122569,1321007257,656,1925,43,29,0,0,2024-10-28,
GCA_009819775.1,Phoenicopterus ruber ruber,,9218,Neognathae,Phoenicopteriformes,Phoenicopteridae,Phoenicopterus,bPhoRub2.pri,Chromosome,reference genome,85472901,14700712,1246226932,90,370,43.5,61.27,15974,15395,2019-12-31,GCA_009819775.1-GB_2025_12_04
GCA_054644135.1,Aechmophorus clarkii,,190660,Neognathae,Podicipediformes,Podicipedidae,Aechmophorus,bAecCla1.alt,Chromosome,,70405786,5398840,1302899237,511,968,44.5,29,0,0,2026-01-22,
GCA_054644155.1,Aechmophorus clarkii,,190660,Neognathae,Podicipediformes,Podicipedidae,Aechmophorus,bAecCla1.pri,Chromosome,reference genome,67808474,3732523,1671505086,1040,1570,45.5,29,0,0,2026-01-22,
GCA_964196065.2,Calonectris borealis,Cory's shearwater,1323832,Neognathae,Procellariiformes,Procellariidae,Calonectris,bCalBor7.hap2.2,Chromosome,,86671854,4109000,1211470109,281,759,43.5,66,0,0,2024-07-23,
GCA_964195595.2,Calonectris borealis,Cory's shearwater,1323832,Neognathae,Procellariiformes,Procellariidae,Calonectris,bCalBor7.hap1.2,Chromosome,reference genome,86023716,4142416,1366185058,354,879,43.5,66,0,0,2024-07-24,
GCF_964195595.1,Calonectris borealis,Cory's shearwater,1323832,Neognathae,Procellariiformes,Procellariidae,Calonectris,bCalBor7.hap1.2,Chromosome,reference genome,86023716,4142416,1366185058,354,879,43.5,66,20833,17007,2024-07-24,GCF_964195595.1-RS_2025_07
GCA_055471825.1,Pterodroma phaeopygia,,53680,Neognathae,Procellariiformes,Procellariidae,Pterodroma,bPteroPhaeo_1.0,Chromosome,reference genome,74196310,46848837,1346342813,44,56,43.5,36.07,0,0,2026-02-24,
GCA_037157625.1,Lathamus discolor,Swift parrot,678569,Neognathae,Psittaciformes,Psittacidae,Lathamus,bLatDis1.hap2,Chromosome,,129024758,25138706,1123412812,413,535,43,31.4,0,0,2024-03-15,
GCA_037157495.1,Lathamus discolor,Swift parrot,678569,Neognathae,Psittaciformes,Psittacidae,Lathamus,bLatDis1.hap1,Chromosome,reference genome,126105786,19972387,1241003407,367,553,42.5,31.4,0,0,2024-03-15,
GCF_037157495.1,Lathamus discolor,Swift parrot,678569,Neognathae,Psittaciformes,Psittacidae,Lathamus,bLatDis1.hap1,Chromosome,reference genome,126105786,19972387,1241003407,367,553,42.5,31.4,21285,16234,2024-03-15,GCF_037157495.1-RS_2024_06
GCA_051622155.1,Agapornis roseicollis,peach-faced lovebird,60468,Neognathae,Psittaciformes,Psittacidae,Agapornis,AgRose1.0,Chromosome,reference genome,113181011,59940031,1159470847,30,83,42,31,0,0,2025-07-30,
GCA_028858755.1,Ara ararauna,blue-and-yellow macaw,9226,Neognathae,Psittaciformes,Psittacidae,Ara,bAraAra1.hap1,Chromosome,reference genome,110438430,38811057,1224360198,246,353,42.5,38.95,19718,15823,2023-02-24,GCA_028858755.1-GB_2025_12_04
GCA_028858555.1,Ara ararauna,blue-and-yellow macaw,9226,Neognathae,Psittaciformes,Psittacidae,Ara,bAraAra1.hap2,Chromosome,,109732589,30109517,1302242811,274,404,43.5,38.95,0,0,2023-02-24,
GCA_045345405.1,Guaruba guarouba,,51906,Neognathae,Psittaciformes,Psittacidae,Guaruba,bGuaGua1 haplotype 1,Chromosome,reference genome,109727540,33341676,1366127126,216,389,43.5,52,20092,16278,2024-12-02,GCA_045345405.1-GB_2025_12_04
GCA_963264785.1,Psittacula echo,Mauritius parakeet,232653,Neognathae,Psittaciformes,Psittacidae,Psittacula,bPsiEch3.1,Chromosome,reference genome,106987384,5922112,1203813063,171,529,42.5,79,0,0,2023-08-20,
GCA_045519325.1,Guaruba guarouba,,51906,Neognathae,Psittaciformes,Psittacidae,Guaruba,bGuaGua1 haplotype 2,Chromosome,,94529105,43034366,1190219310,267,399,43.5,59,0,0,2024-12-02,
GCA_039720435.1,Amazona ochrocephala,yellow-crowned parrot,151761,Neognathae,Psittaciformes,Psittacidae,Amazona,bAmaOch1.hap1,Chromosome,reference genome,92674118,14879228,1361896792,1678,1876,43.5,37.4,17634,16177,2024-05-24,GCA_039720435.1-GB_2025_09_17
GCA_980694505.1,Amazona vittata,Puerto Rican parrot,241585,Neognathae,Psittaciformes,Psittacidae,Amazona,bAmaVit1.2.curated_20260112_allscaffolds.masked,Chromosome,reference genome,91298000,6824896,1182534869,124,722,42.5,48,0,0,2026-02-20,
GCA_017639355.1,Amazona aestiva,blue-fronted amazon,12930,Neognathae,Psittaciformes,Psittacidae,Amazona,Aaes_hic,Chromosome,reference genome,89048441,26168,1130393257,1498,74646,41.5,60,0,0,2021-03-30,
GCA_004027225.2,Strigops habroptila,Kakapo,2489341,Neognathae,Psittaciformes,Psittacidae,Strigops,bStrHab1.2.pri,Chromosome,reference genome,83240647,9454087,1148597545,89,456,42,76.1,0,0,2020-03-04,
GCF_004027225.2,Strigops habroptila,Kakapo,2489341,Neognathae,Psittaciformes,Psittacidae,Strigops,bStrHab1.2.pri,Chromosome,reference genome,83240647,9454087,1148597545,89,456,42,76.1,19379,16053,2020-03-04,NCBI Strigops habroptila Annotation Release 101
GCA_017639245.1,Myiopsitta monachus,monk parakeet,176066,Neognathae,Psittaciformes,Psittacidae,Myiopsitta,MMon_1.0,Chromosome,reference genome,75716676,22647286,1168583304,291,643,42.5,67,0,0,2021-03-30,
GCA_051622115.1,Agapornis fischeri,,60463,Neognathae,Psittaciformes,Psittacidae,Agapornis,AgFisc1.0,Chromosome,reference genome,75117306,64946157,1196895830,35,78,42,35,0,0,2025-07-30,
GCA_039720425.1,Amazona ochrocephala,yellow-crowned parrot,151761,Neognathae,Psittaciformes,Psittacidae,Amazona,bAmaOch1.hap2,Chromosome,,74103573,14697220,1356986306,2468,2606,44.5,37.4,0,0,2024-05-24,
GCA_012275295.1,Melopsittacus undulatus,budgerigar,13146,Neognathae,Psittaciformes,Psittaculidae,Melopsittacus,bMelUnd1.mat.Z,Chromosome,reference genome,104092594,16636420,1171617451,864,1148,42,61.11,0,0,2020-04-13,
GCF_012275295.1,Melopsittacus undulatus,budgerigar,13146,Neognathae,Psittaciformes,Psittaculidae,Melopsittacus,bMelUnd1.mat.Z,Chromosome,reference genome,104092594,16636420,1171617451,864,1148,42,61.11,18612,16457,2020-04-13,GCF_012275295.1-RS_2024_11
GCA_027474245.1,Spheniscus humboldti,Humboldt's penguin,9240,Neognathae,Sphenisciformes,Spheniscidae,Spheniscus,bSphHub1.pri,Chromosome,reference genome,89079306,13936613,1358357718,136,389,44,28.14,17909,16036,2022-12-28,GCA_027474245.1-GB_2025_12_03
GCA_050947425.1,Spheniscus demersus,jackass penguin,92683,Neognathae,Sphenisciformes,Spheniscidae,Spheniscus,bSphDem1.hap1,Chromosome,reference genome,88319617,18147389,1307516078,928,1129,43.5,76.7,0,0,2025-06-17,
GCA_050947505.1,Spheniscus demersus,jackass penguin,92683,Neognathae,Sphenisciformes,Spheniscidae,Spheniscus,bSphDem1.hap2,Chromosome,,88190805,20620943,1272415234,270,469,43,76.7,0,0,2025-06-17,
GCA_965638725.1,Aptenodytes patagonicus,king penguin,9234,Neognathae,Sphenisciformes,Spheniscidae,Aptenodytes,bAptPat1.pri.cur,Chromosome,reference genome,86569806,10636000,1352580174,618,931,43.5,45,0,0,2025-07-09,
GCF_965638725.1,Aptenodytes patagonicus,king penguin,9234,Neognathae,Sphenisciformes,Spheniscidae,Aptenodytes,bAptPat1.pri.cur,Chromosome,reference genome,86569806,10636000,1352580174,618,931,43.5,45,18763,15928,2025-07-09,GCF_965638725.1-RS_2025_08
GCA_965638715.1,Aptenodytes patagonicus,king penguin,9234,Neognathae,Sphenisciformes,Spheniscidae,Aptenodytes,bAptPat1.alt.cur,Chromosome,,82235355,12089994,1260811559,696,945,44,45,0,0,2025-07-09,
GCA_047716275.1,Strix uralensis,Ural owl,36305,Neognathae,Strigiformes,Strigidae,Strix,bStrUra1,Chromosome,reference genome,90173155,16359274,1380990639,511,714,43,42,0,0,2025-02-12,
GCF_047716275.1,Strix uralensis,Ural owl,36305,Neognathae,Strigiformes,Strigidae,Strix,bStrUra1,Chromosome,reference genome,90173155,16359274,1380990639,511,714,43,42,19892,16684,2025-02-12,GCF_047716275.1-RS_2025_06
GCA_031877785.1,Strix aluco,Tawny owl,111821,Neognathae,Strigiformes,Strigidae,Strix,bStrAlu1.hap2,Chromosome,,89677789,13783470,1219048950,184,390,42.5,40,0,0,2023-09-25,
GCA_031877795.1,Strix aluco,Tawny owl,111821,Neognathae,Strigiformes,Strigidae,Strix,bStrAlu1.hap1,Chromosome,reference genome,89389700,11872084,1414783145,202,483,42.5,40,0,0,2023-09-25,
GCF_031877795.1,Strix aluco,Tawny owl,111821,Neognathae,Strigiformes,Strigidae,Strix,bStrAlu1.hap1,Chromosome,reference genome,89389700,11872084,1414783145,202,483,42.5,40,19481,16490,2023-09-25,GCF_031877795.1-RS_2025_06
GCA_047947145.2,Strix uralensis,Ural owl,36305,Neognathae,Strigiformes,Strigidae,Strix,S3B_Suralensis_v1.3.3,Chromosome,,88646562,21740082,1256398413,1792,1994,42.5,35,0,0,2025-06-05,
GCA_965140245.1,Athene noctua,,126797,Neognathae,Strigiformes,Strigidae,Athene,bAthNoc1.hap1.1,Chromosome,reference genome,86326089,4050372,1355857592,716,1288,43.5,55,0,0,2025-02-13,
GCF_965140245.1,Athene noctua,,126797,Neognathae,Strigiformes,Strigidae,Athene,bAthNoc1.hap1.1,Chromosome,reference genome,86326089,4050372,1355857592,716,1288,43.5,55,19332,16728,2025-02-13,GCF_965140245.1-RS_2025_06
GCA_051313305.1,Strix nebulosa,Great grey owl,126836,Neognathae,Strigiformes,Strigidae,Strix,bStrNeb1_p1.2,Chromosome,reference genome,63843017,9243205,1347472892,485,837,42.5,29.6,0,0,2025-07-14,
GCA_965212795.1,Bubo scandiacus,Snowy owl,371907,Neognathae,Strigiformes,Strigidae,Bubo,bBubSca1.1.h1,Chromosome,reference genome,50972959,16496251,1604411253,1104,1429,44,37,18271,18270,2025-03-20,Annotation submitted by ELIXIR Norway
GCA_963921805.1,Phalacrocorax carbo,great cormorant,9209,Neognathae,Suliformes,Phalacrocoracidae,Phalacrocorax,bPhaCar2.1,Chromosome,reference genome,84621172,4631399,1283623959,350,843,43.5,40,0,0,2024-02-09,
GCF_963921805.1,Phalacrocorax carbo,great cormorant,9209,Neognathae,Suliformes,Phalacrocoracidae,Phalacrocorax,bPhaCar2.1,Chromosome,reference genome,84621172,4631399,1283623959,350,843,43.5,40,20814,16906,2024-02-09,GCF_963921805.1-RS_2024_04
GCA_949628215.1,Phalacrocorax aristotelis,,126867,Neognathae,Suliformes,Phalacrocoracidae,Phalacrocorax,bGulAri2.1,Chromosome,reference genome,78889319,11420000,1279116138,352,574,43,42,0,0,2023-04-08,
GCF_949628215.1,Phalacrocorax aristotelis,,126867,Neognathae,Suliformes,Phalacrocoracidae,Phalacrocorax,bGulAri2.1,Chromosome,reference genome,78889319,11420000,1279116138,352,574,43,42,20259,16264,2023-04-08,GCF_949628215.1-RS_2025_07
GCA_031468815.1,Morus bassanus,northern gannet,37578,Neognathae,Suliformes,Sulidae,Morus,bMorBas2.hap2,Chromosome,reference genome,85624757,10178591,1294787636,420,668,42.5,38,16295,15540,2023-09-15,GCA_031468815.1-GB_2025_10_17
GCA_031468805.1,Morus bassanus,northern gannet,37578,Neognathae,Suliformes,Sulidae,Morus,bMorBas2.hap1,Chromosome,,67716506,9126423,1381630140,829,1092,43,38,0,0,2023-09-15,
GCA_020746105.1,Trogon surrucura,Suruca trogon,297711,Neognathae,Trogoniformes,Trogonidae,Trogon,bTroSur1.pri.cur,Chromosome,reference genome,82617956,16237294,1165727389,181,434,43,78,0,0,2021-11-05,
GCA_044704955.1,Pristiophorus japonicus,,55135,Selachii,,Pristiophoridae,Pristiophorus,sPriJap1.hap1,Chromosome,reference genome,225854410,1893048,5923050865,4317,10302,47,43.2,0,0,2024-11-13,
GCF_044704955.1,Pristiophorus japonicus,,55135,Selachii,,Pristiophoridae,Pristiophorus,sPriJap1.hap1,Chromosome,reference genome,225854410,1893048,5923050865,4317,10302,47,43.2,55857,22273,2024-11-13,GCF_044704955.1-RS_2025_01
GCA_044704965.1,Pristiophorus japonicus,,55135,Selachii,,Pristiophoridae,Pristiophorus,sPriJap1.hap2,Chromosome,,223624446,1803752,6365258383,5626,11579,47,43.2,0,0,2024-11-13,
GCA_037974335.1,Prionace glauca,blue shark,7815,Selachii,Carcharhiniformes,Carcharhinidae,Prionace,ASM3797433v1,Chromosome,reference genome,109841703,5319141,3227473548,239,1904,44,35,0,0,2024-04-08,
GCA_965287045.1,Carcharhinus amblyrhynchos,grey reef shark,263684,Selachii,Carcharhiniformes,Carcharhinidae,Carcharhinus,sCarAmb.v2.hapA,Chromosome,reference genome,90619553,6101901,2923561432,1520,2403,44,20,0,0,2025-10-10,
GCF_965287045.1,Carcharhinus amblyrhynchos,grey reef shark,263684,Selachii,Carcharhiniformes,Carcharhinidae,Carcharhinus,sCarAmb.v2.hapA,Chromosome,reference genome,90619553,6101901,2923561432,1520,2403,44,20,28237,19870,2025-11-06,GCF_965287045.1-RS_2026_02
GCA_965295155.1,Carcharhinus amblyrhynchos,grey reef shark,263684,Selachii,Carcharhiniformes,Carcharhinidae,Carcharhinus,sCarAmb.v2.hapB,Chromosome,,90619553,6095487,2927843764,1534,2410,44,20,0,0,2025-10-10,
GCA_047496885.1,Scyliorhinus torazame,cloudy catshark,75743,Selachii,Carcharhiniformes,Scyliorhinidae,Scyliorhinus,sScyTor2.1,Chromosome,reference genome,266286206,3187150,6451259511,2007,6661,49.5,34.5,0,0,2025-02-07,
GCF_047496885.1,Scyliorhinus torazame,cloudy catshark,75743,Selachii,Carcharhiniformes,Scyliorhinidae,Scyliorhinus,sScyTor2.1,Chromosome,reference genome,266286206,3187150,6451259511,2007,6661,49.5,34.5,46697,23012,2025-02-07,GCF_047496885.1-RS_2025_03
GCA_902713615.2,Scyliorhinus canicula,smaller spotted catshark,7830,Selachii,Carcharhiniformes,Scyliorhinidae,Scyliorhinus,sScyCan1.2,Chromosome,reference genome,198790641,1862211,4220389930,645,7773,47.5,63,0,0,2021-01-28,
GCA_902713615.1,Scyliorhinus canicula,smaller spotted catshark,7830,Selachii,Carcharhiniformes,Scyliorhinidae,Scyliorhinus,sScyCan1.1,Chromosome,,198790641,1862211,4220389930,645,7773,47.5,63,0,0,2020-12-17,
GCF_902713615.1,Scyliorhinus canicula,smaller spotted catshark,7830,Selachii,Carcharhiniformes,Scyliorhinidae,Scyliorhinus,sScyCan1.1,Chromosome,reference genome,198790641,1862211,4220389930,645,7773,47.5,63,29227,20574,2020-12-17,NCBI Scyliorhinus canicula Annotation Release 100
GCA_964213995.1,Mustelus asterias,starry smooth-hound,112232,Selachii,Carcharhiniformes,Triakidae,Mustelus,sMusAst1.hap1.1,Chromosome,reference genome,109010392,1197343,3679774521,5313,8903,45.5,35,0,0,2024-08-22,
GCF_964213995.1,Mustelus asterias,starry smooth-hound,112232,Selachii,Carcharhiniformes,Triakidae,Mustelus,sMusAst1.hap1.1,Chromosome,reference genome,109010392,1197343,3679774521,5313,8903,45.5,35,32801,22288,2024-08-22,GCF_964213995.1-RS_2025_12
GCA_055755675.1,Galeorhinus galeus,tope shark,86063,Selachii,Carcharhiniformes,Triakidae,Galeorhinus,sGalGal3.hap2.cur.20240206,Chromosome,reference genome,80533134,2616942,2685485351,37,1593,45.5,77.5,0,0,2026-03-09,
GCA_055755705.1,Galeorhinus galeus,tope shark,86063,Selachii,Carcharhiniformes,Triakidae,Galeorhinus,sGalGal3.hap1.cur.20240206,Chromosome,,55143000,1737549,4815995878,7116,10775,48,77.5,0,0,2026-03-09,
GCA_036365495.1,Heterodontus francisci,horn shark,7792,Selachii,Heterodontiformes,Heterodontidae,Heterodontus,sHetFra1.hap2,Chromosome,,97904885,3485302,5196885747,1496,4286,45,41.6,0,0,2024-02-06,
GCA_036365525.1,Heterodontus francisci,horn shark,7792,Selachii,Heterodontiformes,Heterodontidae,Heterodontus,sHetFra1.hap1,Chromosome,reference genome,90140832,3418954,6013048672,2306,5087,45,35.7,0,0,2024-02-06,
GCF_036365525.1,Heterodontus francisci,horn shark,7792,Selachii,Heterodontiformes,Heterodontidae,Heterodontus,sHetFra1.hap1,Chromosome,reference genome,90140832,3418954,6013048672,2306,5087,45,35.7,40132,22886,2024-02-06,GCF_036365525.1-RS_2024_08
GCA_035084135.2,Heptranchias perlo,sharpnose sevengill shark,212740,Selachii,Hexanchiformes,Hexanchidae,Heptranchias,sHepPer1.hap2,Chromosome,,71728118,5515303,3087787698,1143,2914,44.5,60,0,0,2024-06-14,
GCA_035084215.1,Heptranchias perlo,sharpnose sevengill shark,212740,Selachii,Hexanchiformes,Hexanchidae,Heptranchias,sHepPer1.hap1,Chromosome,reference genome,66821466,4905566,3249915908,1879,3713,44.5,60,0,0,2024-01-05,
GCF_035084215.1,Heptranchias perlo,sharpnose sevengill shark,212740,Selachii,Hexanchiformes,Hexanchidae,Heptranchias,sHepPer1.hap1,Chromosome,reference genome,66821466,4905566,3249915908,1879,3713,44.5,60,45906,21852,2024-01-05,GCF_035084215.1-RS_2024_08
GCA_055471155.1,Carcharias taurus,sand tiger shark,30501,Selachii,Lamniformes,Carchariidae,Carcharias,sCarTau1.hap1,Chromosome,reference genome,148992785,7024806,4806479161,1710,3353,45,41.6,0,0,2026-02-24,
GCA_055471145.1,Carcharias taurus,sand tiger shark,30501,Selachii,Lamniformes,Carchariidae,Carcharias,sCarTau1.hap2,Chromosome,,148959525,7251361,4482499012,1171,2705,45,41.6,0,0,2026-02-24,
GCA_964194155.1,Cetorhinus maximus,,57982,Selachii,Lamniformes,Cetorhinidae,Cetorhinus,sCetMax3.hap1.1,Chromosome,reference genome,126028485,1961965,3993849873,5087,7865,44.5,34,0,0,2024-06-28,
GCF_964194155.1,Cetorhinus maximus,,57982,Selachii,Lamniformes,Cetorhinidae,Cetorhinus,sCetMax3.hap1.1,Chromosome,reference genome,126028485,1961965,3993849873,5087,7865,44.5,34,32318,21262,2024-06-28,GCF_964194155.1-RS_2025_12
GCA_017639515.1,Carcharodon carcharias,great white shark,13397,Selachii,Lamniformes,Lamnidae,Carcharodon,sCarCar2.pri,Chromosome,reference genome,169918123,6544962,4286294447,718,3357,45,66.84,0,0,2021-03-30,
GCF_017639515.1,Carcharodon carcharias,great white shark,13397,Selachii,Lamniformes,Lamnidae,Carcharodon,sCarCar2.pri,Chromosome,reference genome,169918123,6544962,4286294447,718,3357,45,66.84,25164,19440,2021-03-30,NCBI Carcharodon carcharias Annotation Release 100
GCA_047496795.1,Chiloscyllium punctatum,brownbanded bambooshark,137246,Selachii,Orectolobiformes,Hemiscylliidae,Chiloscyllium,sChiPun1.3,Chromosome,reference genome,93668967,5342658,5274411202,1989,4880,44,34,0,0,2025-02-07,
GCF_047496795.1,Chiloscyllium punctatum,brownbanded bambooshark,137246,Selachii,Orectolobiformes,Hemiscylliidae,Chiloscyllium,sChiPun1.3,Chromosome,reference genome,93668967,5342658,5274411202,1989,4880,44,34,43464,19909,2025-02-07,GCF_047496795.1-RS_2025_03
GCA_020745735.1,Hemiscyllium ocellatum,epaulette shark,170820,Selachii,Orectolobiformes,Hemiscylliidae,Hemiscyllium,sHemOce1.pat.X.cur.,Chromosome,reference genome,83580160,8845575,3983466396,1962,5666,43,148.57,0,0,2021-11-05,
GCF_020745735.1,Hemiscyllium ocellatum,epaulette shark,170820,Selachii,Orectolobiformes,Hemiscylliidae,Hemiscyllium,sHemOce1.pat.X.cur.,Chromosome,reference genome,83580160,8845575,3983466396,1962,5666,43,148.57,31963,19215,2021-11-05,GCF_020745735.1-RS_2023_11
GCF_004010195.1,Chiloscyllium plagiosum,whitespotted bambooshark,36176,Selachii,Orectolobiformes,Hemiscylliidae,Chiloscyllium,ASM401019v1,Chromosome,reference genome,73167256,40597,3556460701,101976,255431,42,280,26358,19916,2019-01-10,NCBI Chiloscyllium plagiosum Annotation Release 100
GCA_004010195.1,Chiloscyllium plagiosum,whitespotted bambooshark,36176,Selachii,Orectolobiformes,Hemiscylliidae,Chiloscyllium,ASM401019v1,Chromosome,reference genome,72140027,37239,3776550609,601049,756729,42.5,280,0,0,2019-01-10,
GCA_021869965.1,Rhincodon typus,whale shark,259920,Selachii,Orectolobiformes,Rhincodontidae,Rhincodon,sRhiTyp1.1,Chromosome,,70796938,48454,2881325413,16776,111998,41.5,46.7,0,0,2022-02-03,
GCF_021869965.1,Rhincodon typus,whale shark,259920,Selachii,Orectolobiformes,Rhincodontidae,Rhincodon,sRhiTyp1.1,Chromosome,reference genome,70796938,48454,2881325413,16776,111998,41.5,46.7,25546,20753,2022-02-03,NCBI Rhincodon typus Annotation Release 101
GCA_021869965.2,Rhincodon typus,whale shark,259920,Selachii,Orectolobiformes,Rhincodontidae,Rhincodon,sRhiTyp1.2,Chromosome,reference genome,65379433,15567830,3214980555,3198,3759,43,30,0,0,2026-01-22,
GCA_030684315.1,Stegostoma tigrinum,,3053191,Selachii,Orectolobiformes,Stegostomatidae,Stegostoma,sSteTig4.hap1,Chromosome,reference genome,79021053,6162596,3198515386,835,1994,43.5,48.69,0,0,2023-08-08,
GCF_030684315.1,Stegostoma tigrinum,,3053191,Selachii,Orectolobiformes,Stegostomatidae,Stegostoma,sSteTig4.hap1,Chromosome,reference genome,79021053,6162596,3198515386,835,1994,43.5,48.69,24913,19223,2023-08-08,GCF_030684315.1-RS_2023_09
GCA_022316705.1,Stegostoma tigrinum,,3053191,Selachii,Orectolobiformes,Stegostomatidae,Stegostoma,sSteFas1.1,Chromosome,,76588082,56707,2771866316,1266,85729,42,95.8,0,0,2022-02-17,
GCF_022316705.1,Stegostoma tigrinum,,3053191,Selachii,Orectolobiformes,Stegostomatidae,Stegostoma,sSteFas1.1,Chromosome,,76588082,56707,2771866316,1266,85729,42,95.8,21452,18281,2022-02-17,NCBI Stegostoma fasciatum Annotation Release 100
GCA_052327205.1,Somniosus microcephalus,Greenland sleeper shark,191813,Selachii,Squaliformes,Somniosidae,Somniosus,FLI_Smic_1.0,Chromosome,reference genome,240357632,1075145,6448606148,2111,14044,48,25.41,0,0,2025-08-28,
GCA_050613895.1,Squalus suckleyi,Puget Sound dogfish,7798,Selachii,Squaliformes,Squalidae,Squalus,sSquSuc5.hap2,Chromosome,reference genome,153064829,2529731,4657981142,1862,6006,46.5,48.3,0,0,2025-05-29,
GCA_050613905.1,Squalus suckleyi,Puget Sound dogfish,7798,Selachii,Squaliformes,Squalidae,Squalus,sSquSuc5.hap1,Chromosome,,141143133,2459693,5298610218,3203,7478,47,48.3,0,0,2025-05-29,
GCA_030390025.1,Squalus acanthias,spiny dogfish,7797,Selachii,Squaliformes,Squalidae,Squalus,ASM3039002v1,Chromosome,reference genome,124086705,1715360,3713488297,3882,9349,46,80,0,0,2023-07-03,
GCA_050084885.1,Anguilla japonica,Japanese eel,7937,Teleostei,Anguilliformes,Anguillidae,Anguilla,ASM5008488v1,Chromosome,,68637738,328041,1225527013,589,22175,43.5,197,0,0,2025-05-01,
GCA_039654925.2,Anguilla bicolor pacifica,Indian short-finned eel,61126,Teleostei,Anguilliformes,Anguillidae,Anguilla,AngPac_1,Chromosome,reference genome,61071980,16884858,1087593838,29,404,43.5,92,0,0,2024-06-14,
GCA_025169545.1,Anguilla japonica,Japanese eel,7937,Teleostei,Anguilliformes,Anguillidae,Anguilla,ASM2516954v1,Chromosome,reference genome,58706456,21484275,1028695784,86,811,43.5,234,0,0,2022-09-14,
GCA_013347855.1,Anguilla anguilla,European eel,7936,Teleostei,Anguilliformes,Anguillidae,Anguilla,fAngAng1.pri,Chromosome,reference genome,57205429,5114673,979029243,53,692,43.5,51.23,0,0,2020-06-18,
GCF_013347855.1,Anguilla anguilla,European eel,7936,Teleostei,Anguilliformes,Anguillidae,Anguilla,fAngAng1.pri,Chromosome,reference genome,57205429,5114673,979029243,53,692,43.5,51.23,31451,25903,2020-06-18,NCBI Anguilla anguilla Annotation Release 100
GCA_018555375.3,Anguilla rostrata,American eel,7938,Teleostei,Anguilliformes,Anguillidae,Anguilla,ASM1855537v3,Chromosome,reference genome,56672075,5074093,976090453,967,1929,43.5,42,0,0,2024-03-04,
GCF_018555375.3,Anguilla rostrata,American eel,7938,Teleostei,Anguilliformes,Anguillidae,Anguilla,ASM1855537v3,Chromosome,reference genome,56672075,5074093,976090453,967,1929,43.5,42,32130,25366,2024-03-04,GCF_018555375.3-RS_2024_04
GCA_037790555.1,Anguilla japonica,Japanese eel,7937,Teleostei,Anguilliformes,Anguillidae,Anguilla,ASM3779055v1,Chromosome,,56411370,14072964,1004656165,364,1242,43.5,83,0,0,2024-03-29,
GCA_018320845.1,Anguilla anguilla,European eel,7936,Teleostei,Anguilliformes,Anguillidae,Anguilla,ANANG_Geno_1.0,Chromosome,,55981566,13160103,1033223415,1466,1799,43.5,33.5,32038,28188,2021-05-12,Annotation submitted by GenoFish
GCA_978019975.1,Kaupichthys nuchalis,collared eel,182426,Teleostei,Anguilliformes,Chlopsidae,Kaupichthys,fKauNuc1.1,Chromosome,reference genome,123633232,77495999,1100318673,38,129,42.5,49,0,0,2026-01-29,
GCA_963514075.1,Conger conger,European conger,82655,Teleostei,Anguilliformes,Congridae,Conger,fConCon1.1,Chromosome,reference genome,64882367,3090688,1136402888,380,1389,44,36,0,0,2023-09-29,
GCF_963514075.1,Conger conger,European conger,82655,Teleostei,Anguilliformes,Congridae,Conger,fConCon1.1,Chromosome,reference genome,64882367,3090688,1136402888,380,1389,44,36,37124,26618,2023-09-29,GCF_963514075.1-RS_2023_11
GCA_047653785.1,Conger myriaster,whitespotted conger,7943,Teleostei,Anguilliformes,Congridae,Conger,ASM4765378v1,Chromosome,reference genome,58402862,16603000,1093778583,148,382,44,95,0,0,2025-02-11,
GCA_029692045.1,Conger conger,European conger,82655,Teleostei,Anguilliformes,Congridae,Conger,COCON_1.0,Chromosome,,55204474,1398550,1005908649,1686,4043,43.5,38,23656,23656,2023-04-12,Annotation submitted by GenoFish
GCA_029692085.1,Gymnothorax javanicus,giant moray,473457,Teleostei,Anguilliformes,Muraenidae,Gymnothorax,GJAV_1.0,Chromosome,reference genome,133528002,24488841,2124863002,469,1292,41,49,27694,22570,2023-04-12,Annotation submitted by GenoFish
GCA_029721435.1,Gymnothorax reevesii,Reeve's moray,473459,Teleostei,Anguilliformes,Muraenidae,Gymnothorax,ASM2972143v1,Chromosome,reference genome,112885341,53379876,2174377324,423,569,41.5,30.52,0,0,2023-04-18,
GCA_978019965.1,Muraena helena,Mediterranean moray,46662,Teleostei,Anguilliformes,Muraenidae,Muraena,fMurHel1.1,Chromosome,reference genome,107794592,55409183,2057112079,72,130,41.5,42,0,0,2026-02-01,
GCA_978019835.1,Gymnothorax moringa,spotted moray,182438,Teleostei,Anguilliformes,Muraenidae,Gymnothorax,fGymMor1.1,Chromosome,reference genome,94562300,51686000,1994620691,114,185,41.5,45,0,0,2026-02-01,
GCA_975146105.1,Myrichthys ocellatus,goldspotted eel,721872,Teleostei,Anguilliformes,Ophichthidae,Myrichthys,fMyrOce1.1,Chromosome,reference genome,95401461,47180267,1515200344,37,184,43,55,0,0,2025-10-09,
GCA_022702515.1,Ilyophis sp. 1 JC-2022,,2920201,Teleostei,Anguilliformes,Synaphobranchidae,Ilyophis,ASM2270251v1,Chromosome,,121130272,3455548,1494882515,1802,3383,42,100,0,0,2022-03-28,
GCA_022702415.1,Ilyophis sp. JC_2022_1,,2919650,Teleostei,Anguilliformes,Synaphobranchidae,Ilyophis,ASM2270241v1,Chromosome,,115311279,2769000,1469146666,1578,3226,42,31.83,0,0,2022-03-28,
GCA_022702525.1,Ilyophis sp. 2 JC-2022,,2920202,Teleostei,Anguilliformes,Synaphobranchidae,Ilyophis,ASM2270252v1,Chromosome,,115311279,2769000,1469146666,1578,3226,42,100,0,0,2022-03-28,
GCA_029718625.1,Synaphobranchus kaupii,Kaup's arrowtooth eel,118154,Teleostei,Anguilliformes,Synaphobranchidae,Synaphobranchus,SKAU_1.1,Chromosome,reference genome,76846976,519789,1503294022,99,5708,42.5,13.6,43075,43073,2023-04-14,Annotation submitted by GenoFish
GCA_963989245.1,Nansenia antarctica,,443705,Teleostei,Argentiniformes,Microstomatidae,Nansenia,fNanAnt1.1,Chromosome,reference genome,66745282,750607,1085777971,1176,4475,45,39,0,0,2024-03-11,
GCA_963971535.1,Notolepis coatsorum,Antarctic jonasfish,948063,Teleostei,Aulopiformes,Paralepididae,Notolepis,fNotCoa1.1,Chromosome,reference genome,155911686,444000,3427786127,5982,21095,44.5,48,0,0,2024-03-07,
GCA_902500255.1,Thalassophryne amazonica,,390379,Teleostei,Batrachoidiformes,Batrachoididae,Thalassophryne,fThaAma1.1,Chromosome,reference genome,118421481,2329598,2446592878,464,3013,42,67,0,0,2019-09-30,
GCF_902500255.1,Thalassophryne amazonica,,390379,Teleostei,Batrachoidiformes,Batrachoididae,Thalassophryne,fThaAma1.1,Chromosome,reference genome,118421481,2329598,2446592878,464,3013,42,67,31773,22351,2019-09-30,NCBI Thalassophryne amazonica Annotation Release 100
GCA_040802735.1,Opsanus beta,Gulf toadfish,95145,Teleostei,Batrachoidiformes,Batrachoididae,Opsanus,UM_OBeta_2.1,Chromosome,reference genome,98402768,40030226,2151823914,62,334,42,48,0,0,2024-07-22,
GCA_964638095.1,Poromitra crassiceps,crested bigscale,88708,Teleostei,Beryciformes,Melamphaidae,Poromitra,fPorCra3.hap1.1,Chromosome,reference genome,53864884,841497,1629984087,2787,5762,44.5,48,0,0,2025-01-02,
GCA_964638665.1,Poromitra crassiceps,crested bigscale,88708,Teleostei,Beryciformes,Melamphaidae,Poromitra,fPorCra3.hap2.1,Chromosome,,53337672,864647,1511638839,1407,4301,44.5,48,0,0,2025-01-02,
GCA_976916555.1,Diplecogaster bimaculata,two-spotted clingfish,210029,Teleostei,Blenniiformes,Gobiesocidae,Diplecogaster,fDipBim1.hap2.1,Chromosome,reference genome,90439982,936806,2191042422,2324,5878,37,25,0,0,2025-10-04,
GCA_976919225.1,Diplecogaster bimaculata,two-spotted clingfish,210029,Teleostei,Blenniiformes,Gobiesocidae,Diplecogaster,fDipBim1.hap1.1,Chromosome,,90355791,945583,2211921875,2957,6576,37,25,0,0,2025-10-26,
GCA_019721115.1,Astyanax mexicanus,Mexican tetra,7994,Teleostei,Characiformes,Acestrorhamphidae,Astyanax,AMEX_1.1,Chromosome,,52029803,14827381,1378811567,195,529,38.5,33.9,27999,24625,2021-08-25,Annotation submitted by GenoFish
GCA_023375975.1,Astyanax mexicanus,Mexican tetra,7994,Teleostei,Characiformes,Acestrorhamphidae,Astyanax,AstMex3_surface,Chromosome,reference genome,51923808,47087582,1373169186,109,123,38,35,0,0,2022-05-19,
GCF_023375975.1,Astyanax mexicanus,Mexican tetra,7994,Teleostei,Characiformes,Acestrorhamphidae,Astyanax,AstMex3_surface,Chromosome,reference genome,51923808,47087582,1373169186,109,123,38,35,52771,26736,2022-05-19,NCBI Astyanax mexicanus Annotation Release 103
GCA_023375835.1,Astyanax mexicanus,Mexican tetra,7994,Teleostei,Characiformes,Acestrorhamphidae,Astyanax,AstMex3_Tinaja,Chromosome,,51036050,26106996,1410308222,238,292,38.5,27,0,0,2022-05-19,
GCA_029633855.2,Hoplias malabaricus,trahira,27720,Teleostei,Characiformes,Erythrinidae,Hoplias,fHopMal1.hap1,Chromosome,reference genome,53138383,3626585,1186354877,597,1586,41,26.87,0,0,2024-06-25,
GCF_029633855.1,Hoplias malabaricus,trahira,27720,Teleostei,Characiformes,Erythrinidae,Hoplias,fHopMal1.hap1,Chromosome,reference genome,53138383,3626585,1186354877,597,1586,41,26.87,47138,26286,2024-06-25,GCF_029633855.1-RS_2024_07
GCA_054851125.1,Prochilodus lineatus,curimbata,27695,Teleostei,Characiformes,Prochilodontidae,Prochilodus,fProLin1.hap1,Chromosome,reference genome,51531475,5995764,1448379579,811,1819,42,45.8,0,0,2026-01-30,
GCA_041004005.1,Etroplus suratensis,,238232,Teleostei,Cichliformes,Cichlidae,Etroplus,CIBA_Esura_1.1,Chromosome,reference genome,51572587,33988944,1247975007,117,180,41.5,99,0,0,2024-08-01,
GCA_020510985.1,Pholidichthys leucotaenia,,390368,Teleostei,Cichliformes,Pholidichthyidae,Pholidichthys,fPhoLeu1.pri,Chromosome,reference genome,435632707,5867598,6032307556,512,3075,44.5,98.18,27004,23196,2021-10-15,GCA_020510985.1-GB_2025_10_13
GCA_034702125.1,Engraulis encrasicolus,European anchovy,184585,Teleostei,Clupeiformes,Engraulidae,Engraulis,IST_EnEncr_1.0,Chromosome,reference genome,56351229,1448200,1435183673,1921,4086,44.5,180,0,0,2023-12-28,
GCF_034702125.1,Engraulis encrasicolus,European anchovy,184585,Teleostei,Clupeiformes,Engraulidae,Engraulis,IST_EnEncr_1.0,Chromosome,reference genome,56351229,1448200,1435183673,1921,4086,44.5,180,35487,27663,2023-12-28,GCF_034702125.1-RS_2024_02
GCA_040112795.1,Engraulis japonicus,Japanese anchovy,42892,Teleostei,Clupeiformes,Engraulidae,Engraulis,ASM4011279v1,Chromosome,reference genome,55013877,392837,1423324225,386,6532,44,35,0,0,2024-06-13,
GCA_049863035.1,Schizothorax curvilabiatus,,2036785,Teleostei,Cypriniformes,Cyprinidae,Schizothorax,ASM4986303v1,Chromosome,,90920403,632754,2470877006,319,6212,37.5,148.79,0,0,2025-04-23,
GCA_054643165.1,Gymnodiptychus pachycheilus,,263534,Teleostei,Cypriniformes,Cyprinidae,Gymnodiptychus,ASM5464316v1,Chromosome,reference genome,70769773,5588585,1820914815,26,998,38,127,0,0,2026-01-22,
GCA_041051915.1,Schizothorax macropogon,,263547,Teleostei,Cypriniformes,Cyprinidae,Schizothorax,ASM4105191v1,Chromosome,reference genome,59429369,8285006,1420412499,119,713,38,59,0,0,2024-08-05,
GCA_903798195.1,Danio kyathit,,242068,Teleostei,Cypriniformes,Danionidae,Danio,fDanKya3.1,Chromosome,reference genome,64228523,1264270,1708446541,739,3259,37,51,0,0,2020-06-27,
GCA_052040795.1,Danio rerio,zebrafish,7955,Teleostei,Cypriniformes,Danionidae,Danio,GRCz12ab,Complete Genome,,59431669,59431669,1450693629,25,25,37,200,0,0,2025-08-15,
GCA_049306965.1,Danio rerio,zebrafish,7955,Teleostei,Cypriniformes,Danionidae,Danio,GRCz12tu,Complete Genome,reference genome,59305174,59305174,1448791966,25,25,37,300,0,0,2025-04-04,
GCF_049306965.1,Danio rerio,zebrafish,7955,Teleostei,Cypriniformes,Danionidae,Danio,GRCz12tu,Complete Genome,reference genome,59305174,59305174,1448791966,25,25,37,300,49597,27039,2025-04-04,GCF_049306965.1-RS_2025_04
GCA_033170195.3,Danio rerio,zebrafish,7955,Teleostei,Cypriniformes,Danionidae,Danio,ASM3317019v3,Complete Genome,,59265136,59265136,1446656090,25,25,37,210,0,0,2025-03-19,
GCA_944039275.1,Danio rerio,zebrafish,7955,Teleostei,Cypriniformes,Danionidae,Danio,fDanRer4.1,Chromosome,,58626443,6927137,1413659274,72,453,37,31,0,0,2022-06-24,
GCA_020184715.1,Danio rerio,zebrafish,7955,Teleostei,Cypriniformes,Danionidae,Danio,ASM2018471v1,Chromosome,,57786111,21088021,1401249944,33,165,36.5,190,0,0,2021-09-30,
GCA_903798145.1,Danio aesculapii,,1142201,Teleostei,Cypriniformes,Danionidae,Danio,fDanAes4.1,Chromosome,reference genome,55996547,1517104,1381485597,342,2163,36.5,52,0,0,2020-06-27,
GCF_903798145.1,Danio aesculapii,,1142201,Teleostei,Cypriniformes,Danionidae,Danio,fDanAes4.1,Chromosome,reference genome,55996547,1517104,1381485597,342,2163,36.5,52,34673,24964,2020-06-27,GCF_903798145.1-RS_2023_05
GCA_903684855.2,Danio rerio,zebrafish,7955,Teleostei,Cypriniformes,Danionidae,Danio,fDreTuH1.2,Chromosome,,54392677,3603372,1360489499,754,2103,36.5,67,0,0,2020-07-31,
GCA_018400075.1,Danio rerio,zebrafish,7955,Teleostei,Cypriniformes,Danionidae,Danio,ASM1840007v1,Chromosome,,54124915,1203134,1338639271,25,19448,36.5,5,0,0,2021-05-19,
GCA_903684865.1,Danio rerio,zebrafish,7955,Teleostei,Cypriniformes,Danionidae,Danio,fDreABH1.1,Chromosome,,52957805,4531818,1354075779,1252,1964,36.5,67,0,0,2020-06-28,
GCA_903798175.1,Danio rerio,zebrafish,7955,Teleostei,Cypriniformes,Danionidae,Danio,fDreNAz3.1,Chromosome,,51269298,17829,1465089175,35684,136262,36.5,56,0,0,2020-06-27,
GCA_008692375.1,Danio rerio,zebrafish,7955,Teleostei,Cypriniformes,Danionidae,Danio,ASM869237v1,Chromosome,,50576722,416828,1306177993,149,7216,36.5,110,0,0,2019-10-07,
GCA_949357685.1,Gobio gobio,gudgeon,27704,Teleostei,Cypriniformes,Gobionidae,Gobio,fGobGob1.1,Chromosome,reference genome,58069932,2576923,1460662624,230,1276,39.5,34,0,0,2023-04-08,
GCF_949357685.1,Gobio gobio,gudgeon,27704,Teleostei,Cypriniformes,Gobionidae,Gobio,fGobGob1.1,Chromosome,reference genome,58069932,2576923,1460662624,230,1276,39.5,34,27553,26164,2023-03-10,GCF_949357685.1-RS_2025_08
GCA_023566225.1,Romanogobio albipinnatus,white-finned gudgeon,260767,Teleostei,Cypriniformes,Gobionidae,Romanogobio,ASM2356622v1,Chromosome,reference genome,55298942,12526464,1428567521,131,438,40.5,36,0,0,2022-05-31,
GCA_021464655.1,Gobio gobio,gudgeon,27704,Teleostei,Cypriniformes,Gobionidae,Gobio,fGobGob41.pri.20210311,Chromosome,,55293470,3305918,1550158453,687,2089,40,89,0,0,2022-01-18,
GCA_046055825.1,Pseudorasbora elongata,,328526,Teleostei,Cypriniformes,Gobionidae,Pseudorasbora,ASM4605582v1,Chromosome,reference genome,53690834,34398244,1384346737,165,245,39,31,0,0,2024-12-17,
GCA_037039145.1,Fundulus diaphanus,banded killifish,54267,Teleostei,Cyprinodontiformes,Fundulidae,Fundulus,fFunDia1.hap1,Chromosome,reference genome,57717734,11036555,1351812078,330,623,41,31.99,27838,23123,2024-03-06,GCA_037039145.1-GB_2025_09_20
GCA_037038625.1,Fundulus diaphanus,banded killifish,54267,Teleostei,Cyprinodontiformes,Fundulidae,Fundulus,fFunDia1.hap2,Chromosome,,57021853,8236268,1329922595,196,569,41,31.99,0,0,2024-03-06,
GCA_043380555.1,Nothobranchius furzeri,turquoise killifish,105023,Teleostei,Cyprinodontiformes,Nothobranchiidae,Nothobranchius,NfurGRZ-RIMD1,Chromosome,reference genome,76394082,9298000,1479182959,303,672,44.5,52,0,0,2024-10-21,
GCF_043380555.1,Nothobranchius furzeri,turquoise killifish,105023,Teleostei,Cyprinodontiformes,Nothobranchiidae,Nothobranchius,NfurGRZ-RIMD1,Chromosome,reference genome,76394082,9298000,1479182959,303,672,44.5,52,38438,24412,2024-10-21,GCF_043380555.1-RS_2024_12
GCA_963556495.2,Valencia hispanica,,195855,Teleostei,Cyprinodontiformes,Valenciidae,Valencia,fValHis1.1_MT,Chromosome,reference genome,56937854,38296799,1291680485,28,99,40,130,0,0,2023-12-06,
GCA_040894045.1,Umbra pygmaea,eastern mudminnow,75934,Teleostei,Esociformes,Umbridae,Umbra,UPYG_1.0,Chromosome,reference genome,154771044,1922663,1784301911,963,4787,40.5,137.9,24516,24515,2024-07-30,Annotation submitted by GenoFish
GCA_978157285.1,Umbra krameri,European mudminnow,75933,Teleostei,Esociformes,Umbridae,Umbra,fUmbKra5.Hap1.1,Chromosome,reference genome,75584379,23186746,1727840106,167,334,40.5,30,0,0,2026-02-10,
GCA_977063065.1,Coryphopterus venezuelae,,658148,Teleostei,Gobiiformes,Gobiidae,Coryphopterus,fCorVen1.1,Chromosome,reference genome,52110546,44879000,1143939970,94,187,39,56,0,0,2025-11-15,
GCA_902362185.1,Chanos chanos,milkfish,29144,Teleostei,Gonorynchiformes,Chanidae,Chanos,fChaCha1.1,Chromosome,reference genome,50300218,23134051,656912816,30,141,41.5,68,0,0,2019-08-14,
GCF_902362185.1,Chanos chanos,milkfish,29144,Teleostei,Gonorynchiformes,Chanidae,Chanos,fChaCha1.1,Chromosome,reference genome,50300218,23134051,656912816,30,141,41.5,68,26101,23253,2019-08-14,GCF_902362185.1-RS_2025_07
GCA_902148855.1,Sphaeramia orbicularis,orbiculate cardinalfish,375764,Teleostei,Kurtiformes,Apogonidae,Sphaeramia,fSphaOr1.1,Chromosome,reference genome,57165184,2360121,1342662642,340,2183,38,53,0,0,2019-07-03,
GCF_902148855.1,Sphaeramia orbicularis,orbiculate cardinalfish,375764,Teleostei,Kurtiformes,Apogonidae,Sphaeramia,fSphaOr1.1,Chromosome,reference genome,57165184,2360121,1342662642,340,2183,38,53,29724,24204,2019-07-03,GCF_902148855.1-RS_2025_07
GCA_020466265.1,Siphamia tubifer,tuber cardinalfish,1536898,Teleostei,Kurtiformes,Apogonidae,Siphamia,ASM2046626v1,Chromosome,reference genome,51162488,2340513,1200827456,118,2057,37.5,23,0,0,2021-10-15,
GCA_054948765.1,Scarus rubroviolaceus,ember parrotfish,247628,Teleostei,Labriformes,Labridae,Scarus,ASM5494876v1,Chromosome,reference genome,70179926,24994706,1669000860,24,758,39.5,78,0,0,2026-02-06,
GCA_051912175.1,Scarus rivulatus,rivulated parrotfish,247627,Teleostei,Labriformes,Labridae,Scarus,ASM5191217v1,Chromosome,reference genome,67170024,17851000,1584527757,24,722,39.5,80,0,0,2025-08-11,
GCA_054948785.1,Scarus psittacus,common parrotfish,247625,Teleostei,Labriformes,Labridae,Scarus,ASM5494878v1,Chromosome,reference genome,65911273,22183371,1523874111,24,615,39,52,0,0,2026-02-06,
GCA_049815525.1,Cheilinus undulatus,humphead wrasse,241271,Teleostei,Labriformes,Labridae,Cheilinus,ASM4981552v1,Complete Genome,,54699724,54699724,1250370844,24,24,39.5,90,0,0,2025-04-21,
GCA_018320785.1,Cheilinus undulatus,humphead wrasse,241271,Teleostei,Labriformes,Labridae,Cheilinus,ASM1832078v1,Chromosome,reference genome,51466935,16477222,1173455521,45,329,39.5,77,0,0,2021-05-12,
GCF_018320785.1,Cheilinus undulatus,humphead wrasse,241271,Teleostei,Labriformes,Labridae,Cheilinus,ASM1832078v1,Chromosome,reference genome,51466935,16477222,1173455521,45,329,39.5,77,26354,23316,2021-05-12,NCBI Cheilinus undulatus Annotation Release 100
GCA_029633865.1,Lampris incognitus,smalleye Pacific opah,2546036,Teleostei,Lampriformes,Lampridae,Lampris,fLamInc1.hap2,Chromosome,reference genome,62607046,917127,1482357630,544,3659,45,32,0,0,2023-04-13,
GCF_029633865.1,Lampris incognitus,smalleye Pacific opah,2546036,Teleostei,Lampriformes,Lampridae,Lampris,fLamInc1.hap2,Chromosome,reference genome,62607046,917127,1482357630,544,3659,45,32,27751,20934,2023-04-13,GCF_029633865.1-RS_2023_05
GCA_022059245.1,Lampris incognitus,smalleye Pacific opah,2546036,Teleostei,Lampriformes,Lampridae,Lampris,ASM2205924v1,Chromosome,,61105648,3708147,1367434603,808,1583,45,136,0,0,2022-02-10,
GCA_963921795.1,Nannobrachium achirus,lantern fish,473322,Teleostei,Myctophiformes,Myctophidae,Nannobrachium,fNanAch1.1,Chromosome,reference genome,66219085,1305851,1658830932,672,3069,42.5,31,0,0,2024-02-09,
GCA_963454915.1,Gymnoscopelus microlampas,minispotted lanternfish,1090481,Teleostei,Myctophiformes,Myctophidae,Gymnoscopelus,fGymMic1.1,Chromosome,reference genome,55298648,1741000,1318637544,373,1771,42,62,0,0,2023-09-13,
GCA_963280865.1,Gymnoscopelus braueri,,948025,Teleostei,Myctophiformes,Myctophidae,Gymnoscopelus,fGymBra2.1,Chromosome,reference genome,55139090,901999,1367966668,675,3379,42,34,0,0,2023-08-20,
GCA_039105355.1,Benthosema pterotum,skinnycheek lanternfish,1069390,Teleostei,Myctophiformes,Myctophidae,Benthosema,ASM3910535v1,Chromosome,reference genome,54490410,804747,1272444389,554,4081,43,88,0,0,2024-05-09,
GCA_951216825.1,Electrona antarctica,,206093,Teleostei,Myctophiformes,Myctophidae,Electrona,fEleAnt2.1,Chromosome,reference genome,53633514,1002537,1427425719,1900,5079,43.5,43,0,0,2023-05-11,
GCF_951216825.1,Electrona antarctica,,206093,Teleostei,Myctophiformes,Myctophidae,Electrona,fEleAnt2.1,Chromosome,reference genome,53633514,1002537,1427425719,1900,5079,43.5,43,31676,28804,2023-05-11,GCF_951216825.1-RS_2025_09
GCA_964188405.1,Protomyctophum parallelum,parallel lanternfish,1091426,Teleostei,Myctophiformes,Myctophidae,Protomyctophum,fProPar1.1,Chromosome,reference genome,53459825,1024588,1235309700,23,2752,43,35,0,0,2024-06-21,
GCA_053567765.1,Notothenia coriiceps,black rockcod,8208,Teleostei,Perciformes,Nototheniidae,Notothenia,UIUC_ncor_1,Chromosome,,94772574,21093303,1124817320,359,734,41.5,45,0,0,2025-11-18,
GCA_949606895.1,Notothenia rossii,marbled rockcod,101497,Teleostei,Perciformes,Nototheniidae,Notothenia,fNotRos5.1,Chromosome,reference genome,89684120,383412,1042884354,942,5099,41.5,24,0,0,2023-04-08,
GCF_949606895.1,Notothenia rossii,marbled rockcod,101497,Teleostei,Perciformes,Nototheniidae,Notothenia,fNotRos5.1,Chromosome,reference genome,89684120,383412,1042884354,942,5099,41.5,24,34920,29256,2023-03-11,GCF_949606895.1-RS_2025_08
GCA_053525255.1,Notothenia angustata,Maori chief,8210,Teleostei,Perciformes,Nototheniidae,Notothenia,UIUC_pang_4,Chromosome,reference genome,88675529,22961129,1001857024,118,302,41.5,54,0,0,2025-11-18,
GCA_978406735.1,Scorpaena notata,small red scorpionfish,210003,Teleostei,Perciformes,Scorpaenidae,Scorpaena,fScoNot1.1,Chromosome,reference genome,73160922,61225004,1111126948,32,61,39.5,82,0,0,2026-02-14,
GCA_977109165.1,Scorpaena plumieri,spotted scorpionfish,274700,Teleostei,Perciformes,Scorpaenidae,Scorpaena,fScoPlm1.1,Chromosome,reference genome,55658721,47234000,1295960027,29,77,39,65,0,0,2025-12-06,
GCA_965601325.1,Salmo salar,Atlantic salmon,8030,Teleostei,Salmoniformes,Salmonidae,Salmo,fSalSal1,Chromosome,,99640797,90035114,2825041709,508,519,43.5,40,0,0,2025-07-07,
GCA_052849675.1,Oncorhynchus masou masou,cherry salmon,90313,Teleostei,Salmoniformes,Salmonidae,Oncorhynchus,ASM5284967v1,Chromosome,,99276845,24672662,2593587901,200,708,44,75,0,0,2025-09-25,
GCA_052849655.1,Oncorhynchus masou masou,cherry salmon,90313,Teleostei,Salmoniformes,Salmonidae,Oncorhynchus,ASM5284965v1,Chromosome,,98821334,15978490,2506778675,50,488,44,75,0,0,2025-09-25,
GCA_034236695.1,Oncorhynchus nerka,sockeye salmon,8023,Teleostei,Salmoniformes,Salmonidae,Oncorhynchus,Oner_Uvic_2.0,Chromosome,reference genome,93356810,2842582,2645619652,11377,15727,44,23,0,0,2024-01-08,
GCF_034236695.1,Oncorhynchus nerka,sockeye salmon,8023,Teleostei,Salmoniformes,Salmonidae,Oncorhynchus,Oner_Uvic_2.0,Chromosome,reference genome,93356810,2842582,2645619652,11377,15727,44,23,55720,39518,2024-01-08,GCF_034236695.1-RS_2024_05
GCA_021184085.1,Oncorhynchus gorbuscha,pink salmon,8017,Teleostei,Salmoniformes,Salmonidae,Oncorhynchus,OgorEven_v1.0,Chromosome,reference genome,85609528,1451475,2690266878,19027,24239,44.5,44,0,0,2021-12-15,
GCF_021184085.1,Oncorhynchus gorbuscha,pink salmon,8017,Teleostei,Salmoniformes,Salmonidae,Oncorhynchus,OgorEven_v1.0,Chromosome,reference genome,85609528,1451475,2690266878,19027,24239,44.5,44,59869,40846,2021-12-15,NCBI Oncorhynchus gorbuscha Annotation Release 100
GCA_054643985.1,Hucho bleekeri,Sichuan taimen,633558,Teleostei,Salmoniformes,Salmonidae,Hucho,ASM5464398v1,Chromosome,reference genome,75100808,4942875,3700945220,1590,2875,41.5,44.71,0,0,2026-01-22,
GCA_049308825.1,Oncorhynchus mykiss irideus,,857569,Teleostei,Salmoniformes,Salmonidae,Oncorhynchus,O.lewisi_USDA_pat1.0,Chromosome,reference genome,75022993,1991881,2331236414,2134,3490,43.5,49,0,0,2025-04-05,
GCA_046056365.1,Hucho bleekeri,Sichuan taimen,633558,Teleostei,Salmoniformes,Salmonidae,Hucho,ASM4605636v1,Chromosome,,73705547,2411221,3451243059,505,3899,42,23.8,0,0,2024-12-17,
GCA_045791955.2,Oncorhynchus clarkii lewisi,westslope cutthroat trout,490388,Teleostei,Salmoniformes,Salmonidae,Oncorhynchus,UVic_Ocla_1.0,Chromosome,reference genome,73539589,4987901,2404487246,3266,4647,43.5,68,0,0,2024-12-06,
GCF_045791955.1,Oncorhynchus clarkii lewisi,westslope cutthroat trout,490388,Teleostei,Salmoniformes,Salmonidae,Oncorhynchus,UVic_Ocla_1.0,Chromosome,reference genome,73539589,4987901,2404487246,3266,4647,43.5,68,60299,41663,2024-12-06,GCF_045791955.1-RS_2025_01
GCA_002021735.2,Oncorhynchus kisutch,coho salmon,8019,Teleostei,Salmoniformes,Salmonidae,Oncorhynchus,Okis_V2,Chromosome,reference genome,68265700,1159298,2375894934,4086,8770,43.5,300,0,0,2019-11-04,
GCF_002021735.2,Oncorhynchus kisutch,coho salmon,8019,Teleostei,Salmoniformes,Salmonidae,Oncorhynchus,Okis_V2,Chromosome,reference genome,68265700,1159298,2375894934,4086,8770,43.5,300,63489,41349,2019-11-04,GCF_002021735.2-RS_2025_07
GCA_036934945.2,Oncorhynchus masou masou,cherry salmon,90313,Teleostei,Salmoniformes,Salmonidae,Oncorhynchus,UVic_Omas_1.1,Chromosome,reference genome,66338746,2468404,2664785840,17262,21300,44,33,0,0,2024-03-01,
GCF_036934945.1,Oncorhynchus masou masou,cherry salmon,90313,Teleostei,Salmoniformes,Salmonidae,Oncorhynchus,UVic_Omas_1.1,Chromosome,reference genome,66338746,2468404,2664785840,17262,21300,44,33,55836,40543,2024-03-01,GCF_036934945.1-RS_2024_04
GCA_039881085.1,Coregonus artedi,cisco,36181,Teleostei,Salmoniformes,Salmonidae,Coregonus,CA_GEN_1v1,Chromosome,reference genome,62609013,1575701,2491651976,1718,6505,44,68,0,0,2024-05-29,
GCA_049308835.1,Oncorhynchus clarkii lewisi,westslope cutthroat trout,490388,Teleostei,Salmoniformes,Salmonidae,Oncorhynchus,O.lewisi_USDA_mat1.0,Chromosome,,62170500,1984742,2355397988,2275,3808,43.5,49,0,0,2025-04-05,
GCA_031479575.1,Coregonus ussuriensis,Amur whitefish,340692,Teleostei,Salmoniformes,Salmonidae,Coregonus,ASM3147957v1,Chromosome,reference genome,60505759,4271330,2628497916,494,3109,44,99.91,0,0,2023-09-14,
GCA_045679555.1,Salvelinus alpinus,Arctic char,8036,Teleostei,Salmoniformes,Salmonidae,Salvelinus,SLU_Salpinus.1,Chromosome,reference genome,59638343,2112528,2367887750,939,4793,43.5,30,0,0,2024-12-04,
GCF_045679555.1,Salvelinus alpinus,Arctic char,8036,Teleostei,Salmoniformes,Salmonidae,Salvelinus,SLU_Salpinus.1,Chromosome,reference genome,59638343,2112528,2367887750,939,4793,43.5,30,54756,40864,2024-12-04,GCF_045679555.1-RS_2025_01
GCA_043791845.1,Salmo trutta,river trout,8032,Teleostei,Salmoniformes,Salmonidae,Salmo,YSFRI_Strut_1.1,Chromosome,,58673832,47998242,2487820021,112,209,43.5,110,0,0,2024-10-25,
GCA_018398675.1,Coregonus clupeaformis,lake whitefish,59861,Teleostei,Salmoniformes,Salmonidae,Coregonus,ASM1839867v1,Chromosome,,57494107,5728271,2682595567,6354,8070,44,20,0,0,2021-05-25,
GCF_018398675.1,Coregonus clupeaformis,lake whitefish,59861,Teleostei,Salmoniformes,Salmonidae,Coregonus,ASM1839867v1,Chromosome,,57494107,5728271,2682595567,6354,8070,44,20,56925,39779,2021-05-25,NCBI Coregonus clupeaformis Annotation Release 100
GCA_052928225.1,Salvelinus malma,Dolly Varden,8039,Teleostei,Salmoniformes,Salmonidae,Salvelinus,OUC_Smalma_1.0,Chromosome,reference genome,55795102,1746789,3108216572,4459,7716,43.5,147.93,0,0,2025-09-30,
GCA_053542365.1,Salvelinus fontinalis,brook trout,8038,Teleostei,Salmoniformes,Salmonidae,Salvelinus,mSalvFont1.0,Chromosome,,54773965,3268891,2905797091,1299,3333,43.5,54,0,0,2025-11-18,
GCA_036851935.1,Coregonus suidteri,,861788,Teleostei,Salmoniformes,Salmonidae,Coregonus,J4Q44_1.1,Chromosome,reference genome,53782622,588596,2294266309,4109,13507,44,47.6,39482,39473,2024-02-26,Annotation submitted by GenoFish
GCA_054100595.1,Salvelinus alpinus,Arctic char,8036,Teleostei,Salmoniformes,Salmonidae,Salvelinus,fSalAlp3.hap1,Chromosome,,53649224,1010291,2264650164,1442,5883,43.5,46,48727,39357,2025-12-19,GCA_054100595.1-GB_2026_01_14
GCA_025558465.1,Oncorhynchus mykiss,rainbow trout,8022,Teleostei,Salmoniformes,Salmonidae,Oncorhynchus,Omyk_2.0,Chromosome,,52392071,10668178,2322329569,1278,1738,43.5,94.3,0,0,2022-10-04,
GCA_901001165.2,Salmo trutta,river trout,8032,Teleostei,Salmoniformes,Salmonidae,Salmo,fSalTru1.2,Chromosome,reference genome,52209666,1703178,2371863509,1440,5377,43.5,68,0,0,2021-04-24,
GCF_901001165.2,Salmo trutta,river trout,8032,Teleostei,Salmoniformes,Salmonidae,Salmo,fSalTru1.2,Chromosome,reference genome,52209666,1703178,2371863509,1440,5377,43.5,68,61568,42457,2021-04-24,GCF_901001165.2-RS_2026_01
GCA_020615455.1,Coregonus clupeaformis,lake whitefish,59861,Teleostei,Salmoniformes,Salmonidae,Coregonus,ASM2061545v1,Chromosome,reference genome,52021072,2177185,2753270621,7333,8492,44,20,0,0,2021-11-04,
GCF_020615455.1,Coregonus clupeaformis,lake whitefish,59861,Teleostei,Salmoniformes,Salmonidae,Coregonus,ASM2061545v1,Chromosome,reference genome,52021072,2177185,2753270621,7333,8492,44,20,60366,42433,2021-11-04,NCBI Coregonus clupeaformis Annotation Release 101
GCA_902810595.1,Coregonus sp. 'balchen',,861768,Teleostei,Salmoniformes,Salmonidae,Coregonus,AWG_v2,Chromosome,,52020451,533126,2068074305,40,8707,44,90,42695,41785,2020-03-10,Annotation submitted by EAWAG
GCA_029448725.1,Salvelinus fontinalis,brook trout,8038,Teleostei,Salmoniformes,Salmonidae,Salvelinus,ASM2944872v1,Chromosome,reference genome,50983633,1231776,2496185110,2721,6739,43.5,120,0,0,2023-03-28,
GCF_029448725.1,Salvelinus fontinalis,brook trout,8038,Teleostei,Salmoniformes,Salmonidae,Salvelinus,ASM2944872v1,Chromosome,reference genome,50983633,1231776,2496185110,2721,6739,43.5,120,59184,41382,2023-03-28,GCF_029448725.1-RS_2023_04
GCA_029834435.1,Oncorhynchus mykiss,rainbow trout,8022,Teleostei,Salmoniformes,Salmonidae,Oncorhynchus,USDA_OmykWR_1.0,Chromosome,,50753730,12246881,2338719933,1138,1520,43.5,106,0,0,2023-05-22,
GCA_030435695.1,Brachymystax lenok tsinlingensis,Tsinling lenok trout,1115630,Teleostei,Salmoniformes,Salmonidae,Brachymystax,ASM3043569v1,Chromosome,reference genome,50153284,25569929,2031709341,67,447,43,70,0,0,2023-07-13,
GCA_027579695.1,Neoarius graeffei,lesser salmon catfish,443677,Teleostei,Siluriformes,Ariidae,Neoarius,fNeoGra1.pri,Chromosome,reference genome,83992109,14859289,2341916362,38,372,42.5,33.08,0,0,2023-01-09,
GCF_027579695.1,Neoarius graeffei,lesser salmon catfish,443677,Teleostei,Siluriformes,Ariidae,Neoarius,fNeoGra1.pri,Chromosome,reference genome,83992109,14859289,2341916362,38,372,42.5,33.08,37430,24873,2023-01-09,GCF_027579695.1-RS_2023_11
GCA_981919085.1,Pterygoplichthys disjunctivus,vermicualted sailfin catfish,909844,Teleostei,Siluriformes,Loricariidae,Pterygoplichthys,Pd_IHB,Chromosome,reference genome,64017868,11954964,1566152583,26,411,41,27,0,0,2026-03-05,
GCA_024760905.1,Plotosus lineatus,striped eel catfish,243562,Teleostei,Siluriformes,Plotosidae,Plotosus,SWU_Pli_1.0,Chromosome,reference genome,60385206,36883020,1333861300,30,111,41.5,93,0,0,2022-08-29,
GCA_054960265.1,Pareuchiloglanis anteanalis,,221673,Teleostei,Siluriformes,Sisoridae,Pareuchiloglanis,ASM5496026v1,Chromosome,reference genome,50116031,15101161,873934115,300,449,41.5,61.64,0,0,2026-02-10,
GCA_033978785.2,Entelurus aequoreus,snake pipefish,161455,Teleostei,Syngnathiformes,Syngnathidae,Entelurus,RoL_Eaeq_v1.1,Chromosome,reference genome,75786231,2039131,1892198045,424,2988,38.5,80,0,0,2023-12-01,
GCF_033978785.1,Entelurus aequoreus,snake pipefish,161455,Teleostei,Syngnathiformes,Syngnathidae,Entelurus,RoL_Eaeq_v1.1,Chromosome,reference genome,75786231,2039131,1892198045,424,2988,38.5,80,35927,25442,2023-12-01,GCF_033978785.1-RS_2023_12
GCA_033978795.1,Nerophis ophidion,straightnose pipefish,159077,Teleostei,Syngnathiformes,Syngnathidae,Nerophis,RoL_Noph_v1.0,Chromosome,reference genome,66953617,4791538,1845757181,473,1645,39.5,80,0,0,2023-12-01,
GCF_033978795.1,Nerophis ophidion,straightnose pipefish,159077,Teleostei,Syngnathiformes,Syngnathidae,Nerophis,RoL_Noph_v1.0,Chromosome,reference genome,66953617,4791538,1845757181,473,1645,39.5,80,35195,23280,2023-12-01,GCF_033978795.1-RS_2023_12
GCA_030265065.1,Corythoichthys intestinalis,scribbled pipefish,161448,Teleostei,Syngnathiformes,Syngnathidae,Corythoichthys,ASM3026506v1,Chromosome,reference genome,59287289,56274649,1326793283,109,118,39.5,80,0,0,2023-06-20,
GCF_030265065.1,Corythoichthys intestinalis,scribbled pipefish,161448,Teleostei,Syngnathiformes,Syngnathidae,Corythoichthys,ASM3026506v1,Chromosome,reference genome,59287289,56274649,1326793283,109,118,39.5,80,27920,21732,2023-06-20,GCF_030265065.1-RS_2024_05
