accession,organism_name,common_name,species_taxid,infraclass,order,family,genus,assembly_name,assembly_level,refseq_category,scaffold_n50,contig_n50,total_sequence_length,scaffold_count,contig_count,gc_percent,genome_coverage,gene_count,protein_coding_count,submission_date,annotation_name
GCF_019279795.1,Protopterus annectens,West African lungfish,7888,,Ceratodontiformes,Protopteridae,Protopterus,PAN1.0,Chromosome,reference genome,1974114035,1603140,40054324612,12667,74227,40,50,30570,22039,2021-07-20,NCBI Protopterus annectens Annotation Release 100
GCF_037176945.1,Latimeria chalumnae,coelacanth,7897,,Coelacanthiformes,Coelacanthidae,Latimeria,fLatCha1.pri,Chromosome,reference genome,188107785,42076942,2947609019,197,351,42.5,41.94,28938,19735,2024-03-18,GCF_037176945.1-RS_2024_04
GCF_030867095.1,Alligator mississippiensis,American alligator,8496,,Crocodylia,Alligatoridae,Alligator,rAllMis1,Chromosome,reference genome,255078640,38556409,2346779227,194,355,45,35.86,31016,20269,2023-08-24,GCF_030867095.1-RS_2023_09
GCF_033958435.1,Carettochelys insculpta,pitted-shelled turtle,44489,,Testudines,Carettochelyidae,Carettochelys,ASM3395843v1,Chromosome,reference genome,130115908,126464372,2180317067,134,146,45.5,34,24778,18883,2023-11-27,GCF_033958435.1-RS_2025_07
GCF_965140235.1,Caretta caretta,loggerhead turtle,8467,,Testudines,Cheloniidae,Caretta,rCarCar1.hap1,Chromosome,reference genome,137541926,124322749,2217236305,36,97,44,55,27672,20304,2025-02-13,GCF_965140235.1-RS_2025_07
GCF_965140265.1,Lepidochelys kempii,Atlantic ridley,8472,,Testudines,Cheloniidae,Lepidochelys,rLepKem1.hap2,Chromosome,,136811586,59796335,2204769334,88,332,44,35,23775,19286,2025-03-26,GCF_965140265.1-RS_2025_04
GCF_965140285.1,Lepidochelys kempii,Atlantic ridley,8472,,Testudines,Cheloniidae,Lepidochelys,rLepKem1.hap1,Chromosome,reference genome,136730895,52784435,2219022919,54,273,44,35,24663,19713,2025-03-26,GCF_965140285.1-RS_2026_01
GCF_965152235.1,Eretmochelys imbricata,hawksbill sea turtle,27787,,Testudines,Cheloniidae,Eretmochelys,rEreImb1.hap1,Chromosome,reference genome,136542973,80323000,2217987207,56,187,44,46,22940,18974,2025-04-10,GCF_965152235.1-RS_2025_12
GCF_015237465.2,Chelonia mydas,Green sea turtle,8469,,Testudines,Cheloniidae,Chelonia,rCheMyd1.pri.v2,Chromosome,reference genome,134428053,39415510,2134358617,92,390,44,60,28491,19752,2021-07-15,NCBI Chelonia mydas Annotation Release 103
GCF_965152275.1,Natator depressus,flatback sea turtle,27790,,Testudines,Cheloniidae,Natator,rNatDep2.hap1,Chromosome,reference genome,134157645,77014821,2173430419,40,211,44,41,26606,19872,2025-02-16,GCF_965152275.1-RS_2025_07
GCF_023653815.2,Caretta caretta,loggerhead turtle,8467,,Testudines,Cheloniidae,Caretta,GSC_CCare_1.0,Chromosome,,130956235,18214114,2133995980,2007,2751,44,109,24887,20259,2022-06-07,NCBI Caretta caretta Annotation Release 100
GCF_009764565.3,Dermochelys coriacea,leatherback sea turtle,27794,,Testudines,Dermochelyidae,Dermochelys,rDerCor1.pri.v4,Chromosome,reference genome,137568771,7029801,2164762090,40,706,43.5,63.68,27589,18775,2021-08-25,NCBI Dermochelys coriacea Annotation Release 101
GCF_028017835.1,Emys orbicularis,European pond turtle,82168,,Testudines,Emydidae,Emys,rEmyOrb1.hap1,Chromosome,reference genome,146456333,91255289,2309740635,106,254,44.5,30.12,22788,19783,2023-01-30,GCF_028017835.1-RS_2024_05
GCF_027887155.1,Malaclemys terrapin pileata,,2991368,,Testudines,Emydidae,Malaclemys,rMalTer1.hap1,Chromosome,reference genome,144565223,75591180,2211221380,76,217,44.5,30.26,26235,20938,2023-01-18,GCF_027887155.1-RS_2023_03
GCF_013100865.1,Trachemys scripta elegans,,31138,,Testudines,Emydidae,Trachemys,CAS_Tse_1.0,Chromosome,reference genome,140411086,204575,2126182493,137,17979,44,60,22456,18662,2020-05-15,NCBI Trachemys scripta elegans Annotation Release 100
GCF_011386835.1,Chrysemys picta bellii,western painted turtle,8478,,Testudines,Emydidae,Chrysemys,ASM1138683v2,Chromosome,reference genome,133555881,13370154,2372089908,9850,11120,45,20.5,35699,25216,2023-09-08,GCF_011386835.1-RS_2024_05
GCF_020497125.1,Mauremys mutica,yellowpond turtle,74926,,Testudines,Geoemydidae,Mauremys,ASM2049712v1,Chromosome,reference genome,135065811,15010728,2484351270,594,1635,45,99.81,35641,23281,2021-10-14,NCBI Mauremys mutica Annotation Release 100
GCF_016161935.1,Mauremys reevesii,Reeves's turtle,260615,,Testudines,Geoemydidae,Mauremys,ASM1616193v1,Chromosome,reference genome,130473029,33352699,2367590653,229,627,45,96.7,41089,22618,2020-12-22,NCBI Mauremys reevesii Annotation Release 100
GCF_025201925.1,Gopherus flavomarginatus,Mexican gopher tortoise,286002,,Testudines,Testudinidae,Gopherus,rGopFla2.mat.asm,Chromosome,reference genome,162938067,6917139,2460542086,621,2483,44.5,57.78,29021,20882,2022-09-15,GCF_025201925.1-RS_2023_02
GCF_003597395.2,Chelonoidis abingdonii,Abingdon island giant tortoise,106734,,Testudines,Testudinidae,Chelonoidis,CheloAbing_2.0,Chromosome,reference genome,148185065,119261,2256468705,3849,39189,44,28,23434,19060,2025-04-29,GCF_003597395.2-RS_2025_06
GCF_007399415.2,Gopherus evgoodei,Goodes thornscrub tortoise,1825980,,Testudines,Testudinidae,Gopherus,rGopEvg1_v1.p,Chromosome,reference genome,147425149,13026736,2298547364,382,932,44,58,26465,20174,2019-07-25,NCBI Gopherus evgoodei Annotation Release 100
GCF_049634645.1,Pelodiscus sinensis,Chinese soft-shelled turtle,13735,,Testudines,Trionychidae,Pelodiscus,ASM4963464v1,Chromosome,reference genome,129579767,107607917,2243870947,275,322,45.5,40,33914,21463,2025-04-15,GCF_049634645.1-RS_2025_08
GCF_048569485.1,Anomaloglossus baeobatrachus,,238106,Amphibia,Anura,Aromobatidae,Anomaloglossus,aAnoBae1.hap1,Chromosome,reference genome,707508717,2835192,6265077250,3642,7414,46.5,23.1,74270,23328,2025-03-13,GCF_048569485.1-RS_2025_07
GCF_040206685.1,Ascaphus truei,coastal tailed frog,8439,Amphibia,Anura,Ascaphidae,Ascaphus,aAscTru1.hap1,Chromosome,reference genome,424004025,981472,3722616900,3549,9569,45,29.42,41455,22575,2024-06-17,GCF_040206685.1-RS_2025_07
GCF_027579735.1,Bombina bombina,fire-bellied toad,8345,Amphibia,Anura,Bombinatoridae,Bombina,aBomBom1.pri,Chromosome,reference genome,1241340601,3759931,10019663791,2467,9446,39,92.75,31613,22468,2023-01-09,GCF_027579735.1-RS_2023_03
GCF_905171765.1,Bufo bufo,common toad,8384,Amphibia,Anura,Bufonidae,Bufo,aBufBuf1.1,Chromosome,reference genome,635713434,3959750,5044744194,1306,5501,44.5,64,32600,21517,2021-01-28,NCBI Bufo bufo Annotation Release 100
GCF_014858855.1,Bufo gargarizans,Asiatic toad,30331,Amphibia,Anura,Bufonidae,Bufo,ASM1485885v1,Chromosome,reference genome,539822115,1738317,4545465442,747,4620,44.5,103,27589,22033,2020-10-21,NCBI Bufo gargarizans Annotation Release 100
GCF_051348905.1,Ranitomeya variabilis,Zimmermann's poison frog,490064,Amphibia,Anura,Dendrobatidae,Ranitomeya,aRanVar5.hap1,Chromosome,reference genome,788740125,68175871,5645589471,286,495,45,49,59733,24270,2025-07-15,GCF_051348905.1-RS_2025_09
GCF_032444005.1,Ranitomeya imitator,mimic poison frog,111125,Amphibia,Anura,Dendrobatidae,Ranitomeya,aRanImi1.pri,Chromosome,reference genome,725832262,13907627,5956610564,1672,2437,45,52.17,44421,23747,2023-10-16,GCF_032444005.1-RS_2024_10
GCF_035609145.1,Eleutherodactylus coqui,Puerto Rican coqui,57060,Amphibia,Anura,Eleutherodactylidae,Eleutherodactylus,aEleCoq1.hap1,Chromosome,reference genome,277440397,10388966,3371297528,956,1615,45,39,61928,21776,2024-01-12,GCF_035609145.1-RS_2024_07
GCF_029499605.1,Hyla sarda,,327740,Amphibia,Anura,Hylidae,Hyla,aHylSar1.hap1,Chromosome,reference genome,384967061,3809262,4142159359,3474,5771,44,30,102483,22847,2023-04-07,GCF_029499605.1-RS_2023_05
GCF_027789765.1,Dendropsophus ebraccatus,hourglass treefrog,150705,Amphibia,Anura,Hylidae,Dendropsophus,aDenEbr1.pat,Chromosome,reference genome,153439414,8808153,2214937069,2200,3003,44,69.99,37424,22271,2023-01-13,GCF_027789765.1-RS_2024_11
GCF_040937935.1,Hyperolius riggenbachi,Riggenbach's reed frog,752182,Amphibia,Anura,Hyperoliidae,Hyperolius,aHypRig1.pri,Chromosome,reference genome,451034413,2674826,4915935452,477,3516,45,43.06,68148,24147,2024-07-30,GCF_040937935.1-RS_2024_08
GCF_031893055.1,Leptodactylus fuscus,rufous frog,238119,Amphibia,Anura,Leptodactylidae,Leptodactylus,aLepFus1.hap2,Chromosome,reference genome,226021100,5334240,2197979350,1265,2241,43,33.11,36647,20214,2023-09-26,GCF_031893055.1-RS_2025_07
GCF_040894005.1,Engystomops pustulosus,Tungara frog,76066,Amphibia,Anura,Leptodactylidae,Engystomops,aEngPut4.maternal,Chromosome,reference genome,214838416,21805561,2158203323,936,1372,43,38.6,71488,21963,2024-07-30,GCF_040894005.1-RS_2025_03
GCF_038048845.1,Mixophyes fleayi,Fleay's barred frog,3061075,Amphibia,Anura,Limnodynastidae,Mixophyes,aMixFle1.hap1,Chromosome,reference genome,346624570,4050021,2969628263,2806,4227,40.5,25,67235,21250,2024-04-17,GCF_038048845.1-RS_2025_07
GCF_028390025.1,Pseudophryne corroboree,corroboree frog,495146,Amphibia,Anura,Myobatrachidae,Pseudophryne,aPseCor3.hap2,Chromosome,reference genome,846894890,6819095,8872758793,3127,5826,45.5,26.91,186827,24591,2023-02-06,GCF_028390025.1-RS_2024_02
GCF_036172605.1,Pelobates fuscus,common spadefoot toad,191477,Amphibia,Anura,Pelobatidae,Pelobates,aPelFus1.pri,Chromosome,reference genome,387735018,29412599,3606456729,159,508,42,25,49915,20977,2024-01-26,GCF_036172605.1-RS_2024_02
GCF_027358695.1,Spea bombifrons,plains spadefoot toad,233779,Amphibia,Anura,Pelobatidae,Spea,aSpeBom1.2.pri,Chromosome,reference genome,114150385,21170366,987655159,17,119,40.5,35.45,42958,19086,2022-12-27,GCF_027358695.1-RS_2023_03
GCF_017654675.1,Xenopus laevis,African clawed frog,8355,Amphibia,Anura,Pipidae,Xenopus,Xenopus_laevis_v10.1,Chromosome,reference genome,155250555,22451507,2742451793,54,715,39.5,28.5,44456,34476,2021-04-12,NCBI Xenopus laevis Annotation Release 101
GCF_000004195.4,Xenopus tropicalis,tropical clawed frog,8364,Amphibia,Anura,Pipidae,Xenopus,UCB_Xtro_10.0,Chromosome,reference genome,153961319,14634335,1451283599,166,850,40.5,111.5,28858,21826,2019-11-14,NCBI Xenopus tropicalis Annotation Release 104
GCF_001663975.1,Xenopus laevis,African clawed frog,8355,Amphibia,Anura,Pipidae,Xenopus,Xenopus_laevis_v2,Chromosome,,136570856,19713,2718416252,108032,324060,0,30,37031,31332,2016-08-09,NCBI Xenopus laevis Annotation Release 100
GCF_032062135.1,Pyxicephalus adspersus,,30357,Amphibia,Anura,Pyxicephalidae,Pyxicephalus,UCB_Pads_2.0,Chromosome,reference genome,147930044,79604,1440301248,8089,46518,38.5,189,24071,19416,2023-09-27,GCF_032062135.1-RS_2025_03
GCF_042186555.1,Aquarana catesbeiana,American bullfrog,8400,Amphibia,Anura,Ranidae,Aquarana,ASM4218655v1,Chromosome,reference genome,691824178,3396515,6377618952,262,5032,43.5,35.42,47255,24438,2024-09-24,GCF_042186555.1-RS_2025_04
GCF_905171775.1,Rana temporaria,common frog,8407,Amphibia,Anura,Ranidae,Rana,aRanTem1.1,Chromosome,reference genome,481763206,6264810,4111422596,554,2411,44,63,38300,23707,2021-01-28,NCBI Rana temporaria Annotation Release 100
GCF_050947455.1,Rhinoderma darwinii,,43563,Amphibia,Anura,Rhinodermatidae,Rhinoderma,aRhiDar2.hap1,Chromosome,reference genome,410882874,8675653,3657511227,2942,4548,43,31.3,115156,20964,2025-06-17,GCF_050947455.1-RS_2025_07
GCF_040938575.1,Ambystoma mexicanum,axolotl,8296,Amphibia,Caudata,Ambystomatidae,Ambystoma,UKY_AmexF1_1,Chromosome,reference genome,1489131749,23068610,29117848270,220,2315,46.5,48,135668,24121,2024-07-30,GCF_040938575.1-RS_2024_10
GCF_964261635.1,Lissotriton helveticus,palmate newt,256425,Amphibia,Caudata,Salamandridae,Lissotriton,aLisHel1.1,Chromosome,reference genome,2132484007,7795245,23170028842,448,5693,45,27,82488,26911,2024-10-17,GCF_964261635.1-RS_2025_12
GCF_031143425.1,Pleurodeles waltl,Iberian ribbed newt,8319,Amphibia,Caudata,Salamandridae,Pleurodeles,aPleWal1.hap1.20221129,Chromosome,reference genome,1360680797,20474000,19767450834,616,2445,46,40,59059,22339,2024-03-19,GCF_031143425.1-RS_2024_08
GCF_902459505.2,Geotrypetes seraphini,Gabon caecilian,260995,Amphibia,Gymnophiona,Dermophiidae,Geotrypetes,aGeoSer1.2,Chromosome,reference genome,272612222,20656571,3779413726,163,596,43,67,24014,19212,2021-04-24,GCF_902459505.2-RS_2026_03
GCF_901001135.2,Rhinatrema bivittatum,two-lined caecilian,194408,Amphibia,Gymnophiona,Rhinatrematidae,Rhinatrema,aRhiBiv1.2,Chromosome,reference genome,486875112,3216284,5319222779,1329,4900,44.5,43,28102,21544,2021-04-24,GCF_901001135.2-RS_2026_03
GCF_901765095.2,Microcaecilia unicolor,,1415580,Amphibia,Gymnophiona,Siphonopidae,Microcaecilia,aMicUni1.2,Chromosome,reference genome,376147139,3661507,4685923413,1080,3529,44,53,26212,20858,2021-04-24,GCF_901765095.2-RS_2026_02
GCF_036417845.1,Apteryx mantelli,North Island brown kiwi,2696672,Aves,Apterygiformes,Apterygidae,Apteryx,bAptMan1.hap1,Chromosome,reference genome,88095958,19797665,1504396159,408,578,44,48,21410,17430,2024-02-06,GCF_036417845.1-RS_2024_08
GCF_036370855.1,Dromaius novaehollandiae,emu,8790,Aves,Casuariiformes,Dromaiidae,Dromaius,bDroNov1.hap1,Chromosome,reference genome,77929039,24239989,1468706110,271,400,44,52,24513,17857,2024-02-26,GCF_036370855.1-RS_2024_04
GCF_028389875.1,Rhea pennata,,8795,Aves,Rheiformes,Rheidae,Rhea,bPtePen1.pri,Chromosome,reference genome,82467789,19335416,1269000025,179,307,42.5,32.9,19550,16410,2023-02-06,GCF_028389875.1-RS_2023_12
GCF_040807025.1,Struthio camelus,African ostrich,8801,Aves,Struthioniformes,Struthionidae,Struthio,bStrCam1.hap1,Chromosome,reference genome,84633522,28829471,1452018929,262,378,44.5,80.9,23381,17572,2024-07-22,GCF_040807025.1-RS_2024_10
GCF_048418815.1,Hemitrygon akajei,red stingray,2704970,Chondrichthyes,Myliobatiformes,Dasyatidae,Hemitrygon,sHemAka1.3,Chromosome,reference genome,175234968,8940806,4229631903,260,2325,43,40,28659,21646,2025-03-05,GCF_048418815.1-RS_2025_04
GCF_030144855.1,Hypanus sabinus,Atlantic stingray,79690,Chondrichthyes,Myliobatiformes,Dasyatidae,Hypanus,sHypSab1.hap1,Chromosome,reference genome,112262883,4266932,4044869043,2989,4637,43.5,34.2,30308,22522,2023-06-05,GCF_030144855.1-RS_2023_09
GCF_963921235.1,Mobula hypostoma,lesser devil ray,723540,Chondrichthyes,Myliobatiformes,Myliobatidae,Mobula,sMobHyp1.1,Chromosome,reference genome,152437164,23327000,3475679493,200,897,43,100,23970,18916,2024-01-06,GCF_963921235.1-RS_2024_02
GCF_030028105.1,Mobula birostris,giant manta,1983395,Chondrichthyes,Myliobatiformes,Myliobatidae,Mobula,sMobBir1.hap1,Chromosome,reference genome,148671352,7300797,4014635230,4715,6525,43.5,32,27860,20172,2023-05-22,GCF_030028105.1-RS_2025_03
GCF_053455715.1,Rhinoraja longicauda,white-bellied softnose skate,667116,Chondrichthyes,Rajiformes,Arhynchobatidae,Rhinoraja,sRhiLon1.1,Chromosome,reference genome,53501714,1663054,2198843048,3942,9278,45,47,22996,18472,2025-11-13,GCF_053455715.1-RS_2025_12
GCF_963514005.1,Raja brachyura,blonde ray,223862,Chondrichthyes,Rajiformes,Rajidae,Raja,sRajBra1.1,Chromosome,reference genome,68366687,2048057,2700450552,1646,3915,45,33,23715,18971,2023-09-28,GCF_963514005.1-RS_2026_02
GCF_010909765.2,Amblyraja radiata,thorny skate,386614,Chondrichthyes,Rajiformes,Rajidae,Amblyraja,sAmbRad1.1.pri,Chromosome,reference genome,62052929,1462921,2558784953,957,4672,44.5,128.24,25978,18474,2020-02-21,NCBI Amblyraja radiata Updated Annotation Release 100.20210331
GCF_028641065.1,Leucoraja erinaceus,little skate,7782,Chondrichthyes,Rajiformes,Rajidae,Leucoraja,Leri_hhj_1,Chromosome,reference genome,57189699,5310386,2190844947,1768,2599,44,150,23250,18970,2023-02-22,GCF_028641065.1-RS_2023_04
GCF_009764475.1,Pristis pectinata,smalltooth sawfish,685728,Chondrichthyes,Rhinopristiformes,Pristidae,Pristis,sPriPec2.1.pri,Chromosome,reference genome,101699621,17009522,2267840987,172,870,42.5,61.91,21162,17434,2019-12-19,GCF_009764475.1-RS_2023_02
GCF_036971445.1,Narcine bancroftii,Caribbean electric ray,1343680,Chondrichthyes,Torpediniformes,Narcinidae,Narcine,sNarBan1.hap1,Chromosome,reference genome,257710454,5195315,3328432768,595,2038,43.5,50,30148,18559,2024-03-06,GCF_036971445.1-RS_2024_11
GCF_900747795.2,Erpetoichthys calabaricus,reedfish,27687,Cladistia,Polypteriformes,Polypteridae,Erpetoichthys,fErpCal1.3,Chromosome,reference genome,217689105,6772339,3613534470,168,1599,39.5,58,27285,22075,2021-07-07,GCF_900747795.2-RS_2023_02
GCF_016835505.1,Polypterus senegalus,gray bichir,55291,Cladistia,Polypteriformes,Polypteridae,Polypterus,ASM1683550v1,Chromosome,reference genome,189689183,4528139,3673863536,9855,13021,39.5,64,29359,21953,2021-02-09,NCBI Polypterus senegalus Annotation Release 100
GCF_047335585.1,Pogona vitticeps,central bearded dragon,103695,Lepidosauria,Squamata,Agamidae,Pogona,Pvi2.1,Chromosome,,274873533,202516942,1793327715,16,42,42,62,26449,19105,2025-01-31,GCF_047335585.1-RS_2025_03
GCF_051106095.1,Pogona vitticeps,central bearded dragon,103695,Lepidosauria,Squamata,Agamidae,Pogona,PviZW2.1,Chromosome,reference genome,266210064,134074000,1752814424,89,115,42,100,30160,19760,2025-06-26,GCF_051106095.1-RS_2025_12
GCF_023053635.1,Elgaria multicarinata webbii,,159646,Lepidosauria,Squamata,Anguidae,Elgaria,rElgMul1.1.pri,Chromosome,reference genome,121985326,85762895,1790500004,34,107,43.5,36,21748,19563,2024-01-04,GCF_023053635.1-RS_2024_02
GCF_035149785.1,Candoia aspera,,51853,Lepidosauria,Squamata,Boidae,Candoia,rCanAsp1.hap2,Chromosome,reference genome,209480725,55640180,1530810380,149,250,41,37,20506,18397,2024-01-18,GCF_035149785.1-RS_2024_02
GCF_028640845.1,Ahaetulla prasina,,499056,Lepidosauria,Squamata,Colubridae,Ahaetulla,ASM2864084v1,Chromosome,reference genome,231952326,23873608,1772420080,748,1079,41,140,21369,18292,2023-02-22,GCF_028640845.1-RS_2023_07
GCF_009769535.1,Thamnophis elegans,Western terrestrial garter snake,35005,Lepidosauria,Squamata,Colubridae,Thamnophis,rThaEle1.pri,Chromosome,reference genome,100851885,4620601,1672190305,365,1883,41,62.12,21688,18900,2019-12-23,NCBI Thamnophis elegans Annotation Release 100
GCF_027244095.1,Hemicordylus capensis,graceful crag lizard,884348,Lepidosauria,Squamata,Cordylidae,Hemicordylus,rHemCap1.1.pri,Chromosome,reference genome,359646233,160691000,2294751221,44,86,45,43,31139,21239,2022-12-28,GCF_027244095.1-RS_2023_02
GCF_035594765.1,Anolis carolinensis,green anole,28377,Lepidosauria,Squamata,Dactyloidae,Anolis,rAnoCar3.1.pri,Chromosome,reference genome,288964324,26091274,1850740401,211,1052,40.5,35,27148,20447,2024-01-12,GCF_035594765.1-RS_2024_02
GCF_037176765.1,Anolis sagrei,brown anole,38937,Lepidosauria,Squamata,Dactyloidae,Anolis,rAnoSag1.mat,Chromosome,reference genome,249210491,43146625,1950830970,29,220,41.5,34.9,23363,20130,2024-03-15,GCF_037176765.1-RS_2024_08
GCF_031021105.1,Erythrolamprus reginae,royal ground snake,121349,Lepidosauria,Squamata,Dipsadidae,Erythrolamprus,rEryReg1.hap1,Chromosome,reference genome,259117534,3064756,1964049041,400,1791,41.5,34.47,23144,19996,2023-08-31,GCF_031021105.1-RS_2024_12
GCF_028583425.1,Eublepharis macularius,,481883,Lepidosauria,Squamata,Eublepharidae,Eublepharis,MPM_Emac_v1.0,Chromosome,reference genome,145573841,80105973,2237379946,75,136,44,30,24025,20469,2023-02-10,GCF_028583425.1-RS_2023_03
GCF_032191835.1,Heteronotia binoei,common prickly gecko,13085,Lepidosauria,Squamata,Gekkonidae,Heteronotia,APGP_CSIRO_Hbin_v1,Chromosome,reference genome,150619664,14376057,2633446684,660,2268,45,21,25370,20682,2023-09-29,GCF_032191835.1-RS_2023_10
GCF_049243985.1,Paroedura picta,,143630,Lepidosauria,Squamata,Gekkonidae,Paroedura,Ppicta_v3.0,Chromosome,reference genome,129360563,52451795,1751518920,80,2698,44.5,27.9,26378,20165,2025-04-02,GCF_049243985.1-RS_2025_09
GCF_963506605.1,Zootoca vivipara,common lizard,8524,Lepidosauria,Squamata,Lacertidae,Zootoca,rZooViv1.1,Chromosome,reference genome,96056580,3447840,1440239386,48,731,44,34,22823,20197,2023-09-20,GCF_963506605.1-RS_2023_10
GCF_951804945.1,Podarcis cretensis,,1330250,Lepidosauria,Squamata,Lacertidae,Podarcis,rPodCre2.1,Chromosome,reference genome,94621998,65743000,1507609967,50,97,44,27,28139,20094,2023-06-02,GCF_951804945.1-RS_2025_12
GCF_027172205.1,Podarcis raffonei,Aeolian wall lizard,65483,Lepidosauria,Squamata,Lacertidae,Podarcis,rPodRaf1.pri,Chromosome,reference genome,93623253,61439401,1513131503,27,57,44,31.05,26204,20895,2022-12-27,GCF_027172205.1-RS_2023_02
GCF_011800845.1,Zootoca vivipara,common lizard,8524,Lepidosauria,Squamata,Lacertidae,Zootoca,UG_Zviv_1,Chromosome,,92810032,219893,1464283545,25251,43101,44,70,22831,20278,2020-04-01,NCBI Zootoca vivipara Annotation Release 100
GCF_004329235.1,Podarcis muralis,Common wall lizard,64176,Lepidosauria,Squamata,Lacertidae,Podarcis,PodMur_1.0,Chromosome,,92398148,714612,1511002858,2160,6245,44,100,26732,21258,2019-03-07,NCBI Podarcis muralis Annotation Release 100
GCF_964188315.1,Podarcis muralis,Common wall lizard,64176,Lepidosauria,Squamata,Lacertidae,Podarcis,rPodMur119.hap1.1,Chromosome,reference genome,91987695,3229453,1522624192,184,1011,44,46,26443,20953,2024-06-21,GCF_964188315.1-RS_2025_12
GCF_009819535.1,Lacerta agilis,Sand lizard,80427,Lepidosauria,Squamata,Lacertidae,Lacerta,rLacAgi1.pri,Chromosome,reference genome,86565987,6613248,1391387079,28,407,43.5,63.42,23190,20325,2019-12-31,NCBI Lacerta agilis Annotation Release 100
GCF_019175285.1,Sceloporus undulatus,fence lizard,8520,Lepidosauria,Squamata,Phrynosomatidae,Sceloporus,SceUnd_v1.1,Chromosome,reference genome,275632209,75501,1905484175,45012,93150,41.5,4859,23443,19905,2021-07-08,NCBI Sceloporus undulatus Annotation Release 100
GCF_030035675.1,Rhineura floridana,,261503,Lepidosauria,Squamata,Rhineuridae,Rhineura,rRhiFlo1.hap2,Chromosome,reference genome,188683971,18156940,2307419594,76,318,43,38.35,27857,20552,2023-05-22,GCF_030035675.1-RS_2023_12
GCF_035046505.1,Tiliqua scincoides,,71010,Lepidosauria,Squamata,Scincidae,Tiliqua,rTilSci1.hap2,Chromosome,reference genome,242160784,33113817,1623332312,350,722,44.5,35,30291,18882,2024-01-04,GCF_035046505.1-RS_2024_07
GCF_021028975.2,Sphaerodactylus townsendi,,933632,Lepidosauria,Squamata,Sphaerodactylidae,Sphaerodactylus,MPM_Stown_v2.3,Chromosome,reference genome,133801376,9459502,1810846735,1742,4230,46,160,21793,18976,2022-04-08,NCBI Sphaerodactylus townsendi Annotation Release 100
GCF_029931775.1,Euleptes europaea,tarantolino,460621,Lepidosauria,Squamata,Sphaerodactylidae,Euleptes,rEulEur1.hap1,Chromosome,reference genome,102317683,26991305,1781916107,591,744,44.5,38,21512,18633,2023-05-15,GCF_029931775.1-RS_2023_06
GCF_050624435.1,Tenrec ecaudatus,tailess tenrec,94439,Mammalia,Afrosoricida,Tenrecidae,Tenrec,mTenEca1.hap1,Chromosome,reference genome,163958880,41601014,3922859826,2180,2355,45,52.25,40713,21285,2025-05-30,GCF_050624435.1-RS_2025_07
GCF_028564815.1,Eubalaena glacialis,North Atlantic right whale,27606,Mammalia,Artiodactyla,Balaenidae,Eubalaena,mEubGla1.1.hap2.+ XY,Chromosome,reference genome,129620717,37467374,2843675187,788,1155,41.5,32,30922,20149,2023-02-09,GCF_028564815.1-RS_2023_12
GCF_028023285.1,Balaenoptera ricei,Rice's whale,2746895,Mammalia,Artiodactyla,Balaenopteridae,Balaenoptera,mBalRic1.hap2,Chromosome,reference genome,122071569,36541936,2678442663,774,1108,41.5,30,30387,19788,2023-01-30,GCF_028023285.1-RS_2023_09
GCF_949987535.1,Balaenoptera acutorostrata,minke whale,9767,Mammalia,Artiodactyla,Balaenopteridae,Balaenoptera,mBalAcu1.1,Chromosome,reference genome,116513105,3015723,2772885358,1374,2551,41.5,30,29837,20286,2023-05-01,GCF_949987535.1-RS_2023_06
GCF_009873245.2,Balaenoptera musculus,blue whale,9771,Mammalia,Artiodactyla,Balaenopteridae,Balaenoptera,mBalMus1.pri.v3,Chromosome,reference genome,110314666,6315640,2374852541,105,972,41,51.16,27194,19686,2020-10-02,NCBI Balaenoptera musculus Annotation Release 100
GCF_029407905.1,Bubalus kerabau,carabao,3119969,Mammalia,Artiodactyla,Bovidae,Bubalus,PCC_UOA_SB_1v2,Chromosome,reference genome,121846921,91172394,2898492518,115,136,43,34,40636,21871,2023-03-31,GCF_029407905.1-RS_2024_02
GCF_019923925.1,Bubalus bubalis,water buffalo,89462,Mammalia,Artiodactyla,Bovidae,Bubalus,NDDB_DH_1,Chromosome,,117225556,5359742,2612882031,33,1241,42,572,37199,21379,2021-09-10,NCBI Bubalus bubalis Annotation Release 102
GCF_003121395.1,Bubalus bubalis,water buffalo,89462,Mammalia,Artiodactyla,Bovidae,Bubalus,UOA_WB_1,Chromosome,,117219835,22441509,2655764417,508,918,42,69,34037,20801,2018-05-14,NCBI Bubalus bubalis Annotation Release 101
GCF_019923935.1,Bubalus bubalis,water buffalo,89462,Mammalia,Artiodactyla,Bovidae,Bubalus,NDDB_SH_1,Chromosome,reference genome,116997125,9586610,2622444281,25,684,41.5,572,37167,21359,2021-09-10,NCBI Bubalus bubalis Annotation Release 103
GCF_032405125.1,Capricornis sumatraensis,Sumatran serow,34865,Mammalia,Artiodactyla,Bovidae,Capricornis,serow.2,Chromosome,reference genome,112748084,100934918,2828266837,158,164,43,37,28923,20155,2024-03-13,GCF_032405125.1-RS_2024_10
GCF_023091745.1,Budorcas taxicolor,takin,37181,Mammalia,Artiodactyla,Bovidae,Budorcas,Takin1.1,Chromosome,reference genome,109747698,68053581,2851638285,1362,1514,43.5,24,28399,20434,2022-04-22,GCF_023091745.1-RS_2023_02
GCF_002742125.1,Ovis aries,sheep,9940,Mammalia,Artiodactyla,Bovidae,Ovis,Oar_rambouillet_v1.0,Chromosome,,107697089,2572683,2869897780,2640,7485,42,126,33623,21160,2017-11-02,NCBI Ovis aries Annotation Release 103
GCF_000247795.1,Bos indicus,zebu cattle,9915,Mammalia,Artiodactyla,Bovidae,Bos,Bos_indicus_1.0,Chromosome,,106310653,28375,2673949103,31,253769,41.5,52,26229,19786,2014-11-25,NCBI Bos indicus Annotation Release 100
GCF_042477335.2,Ovis canadensis,bighorn sheep,37174,Mammalia,Artiodactyla,Bovidae,Ovis,ARS-UI_OviCan_v2,Chromosome,reference genome,105224494,105224494,2974267070,41,44,44,,35002,20615,2024-10-18,GCF_042477335.2-RS_2024_12
GCF_029378745.1,Bos indicus,zebu cattle,9915,Mammalia,Artiodactyla,Bovidae,Bos,NIAB-ARS_B.indTharparkar_mat_pri_1.0,Chromosome,reference genome,104596815,42080189,2663005763,67,350,42,50,34142,20976,2023-03-24,GCF_029378745.1-RS_2024_12
GCF_003369695.1,Bos indicus x Bos taurus,hybrid cattle,30522,Mammalia,Artiodactyla,Bovidae,Bos,UOA_Brahman_1,Chromosome,reference genome,104466507,26764281,2680953056,1250,1552,42,136,32783,20846,2018-11-30,NCBI Bos indicus x Bos taurus Annotation Release 100
GCF_027580195.1,Bos mutus,wild yak,72004,Mammalia,Artiodactyla,Bovidae,Bos,NWIPB_WYAK_1.1,Chromosome,reference genome,103902138,38284421,2626900860,2039,2234,42,287.36,30156,20029,2023-01-09,GCF_027580195.1-RS_2024_12
GCF_002263795.3,Bos taurus,domestic cattle,9913,Mammalia,Artiodactyla,Bovidae,Bos,ARS-UCD2.0,Chromosome,reference genome,103308737,26402946,2770669782,1957,2343,42,,37063,21667,2023-07-01,GCF_002263795.3-RS_2024_12
GCF_016772045.2,Ovis aries,sheep,9940,Mammalia,Artiodactyla,Bovidae,Ovis,ARS-UI_Ramb_v3.0,Chromosome,reference genome,101274418,43178051,2654047367,142,226,42,,35057,21300,2023-07-20,GCF_016772045.2-RS_2023_10
GCF_000298735.2,Ovis aries,sheep,9940,Mammalia,Artiodactyla,Bovidae,Ovis,Oar_v4.0,Chromosome,,100009711,150472,2615499683,5465,48481,42,166,27744,20545,2015-11-20,NCBI Ovis aries Annotation Release 102
GCF_032452875.1,Bos javanicus,banteng,9906,Mammalia,Artiodactyla,Bovidae,Bos,ARS-OSU_banteng_1.0,Chromosome,reference genome,87549292,47146240,2972795249,1517,1601,43,60,35317,21582,2023-10-11,GCF_032452875.1-RS_2023_12
GCF_001704415.2,Capra hircus,goat,9925,Mammalia,Artiodactyla,Bovidae,Capra,ARS1.2,Chromosome,reference genome,87277232,26244591,2922600443,29885,30377,43,50,28911,20572,2016-08-24,NCBI Capra hircus Annotation Release 102
GCF_048773025.1,Camelus bactrianus,Bactrian camel,9837,Mammalia,Artiodactyla,Camelidae,Camelus,ASM4877302v1,Chromosome,reference genome,79915242,54723239,2473901565,157,284,42,30,33174,19886,2025-03-21,GCF_048773025.1-RS_2025_06
GCF_009834535.1,Camelus ferus,Wild Bactrian camel,419612,Mammalia,Artiodactyla,Camelidae,Camelus,BCGSAC_Cfer_1.0,Chromosome,reference genome,76025729,5365398,2087077296,2042,4387,41.5,50,33358,20222,2020-01-08,NCBI Camelus ferus Annotation Release 102
GCF_048564905.1,Vicugna pacos,alpaca,30538,Mammalia,Artiodactyla,Camelidae,Vicugna,VicPac4,Chromosome,reference genome,75404351,40278543,2572244716,519,1200,42,80,41050,21233,2025-03-12,GCF_048564905.1-RS_2025_04
GCF_036321535.1,Camelus dromedarius,Arabian camel,9838,Mammalia,Artiodactyla,Camelidae,Camelus,mCamDro1.pat,Chromosome,reference genome,72991593,31216184,2306603094,171,366,41.5,39.4,30879,19771,2024-01-31,GCF_036321535.1-RS_2024_04
GCF_000803125.2,Camelus dromedarius,Arabian camel,9838,Mammalia,Artiodactyla,Camelidae,Camelus,CamDro3,Chromosome,,70369702,236391,2169346739,21069,53084,41.5,65,32420,20062,2019-10-07,NCBI Camelus dromedarius Annotation Release 101
GCF_963930625.1,Muntiacus reevesi,Reeves' muntjac,9886,Mammalia,Artiodactyla,Cervidae,Muntiacus,mMunRee1.1,Chromosome,reference genome,114544513,5780196,2656168540,267,949,42,42,33112,21410,2024-01-31,GCF_963930625.1-RS_2024_06
GCF_910594005.1,Cervus elaphus,red deer,9860,Mammalia,Artiodactyla,Cervidae,Cervus,mCerEla1.1,Chromosome,reference genome,83473711,68741660,2886603524,144,184,43,30,37348,22941,2021-07-07,NCBI Cervus elaphus Annotation Release 100
GCF_019320065.1,Cervus canadensis,elk,1574408,Mammalia,Artiodactyla,Cervidae,Cervus,ASM1932006v1,Chromosome,reference genome,77654944,914577,2526613007,185,6828,41.5,686,35756,22348,2021-07-26,NCBI Cervus canadensis Annotation Release 100
GCF_033118175.1,Dama dama,fallow deer,30532,Mammalia,Artiodactyla,Cervidae,Dama,ASM3311817v1,Chromosome,reference genome,77069784,68791581,3104280228,284,328,42.5,40,34584,22157,2023-11-02,GCF_033118175.1-RS_2023_11
GCF_023699985.2,Odocoileus virginianus,white-tailed deer,9874,Mammalia,Artiodactyla,Cervidae,Odocoileus,Ovbor_1.2,Chromosome,reference genome,66396233,21769372,2423246854,480,717,41.5,150,35924,20237,2024-10-17,GCF_023699985.2-RS_2024_12
GCF_937001465.1,Orcinus orca,killer whale,9733,Mammalia,Artiodactyla,Delphinidae,Orcinus,mOrcOrc1.1,Chromosome,reference genome,114219206,45583382,2647335075,447,570,42,34,31447,19396,2022-05-03,GCF_937001465.1-RS_2023_02
GCF_949774975.1,Lagenorhynchus albirostris,white-beaked dolphin,27610,Mammalia,Artiodactyla,Delphinidae,Lagenorhynchus,mLagAlb1.1,Chromosome,reference genome,110721866,3398034,2544819402,409,1479,42,33,28611,19117,2023-04-08,GCF_949774975.1-RS_2023_10
GCF_039906515.1,Pseudorca crassidens,false killer whale,82174,Mammalia,Artiodactyla,Delphinidae,Pseudorca,mPseCra1.hap1,Chromosome,reference genome,110095734,58817648,2674592094,438,561,42,37.79,31975,18472,2024-05-31,GCF_039906515.1-RS_2024_08
GCF_011762595.2,Tursiops truncatus,common bottlenose dolphin,9739,Mammalia,Artiodactyla,Delphinidae,Tursiops,mTurTru1.mat.Y,Chromosome,reference genome,108430135,9729386,2378505825,361,1035,41.5,63.7,30702,18550,2024-12-12,GCF_011762595.2-RS_2025_04
GCF_949987515.2,Delphinus delphis,saddleback dolphin,9728,Mammalia,Artiodactyla,Delphinidae,Delphinus,mDelDel1.2,Chromosome,reference genome,107080983,3627551,2663516986,630,1598,42,29,27112,18393,2024-09-07,GCF_949987515.2-RS_2024_10
GCF_951394435.1,Stenella coeruleoalba,striped dolphin,9737,Mammalia,Artiodactyla,Delphinidae,Stenella,mSteCoe1.1,Chromosome,reference genome,105253534,3590204,2691406842,637,1630,42,35,24335,19169,2023-06-16,GCF_951394435.1-RS_2025_09
GCF_963455315.2,Globicephala melas,long-finned pilot whale,9731,Mammalia,Artiodactyla,Delphinidae,Globicephala,mGloMel1.2,Chromosome,reference genome,105087932,3290841,2651276051,992,2076,42.5,29,29204,18508,2024-09-07,GCF_963455315.2-RS_2024_11
GCF_028021215.1,Eschrichtius robustus,grey whale,9764,Mammalia,Artiodactyla,Eschrichtiidae,Eschrichtius,mEscRob2.pri,Chromosome,reference genome,126538682,39209000,2982418581,703,982,41.5,29.61,29276,18965,2023-01-31,GCF_028021215.1-RS_2024_09
GCF_030028045.1,Hippopotamus amphibius kiboko,,575201,Mammalia,Artiodactyla,Hippopotamidae,Hippopotamus,mHipAmp2.hap2,Chromosome,reference genome,149218186,50348260,2538242855,356,582,41.5,33,32857,22139,2023-05-18,GCF_030028045.1-RS_2023_06
GCF_008692025.1,Phocoena sinus,vaquita,42100,Mammalia,Artiodactyla,Phocoenidae,Phocoena,mPhoSin1.pri,Chromosome,reference genome,115469292,20218762,2371524154,64,272,41.5,67.26,26497,19069,2019-09-26,NCBI Phocoena sinus Annotation Release 100
GCF_963924675.1,Phocoena phocoena,harbor porpoise,9742,Mammalia,Artiodactyla,Phocoenidae,Phocoena,mPhoPho1.1,Chromosome,reference genome,110192646,3726689,2512713112,439,1405,41.5,24,25973,18252,2024-01-29,GCF_963924675.1-RS_2024_06
GCF_026419965.1,Kogia breviceps,pygmy sperm whale,27615,Mammalia,Artiodactyla,Physeteridae,Kogia,mKogBre1 haplotype 1,Chromosome,reference genome,122394096,42780423,2555838840,580,723,42,23,28611,18349,2022-11-27,GCF_026419965.1-RS_2024_07
GCF_002837175.3,Physeter macrocephalus,sperm whale,9755,Mammalia,Artiodactyla,Physeteridae,Physeter,ASM283717v5,Chromosome,reference genome,122182240,42877,2496209109,12168,133554,41.5,248,29662,20412,2023-02-28,GCF_002837175.3-RS_2025_01
GCF_016906955.1,Phacochoerus africanus,Common warthog,41426,Mammalia,Artiodactyla,Suidae,Phacochoerus,ROS_Pafr_v1,Chromosome,reference genome,141887063,10602503,2435083091,194,717,42,56,27929,20276,2021-02-19,GCF_016906955.1-RS_2023_03
GCF_000003025.6,Sus scrofa,pig,9823,Mammalia,Artiodactyla,Suidae,Sus,Sscrofa11.1,Chromosome,reference genome,88231837,48231277,2501895775,705,1117,42,65,30371,20666,2017-02-07,NCBI Sus scrofa Annotation Release 106
GCF_025265405.1,Mesoplodon densirostris,Blainville's beaked whale,48708,Mammalia,Artiodactyla,Ziphiidae,Mesoplodon,mMesDen1 primary haplotype,Chromosome,reference genome,125805690,48253041,2683375131,73,170,41.5,43.5,27868,19759,2022-09-19,GCF_025265405.1-RS_2023_10
GCF_949752795.1,Hyperoodon ampullatus,northern bottlenose whale,48744,Mammalia,Artiodactyla,Ziphiidae,Hyperoodon,mHypAmp2.1,Chromosome,reference genome,117448692,3126546,2828744367,756,1854,42,28,22592,19045,2023-03-31,GCF_949752795.1-RS_2025_09
GCF_048418805.1,Vulpes vulpes,red fox,9627,Mammalia,Carnivora,Canidae,Vulpes,VulVul3,Chromosome,reference genome,139969695,55675583,2395584468,289,393,41.5,75,32809,19905,2025-03-05,GCF_048418805.1-RS_2025_03
GCF_018345385.1,Vulpes lagopus,Arctic fox,494514,Mammalia,Carnivora,Canidae,Vulpes,ASM1834538v1,Chromosome,reference genome,131537142,33460300,2345533697,928,1455,41.5,121,30615,20695,2021-05-12,NCBI Vulpes lagopus Annotation Release 100
GCF_053574225.1,Canis aureus,golden jackal,68724,Mammalia,Carnivora,Canidae,Canis,VMU_Caureus_v.1.0,Chromosome,reference genome,68033816,56644425,2529837068,306,365,41.5,36,44498,20620,2025-11-21,GCF_053574225.1-RS_2025_12
GCF_048164855.1,Canis lupus baileyi,Mexican gray wolf,143281,Mammalia,Carnivora,Canidae,Canis,mCanLup2.hap1,Chromosome,reference genome,65569260,31962680,2495589887,249,416,41.5,35.4,43029,20020,2025-02-27,GCF_048164855.1-RS_2025_03
GCF_011100685.1,Canis lupus familiaris,dog,9615,Mammalia,Carnivora,Canidae,Canis,UU_Cfam_GSD_1.0,Chromosome,reference genome,64299765,14840767,2481983352,2197,2782,41.5,100,43286,21175,2020-03-10,NCBI Canis lupus familiaris Annotation Release 106
GCF_003254725.2,Canis lupus dingo,dingo,286419,Mammalia,Carnivora,Canidae,Canis,ASM325472v2,Chromosome,reference genome,64250934,40716615,2349862946,159,228,41,60,40364,20775,2020-09-11,NCBI Canis lupus dingo Annotation Release 102
GCF_005444595.1,Canis lupus familiaris,dog,9615,Mammalia,Carnivora,Canidae,Canis,UMICH_Zoey_3.1,Chromosome,,64204256,4722218,2343202000,793,1792,41,50,41434,20593,2019-05-30,NCBI Canis lupus familiaris Annotation Release 106
GCF_014441545.1,Canis lupus familiaris,dog,9615,Mammalia,Carnivora,Canidae,Canis,ROS_Cfam_1.0,Chromosome,,64037277,12024593,2396858295,376,951,41,56.5,42271,20949,2020-09-03,NCBI Canis lupus familiaris Annotation Release 106
GCF_000002285.5,Canis lupus familiaris,dog,9615,Mammalia,Carnivora,Canidae,Canis,Dog10K_Boxer_Tasha,Chromosome,,63738581,27487084,2312785471,146,1161,41.5,100,40373,20087,2020-10-06,NCBI Canis lupus familiaris Annotation Release 106
GCF_018350155.1,Leopardus geoffroyi,Geoffroy's cat,46844,Mammalia,Carnivora,Felidae,Leopardus,O.geoffroyi_Oge1_pat1.0,Chromosome,reference genome,152606360,104474415,2426370816,46,91,42,85,35984,20127,2021-05-13,NCBI Leopardus geoffroyi Annotation Release 100
GCF_028018385.1,Neofelis nebulosa,Clouded leopard,61452,Mammalia,Carnivora,Felidae,Neofelis,mNeoNeb1.pri,Chromosome,reference genome,150204169,51579577,2468345093,33,214,42,32.2,36852,20501,2023-01-31,GCF_028018385.1-RS_2023_07
GCF_016509475.1,Prionailurus bengalensis,leopard cat,37029,Mammalia,Carnivora,Felidae,Prionailurus,Fcat_Pben_1.1_paternal_pri,Chromosome,reference genome,148587958,82622880,2435702060,83,139,42,40,30727,20003,2021-01-06,NCBI Prionailurus bengalensis Annotation Release 100
GCF_018350175.1,Felis catus,domestic cat,9685,Mammalia,Carnivora,Felidae,Felis,F.catus_Fca126_mat1.0,Chromosome,reference genome,148491486,90731473,2425730029,70,109,42,76,39307,20453,2021-05-13,NCBI Felis catus Annotation Release 105
GCF_046562885.1,Panthera onca,jaguar,9690,Mammalia,Carnivora,Felidae,Panthera,mPanOnc1 haplotype 1,Chromosome,reference genome,148304554,45599555,2303345105,115,255,41.5,69,33461,19237,2025-01-08,GCF_046562885.1-RS_2025_12
GCF_018350215.1,Panthera leo,lion,9689,Mammalia,Carnivora,Felidae,Panthera,P.leo_Ple1_pat1.1,Chromosome,reference genome,147402474,77781637,2297552363,53,108,41.5,76,32109,19491,2021-05-13,NCBI Panthera leo Annotation Release 100
GCF_007474595.2,Lynx canadensis,Canada lynx,61383,Mammalia,Carnivora,Felidae,Lynx,mLynCan4.pri.v2,Chromosome,reference genome,147275701,7503561,2407810255,54,894,41.5,72,29379,19742,2020-07-14,NCBI Lynx canadensis Annotation Release 102
GCF_018350195.1,Panthera tigris,tiger,9694,Mammalia,Carnivora,Felidae,Panthera,P.tigris_Pti1_mat1.1,Chromosome,reference genome,146942463,74391967,2408678698,74,139,41.5,78,33598,20232,2021-05-13,NCBI Panthera tigris Annotation Release 102
GCF_022837055.1,Prionailurus viverrinus,fishing cat,61388,Mammalia,Carnivora,Felidae,Prionailurus,UM_Priviv_1.0,Chromosome,reference genome,144906162,68766634,2461545606,191,254,42,30,30894,20111,2022-04-08,GCF_022837055.1-RS_2023_03
GCF_027475565.1,Acinonyx jubatus,cheetah,32536,Mammalia,Carnivora,Felidae,Acinonyx,VMU_Ajub_asm_v1.0,Chromosome,reference genome,144444042,96827784,2377417351,195,217,41.5,50,33469,19999,2022-12-28,GCF_027475565.1-RS_2023_04
GCF_028533385.1,Panthera onca,jaguar,9690,Mammalia,Carnivora,Felidae,Panthera,Panthera_onca_HiC,Chromosome,,138099990,53866,2380242927,36242,92613,41.5,104,35206,21071,2023-02-09,GCF_028533385.1-RS_2023_10
GCF_023721935.1,Panthera uncia,snow leopard,29064,Mammalia,Carnivora,Felidae,Panthera,Puncia_PCG_1.0,Chromosome,reference genome,112063229,179517,2433972596,2635,26421,41.5,31.94,31171,20201,2022-06-16,GCF_023721935.1-RS_2023_02
GCF_006229205.1,Suricata suricatta,meerkat,37032,Mammalia,Carnivora,Herpestidae,Suricata,meerkat_22Aug2017_6uvM2_HiC,Chromosome,reference genome,141453419,75409,2353578744,63791,129036,41.5,50,35499,19608,2019-07-03,NCBI Suricata suricatta Annotation Release 100
GCF_020171115.1,Neogale vison,American mink,452646,Mammalia,Carnivora,Mustelidae,Neogale,ASM_NN_V1,Chromosome,reference genome,220349319,220349319,2681198719,182,182,42.5,21,30220,20422,2021-09-29,NCBI Neovison vison Annotation Release 100
GCF_030435805.1,Mustela lutreola,European mink,9666,Mammalia,Carnivora,Mustelidae,Mustela,mMusLut2.pri,Chromosome,reference genome,154078643,83356672,2586268927,25,64,42,36.15,33402,20701,2023-07-13,GCF_030435805.1-RS_2023_08
GCF_902655055.1,Lutra lutra,Eurasian river otter,9657,Mammalia,Carnivora,Mustelidae,Lutra,mLutLut1.2,Chromosome,reference genome,149004807,30403456,2438442342,43,228,41.5,63,32271,20887,2020-07-31,GCF_902655055.1-RS_2023_03
GCF_022355385.1,Mustela nigripes,black-footed ferret,77151,Mammalia,Carnivora,Mustelidae,Mustela,MUSNIG.SB6536,Chromosome,reference genome,145433501,148763,2498532951,20574,53614,41.5,85,30655,20269,2022-02-24,GCF_022355385.1-RS_2023_09
GCF_922984935.1,Meles meles,Eurasian badger,9662,Mammalia,Carnivora,Mustelidae,Meles,mMelMel3.1 paternal haplotype,Chromosome,reference genome,132955750,75210923,2738678004,537,638,42.5,85,31234,21063,2021-12-19,NCBI Meles meles Annotation Release 100
GCF_009829155.1,Mustela erminea,ermine,36723,Mammalia,Carnivora,Mustelidae,Mustela,mMusErm1.Pri,Chromosome,reference genome,130149454,36329944,2445200799,93,292,41.5,62.86,34309,20934,2020-01-03,NCBI Mustela erminea Annotation Release 100
GCF_009762305.2,Zalophus californianus,California sea lion,9704,Mammalia,Carnivora,Otariidae,Zalophus,mZalCal1.pri.v2,Chromosome,reference genome,147124152,32626160,2409668595,46,229,41.5,80.51,32543,21397,2020-07-14,NCBI Zalophus californianus Annotation Release 101
GCF_964656455.1,Halichoerus grypus,gray seal,9711,Mammalia,Carnivora,Phocidae,Halichoerus,mHalGry1.hap1.1,Chromosome,reference genome,156124300,3750431,2400061917,170,1300,41.5,58,33190,19199,2025-01-02,GCF_964656455.1-RS_2025_12
GCF_002201575.2,Neomonachus schauinslandi,Hawaiian monk seal,29088,Mammalia,Carnivora,Phocidae,Neomonachus,ASM220157v2,Chromosome,reference genome,150810825,181061,2419443398,8094,33881,41.5,56,27736,19838,2021-10-20,NCBI Neomonachus schauinslandi Annotation Release 101
GCF_021288785.2,Mirounga angustirostris,Northern elephant seal,9716,Mammalia,Carnivora,Phocidae,Mirounga,ASM2128878v3,Chromosome,,139676048,76189,2366166981,142455,182391,41.5,125,30411,20358,2022-12-21,GCF_021288785.2-RS_2023_03
GCF_002007445.2,Ailuropoda melanoleuca,giant panda,9646,Mammalia,Carnivora,Ursidae,Ailuropoda,ASM200744v3,Chromosome,reference genome,129245720,127687,2440260518,73513,122819,41.5,93,31335,20837,2020-04-20,NCBI Ailuropoda melanoleuca Annotation Release 103
GCF_023065955.2,Ursus arctos,brown bear,9644,Mammalia,Carnivora,Ursidae,Ursus,UrsArc2.0,Chromosome,reference genome,71981430,35674000,2423401459,361,611,42.5,32,30450,20319,2023-05-22,GCF_023065955.2-RS_2023_06
GCF_036850765.1,Saccopteryx bilineata,greater sac-winged bat,59482,Mammalia,Chiroptera,Emballonuridae,Saccopteryx,mSacBil1_pri_phased_curated,Chromosome,reference genome,300074216,20156883,2612309609,256,713,41.5,70,32535,19291,2024-02-26,GCF_036850765.1-RS_2024_07
GCF_036850995.1,Saccopteryx leptura,lesser sac-winged bat,249018,Mammalia,Chiroptera,Emballonuridae,Saccopteryx,mSacLep1_pri_phased_curated,Chromosome,reference genome,224759591,17812205,2576497192,167,725,42,55,32295,19426,2024-02-26,GCF_036850995.1-RS_2024_07
GCF_004126475.2,Phyllostomus discolor,pale spear-nosed bat,89673,Mammalia,Chiroptera,Phyllostomidae,Phyllostomus,mPhyDis1.pri.v3,Chromosome,reference genome,171742863,6892556,2108832841,77,953,42.5,65.8,31980,19754,2020-05-12,NCBI Phyllostomus discolor Annotation Release 101
GCF_022682495.2,Desmodus rotundus,common vampire bat,9430,Mammalia,Chiroptera,Phyllostomidae,Desmodus,HLdesRot8A.1,Chromosome,reference genome,160127860,6739964,2119704833,573,1188,43,32,30007,19269,2022-03-24,GCF_022682495.2-RS_2025_02
GCF_036562045.2,Rhinolophus sinicus,Chinese rufous horseshoe bat,89399,Mammalia,Chiroptera,Rhinolophidae,Rhinolophus,ASM3656204v1,Chromosome,reference genome,166556632,42906106,2036377185,454,740,40.5,87.1,28282,18293,2024-06-26,GCF_036562045.2-RS_2025_06
GCF_004115265.2,Rhinolophus ferrumequinum,greater horseshoe bat,59479,Mammalia,Chiroptera,Rhinolophidae,Rhinolophus,mRhiFer1_v1.p,Chromosome,reference genome,88025743,31900497,2075768562,134,289,40.5,52.8,27139,19652,2019-05-16,GCF_004115265.2-RS_2023_02
GCF_027574615.1,Eptesicus fuscus,big brown bat,29078,Mammalia,Chiroptera,Vespertilionidae,Eptesicus,DD_ASM_mEF_20220401,Chromosome,reference genome,102817582,49033427,2008057866,48,123,43.5,95,30977,20078,2023-01-09,GCF_027574615.1-RS_2023_03
GCF_963259705.1,Myotis daubentonii,Daubenton's bat,98922,Mammalia,Chiroptera,Vespertilionidae,Myotis,mMyoDau2.1,Chromosome,reference genome,102234773,3062752,2127807131,121,1220,43,40,32043,21049,2023-08-20,GCF_963259705.1-RS_2023_09
GCF_951640355.1,Cnephaeus nilssonii,northern bat,3371016,Mammalia,Chiroptera,Vespertilionidae,Cnephaeus,mEptNil1.1,Chromosome,reference genome,98018206,2474537,2064102006,206,1629,43.5,33,24461,19697,2023-05-18,GCF_951640355.1-RS_2025_09
GCF_030445035.2,Dasypus novemcinctus,nine-banded armadillo,9361,Mammalia,Cingulata,Dasypodidae,Dasypus,mDasNov1.1.hap2,Chromosome,reference genome,127081865,13963394,3610534858,545,1338,41,16.99,43454,21697,2023-07-13,GCF_030445035.2-RS_2025_01
GCF_048593235.1,Sminthopsis crassicaudata,fat-tailed dunnart,9301,Mammalia,Dasyuromorphia,Dasyuridae,Sminthopsis,ASM4859323v1,Chromosome,reference genome,656909261,4359487,3239981553,7,1890,36,78.5,28335,19709,2025-03-17,GCF_048593235.1-RS_2025_05
GCF_016432865.1,Antechinus flavipes,yellow-footed antechinus,38775,Mammalia,Dasyuromorphia,Dasyuridae,Antechinus,AdamAnt_v2,Chromosome,reference genome,636717922,51843704,3192643918,485,1103,36,100,27226,20412,2021-01-06,GCF_016432865.1-RS_2023_02
GCF_902635505.1,Sarcophilus harrisii,Tasmanian devil,9305,Mammalia,Dasyuromorphia,Dasyuridae,Sarcophilus,mSarHar1.11,Chromosome,reference genome,611347268,62339597,3086657325,105,444,36,88,26869,19966,2019-11-07,NCBI Sarcophilus harrisii Annotation Release 103
GCF_027409185.1,Cynocephalus volans,Philippine flying lemur,110931,Mammalia,Dermoptera,Cynocephalidae,Cynocephalus,mCynVol1.pri,Chromosome,reference genome,165781880,69195939,2814418120,130,246,40,31.83,31559,21694,2022-12-28,GCF_027409185.1-RS_2024_02
GCF_016433145.1,Gracilinanus agilis,Agile Gracile Mouse Opossum,191870,Mammalia,Didelphimorphia,Didelphidae,Gracilinanus,AgileGrace,Chromosome,reference genome,683521856,73170,3701017385,60713,125011,38,100,26561,21142,2021-01-06,NCBI Gracilinanus agilis Annotation Release 100
GCF_027887165.1,Monodelphis domestica,gray short-tailed opossum,13616,Mammalia,Didelphimorphia,Didelphidae,Monodelphis,mMonDom1.pri,Chromosome,reference genome,538302405,3910714,3586166573,13,2268,38,32.9,32665,21694,2023-01-18,GCF_027887165.1-RS_2023_05
GCF_000002295.2,Monodelphis domestica,gray short-tailed opossum,13616,Mammalia,Didelphimorphia,Didelphidae,Monodelphis,MonDom5,Chromosome,,59809810,108014,3598425998,5222,72673,38,,37371,20903,2007-01-25,NCBI Monodelphis domestica Annotation Release 103
GCF_028372415.1,Notamacropus eugenii,tammar wallaby,9315,Mammalia,Diprotodontia,Macropodidae,Notamacropus,mMacEug1.pri_v2,Chromosome,reference genome,489668034,15255043,3447464908,272,787,38.5,30.4,38317,21604,2023-02-06,GCF_028372415.1-RS_2025_03
GCF_011100635.1,Trichosurus vulpecula,common brushtail,9337,Mammalia,Diprotodontia,Phalangeridae,Trichosurus,mTriVul1.pri,Chromosome,reference genome,442560073,4314688,3359330516,211,2006,39.5,60.73,31401,22532,2020-03-10,NCBI Trichosurus vulpecula Annotation Release 100
GCF_950295315.1,Erinaceus europaeus,western European hedgehog,9365,Mammalia,Eulipotyphla,Erinaceidae,Erinaceus,mEriEur2.1,Chromosome,reference genome,126757761,999919,2720683831,1174,4934,42,31,31885,20879,2023-05-01,GCF_950295315.1-RS_2023_10
GCF_027595985.1,Sorex araneus,European shrew,42254,Mammalia,Eulipotyphla,Soricidae,Sorex,mSorAra2.pri,Chromosome,reference genome,374364821,4024507,2405993548,65,1492,43,35.71,28480,20687,2023-01-09,GCF_027595985.1-RS_2023_04
GCF_024139225.1,Suncus etruscus,white-toothed pygmy shrew,109475,Mammalia,Eulipotyphla,Soricidae,Suncus,mSunEtr1.pri.cur,Chromosome,reference genome,131952995,5042816,2471666657,147,1154,40,142.65,39091,19819,2022-07-06,GCF_024139225.1-RS_2023_02
GCF_964237555.1,Oryctolagus cuniculus,rabbit,9986,Mammalia,Lagomorpha,Leporidae,Oryctolagus,mOryCun1.1,Chromosome,reference genome,144279705,2030165,2804657419,221,2497,44,31,38822,21895,2024-08-31,GCF_964237555.1-RS_2024_11
GCF_033115175.1,Lepus europaeus,European hare,9983,Mammalia,Lagomorpha,Leporidae,Lepus,mLepTim1.pri,Chromosome,reference genome,125776599,43409466,2930954587,650,1068,44,25,30833,21467,2023-10-31,GCF_033115175.1-RS_2024_01
GCF_009806435.1,Oryctolagus cuniculus,rabbit,9986,Mammalia,Lagomorpha,Leporidae,Oryctolagus,UM_NZW_1.0,Chromosome,,111644748,337730,2841489785,3159,21334,44,40,37497,22458,2021-02-04,GCF_009806435.1-RS_2023_02
GCF_014633375.1,Ochotona princeps,American pika,9978,Mammalia,Lagomorpha,Ochotonidae,Ochotona,OchPri4.0,Chromosome,,75838078,42119,2231476247,9350,134291,43.5,23.68,24017,18872,2020-09-21,NCBI Ochotona princeps Annotation Release 102
GCF_030435755.1,Ochotona princeps,American pika,9978,Mammalia,Lagomorpha,Ochotonidae,Ochotona,mOchPri1.hap1,Chromosome,reference genome,73962893,12191025,2555444530,5864,6296,44,30,28141,20332,2023-07-13,GCF_030435755.1-RS_2023_07
GCF_019393635.1,Dromiciops gliroides,monito del monte,33562,Mammalia,Microbiotheria,Microbiotheriidae,Dromiciops,mDroGli1.pri,Chromosome,reference genome,670775900,38230856,3303199800,17,277,39,63,31081,21870,2021-08-03,NCBI Dromiciops gliroides Annotation Release 100
GCF_004115215.2,Ornithorhynchus anatinus,platypus,9258,Mammalia,Monotremata,Ornithorhynchidae,Ornithorhynchus,mOrnAna1.pri.v4,Chromosome,reference genome,83338043,15146802,1859264908,321,833,46,58.8,30497,18152,2020-11-06,NCBI Ornithorhynchus anatinus Annotation Release 105
GCF_015852505.1,Tachyglossus aculeatus,Australian echidna,9261,Mammalia,Monotremata,Tachyglossidae,Tachyglossus,mTacAcu1.pri,Chromosome,reference genome,63379719,19859057,2213004214,310,831,45.5,58.29,31147,18929,2020-12-09,NCBI Tachyglossus aculeatus Annotation Release 100
GCF_037893015.1,Macrotis lagotis,bilby,92651,Mammalia,Peramelemorphia,Peramelidae,Macrotis,bilby.v1.9.chrom.fasta,Chromosome,reference genome,343853051,1227456,3655715178,608,5027,37.5,67,36223,21156,2024-04-04,GCF_037893015.1-RS_2025_05
GCF_021613505.1,Equus quagga,,89248,Mammalia,Perissodactyla,Equidae,Equus,UCLA_HA_Equagga_1.0,Chromosome,reference genome,122556673,427941,2500914156,12506,27130,41.5,48,27599,21070,2022-01-31,GCF_021613505.1-RS_2023_03
GCF_041296235.1,Equus asinus,donkey,9793,Mammalia,Perissodactyla,Equidae,Equus,EquAss-T2T_v2,Chromosome,reference genome,101318199,102829910,2797756172,848,855,42.5,185,33601,21414,2024-12-12,GCF_041296235.1-RS_2024_12
GCF_041296265.1,Equus caballus,horse,9796,Mammalia,Perissodactyla,Equidae,Equus,TB-T2T,Chromosome,reference genome,99223387,99223387,2769438211,624,629,43,185,39335,21772,2024-08-16,GCF_041296265.1-RS_2024_12
GCF_016077325.2,Equus asinus,donkey,9793,Mammalia,Perissodactyla,Equidae,Equus,ASM1607732v2,Chromosome,,98589534,25073460,2431907375,50,1468,41.5,211,38517,21649,2021-10-14,NCBI Equus asinus Annotation Release 101
GCF_002863925.1,Equus caballus,horse,9796,Mammalia,Perissodactyla,Equidae,Equus,EquCab3.0,Chromosome,,87230776,1502753,2506949475,4700,10986,41.5,88,33687,20955,2018-01-05,GCF_002863925.1-RS_2024_08
GCF_037783145.1,Equus przewalskii,Przewalski's horse,9798,Mammalia,Perissodactyla,Equidae,Equus,EquPr2,Chromosome,reference genome,85145959,25995503,2499640368,2146,2456,42,43,34800,20517,2024-04-01,GCF_037783145.1-RS_2024_12
GCF_020826845.1,Diceros bicornis minor,,77932,Mammalia,Perissodactyla,Rhinocerotidae,Diceros,mDicBic1.mat.cur,Chromosome,reference genome,65026825,28468213,3005519209,1075,1290,41.5,30.57,30368,21434,2021-11-10,GCF_020826845.1-RS_2023_07
GCF_030020395.1,Manis pentadactyla,Chinese pangolin,143292,Mammalia,Pholidota,Manidae,Manis,mManPen7.hap1,Chromosome,reference genome,149551276,25547713,2840164579,661,1044,41,30.11,31161,21077,2023-05-23,GCF_030020395.1-RS_2023_06
GCF_040802235.1,Manis javanica,Malayan pangolin,9974,Mammalia,Pholidota,Manidae,Manis,MJ_LKY,Chromosome,reference genome,141798549,61244301,2559979548,62,150,41,38,33018,20586,2024-07-22,GCF_040802235.1-RS_2025_04
GCF_015220235.1,Choloepus didactylus,southern two-toed sloth,27675,Mammalia,Pilosa,Megalonychidae,Choloepus,mChoDid1.pri,Chromosome,reference genome,146178362,20994632,3214686105,145,1384,40,56.84,41055,23549,2020-11-03,NCBI Choloepus didactylus Annotation Release 100
GCF_023851605.1,Tamandua tetradactyla,southern tamandua,48850,Mammalia,Pilosa,Myrmecophagidae,Tamandua,mTamTet1.pri,Chromosome,reference genome,174634624,9869167,3205724741,200,1161,39.5,66.47,49444,21002,2022-06-22,GCF_023851605.1-RS_2025_09
GCF_049354715.1,Callithrix jacchus,white-tufted-ear marmoset,9483,Mammalia,Primates,Cebidae,Callithrix,calJac240_pri,Chromosome,reference genome,141933726,137132494,2933409465,24,27,41,60,44333,21743,2025-04-08,GCF_049354715.1-RS_2025_12
GCF_011100555.1,Callithrix jacchus,white-tufted-ear marmoset,9483,Mammalia,Primates,Cebidae,Callithrix,mCalJa1.2.pat.X,Chromosome,,136971485,13222669,2874864526,1233,2398,41,63.44,42308,22355,2021-04-28,GCF_011100555.1-RS_2023_03
GCF_048565385.1,Saimiri boliviensis,Bolivian squirrel monkey,27679,Mammalia,Primates,Cebidae,Saimiri,mSaiBol1.pri,Chromosome,reference genome,129414808,69222429,2747459968,62,135,41,34.8,36124,20437,2025-03-12,GCF_048565385.1-RS_2025_06
GCF_009663435.1,Callithrix jacchus,white-tufted-ear marmoset,9483,Mammalia,Primates,Cebidae,Callithrix,Callithrix_jacchus_cj1700_1.1,Chromosome,,98198953,25227091,2897807928,993,1335,41,40,42294,22252,2020-05-22,NCBI Callithrix jacchus Annotation Release 105
GCF_049350105.2,Macaca mulatta,Rhesus monkey,9544,Mammalia,Primates,Cercopithecidae,Macaca,T2T-MMU8v2.0,Complete Genome,reference genome,162285572,162285572,3115120525,22,22,41,81,44631,21513,2025-07-24,GCF_049350105.2-RS_2025_08
GCF_037993035.2,Macaca fascicularis,crab-eating macaque,9541,Mammalia,Primates,Cercopithecidae,Macaca,T2T-MFA8v1.1,Complete Genome,reference genome,162126771,162126771,3060038958,22,22,41,76,40596,21271,2024-09-18,GCF_037993035.2-RS_2025_03
GCF_043159975.1,Macaca nemestrina,pig-tailed macaque,9545,Mammalia,Primates,Cercopithecidae,Macaca,mMacNem.hap1,Chromosome,reference genome,154799650,40835442,3116288670,361,621,41,38.4,42216,21128,2024-10-15,GCF_043159975.1-RS_2025_01
GCF_024542745.1,Macaca thibetana thibetana,,257877,Mammalia,Primates,Cercopithecidae,Macaca,ASM2454274v1,Chromosome,reference genome,150623419,48622411,2822383045,623,989,41,86,35380,21402,2022-08-09,GCF_024542745.1-RS_2023_02
GCF_012559485.2,Macaca fascicularis,crab-eating macaque,9541,Mammalia,Primates,Cercopithecidae,Macaca,MFA1912RKSv2,Chromosome,,149803873,26251577,2800882497,400,1005,41,201,35561,21335,2021-10-26,NCBI Macaca fascicularis Annotation Release 102
GCF_007565055.1,Rhinopithecus roxellana,golden snub-nosed monkey,61622,Mammalia,Primates,Cercopithecidae,Rhinopithecus,ASM756505v1,Chromosome,reference genome,144559847,5723610,3038460517,3256,6088,41,100,34842,21094,2019-07-29,NCBI Rhinopithecus roxellana Annotation Release 101
GCF_008728515.1,Papio anubis,olive baboon,9555,Mammalia,Primates,Cercopithecidae,Papio,Panubis1.0,Chromosome,reference genome,140274886,1464978,2869804647,11144,15212,41,60,39274,21087,2019-10-02,NCBI Papio anubis Annotation Release 104
GCF_002776525.5,Piliocolobus tephrosceles,Ugandan red Colobus,591936,Mammalia,Primates,Cercopithecidae,Piliocolobus,ASM277652v5,Chromosome,reference genome,131283114,100421,2993041957,32287,88792,41,38.61,35364,21528,2019-12-12,NCBI Piliocolobus tephrosceles Annotation Release 102
GCF_003255815.1,Theropithecus gelada,gelada,9565,Mammalia,Primates,Cercopithecidae,Theropithecus,Tgel_1.0,Chromosome,reference genome,130230028,310061,2889614139,15307,35107,41,56,32585,20683,2018-06-19,NCBI Theropithecus gelada Annotation Release 100
GCF_047675955.1,Chlorocebus sabaeus,green monkey,60711,Mammalia,Primates,Cercopithecidae,Chlorocebus,mChlSab1.0.hap1,Chromosome,reference genome,100816256,13913161,3267373866,1654,1983,41,28,35179,20783,2025-02-12,GCF_047675955.1-RS_2025_04
GCF_000364345.1,Macaca fascicularis,crab-eating macaque,9541,Mammalia,Primates,Cercopithecidae,Macaca,Macaca_fascicularis_5.0,Chromosome,,88649475,86040,2946827162,7624,87763,41,68,32982,20596,2013-06-12,NCBI Macaca fascicularis Annotation Release 101
GCF_003339765.1,Macaca mulatta,Rhesus monkey,9544,Mammalia,Primates,Cercopithecidae,Macaca,Mmul_10,Chromosome,,82346004,46608966,2971314966,2978,3181,41,,40304,21121,2019-02-13,NCBI Macaca mulatta Annotation Release 103
GCF_000409795.2,Chlorocebus sabaeus,green monkey,60711,Mammalia,Primates,Cercopithecidae,Chlorocebus,Chlorocebus_sabeus 1.1,Chromosome,,81825804,90449,2789639778,2021,162723,0,95,34943,20991,2014-03-25,NCBI Chlorocebus sabaeus Annotation Release 100
GCF_000165445.2,Microcebus murinus,gray mouse lemur,30608,Mammalia,Primates,Cheirogaleidae,Microcebus,Mmur_3.0,Chromosome,,108171978,210702,2487392024,7677,50982,41,221.6,31964,20522,2017-02-06,NCBI Microcebus murinus Annotation Release 101
GCF_040939455.1,Microcebus murinus,gray mouse lemur,30608,Mammalia,Primates,Cheirogaleidae,Microcebus,M.murinus_Inina_mat1.0,Chromosome,reference genome,105226355,102817952,2350949499,124,174,41.5,,39859,19994,2025-06-05,GCF_040939455.1-RS_2025_12
GCF_029281585.2,Gorilla gorilla gorilla,western lowland gorilla,9595,Mammalia,Primates,Hominidae,Gorilla,NHGRI_mGorGor1-v2.1_pri,Chromosome,reference genome,150804130,150804130,3545834224,25,27,40.5,109,41169,22640,2024-01-08,GCF_029281585.2-RS_2025_04
GCF_009914755.1,Homo sapiens,human,9606,Mammalia,Primates,Hominidae,Homo,T2T-CHM13v2.0,Complete Genome,,150617247,150617247,3117275501,24,24,41,30,58506,20070,2022-01-24,GCF_009914755.1-RS_2025_08
GCF_029289425.2,Pan paniscus,pygmy chimpanzee,9597,Mammalia,Primates,Hominidae,Pan,NHGRI_mPanPan1-v2.1_pri,Chromosome,reference genome,147028407,147028407,3244888708,30,36,40.5,55,38533,22890,2024-01-08,GCF_029289425.2-RS_2024_02
GCF_028858775.2,Pan troglodytes,chimpanzee,9598,Mammalia,Primates,Hominidae,Pan,NHGRI_mPanTro3-v2.1_pri,Chromosome,reference genome,146288486,146288486,3177739762,25,30,40.5,60,41789,22561,2024-01-08,GCF_028858775.2-RS_2024_02
GCF_028885655.2,Pongo abelii,Sumatran orangutan,9601,Mammalia,Primates,Hominidae,Pongo,NHGRI_mPonAbe1-v2.1_pri,Chromosome,reference genome,146197178,146197178,3259853530,29,40,41,89,41736,22189,2024-01-05,GCF_028885655.2-RS_2024_02
GCF_028885625.2,Pongo pygmaeus,Bornean orangutan,9600,Mammalia,Primates,Hominidae,Pongo,NHGRI_mPonPyg2-v2.1_pri,Chromosome,reference genome,143261986,140592248,3220935163,25,33,41,54,37497,22085,2024-01-08,GCF_028885625.2-RS_2024_02
GCF_002880775.1,Pongo abelii,Sumatran orangutan,9601,Mammalia,Primates,Hominidae,Pongo,Susie_PABv2,Chromosome,,98475126,11074009,3065035716,5299,5813,41,101.2,34351,20574,2018-01-19,NCBI Pongo abelii Annotation Release 103
GCF_000151905.2,Gorilla gorilla gorilla,western lowland gorilla,9595,Mammalia,Primates,Hominidae,Gorilla,gorGor4,Chromosome,,81227029,52934,3063346382,40729,170104,41,80,32212,21391,2014-12-19,NCBI Gorilla gorilla Annotation Release 101
GCF_000001405.40,Homo sapiens,human,9606,Mammalia,Primates,Hominidae,Homo,GRCh38.p14,Chromosome,reference genome,67794873,57879411,3099441038,470,996,41,,59792,20076,2022-02-03,GCF_000001405.40-RS_2025_08
GCF_000002135.2,Homo sapiens,human,9606,Mammalia,Primates,Hominidae,Homo,CRA_TCAGchr7v2,Chromosome,,58008433,6194666,158329839,6,122,0,,2108,913,2004-09-01,NCBI Homo sapiens Annotation Release 105
GCF_002880755.1,Pan troglodytes,chimpanzee,9598,Mammalia,Primates,Hominidae,Pan,Clint_PTRv2,Chromosome,,53103722,12268567,3050381528,4431,5060,40.5,124,40980,21522,2018-01-19,NCBI Pan troglodytes Annotation Release 105
GCF_000306695.2,Homo sapiens,human,9606,Mammalia,Primates,Hominidae,Homo,CHM1_1.1,Chromosome,,50362920,143936,3037866619,163,40828,0,38,52620,19751,2013-06-14,NCBI Homo sapiens Annotation Release 108
GCF_028878055.3,Symphalangus syndactylus,siamang,9590,Mammalia,Primates,Hylobatidae,Symphalangus,NHGRI_mSymSyn1-v2.1_pri,Chromosome,reference genome,146713733,146713733,3262887708,26,27,40.5,76,38417,22102,2024-01-05,GCF_028878055.3-RS_2024_07
GCF_000146795.2,Nomascus leucogenys,northern white-cheeked gibbon,61853,Mammalia,Primates,Hylobatidae,Nomascus,Nleu_3.0,Chromosome,,52956880,35148,2962060179,17524,197900,0,5.6,28407,20370,2012-12-08,NCBI Nomascus leucogenys Annotation Release 102
GCF_020740605.2,Lemur catta,Ring-tailed lemur,9447,Mammalia,Primates,Lemuridae,Lemur,mLemCat1.pri,Chromosome,reference genome,102162704,32529614,2245584463,184,394,41.5,20.81,30858,19990,2021-11-04,NCBI Lemur catta Annotation Release 100
GCF_041146395.1,Eulemur rufifrons,Bennett's brown lemur,859984,Mammalia,Primates,Lemuridae,Eulemur,OSU_ERuf_1,Chromosome,reference genome,100874195,89959899,2415577446,647,680,41.5,15,28489,19514,2024-08-16,GCF_041146395.1-RS_2024_10
GCF_027406575.1,Nycticebus coucang,slow loris,9470,Mammalia,Primates,Lorisidae,Nycticebus,mNycCou1.pri,Chromosome,reference genome,135917784,41197715,2917154053,84,302,41,31.63,38900,22137,2022-12-28,GCF_027406575.1-RS_2023_03
GCF_024166365.1,Elephas maximus indicus,,99487,Mammalia,Proboscidea,Elephantidae,Elephas,mEleMax1 primary haplotype,Chromosome,reference genome,127432672,87987108,3401247148,64,190,41,43,30964,21809,2022-07-06,GCF_024166365.1-RS_2023_02
GCF_030014295.1,Loxodonta africana,African savanna elephant,9785,Mammalia,Proboscidea,Elephantidae,Loxodonta,mLoxAfr1.hap2,Chromosome,reference genome,119600562,82653632,3540876381,879,1110,41,43,32081,22303,2023-05-16,GCF_030014295.1-RS_2024_04
GCF_047511655.1,Castor canadensis,American beaver,51338,Mammalia,Rodentia,Castoridae,Castor,mCasCan1.hap1v2,Chromosome,reference genome,158968201,59379167,2814832999,181,362,39.5,66.4,40020,20783,2025-02-10,GCF_047511655.1-RS_2025_05
GCF_003668045.3,Cricetulus griseus,Chinese hamster,10029,Mammalia,Rodentia,Cricetidae,Cricetulus,CriGri-PICRH-1.0,Chromosome,,274391693,2711962,2366634374,647,4014,41.5,31,32251,21776,2020-06-11,NCBI Cricetulus griseus Annotation Release 104
GCF_903992535.2,Arvicola amphibius,Eurasian water vole,1047088,Mammalia,Rodentia,Cricetidae,Arvicola,mArvAmp1.2,Chromosome,reference genome,158924400,5392280,2297766297,215,1085,42,45,28375,21424,2021-05-15,NCBI Arvicola amphibius Annotation Release 101
GCF_037038515.1,Microtus pennsylvanicus,meadow vole,10058,Mammalia,Rodentia,Cricetidae,Microtus,mMicPen1.hap1,Chromosome,reference genome,125308425,47175454,2369119668,180,240,42.5,40.8,29617,21461,2024-03-06,GCF_037038515.1-RS_2025_08
GCF_049852395.1,Peromyscus maniculatus bairdii,prairie deer mouse,230844,Mammalia,Rodentia,Cricetidae,Peromyscus,HU_Pman_BW_mat_3.1,Chromosome,reference genome,122208007,32642229,2587065283,24,130,42.5,30,37364,22575,2025-04-22,GCF_049852395.1-RS_2025_08
GCF_003704035.1,Peromyscus maniculatus bairdii,prairie deer mouse,230844,Mammalia,Rodentia,Cricetidae,Peromyscus,HU_Pman_2.1.3,Chromosome,,115033041,30111,2512423440,8523,155965,42.5,115,36461,22079,2020-09-17,NCBI Peromyscus maniculatus bairdii Annotation Release 102
GCF_004664715.2,Peromyscus leucopus,white-footed mouse,10041,Mammalia,Rodentia,Cricetidae,Peromyscus,UCI_PerLeu_2.1,Chromosome,reference genome,114273790,3487364,2475164510,1856,4147,42,60,32259,22198,2020-10-02,NCBI Peromyscus leucopus Annotation Release 101
GCF_903995425.1,Onychomys torridus,southern grasshopper mouse,38674,Mammalia,Rodentia,Cricetidae,Onychomys,mOncTor1.1,Chromosome,reference genome,112723509,2276141,2468394440,2949,5088,42,59,28999,20942,2020-08-21,NCBI Onychomys torridus Annotation Release 100
GCF_949786415.1,Peromyscus eremicus,cactus mouse,42410,Mammalia,Rodentia,Cricetidae,Peromyscus,PerEre_H2_v1,Chromosome,reference genome,97176920,1332236,2916547091,4296,6899,42.5,40,33180,22148,2023-04-08,GCF_949786415.1-RS_2023_08
GCF_950005125.1,Chionomys nivalis,European snow vole,269649,Mammalia,Rodentia,Cricetidae,Chionomys,mChiNiv1.1,Chromosome,reference genome,88844950,30960136,2393390621,160,357,42,26,28844,22222,2023-05-01,GCF_950005125.1-RS_2023_06
GCF_020740685.1,Jaculus jaculus,lesser Egyptian jerboa,51337,Mammalia,Rodentia,Dipodidae,Jaculus,mJacJac1.mat.Y.cur,Chromosome,reference genome,158244790,22104564,2863848715,159,715,42,61,35105,20913,2021-11-04,NCBI Jaculus jaculus Annotation Release 102
GCF_023159225.1,Perognathus longimembris pacificus,Pacific pocket mouse,214514,Mammalia,Rodentia,Heteromyidae,Perognathus,ASM2315922v1,Chromosome,reference genome,72679016,7389774,2212099196,6180,7987,42,23,30069,20883,2022-04-27,NCBI Perognathus longimembris pacificus Annotation Release 100
GCF_011064425.1,Rattus rattus,black rat,10117,Mammalia,Rodentia,Muridae,Rattus,Rrattus_CSIRO_v1,Chromosome,reference genome,158824752,1635336,2382770976,2172,7846,42,130,32100,21597,2020-03-04,NCBI Rattus rattus Annotation Release 100
GCF_036323735.1,Rattus norvegicus,Norway rat,10116,Mammalia,Rodentia,Muridae,Rattus,GRCr8,Chromosome,reference genome,137014596,64250101,2849581192,76,296,42,40,47357,23154,2024-01-31,GCF_036323735.1-RS_2024_02
GCF_015227675.2,Rattus norvegicus,Norway rat,10116,Mammalia,Rodentia,Muridae,Rattus,mRatBN7.2,Chromosome,,135012528,29198295,2647899415,175,756,42,92,42049,21990,2020-11-10,GCF_015227675.2-RS_2023_06
GCF_900094665.2,Mus caroli,Ryukyu mouse,10089,Mammalia,Rodentia,Muridae,Mus,CAROLI_EIJ_v1.1,Chromosome,reference genome,122627250,30921,2552816249,3077,136880,41.5,60,32457,21002,2017-04-28,NCBI Mus caroli Annotation Release 101
GCF_030254825.1,Meriones unguiculatus,Mongolian gerbil,10047,Mammalia,Rodentia,Muridae,Meriones,Bangor_MerUng_6.1,Chromosome,reference genome,122584302,50173090,2702201048,193,246,42,34,34685,21259,2023-06-12,GCF_030254825.1-RS_2023_10
GCF_947179515.1,Apodemus sylvaticus,European woodmouse,10129,Mammalia,Rodentia,Muridae,Apodemus,mApoSyl1.1,Chromosome,reference genome,120938251,4449850,2889785202,497,1626,41,25,34626,22444,2022-10-28,GCF_947179515.1-RS_2023_02
GCF_008632895.1,Mastomys coucha,southern multimammate mouse,35658,Mammalia,Rodentia,Muridae,Mastomys,UCSF_Mcou_1,Chromosome,reference genome,118621203,30483,2507168619,27,146740,41.5,73,37046,20166,2019-09-24,NCBI Mastomys coucha Annotation Release 100
GCF_900095145.1,Mus pahari,shrew mouse,10093,Mammalia,Rodentia,Muridae,Mus,PAHARI_EIJ_v1.1,Chromosome,reference genome,111406228,29465,2475012951,2581,133720,42,74,29483,20482,2017-04-28,NCBI Mus pahari Annotation Release 101
GCF_000001635.27,Mus musculus,house mouse,10090,Mammalia,Rodentia,Muridae,Mus,GRCm39,Chromosome,reference genome,106145001,59462871,2728206152,101,305,42,,50763,22198,2020-06-24,GCF_000001635.27-RS_2024_02
GCF_011762505.2,Arvicanthis niloticus,Nile rat,61156,Mammalia,Rodentia,Muridae,Arvicanthis,mArvNil1.pat.X,Chromosome,reference genome,82689117,11143170,2496761438,1595,3219,41.5,60.95,36156,21696,2025-01-29,GCF_011762505.2-RS_2025_09
GCF_903995435.1,Acomys russatus,golden spiny mouse,60746,Mammalia,Rodentia,Muridae,Acomys,mAcoRus1.1,Chromosome,reference genome,66475698,4450755,2301522284,623,1502,42.5,58,29331,20811,2020-08-21,GCF_903995435.1-RS_2023_02
GCF_016881025.1,Ictidomys tridecemlineatus,thirteen-lined ground squirrel,43179,Mammalia,Rodentia,Sciuridae,Ictidomys,HiC_Itri_2,Chromosome,,193221680,44127,2478949113,7131,153543,40,8356,34527,20734,2021-02-17,NCBI Ictidomys tridecemlineatus Annotation Release 103
GCF_045843805.1,Urocitellus parryii,Arctic ground squirrel,9999,Mammalia,Rodentia,Sciuridae,Urocitellus,mUroPar1.hap1,Chromosome,reference genome,184159334,23164455,2935776410,2529,3223,40,51.1,33564,21555,2024-12-13,GCF_045843805.1-RS_2025_11
GCF_052094955.1,Ictidomys tridecemlineatus,thirteen-lined ground squirrel,43179,Mammalia,Rodentia,Sciuridae,Ictidomys,mIctTri1.hap1,Chromosome,reference genome,157082519,10558370,3144977123,5279,6723,40.5,29.36,42748,23086,2025-08-18,GCF_052094955.1-RS_2025_11
GCF_902686455.1,Sciurus vulgaris,Eurasian red squirrel,55149,Mammalia,Rodentia,Sciuridae,Sciurus,mSciVul1.2,Chromosome,reference genome,153872958,16333633,2878591032,638,1807,40,23,33591,22317,2019-11-20,GCF_902686455.1-RS_2025_09
GCF_902686445.1,Sciurus carolinensis,gray squirrel,30640,Mammalia,Rodentia,Sciuridae,Sciurus,mSciCar1.2,Chromosome,reference genome,148229995,13975867,2815397268,752,2576,40,74,37331,21959,2020-07-31,GCF_902686445.1-RS_2023_03
GCF_047511675.1,Marmota flaviventris,yellow-bellied marmot,93162,Mammalia,Rodentia,Sciuridae,Marmota,mMarFla1.hap1,Chromosome,reference genome,136846803,52587502,2704651887,813,1143,40,55.8,34400,21191,2025-02-10,GCF_047511675.1-RS_2025_02
GCF_048772825.1,Callospermophilus lateralis,golden-mantled ground squirrel,76772,Mammalia,Rodentia,Sciuridae,Callospermophilus,mCalLat2.hap2,Chromosome,,114988597,13623428,3349745798,2820,3463,39.5,30.6,33281,20343,2025-03-21,GCF_048772825.1-RS_2025_09
GCF_048772815.1,Callospermophilus lateralis,golden-mantled ground squirrel,76772,Mammalia,Rodentia,Sciuridae,Callospermophilus,mCalLat2.hap1,Chromosome,reference genome,94176142,6579271,4646974320,8087,9535,39.5,30.6,35505,21594,2025-03-21,GCF_048772815.1-RS_2025_09
GCF_964187855.1,Myxine glutinosa,Atlantic hagfish,7769,Myxini,Myxiniformes,Myxinidae,Myxine,kmMyxGlut1.1,Chromosome,reference genome,192170830,739991,3057504053,4003,8415,44.5,30,23902,18316,2024-06-18,GCF_964187855.1-RS_2026_01
GCF_040869285.1,Myxine glutinosa,Atlantic hagfish,7769,Myxini,Myxiniformes,Myxinidae,Myxine,UKY_Mglu_1.0,Chromosome,,156894492,847554,3829258836,4269,9145,44,28,29685,22424,2024-07-30,GCF_040869285.1-RS_2024_08
GCF_026419915.1,Harpia harpyja,harpy eagle,202280,Neognathae,Accipitriformes,Accipitridae,Harpia,bHarHar1 primary haplotype,Chromosome,reference genome,58111031,16799191,1351447071,322,664,43.5,54,20830,16803,2022-11-27,GCF_026419915.1-RS_2023_02
GCF_018139145.2,Gymnogyps californianus,California condor,33616,Neognathae,Accipitriformes,Cathartidae,Gymnogyps,ASM1813914v2,Chromosome,reference genome,85355094,17075888,1240248578,542,1174,42,20,17498,15144,2022-09-01,GCF_018139145.2-RS_2023_02
GCF_009819795.1,Aythya fuligula,tufted duck,219594,Neognathae,Anseriformes,Anatidae,Aythya,bAytFul2.pri,Chromosome,reference genome,85905639,17816505,1126988109,104,267,41.5,64.03,17219,15578,2019-12-31,NCBI Aythya fuligula Annotation Release 100
GCF_013377495.2,Cygnus atratus,black swan,8868,Neognathae,Anseriformes,Anatidae,Cygnus,CAtr_DNAZoo_HiC_assembly,Chromosome,reference genome,84552148,28995010,1124217020,567,697,42,90,18459,15671,2022-08-03,GCF_013377495.2-RS_2023_02
GCF_009769625.2,Cygnus olor,mute swan,8869,Neognathae,Anseriformes,Anatidae,Cygnus,bCygOlo1.pri.v2,Chromosome,reference genome,81481363,8308965,1134169903,170,621,42,60.23,23209,16150,2021-03-31,NCBI Cygnus olor Annotation Release 100
GCF_040182565.1,Anser cygnoides,Swan goose,8845,Neognathae,Anseriformes,Anatidae,Anser,Taihu_goose_T2T_genome,Chromosome,reference genome,81007908,39655246,1215337776,74,116,43,70,25487,18126,2024-06-14,GCF_040182565.1-RS_2024_07
GCF_047663525.1,Anas platyrhynchos,mallard,8839,Neognathae,Anseriformes,Anatidae,Anas,IASCAAS_PekinDuck_T2T,Complete Genome,reference genome,80154792,80154792,1261969826,41,41,43,194.2,26024,17676,2025-02-12,GCF_047663525.1-RS_2025_03
GCF_963932015.1,Anas acuta,northern pintail,28680,Neognathae,Anseriformes,Anatidae,Anas,bAnaAcu1.1,Chromosome,reference genome,76435830,3416933,1189296988,394,1025,42.5,28,24772,16993,2024-02-07,GCF_963932015.1-RS_2024_09
GCF_015476345.1,Anas platyrhynchos,mallard,8839,Neognathae,Anseriformes,Anatidae,Anas,ZJU1.0,Chromosome,,76269206,5679408,1188516685,755,1660,42.5,143,25093,16836,2020-11-23,NCBI Anas platyrhynchos Annotation Release 104
GCF_003850225.1,Anas platyrhynchos,mallard,8839,Neognathae,Anseriformes,Anatidae,Anas,IASCAAS_PekingDuck_PBH1.5,Chromosome,,76129154,36811,1126159488,2149,73852,0,50,24277,15747,2018-11-29,NCBI Anas platyrhynchos Annotation Release 103
GCF_020740795.1,Apus apus,common swift,8895,Neognathae,Apodiformes,Apodidae,Apus,bApuApu2.pri.cur,Chromosome,reference genome,115508478,25561769,1100361224,109,365,42,103.36,16724,14765,2021-11-04,GCF_020740795.1-RS_2023_02
GCF_003957555.1,Calypte anna,Anna's hummingbird,9244,Neognathae,Apodiformes,Trochilidae,Calypte,bCalAnn1_v1.p,Chromosome,reference genome,74081004,14522327,1059687259,159,584,41.5,54,16230,14711,2019-05-16,NCBI Calypte anna Annotation Release 101
GCF_036169615.1,Heliangelus exortis,,472823,Neognathae,Apodiformes,Trochilidae,Heliangelus,bHelExo1.hap1,Chromosome,reference genome,73898144,8413062,1049650714,131,568,41.5,47,20276,15365,2024-01-26,GCF_036169615.1-RS_2025_02
GCF_907165065.1,Caprimulgus europaeus,Eurasian nightjar,111811,Neognathae,Caprimulgiformes,Caprimulgidae,Caprimulgus,bCapEur3.1,Chromosome,reference genome,82614289,30622946,1177791212,121,274,42,87,16620,15555,2021-05-17,GCF_907165065.1-RS_2025_09
GCF_028500815.1,Rissa tridactyla,black-legged kittiwake,75485,Neognathae,Charadriiformes,Laridae,Rissa,bRisTri1.patW.cur.20221130,Chromosome,reference genome,88208671,15653959,1353621101,716,999,44.5,33,19635,16534,2023-02-09,GCF_028500815.1-RS_2023_03
GCF_964199755.1,Larus michahellis,yellow-legged gull,119627,Neognathae,Charadriiformes,Laridae,Larus,bLarMic1.1,Chromosome,reference genome,87713602,4216312,1405564706,617,1117,44.5,68,19952,16940,2024-07-14,GCF_964199755.1-RS_2025_06
GCF_963924245.1,Chroicocephalus ridibundus,black-headed gull,1192867,Neognathae,Charadriiformes,Laridae,Chroicocephalus,bChrRid1.1,Chromosome,reference genome,83755488,4003687,1417554307,728,1190,44.5,37,19454,16778,2024-01-20,GCF_963924245.1-RS_2024_02
GCF_964106895.1,Numenius arquata,Eurasian curlew,31919,Neognathae,Charadriiformes,Scolopacidae,Numenius,bNumArq3.hap1.1,Chromosome,reference genome,63363742,2605715,1348859203,1818,2603,44,45,17452,16115,2024-06-06,GCF_964106895.1-RS_2025_05
GCF_034638445.1,Ciconia boyciana,Oriental stork,52775,Neognathae,Ciconiiformes,Ciconiidae,Ciconia,ASM3463844v1,Chromosome,reference genome,102765642,35788150,1240615254,280,429,42.5,81,19635,16546,2023-12-27,GCF_034638445.1-RS_2025_04
GCF_035582795.1,Mycteria americana,wood stork,33587,Neognathae,Ciconiiformes,Ciconiidae,Mycteria,USCA_MyAme_1.0,Chromosome,reference genome,80020930,36845572,1348542611,279,360,43.5,30,19520,16519,2024-01-12,GCF_035582795.1-RS_2025_07
GCF_028858725.1,Colius striatus,speckled mousebird,57412,Neognathae,Coliiformes,Coliidae,Colius,bColStr4.1.hap1,Chromosome,reference genome,89023854,21931325,1212464869,190,348,42.5,28.91,17551,15621,2023-02-24,GCF_028858725.1-RS_2023_12
GCF_036013445.1,Caloenas nicobarica,Nicobar pigeon,187106,Neognathae,Columbiformes,Columbidae,Caloenas,bCalNic1.hap1,Chromosome,reference genome,79699707,25101800,1285834579,806,923,44.5,68,18897,17126,2024-01-26,GCF_036013445.1-RS_2024_06
GCF_037038585.1,Patagioenas fasciata,band-tailed pigeon,372321,Neognathae,Columbiformes,Columbidae,Patagioenas,bPatFas1.hap1,Chromosome,reference genome,71669782,48246320,1454324034,360,497,44,66,22217,17516,2025-02-07,GCF_037038585.1-RS_2025_02
GCF_036013475.1,Columba livia,rock pigeon,8932,Neognathae,Columbiformes,Columbidae,Columba,bColLiv1.pat.W.v2,Chromosome,reference genome,68980706,14042120,1325566026,869,1118,42,55,22830,17095,2024-04-08,GCF_036013475.1-RS_2024_05
GCF_017976375.1,Cuculus canorus,common cuckoo,55661,Neognathae,Cuculiformes,Cuculidae,Cuculus,bCucCan1.pri,Chromosome,reference genome,78325852,20797936,1180136575,150,446,42,64.31,19729,16774,2021-04-15,GCF_017976375.1-RS_2023_02
GCF_032191515.1,Phaenicophaeus curvirostris,,33595,Neognathae,Cuculiformes,Cuculidae,Phaenicophaeus,BPBGC_Pcur_1.0,Chromosome,reference genome,70715910,17162444,1315410253,587,768,43,36.6,18938,16797,2023-09-29,GCF_032191515.1-RS_2024_11
GCF_023634155.1,Falco peregrinus,peregrine falcon,8954,Neognathae,Falconiformes,Falconidae,Falco,bFalPer1.pri,Chromosome,reference genome,93682670,15744644,1311580791,124,356,42.5,28,19918,16083,2022-06-02,GCF_023634155.1-RS_2023_04
GCF_023634085.1,Falco cherrug,Saker falcon,345164,Neognathae,Falconiformes,Falconidae,Falco,bFalChe1.pri,Chromosome,reference genome,92426045,21245687,1309366964,282,540,43,35.49,19950,16251,2022-06-02,GCF_023634085.1-RS_2023_04
GCF_017639655.2,Falco naumanni,lesser kestrel,148594,Neognathae,Falconiformes,Falconidae,Falco,bFalNau1.pat,Chromosome,reference genome,91761059,13754753,1215702009,290,588,42.5,104.34,19775,16079,2021-03-30,NCBI Falco naumanni Annotation Release 100
GCF_023638135.1,Falco biarmicus,lanner falcon,345155,Neognathae,Falconiformes,Falconidae,Falco,bFalBia1.pri,Chromosome,reference genome,91472507,24892811,1285492283,397,555,43,28,19520,15891,2022-06-02,GCF_023638135.1-RS_2023_05
GCF_015220075.1,Falco rusticolus,gyrfalcon,120794,Neognathae,Falconiformes,Falconidae,Falco,bFalRus1.pri,Chromosome,reference genome,91094845,15323486,1195829278,132,767,42,44.28,19484,15894,2020-11-03,NCBI Falco rusticolus Annotation Release 100
GCF_016699485.2,Gallus gallus,chicken,9031,Neognathae,Galliformes,Phasianidae,Gallus,bGalGal1.mat.broiler.GRCg7b,Chromosome,reference genome,90861225,18834961,1053315467,213,676,42,102.01,25635,18023,2021-01-19,NCBI Gallus gallus Annotation Release 106
GCF_016700215.2,Gallus gallus,chicken,9031,Neognathae,Galliformes,Phasianidae,Gallus,bGalGal1.pat.whiteleghornlayer.GRCg7w_WZ,Chromosome,,90563926,17744542,1050511239,276,685,42,102.01,25564,17981,2021-10-01,NCBI Gallus gallus Annotation Release 106
GCF_039878825.1,Excalfactoria chinensis,blue-breasted quail,46218,Neognathae,Galliformes,Phasianidae,Excalfactoria,bCotChi1.hap2,Chromosome,reference genome,86361526,7816141,966847183,191,521,41.5,52,18499,15853,2024-05-31,GCF_039878825.1-RS_2025_03
GCF_951394365.1,Tetrao urogallus,western capercaillie,100830,Neognathae,Galliformes,Phasianidae,Tetrao,bTetUro1.1,Chromosome,reference genome,71401156,1909808,1013167347,317,1290,41.5,23,15196,14824,2023-06-15,GCF_951394365.1-RS_2025_10
GCF_023343835.1,Lagopus muta,rock ptarmigan,64668,Neognathae,Galliformes,Phasianidae,Lagopus,bLagMut1 primary,Chromosome,reference genome,71229700,17905263,1026755127,164,374,41.5,57.75,20110,16078,2022-05-12,NCBI Lagopus muta Annotation Release 100
GCF_030936135.1,Gavia stellata,red-throated loon,37040,Neognathae,Gaviiformes,Gaviidae,Gavia,bGavSte3.hap2,Chromosome,reference genome,50637386,13765203,1321270170,1185,1434,43,35,17980,16399,2023-08-30,GCF_030936135.1-RS_2023_09
GCF_028858705.1,Grus americana,Whooping crane,9117,Neognathae,Gruiformes,Gruidae,Grus,bGruAme1.mat,Chromosome,reference genome,82903739,28324902,1257821324,929,1190,43,232.6,20835,17399,2023-02-24,GCF_028858705.1-RS_2023_03
GCF_011004875.1,Balearica regulorum gibbericeps,East African grey crowned-crane,100784,Neognathae,Gruiformes,Gruidae,Balearica,bBalReg1.pri,Chromosome,reference genome,82577926,23326060,1221032548,104,248,42.5,59.56,20298,16191,2020-03-05,GCF_011004875.1-RS_2025_07
GCF_013368605.1,Nyctibius grandis,,48427,Neognathae,Nyctibiiformes,Nyctibiidae,Nyctibius,bNycGra1.pri,Chromosome,reference genome,92359233,23231768,1256393467,190,433,42.5,88.4,17583,15872,2020-06-23,GCF_013368605.1-RS_2024_09
GCF_030867145.1,Opisthocomus hoazin,,30419,Neognathae,Opisthocomiformes,Opisthocomidae,Opisthocomus,bOpiHoa1.hap1,Chromosome,reference genome,80946297,14274197,1482459898,415,683,45.5,40,19904,16456,2023-08-24,GCF_030867145.1-RS_2025_07
GCF_963662255.1,Cinclus cinclus,,127875,Neognathae,Passeriformes,Cinclidae,Cinclus,bCinCin1.1,Chromosome,reference genome,74357285,3563180,1170837027,277,935,43,41,17187,16099,2023-12-11,GCF_963662255.1-RS_2024_01
GCF_021018805.1,Prinia subflava,tawny-flanked prinia,208062,Neognathae,Passeriformes,Cisticolidae,Prinia,Cam_Psub_1.2,Chromosome,reference genome,63498583,7918915,1119947663,538,916,42.5,50,19289,16306,2024-01-26,GCF_021018805.1-RS_2024_02
GCF_020740725.1,Corvus hawaiiensis,hawaiian crow,134902,Neognathae,Passeriformes,Corvidae,Corvus,bCorHaw1.pri.cur,Chromosome,reference genome,76278832,23064755,1151594481,187,481,43.5,29.61,21647,16414,2021-11-04,NCBI Corvus hawaiiensis Annotation Release 100
GCF_009650955.1,Corvus moneduloides,New Caledonian crow,1196302,Neognathae,Passeriformes,Corvidae,Corvus,bCorMon1.pri,Chromosome,reference genome,74699841,11524098,1112734094,105,394,42.5,62.08,20781,16167,2019-11-14,NCBI Corvus moneduloides Annotation Release 100
GCF_000738735.6,Corvus cornix cornix,,932674,Neognathae,Passeriformes,Corvidae,Corvus,ASM73873v6,Chromosome,reference genome,73732264,8553235,1030864775,46,471,42,150,17944,14435,2022-04-01,NCBI Corvus cornix cornix Annotation Release 104
GCF_041296385.1,Aphelocoma coerulescens,scrub jay,39617,Neognathae,Passeriformes,Corvidae,Aphelocoma,UR_Acoe_1.0,Chromosome,reference genome,68049500,17285536,1330898477,659,798,44.5,63,23987,17513,2024-08-16,GCF_041296385.1-RS_2024_10
GCF_046129695.1,Lonchura striata,white-rumped munia,40157,Neognathae,Passeriformes,Estrildidae,Lonchura,bLonStr1.mat,Chromosome,reference genome,73424396,29140630,1207550942,161,337,43.5,69,19577,15844,2024-12-18,GCF_046129695.1-RS_2025_08
GCF_048771995.1,Taeniopygia guttata,zebra finch,59729,Neognathae,Passeriformes,Estrildidae,Taeniopygia,bTaeGut7.mat,Chromosome,reference genome,72089520,65033001,1141148522,41,50,42.5,433.93,23294,16799,2025-03-21,GCF_048771995.1-RS_2025_04
GCF_005870125.1,Lonchura striata,white-rumped munia,40157,Neognathae,Passeriformes,Estrildidae,Lonchura,lonStrDom2,Chromosome,,71975342,100423,1060252993,2014,33370,41.5,151,18674,15577,2019-06-05,GCF_005870125.1-RS_2024_09
GCF_003957565.2,Taeniopygia guttata,zebra finch,59729,Neognathae,Passeriformes,Estrildidae,Taeniopygia,bTaeGut1.4.pri,Chromosome,,70982421,8964551,1056254409,198,550,42,,21933,16520,2021-05-04,NCBI Taeniopygia guttata Annotation Release 106
GCF_008822105.2,Taeniopygia guttata,zebra finch,59729,Neognathae,Passeriformes,Estrildidae,Taeniopygia,bTaeGut2.pat.W.v2,Chromosome,,70879221,4378277,1068971253,204,1052,0,82.5,21570,16197,2020-02-12,NCBI Taeniopygia guttata Annotation Release 105
GCF_027477595.1,Haemorhous mexicanus,house finch,30427,Neognathae,Passeriformes,Fringillidae,Haemorhous,bHaeMex1.pri,Chromosome,reference genome,77212160,16787335,1148216196,183,478,43,36.85,19965,16679,2022-12-29,GCF_027477595.1-RS_2023_09
GCF_022539315.1,Serinus canaria,Common canary,9135,Neognathae,Passeriformes,Fringillidae,Serinus,serCan2020,Chromosome,reference genome,72083177,12206373,1050336073,684,1738,42.5,,17915,15457,2022-08-25,GCF_022539315.1-RS_2023_02
GCF_015227805.2,Hirundo rustica,Barn swallow,43150,Neognathae,Passeriformes,Hirundinidae,Hirundo,bHirRus1.pri.v3,Chromosome,reference genome,76187387,2794774,1105955550,617,1719,42.5,51.15,18409,15517,2021-11-30,GCF_015227805.2-RS_2023_07
GCF_051311805.1,Agelaius phoeniceus,red-winged blackbird,39638,Neognathae,Passeriformes,Icteridae,Agelaius,bAgePho1.hap1,Chromosome,reference genome,73898474,30085171,1238411316,299,484,43.5,68.6,21620,17098,2025-07-14,GCF_051311805.1-RS_2025_09
GCF_037042795.1,Molothrus aeneus,bronzed cowbird,84833,Neognathae,Passeriformes,Icteridae,Molothrus,BPBGC_Maene_1.0,Chromosome,reference genome,70606200,25845000,1177171786,527,594,43,82,18476,16194,2024-03-07,GCF_037042795.1-RS_2024_07
GCF_012460135.2,Molothrus ater,,84834,Neognathae,Passeriformes,Icteridae,Molothrus,BPBGC_Mater_1.1,Chromosome,reference genome,70107701,13273966,1087219985,373,691,42.5,200,18259,16046,2022-10-11,GCF_012460135.2-RS_2023_03
GCF_015832195.1,Motacilla alba alba,,1094192,Neognathae,Passeriformes,Motacillidae,Motacilla,Motacilla_alba_V1.0_pri,Chromosome,reference genome,72386170,8515530,1072653902,618,1524,42.5,18,18047,15594,2020-12-08,NCBI Motacilla alba alba Annotation Release 100
GCF_029582105.1,Oenanthe melanoleuca,,2939378,Neognathae,Passeriformes,Muscicapidae,Oenanthe,OMel1.0,Chromosome,reference genome,69618406,7795761,1036256795,587,1169,42,100,18947,16429,2023-04-06,GCF_029582105.1-RS_2023_05
GCF_030490865.1,Poecile atricapillus,Black-capped chickadee,48891,Neognathae,Passeriformes,Paridae,Poecile,bPoeAtr1.hap1,Chromosome,reference genome,107919339,8462732,1251116877,306,708,42.5,40,20627,17743,2023-07-18,GCF_030490865.1-RS_2023_08
GCF_001522545.3,Parus major,Great Tit,9157,Neognathae,Passeriformes,Paridae,Parus,Parus_major1.1,Chromosome,reference genome,71365269,148693,1020293992,1674,24043,41.5,95,19061,15069,2019-01-15,NCBI Parus major Annotation Release 102
GCF_027887145.1,Ammospiza caudacuta,,2857398,Neognathae,Passeriformes,Passerellidae,Ammospiza,bAmmCau1.pri,Chromosome,reference genome,78443464,8252193,1241209685,282,645,43.5,34.18,18099,16439,2023-01-18,GCF_027887145.1-RS_2023_08
GCF_035770615.1,Melospiza melodia melodia,,1914991,Neognathae,Passeriformes,Passerellidae,Melospiza,bMelMel2.pri,Chromosome,reference genome,77460261,19453098,1541245192,353,652,45,30.7,21141,17176,2024-01-24,GCF_035770615.1-RS_2024_02
GCF_027579445.1,Ammospiza nelsoni,,2857394,Neognathae,Passeriformes,Passerellidae,Ammospiza,bAmmNel1.pri,Chromosome,reference genome,74723840,12036358,1185463352,77,292,43,34.27,18165,15799,2023-01-09,GCF_027579445.1-RS_2023_09
GCF_028018845.1,Melospiza georgiana,,44398,Neognathae,Passeriformes,Passerellidae,Melospiza,bMelGeo1.pri,Chromosome,reference genome,74254230,10446106,1162015399,40,276,43,31.58,17000,15448,2023-01-31,GCF_028018845.1-RS_2023_07
GCF_028769735.1,Zonotrichia leucophrys gambelii,,257770,Neognathae,Passeriformes,Passerellidae,Zonotrichia,RI_Zleu_2.0,Chromosome,reference genome,71969017,14729340,1123996003,3792,4131,43,50,19936,16563,2023-12-27,GCF_028769735.1-RS_2024_04
GCF_047830755.1,Zonotrichia albicollis,white-throated sparrow,44394,Neognathae,Passeriformes,Passerellidae,Zonotrichia,bZonAlb1.hap1,Chromosome,reference genome,64429512,17147933,1278921982,179,408,44,45.7,21875,17420,2025-02-18,GCF_047830755.1-RS_2025_06
GCF_036417665.1,Passer domesticus,house sparrow,48849,Neognathae,Passeriformes,Passeridae,Passer,bPasDom1.hap1,Chromosome,reference genome,83066519,20590000,1310114252,334,536,44,49,31465,18191,2024-02-07,GCF_036417665.1-RS_2024_04
GCF_009829145.1,Chiroxiphia lanceolata,lance-tailed manakin,296741,Neognathae,Passeriformes,Pipridae,Chiroxiphia,bChiLan1.pri,Chromosome,reference genome,75608808,18496167,1089631598,93,299,42,67.75,20299,15873,2020-01-03,NCBI Chiroxiphia lanceolata Annotation Release 100
GCF_036250125.1,Pseudopipra pipra,,415032,Neognathae,Passeriformes,Pipridae,Pseudopipra,bDixPip1.hap1,Chromosome,reference genome,75011098,10447158,1165201947,696,1019,42.5,49,24218,17114,2024-01-31,GCF_036250125.1-RS_2024_04
GCF_009819655.1,Sylvia atricapilla,blackcap,48155,Neognathae,Passeriformes,Sylviidae,Sylvia,bSylAtr1.pri,Chromosome,reference genome,72978054,7345957,1066786587,189,602,42,66.29,18169,15521,2019-12-31,GCF_009819655.1-RS_2024_07
GCF_047495875.1,Pithys albifrons albifrons,,3385563,Neognathae,Passeriformes,Thamnophilidae,Pithys,PitAlb_v1,Chromosome,reference genome,77071861,11992177,1144301792,53,467,42.5,60,17300,15076,2025-02-07,GCF_047495875.1-RS_2025_02
GCF_901933205.1,Camarhynchus parvulus,,87175,Neognathae,Passeriformes,Thraupidae,Camarhynchus,STF_HiC,Chromosome,reference genome,70356807,16035651,1051609828,1345,1530,42.5,31,16830,15747,2019-09-06,NCBI Camarhynchus parvulus Annotation Release 100
GCF_009819885.2,Catharus ustulatus,Swainson's thrush,91951,Neognathae,Passeriformes,Turdidae,Catharus,bCatUst1.pri.v2,Chromosome,reference genome,68462074,4908935,1131616530,160,589,42.5,60.58,19631,16929,2020-12-22,NCBI Catharus ustulatus Annotation Release 101
GCF_903797595.1,Erithacus rubecula,European robin,37610,Neognathae,Passeriformes,Turdidae,Erithacus,bEriRub2.2,Chromosome,reference genome,60684490,5585877,1086738418,1119,2109,42,41,19135,16077,2021-05-03,GCF_903797595.1-RS_2025_12
GCF_026979565.1,Vidua chalybeata,,81927,Neognathae,Passeriformes,Viduidae,Vidua,bVidCha1 merged haplotype,Chromosome,reference genome,72553174,15819291,1080440577,177,635,42,55,21003,16658,2022-12-21,GCF_026979565.1-RS_2023_03
GCF_031753505.1,Anomalospiza imberbis,,187417,Neognathae,Passeriformes,Viduidae,Anomalospiza,ASM3175350v1,Chromosome,reference genome,72455167,12312023,1198243876,1370,1800,43.5,32,25520,16778,2023-09-22,GCF_031753505.1-RS_2024_07
GCF_024509145.1,Vidua macroura,Pin-tailed whydah,187451,Neognathae,Passeriformes,Viduidae,Vidua,ASM2450914v1,Chromosome,reference genome,61801348,7488902,1123252761,223,483,42.5,47.6,20373,16296,2022-08-03,GCF_024509145.1-RS_2023_03
GCF_030463565.1,Pelecanus crispus,Dalmatian pelican,36300,Neognathae,Pelecaniformes,Pelecanidae,Pelecanus,bPelCri1.pri,Chromosome,reference genome,86807213,9666746,1314568463,310,700,43.5,27.71,17487,16064,2023-07-18,GCF_030463565.1-RS_2025_07
GCF_964195595.1,Calonectris borealis,Cory's shearwater,1323832,Neognathae,Procellariiformes,Procellariidae,Calonectris,bCalBor7.hap1.2,Chromosome,reference genome,86023716,4142416,1366185058,354,879,43.5,66,20833,17007,2024-07-24,GCF_964195595.1-RS_2025_07
GCF_037157495.1,Lathamus discolor,Swift parrot,678569,Neognathae,Psittaciformes,Psittacidae,Lathamus,bLatDis1.hap1,Chromosome,reference genome,126105786,19972387,1241003407,367,553,42.5,31.4,21285,16234,2024-03-15,GCF_037157495.1-RS_2024_06
GCF_004027225.2,Strigops habroptila,Kakapo,2489341,Neognathae,Psittaciformes,Psittacidae,Strigops,bStrHab1.2.pri,Chromosome,reference genome,83240647,9454087,1148597545,89,456,42,76.1,19379,16053,2020-03-04,NCBI Strigops habroptila Annotation Release 101
GCF_012275295.1,Melopsittacus undulatus,budgerigar,13146,Neognathae,Psittaciformes,Psittaculidae,Melopsittacus,bMelUnd1.mat.Z,Chromosome,reference genome,104092594,16636420,1171617451,864,1148,42,61.11,18612,16457,2020-04-13,GCF_012275295.1-RS_2024_11
GCF_965638725.1,Aptenodytes patagonicus,king penguin,9234,Neognathae,Sphenisciformes,Spheniscidae,Aptenodytes,bAptPat1.pri.cur,Chromosome,reference genome,86569806,10636000,1352580174,618,931,43.5,45,18763,15928,2025-07-09,GCF_965638725.1-RS_2025_08
GCF_047716275.1,Strix uralensis,Ural owl,36305,Neognathae,Strigiformes,Strigidae,Strix,bStrUra1,Chromosome,reference genome,90173155,16359274,1380990639,511,714,43,42,19892,16684,2025-02-12,GCF_047716275.1-RS_2025_06
GCF_031877795.1,Strix aluco,Tawny owl,111821,Neognathae,Strigiformes,Strigidae,Strix,bStrAlu1.hap1,Chromosome,reference genome,89389700,11872084,1414783145,202,483,42.5,40,19481,16490,2023-09-25,GCF_031877795.1-RS_2025_06
GCF_965140245.1,Athene noctua,,126797,Neognathae,Strigiformes,Strigidae,Athene,bAthNoc1.hap1.1,Chromosome,reference genome,86326089,4050372,1355857592,716,1288,43.5,55,19332,16728,2025-02-13,GCF_965140245.1-RS_2025_06
GCF_963921805.1,Phalacrocorax carbo,great cormorant,9209,Neognathae,Suliformes,Phalacrocoracidae,Phalacrocorax,bPhaCar2.1,Chromosome,reference genome,84621172,4631399,1283623959,350,843,43.5,40,20814,16906,2024-02-09,GCF_963921805.1-RS_2024_04
GCF_949628215.1,Phalacrocorax aristotelis,,126867,Neognathae,Suliformes,Phalacrocoracidae,Phalacrocorax,bGulAri2.1,Chromosome,reference genome,78889319,11420000,1279116138,352,574,43,42,20259,16264,2023-04-08,GCF_949628215.1-RS_2025_07
GCF_044704955.1,Pristiophorus japonicus,,55135,Selachii,,Pristiophoridae,Pristiophorus,sPriJap1.hap1,Chromosome,reference genome,225854410,1893048,5923050865,4317,10302,47,43.2,55857,22273,2024-11-13,GCF_044704955.1-RS_2025_01
GCF_965287045.1,Carcharhinus amblyrhynchos,grey reef shark,263684,Selachii,Carcharhiniformes,Carcharhinidae,Carcharhinus,sCarAmb.v2.hapA,Chromosome,reference genome,90619553,6101901,2923561432,1520,2403,44,20,28237,19870,2025-11-06,GCF_965287045.1-RS_2026_02
GCF_047496885.1,Scyliorhinus torazame,cloudy catshark,75743,Selachii,Carcharhiniformes,Scyliorhinidae,Scyliorhinus,sScyTor2.1,Chromosome,reference genome,266286206,3187150,6451259511,2007,6661,49.5,34.5,46697,23012,2025-02-07,GCF_047496885.1-RS_2025_03
GCF_902713615.1,Scyliorhinus canicula,smaller spotted catshark,7830,Selachii,Carcharhiniformes,Scyliorhinidae,Scyliorhinus,sScyCan1.1,Chromosome,reference genome,198790641,1862211,4220389930,645,7773,47.5,63,29227,20574,2020-12-17,NCBI Scyliorhinus canicula Annotation Release 100
GCF_964213995.1,Mustelus asterias,starry smooth-hound,112232,Selachii,Carcharhiniformes,Triakidae,Mustelus,sMusAst1.hap1.1,Chromosome,reference genome,109010392,1197343,3679774521,5313,8903,45.5,35,32801,22288,2024-08-22,GCF_964213995.1-RS_2025_12
GCF_036365525.1,Heterodontus francisci,horn shark,7792,Selachii,Heterodontiformes,Heterodontidae,Heterodontus,sHetFra1.hap1,Chromosome,reference genome,90140832,3418954,6013048672,2306,5087,45,35.7,40132,22886,2024-02-06,GCF_036365525.1-RS_2024_08
GCF_035084215.1,Heptranchias perlo,sharpnose sevengill shark,212740,Selachii,Hexanchiformes,Hexanchidae,Heptranchias,sHepPer1.hap1,Chromosome,reference genome,66821466,4905566,3249915908,1879,3713,44.5,60,45906,21852,2024-01-05,GCF_035084215.1-RS_2024_08
GCF_964194155.1,Cetorhinus maximus,,57982,Selachii,Lamniformes,Cetorhinidae,Cetorhinus,sCetMax3.hap1.1,Chromosome,reference genome,126028485,1961965,3993849873,5087,7865,44.5,34,32318,21262,2024-06-28,GCF_964194155.1-RS_2025_12
GCF_017639515.1,Carcharodon carcharias,great white shark,13397,Selachii,Lamniformes,Lamnidae,Carcharodon,sCarCar2.pri,Chromosome,reference genome,169918123,6544962,4286294447,718,3357,45,66.84,25164,19440,2021-03-30,NCBI Carcharodon carcharias Annotation Release 100
GCF_047496795.1,Chiloscyllium punctatum,brownbanded bambooshark,137246,Selachii,Orectolobiformes,Hemiscylliidae,Chiloscyllium,sChiPun1.3,Chromosome,reference genome,93668967,5342658,5274411202,1989,4880,44,34,43464,19909,2025-02-07,GCF_047496795.1-RS_2025_03
GCF_020745735.1,Hemiscyllium ocellatum,epaulette shark,170820,Selachii,Orectolobiformes,Hemiscylliidae,Hemiscyllium,sHemOce1.pat.X.cur.,Chromosome,reference genome,83580160,8845575,3983466396,1962,5666,43,148.57,31963,19215,2021-11-05,GCF_020745735.1-RS_2023_11
GCF_004010195.1,Chiloscyllium plagiosum,whitespotted bambooshark,36176,Selachii,Orectolobiformes,Hemiscylliidae,Chiloscyllium,ASM401019v1,Chromosome,reference genome,73167256,40597,3556460701,101976,255431,42,280,26358,19916,2019-01-10,NCBI Chiloscyllium plagiosum Annotation Release 100
GCF_021869965.1,Rhincodon typus,whale shark,259920,Selachii,Orectolobiformes,Rhincodontidae,Rhincodon,sRhiTyp1.1,Chromosome,reference genome,70796938,48454,2881325413,16776,111998,41.5,46.7,25546,20753,2022-02-03,NCBI Rhincodon typus Annotation Release 101
GCF_030684315.1,Stegostoma tigrinum,,3053191,Selachii,Orectolobiformes,Stegostomatidae,Stegostoma,sSteTig4.hap1,Chromosome,reference genome,79021053,6162596,3198515386,835,1994,43.5,48.69,24913,19223,2023-08-08,GCF_030684315.1-RS_2023_09
GCF_022316705.1,Stegostoma tigrinum,,3053191,Selachii,Orectolobiformes,Stegostomatidae,Stegostoma,sSteFas1.1,Chromosome,,76588082,56707,2771866316,1266,85729,42,95.8,21452,18281,2022-02-17,NCBI Stegostoma fasciatum Annotation Release 100
GCF_013347855.1,Anguilla anguilla,European eel,7936,Teleostei,Anguilliformes,Anguillidae,Anguilla,fAngAng1.pri,Chromosome,reference genome,57205429,5114673,979029243,53,692,43.5,51.23,31451,25903,2020-06-18,NCBI Anguilla anguilla Annotation Release 100
GCF_018555375.3,Anguilla rostrata,American eel,7938,Teleostei,Anguilliformes,Anguillidae,Anguilla,ASM1855537v3,Chromosome,reference genome,56672075,5074093,976090453,967,1929,43.5,42,32130,25366,2024-03-04,GCF_018555375.3-RS_2024_04
GCF_963514075.1,Conger conger,European conger,82655,Teleostei,Anguilliformes,Congridae,Conger,fConCon1.1,Chromosome,reference genome,64882367,3090688,1136402888,380,1389,44,36,37124,26618,2023-09-29,GCF_963514075.1-RS_2023_11
GCF_902500255.1,Thalassophryne amazonica,,390379,Teleostei,Batrachoidiformes,Batrachoididae,Thalassophryne,fThaAma1.1,Chromosome,reference genome,118421481,2329598,2446592878,464,3013,42,67,31773,22351,2019-09-30,NCBI Thalassophryne amazonica Annotation Release 100
GCF_023375975.1,Astyanax mexicanus,Mexican tetra,7994,Teleostei,Characiformes,Acestrorhamphidae,Astyanax,AstMex3_surface,Chromosome,reference genome,51923808,47087582,1373169186,109,123,38,35,52771,26736,2022-05-19,NCBI Astyanax mexicanus Annotation Release 103
GCF_029633855.1,Hoplias malabaricus,trahira,27720,Teleostei,Characiformes,Erythrinidae,Hoplias,fHopMal1.hap1,Chromosome,reference genome,53138383,3626585,1186354877,597,1586,41,26.87,47138,26286,2024-06-25,GCF_029633855.1-RS_2024_07
GCF_034702125.1,Engraulis encrasicolus,European anchovy,184585,Teleostei,Clupeiformes,Engraulidae,Engraulis,IST_EnEncr_1.0,Chromosome,reference genome,56351229,1448200,1435183673,1921,4086,44.5,180,35487,27663,2023-12-28,GCF_034702125.1-RS_2024_02
GCF_049306965.1,Danio rerio,zebrafish,7955,Teleostei,Cypriniformes,Danionidae,Danio,GRCz12tu,Complete Genome,reference genome,59305174,59305174,1448791966,25,25,37,300,49597,27039,2025-04-04,GCF_049306965.1-RS_2025_04
GCF_903798145.1,Danio aesculapii,,1142201,Teleostei,Cypriniformes,Danionidae,Danio,fDanAes4.1,Chromosome,reference genome,55996547,1517104,1381485597,342,2163,36.5,52,34673,24964,2020-06-27,GCF_903798145.1-RS_2023_05
GCF_949357685.1,Gobio gobio,gudgeon,27704,Teleostei,Cypriniformes,Gobionidae,Gobio,fGobGob1.1,Chromosome,reference genome,58069932,2576923,1460662624,230,1276,39.5,34,27553,26164,2023-03-10,GCF_949357685.1-RS_2025_08
GCF_043380555.1,Nothobranchius furzeri,turquoise killifish,105023,Teleostei,Cyprinodontiformes,Nothobranchiidae,Nothobranchius,NfurGRZ-RIMD1,Chromosome,reference genome,76394082,9298000,1479182959,303,672,44.5,52,38438,24412,2024-10-21,GCF_043380555.1-RS_2024_12
GCF_902362185.1,Chanos chanos,milkfish,29144,Teleostei,Gonorynchiformes,Chanidae,Chanos,fChaCha1.1,Chromosome,reference genome,50300218,23134051,656912816,30,141,41.5,68,26101,23253,2019-08-14,GCF_902362185.1-RS_2025_07
GCF_902148855.1,Sphaeramia orbicularis,orbiculate cardinalfish,375764,Teleostei,Kurtiformes,Apogonidae,Sphaeramia,fSphaOr1.1,Chromosome,reference genome,57165184,2360121,1342662642,340,2183,38,53,29724,24204,2019-07-03,GCF_902148855.1-RS_2025_07
GCF_018320785.1,Cheilinus undulatus,humphead wrasse,241271,Teleostei,Labriformes,Labridae,Cheilinus,ASM1832078v1,Chromosome,reference genome,51466935,16477222,1173455521,45,329,39.5,77,26354,23316,2021-05-12,NCBI Cheilinus undulatus Annotation Release 100
GCF_029633865.1,Lampris incognitus,smalleye Pacific opah,2546036,Teleostei,Lampriformes,Lampridae,Lampris,fLamInc1.hap2,Chromosome,reference genome,62607046,917127,1482357630,544,3659,45,32,27751,20934,2023-04-13,GCF_029633865.1-RS_2023_05
GCF_951216825.1,Electrona antarctica,,206093,Teleostei,Myctophiformes,Myctophidae,Electrona,fEleAnt2.1,Chromosome,reference genome,53633514,1002537,1427425719,1900,5079,43.5,43,31676,28804,2023-05-11,GCF_951216825.1-RS_2025_09
GCF_949606895.1,Notothenia rossii,marbled rockcod,101497,Teleostei,Perciformes,Nototheniidae,Notothenia,fNotRos5.1,Chromosome,reference genome,89684120,383412,1042884354,942,5099,41.5,24,34920,29256,2023-03-11,GCF_949606895.1-RS_2025_08
GCF_034236695.1,Oncorhynchus nerka,sockeye salmon,8023,Teleostei,Salmoniformes,Salmonidae,Oncorhynchus,Oner_Uvic_2.0,Chromosome,reference genome,93356810,2842582,2645619652,11377,15727,44,23,55720,39518,2024-01-08,GCF_034236695.1-RS_2024_05
GCF_021184085.1,Oncorhynchus gorbuscha,pink salmon,8017,Teleostei,Salmoniformes,Salmonidae,Oncorhynchus,OgorEven_v1.0,Chromosome,reference genome,85609528,1451475,2690266878,19027,24239,44.5,44,59869,40846,2021-12-15,NCBI Oncorhynchus gorbuscha Annotation Release 100
GCF_045791955.1,Oncorhynchus clarkii lewisi,westslope cutthroat trout,490388,Teleostei,Salmoniformes,Salmonidae,Oncorhynchus,UVic_Ocla_1.0,Chromosome,reference genome,73539589,4987901,2404487246,3266,4647,43.5,68,60299,41663,2024-12-06,GCF_045791955.1-RS_2025_01
GCF_002021735.2,Oncorhynchus kisutch,coho salmon,8019,Teleostei,Salmoniformes,Salmonidae,Oncorhynchus,Okis_V2,Chromosome,reference genome,68265700,1159298,2375894934,4086,8770,43.5,300,63489,41349,2019-11-04,GCF_002021735.2-RS_2025_07
GCF_036934945.1,Oncorhynchus masou masou,cherry salmon,90313,Teleostei,Salmoniformes,Salmonidae,Oncorhynchus,UVic_Omas_1.1,Chromosome,reference genome,66338746,2468404,2664785840,17262,21300,44,33,55836,40543,2024-03-01,GCF_036934945.1-RS_2024_04
GCF_045679555.1,Salvelinus alpinus,Arctic char,8036,Teleostei,Salmoniformes,Salmonidae,Salvelinus,SLU_Salpinus.1,Chromosome,reference genome,59638343,2112528,2367887750,939,4793,43.5,30,54756,40864,2024-12-04,GCF_045679555.1-RS_2025_01
GCF_018398675.1,Coregonus clupeaformis,lake whitefish,59861,Teleostei,Salmoniformes,Salmonidae,Coregonus,ASM1839867v1,Chromosome,,57494107,5728271,2682595567,6354,8070,44,20,56925,39779,2021-05-25,NCBI Coregonus clupeaformis Annotation Release 100
GCF_901001165.2,Salmo trutta,river trout,8032,Teleostei,Salmoniformes,Salmonidae,Salmo,fSalTru1.2,Chromosome,reference genome,52209666,1703178,2371863509,1440,5377,43.5,68,61568,42457,2021-04-24,GCF_901001165.2-RS_2026_01
GCF_020615455.1,Coregonus clupeaformis,lake whitefish,59861,Teleostei,Salmoniformes,Salmonidae,Coregonus,ASM2061545v1,Chromosome,reference genome,52021072,2177185,2753270621,7333,8492,44,20,60366,42433,2021-11-04,NCBI Coregonus clupeaformis Annotation Release 101
GCF_029448725.1,Salvelinus fontinalis,brook trout,8038,Teleostei,Salmoniformes,Salmonidae,Salvelinus,ASM2944872v1,Chromosome,reference genome,50983633,1231776,2496185110,2721,6739,43.5,120,59184,41382,2023-03-28,GCF_029448725.1-RS_2023_04
GCF_027579695.1,Neoarius graeffei,lesser salmon catfish,443677,Teleostei,Siluriformes,Ariidae,Neoarius,fNeoGra1.pri,Chromosome,reference genome,83992109,14859289,2341916362,38,372,42.5,33.08,37430,24873,2023-01-09,GCF_027579695.1-RS_2023_11
GCF_033978785.1,Entelurus aequoreus,snake pipefish,161455,Teleostei,Syngnathiformes,Syngnathidae,Entelurus,RoL_Eaeq_v1.1,Chromosome,reference genome,75786231,2039131,1892198045,424,2988,38.5,80,35927,25442,2023-12-01,GCF_033978785.1-RS_2023_12
GCF_033978795.1,Nerophis ophidion,straightnose pipefish,159077,Teleostei,Syngnathiformes,Syngnathidae,Nerophis,RoL_Noph_v1.0,Chromosome,reference genome,66953617,4791538,1845757181,473,1645,39.5,80,35195,23280,2023-12-01,GCF_033978795.1-RS_2023_12
GCF_030265065.1,Corythoichthys intestinalis,scribbled pipefish,161448,Teleostei,Syngnathiformes,Syngnathidae,Corythoichthys,ASM3026506v1,Chromosome,reference genome,59287289,56274649,1326793283,109,118,39.5,80,27920,21732,2023-06-20,GCF_030265065.1-RS_2024_05
