"Gene","n_outliers","n_normals","outlier_mean_rank","normal_mean_rank","outlier_mean_magnitude","normal_mean_magnitude","standard_effect_size","magnitude_effect_size","phylo_diversity_score","phylo_weighted_effect","phylo_weighted_magnitude","p_value","species_in_analysis","adj_p_value"
"FTL",2,16,2221.5,492.875,0.5,1.1875,1728.625,-0.6875,1.10472041726929,1909.64733130212,-0.759495286872635,0.0139625915255014,18,0.152028653231345
"GCC2",2,13,1994.5,383.846153846154,0.5,2.34615384615385,1610.65384615385,-1.84615384615385,1.10913739913054,1786.43641782268,-2.04763827531792,0.133670081080989,15,0.431411561309125
"GCOM1",2,13,2221.5,642.307692307692,0.5,1.03846153846154,1579.19230769231,-0.538461538461539,1.06422087500562,1680.60941949445,-0.57304200961841,0.00625146899775983,15,0.0897680644672169
"SUN1",2,21,2221.5,901.714285714286,0.5,1.14285714285714,1319.78571428571,-0.642857142857143,1.20154133298798,1585.77708640135,-0.772419428349413,0.00919515443156874,23,0.115546657574052
"HMGA2",2,35,2221.5,687.571428571429,0.5,2.56666666666667,1533.92857142857,-2.06666666666667,1.02499769510134,1572.27325016438,-2.11832856987611,0.0125181963963462,37,0.141307098304518
"DNPEP",2,10,2221.5,866.7,0.5,1.4,1354.8,-0.9,1.11530532378078,1511.0156526582,-1.0037747914027,0.00981321421196524,12,0.120287128806789
"OR10H1",3,87,2026,582.022988505747,0.5,1.7911877394636,1443.97701149425,-1.2911877394636,0.922118990276514,1331.51862382158,-1.19062873457159,0.018401090315042,90,0.175073230711686
"OR52N2",2,24,2221.5,645.166666666667,0.5,1.03472222222222,1576.33333333333,-0.534722222222222,0.833040810925408,1313.14999828875,-0.445445433619836,0.0253995746369864,26,0.206649720343207
"AMY1C",2,39,1510,457.923076923077,0.75,1.97008547008547,1052.07692307692,-1.22008547008547,1.24107263809745,1305.70388240453,-1.51421469306334,0.0307090461665209,41,0.225201918812117
"FNBP1",3,40,1965.33333333333,784.35,0.5,1.1,1180.98333333333,-0.6,1.0946212158013,1292.72941217441,-0.656772729480783,0.0427227029404693,43,0.25827522080199
"PHACTR2",3,32,1703,646.59375,0.666666666666667,1.5,1056.40625,-0.833333333333333,1.20089039092109,1268.62811453398,-1.00074199243424,0.0275879935245533,35,0.215924542430672
"CCDC34",2,23,2221.5,790.434782608696,0.5,1.23913043478261,1431.0652173913,-0.739130434782609,0.85278819002919,1220.39551655286,-0.63032170567375,0.0262002496678311,25,0.211081043694865
"DEFB105A",2,27,1642,553.407407407407,1,1.40123456790123,1088.59259259259,-0.401234567901235,1.11595140768238,1214.81643609631,-0.447758280860213,0.244247558228278,29,0.536046762025366
"DEFB105B",2,27,1642,553.407407407407,1,1.40123456790123,1088.59259259259,-0.401234567901235,1.11595140768238,1214.81643609631,-0.447758280860213,0.244247558228278,29,0.536046762025366
"ITLN1",2,77,1587.5,522.220779220779,0.75,2.57792207792208,1065.27922077922,-1.82792207792208,1.14030609032957,1214.74438335608,-2.08439067810242,0.396548659905622,79,0.644936282044308
"ITGA6",3,30,1683.33333333333,598.9,0.666666666666667,1.98333333333333,1084.43333333333,-1.31666666666667,1.11563061843463,1209.8270303178,-1.4689136476056,0.0961060229046343,33,0.380237294581107
"ERBIN",2,55,2221.5,890.363636363636,0.5,1.27272727272727,1331.13636363636,-0.772727272727273,0.908052535412059,1208.74174997919,-0.701676959182046,0.038017282924203,57,0.248935000030644
"NELL1",2,42,1544,511.809523809524,0.5,1.75,1032.19047619048,-1.25,1.15393102407104,1191.07661322685,-1.4424137800888,0.017351230211069,44,0.169111014447395
"CHURC1",2,52,1737,596.903846153846,0.75,1.28205128205128,1140.09615384615,-0.532051282051282,1.04272389424935,1188.80550135716,-0.55478258476087,0.184659837047018,54,0.487707011791066
"NPAS1",3,5,1511.66666666667,463.2,0.833333333333333,1,1048.46666666667,-0.166666666666667,1.13121773397403,1186.04408681397,-0.188536288995672,0.0668005614530377,8,0.324811534774113
"PRIM2",2,50,1724.5,791.86,0.75,0.923333333333333,932.64,-0.173333333333333,1.26143975133602,1176.46916968602,-0.218649556898243,0.376087958669651,52,0.631183319128065
"SLC6A5",2,7,1544,471.857142857143,0.5,1.42857142857143,1072.14285714286,-0.928571428571429,1.09065146896736,1169.33418208572,-1.01274779261255,0.000738584824718933,9,0.0194170063130056
"MBD1",2,12,2221.5,925.333333333333,0.5,1.25,1296.16666666667,-0.75,0.901890894878579,1169.00091491178,-0.676418171158934,0.00470890141579775,14,0.0743745852076198
"NME4",2,18,2221.5,808.777777777778,0.5,1.08333333333333,1412.72222222222,-0.583333333333333,0.806833923711825,1139.83221367044,-0.470653122165231,0.0170384428730427,20,0.166876514021271
"OR4A15",4,153,1442.25,401.588235294118,2.75,3.48692810457516,1040.66176470588,-0.736928104575163,1.09134328150958,1135.71922523567,-0.804241535883696,0.121652822387062,157,0.418038911555044
"OR4L1",3,52,1603.33333333333,530.269230769231,0.666666666666667,1.375,1073.0641025641,-0.708333333333333,1.0579591776699,1135.25801553581,-0.749387750849514,0.135253999230328,55,0.432379984739513
"ZNF768",2,54,1994.5,636.074074074074,0.5,2.09567901234568,1358.42592592593,-1.59567901234568,0.818144283588978,1111.38840597536,-1.30549566239352,0.161272642771088,56,0.461306714755382
"SLC7A5",2,8,2221.5,830.625,0.5,0.9375,1390.875,-0.4375,0.786827662628082,1094.37892525783,-0.344237102399786,0.00141282514617694,10,0.0308505425361915
"COX7C",2,146,1737,524.828767123288,0.75,2.0810502283105,1212.17123287671,-1.3310502283105,0.885516123646845,1073.3971713332,-1.17866643855276,0.178388721549528,148,0.479060034483812
"DEFB107B",2,18,1642,478.777777777778,1,3.7037037037037,1163.22222222222,-2.7037037037037,0.922280518201845,1072.81719389501,-2.4935732529161,0.224475902572131,20,0.527906686330573
"IRX4",3,15,1846,822.066666666667,0.666666666666667,1.26666666666667,1023.93333333333,-0.6,1.04747235768701,1072.54186278099,-0.628483414612207,0.10303308915051,18,0.390732265600506
"CLDN15",3,4,1351.66666666667,390.75,0.583333333333333,1,960.916666666667,-0.416666666666667,1.11147463053837,1068.03449706149,-0.463114429390986,0.150709949070959,7,0.450102359108783
"EPC2",2,5,2221.5,523.4,0.5,1,1698.1,-0.5,0.628142988399837,1066.64960860176,-0.314071494199918,0.0181421320161958,7,0.173435309896456
"NME8",2,7,2221.5,596.857142857143,0.5,0.857142857142857,1624.64285714286,-0.357142857142857,0.651929492011358,1059.15259255702,-0.232831961432628,0.00218634448520967,9,0.0436831628144891
"VCP",3,14,1814,836.5,0.5,0.964285714285714,977.5,-0.464285714285714,1.07121202365736,1047.10975312507,-0.497348439555201,0.0511764428304017,17,0.280144190171807
"KRTAP9-9",4,133,1597.5,511.187969924812,0.75,2.74185463659148,1086.31203007519,-1.99185463659148,0.958164121771943,1040.86521226729,-1.90852364856705,0.0291143527242345,137,0.219511232992531
"VSTM1",2,61,2221.5,854.393442622951,0.5,1.25136612021858,1367.10655737705,-0.751366120218579,0.758785134103578,1037.34013247322,-0.57012544229094,0.0336690852477198,63,0.233452190172659
"TCF3",2,22,2221.5,1145,0.5,0.977272727272727,1076.5,-0.477272727272727,0.956393509332943,1029.55761279691,-0.456460538545268,0.00717823009560487,24,0.0976962508284764
"OR4K13",3,113,1505,452.725663716814,0.833333333333333,2.64896755162242,1052.27433628319,-1.81563421828909,0.966591995702448,1017.11995073443,-1.7549775025217,0.143877735540743,116,0.442939469353475
"TYRP1",2,3,1544,450.666666666667,0.5,1,1093.33333333333,-0.5,0.92820861975968,1014.84142427058,-0.46410430987984,0.00621295693992328,5,0.0897680644672169
"RASIP1",2,6,2221.5,742,0.5,1.22222222222222,1479.5,-0.722222222222222,0.68235582148125,1009.54543788151,-0.492812537736458,0.0014684233983854,8,0.0318502568265891
"STAMBP",2,44,1544,539.045454545455,0.5,2.66666666666667,1004.95454545455,-2.16666666666667,0.998014839113692,1002.95954899839,-2.16236548474633,0.00626759008667505,46,0.0897680644672169
"OR4P4",2,86,1346.5,455.127906976744,1.25,2.1937984496124,891.372093023256,-0.943798449612403,1.12447437763218,1002.32507954102,-1.06127717423813,0.441887310050767,88,0.672346285557894
"SPECC1",4,48,1784.75,751.375,0.625,1.41319444444444,1033.375,-0.788194444444444,0.967384726720999,999.671191975312,-0.762487267241898,0.0319102868809599,52,0.228516893759987
"NECAP2",2,23,2221.5,1111.73913043478,0.5,0.956521739130435,1109.76086956522,-0.456521739130435,0.898721033756787,997.365435918483,-0.410285689323751,0.0116878225256878,25,0.133823893445984
"LEFTY2",3,14,1523,600.285714285714,0.833333333333333,1.03571428571429,922.714285714286,-0.202380952380952,1.06112212022752,979.11253922136,-0.21475090528414,0.0802006757961487,17,0.35334277892107
"DEFB135",2,6,1510.5,531.666666666667,1.25,1.25,978.833333333333,0,0.997316882173438,976.207008167433,0,0.336686527526152,8,0.600356699685186
"ZG16",4,37,1401.25,457.216216216216,0.75,1.56756756756757,944.033783783784,-0.817567567567567,1.03179927158599,974.053370460678,-0.843565620688549,0.0443475795929329,41,0.264920952271546
"OR56A3",3,115,1432.66666666667,448.782608695652,1.16666666666667,2.14492753623188,983.884057971014,-0.978260869565218,0.988863956015124,972.927481825431,-0.967366913493056,0.191623486547691,118,0.495765676006406
"SMG1",2,7,1847,770,0.75,0.857142857142857,1077,-0.107142857142857,0.897014909919309,966.085057983095,-0.0961087403484973,0.256372681049383,9,0.542619297390536
"NOX4",3,36,1273.33333333333,512.111111111111,1,1.91666666666667,761.222222222222,-0.916666666666667,1.26552071268355,963.342489177219,-1.16006065329325,0.00288330308609082,39,0.0528517391377014
"CHFR",2,23,1903.5,888.391304347826,0.5,1.20289855072464,1015.10869565217,-0.702898550724638,0.948989975425805,963.327976141477,-0.667043678379008,0.249222171485118,25,0.538948041857232
"CES2",2,103,1188,365.378640776699,0.75,5.65857605177994,822.621359223301,-4.90857605177994,1.1629572888821,956.67350569884,-5.70846429744961,0.191805239015491,105,0.495765676006406
"OR5H2",3,154,1201.33333333333,290.668831168831,3.16666666666667,4.42857142857143,910.664502164502,-1.26190476190476,1.04853402777353,954.862718404923,-1.3231500826666,0.284545749173982,157,0.568522406849617
"PFKL",2,75,1707.5,759.453333333333,0.75,1.13333333333333,948.046666666667,-0.383333333333333,0.99404153288641,942.397761781185,-0.381049254273124,0.379415826371838,77,0.634105245580035
"OR6Y1",2,40,1862,744.075,0.5,1.6,1117.925,-1.1,0.839522689392546,938.523402539162,-0.923474958331801,0.114175908951056,42,0.406999939490115
"RBM28",2,17,1771,801.941176470588,0.5,0.941176470588235,969.058823529412,-0.441176470588235,0.96101384601496,931.278947014732,-0.423976696771306,0.169230276821853,19,0.469115907592104
"SLC6A7",2,15,1737,869.2,0.75,0.933333333333333,867.8,-0.183333333333333,1.07277030649229,930.95007197401,-0.196674556190253,0.217341555610451,17,0.5220343781675
"OR2T2",8,182,1062.25,200.928571428571,5.75,11.2069597069597,861.321428571429,-5.45695970695971,1.07567929532787,926.50562733651,-5.869938572215,0.00231659658649937,190,0.0447203862785096
"LYZ",3,143,1120.33333333333,309.706293706294,1.66666666666667,3.82400932400932,810.62703962704,-2.15734265734266,1.13784067627992,922.364418980019,-2.45471222819828,0.197705414178284,146,0.500019515858495
"OR4C12",2,50,1362.5,549.8,1,1.21666666666667,812.7,-0.216666666666667,1.12252932253532,912.279580424455,-0.243214686549319,1.89644609502065e-09,52,7.57819859570253e-07
"SRM",2,9,2221.5,1111.66666666667,0.5,0.87037037037037,1109.83333333333,-0.37037037037037,0.820823360984264,910.977126799036,-0.304008652216394,0.0057143505113282,11,0.0858441527942386
"OR51A2",4,69,1476.5,525.739130434783,0.75,1.54589371980676,950.760869565217,-0.795893719806763,0.954511515482721,907.512198470365,-0.759689720655934,0.11626381863832,73,0.410396433634688
"ZNF574",4,122,1156.5,449.049180327869,1.375,3.16666666666667,707.450819672131,-1.79166666666667,1.28170812666351,906.745464788532,-2.29639372693879,0.192559784491073,126,0.495886406677629
"SEPTIN11",2,48,1994.5,995.270833333333,0.5,1.01388888888889,999.229166666667,-0.513888888888889,0.904698966531925,904.00159441189,-0.464914746690017,0.211658246527461,50,0.51603804339459
"IGHM",2,35,1365.5,536.057142857143,0.75,1.12857142857143,829.442857142857,-0.378571428571429,1.08640350295005,901.109625496899,-0.411281326116805,0.456104712889004,37,0.681343713160545
"SRP9",3,23,2026,907.739130434783,0.5,2.1231884057971,1118.26086956522,-1.6231884057971,0.802532029048019,897.440164657177,-1.30266068483157,0.0149467388468542,26,0.157220266779477
"CDRT1",2,25,1724.5,876.44,0.75,0.966666666666667,848.06,-0.216666666666667,1.05775188123102,897.037060396777,-0.229179574266721,0.402499383888198,27,0.649591089667705
"C17orf97",2,9,1862,810.444444444444,0.5,1.11111111111111,1051.55555555556,-0.611111111111111,0.845771909976298,889.376150668409,-0.516860611652182,0.0568632050958071,11,0.298196020423681
"ZNF410",2,17,1737,902.529411764706,0.75,1.05882352941176,834.470588235294,-0.308823529411765,1.03218422803568,861.327379936126,-0.318762776305136,0.232351826496822,19,0.532312298805072
"IFITM5",2,17,1467.5,515.823529411765,0.375,1.14705882352941,951.676470588235,-0.772058823529412,0.904633448739823,860.918367672778,-0.698430236159422,0.47679967266863,19,0.696887890264757
"SSH2",2,53,1862,969.509433962264,0.5,1.05974842767296,892.490566037736,-0.559748427672956,0.96426304002754,860.595666403447,-0.53974472051856,0.138704858654113,55,0.434046199043617
"MRPS7",3,6,1725.66666666667,641.833333333333,0.5,1,1083.83333333333,-0.5,0.79038931944242,856.650290722343,-0.39519465972121,0.00825295810034154,9,0.106928470619596
"TOMM7",2,34,1527,739.764705882353,1.25,1.36764705882353,787.235294117647,-0.117647058823529,1.0880292238534,856.535006048825,-0.1280034381004,0.514867453999275,36,0.720449585072825
"KRTAP2-2",3,81,1469.33333333333,689.950617283951,1,1.26954732510288,779.382716049383,-0.269547325102881,1.09438204086992,852.942447408862,-0.294987751757117,0.199301337190189,84,0.50120084544493
"PRSS22",2,15,2221.5,1076.4,0.5,0.911111111111111,1145.1,-0.411111111111111,0.744721780453896,852.780910797756,-0.306163398631046,0.00274639597788035,17,0.0510446433842319
"SLC9A7",2,51,1847,961.764705882353,0.75,0.970588235294118,885.235294117647,-0.220588235294118,0.960069830047693,849.887698375749,-0.211780109569344,0.328979742215453,53,0.595326392135753
"CHEK2",2,38,1592,799.631578947368,0.75,1.28508771929825,792.368421052632,-0.535087719298246,1.06659493622177,845.136145516777,-0.570721851837965,0.352803883884468,40,0.61429382135178
"FPR3",3,38,1703,686.631578947368,0.666666666666667,1.45614035087719,1016.36842105263,-0.789473684210526,0.8314597460795,845.069429291643,-0.656415589010132,0.0233519929011183,41,0.200676480930901
"TCEA1",2,22,1592,896.545454545455,0.75,1.09090909090909,695.454545454545,-0.340909090909091,1.21028266788467,841.69658266525,-0.412596364051593,0.387783827004454,24,0.640324038309835
"EXOC7",2,26,1737,880.807692307692,0.75,1.2051282051282,856.192307692308,-0.455128205128205,0.978532015300531,837.811584330966,-0.445357519784216,0.230894798596683,28,0.531818799135771
"MRPL22",3,26,1523,791.038461538462,0.833333333333333,1,731.961538461538,-0.166666666666667,1.14351114044993,837.00617361164,-0.190585190074988,0.122894429231253,29,0.421171645976059
"MXI1",2,27,1544,795.296296296296,0.5,1.23456790123457,748.703703703704,-0.734567901234568,1.11759444138778,836.747097505702,-0.82094900324164,0.00862150068138231,29,0.109369894358107
"DHRS4",2,59,1519.5,719.016949152542,0.416666666666667,1.27118644067797,800.483050847458,-0.854519774011299,1.04408553272844,835.772772584151,-0.89219173347557,0.512859237348944,61,0.719587609707296
"USP45",3,31,2026,1120.83870967742,0.5,0.978494623655914,905.161290322581,-0.478494623655914,0.922180279086837,834.721891328279,-0.441258305584562,0.0364167086920213,34,0.243346434671099
"RAB26",2,31,1737,798.838709677419,0.75,0.967741935483871,938.161290322581,-0.217741935483871,0.884828812081502,830.112140056978,-0.192664338114521,0.221551690350471,33,0.52478989605245
"RIBC2",2,6,2221.5,964,0.5,1,1257.5,-0.5,0.659693323238219,829.56435397206,-0.329846661619109,0.00287595937641033,8,0.0528517391377014
"OR51I1",3,39,1364.66666666667,532.076923076923,0.833333333333333,1.30769230769231,832.589743589744,-0.474358974358975,0.995607623827142,828.932696238234,-0.472275411302619,0.234152988533917,42,0.532761249789442
"PDCD6",2,11,2221.5,1286.09090909091,0.5,0.954545454545455,935.409090909091,-0.454545454545455,0.880043269374935,823.200474566672,-0.400019667897698,0.0110919820239142,13,0.128847558626631
"MOSPD2",2,28,1737,925.357142857143,0.75,0.982142857142857,811.642857142857,-0.232142857142857,1.01296679642535,822.167264841521,-0.235153006313028,0.251340632826854,30,0.540868283017005
"ELN",2,33,1257,555.69696969697,0.75,1.62121212121212,701.30303030303,-0.871212121212121,1.1682490789863,819.296619241816,-1.01779275820776,0.144598410322445,35,0.443109852491173
"OR6K3",2,118,1143.5,339.618644067797,5.75,5.60875706214689,803.881355932203,0.141242937853108,1.01109339230029,812.799127176447,0.142809801172358,0.551362157171672,120,0.742582804198855
"NXPE4",2,11,1544,566.818181818182,0.5,1.5,977.181818181818,-1,0.83119742092516,812.231007047686,-0.83119742092516,0.0105553678080913,13,0.126285178925548
"PRKCG",2,32,1642,754.03125,1,1.71354166666667,887.96875,-0.713541666666667,0.909734049103735,807.815406415083,-0.649133149620894,0.292032169599311,34,0.575424334180891
"FKBP6",3,12,1788.66666666667,897.333333333333,0.666666666666667,0.958333333333333,891.333333333333,-0.291666666666667,0.905321404085422,806.943144841473,-0.264052076191582,0.168272407455253,15,0.467930786493523
"NICN1",2,15,2221.5,1064.53333333333,0.5,1,1156.96666666667,-0.5,0.695140227476194,804.25407184904,-0.347570113738097,0.02466746240163,17,0.203659462307673
"UBTFL1",2,18,1620,477.555555555556,1.25,1.83333333333333,1142.44444444444,-0.583333333333333,0.70143735043673,801.353204132273,-0.409171787754759,0.362560536959266,20,0.620999530942661
"BLOC1S2",2,8,1737,849.75,0.75,1.125,887.25,-0.375,0.90225180969432,800.522918151285,-0.33834442863537,0.194840170114365,10,0.497146035680246
"TUBG2",2,10,1707.5,837.1,0.75,0.883333333333333,870.4,-0.133333333333333,0.908894102651875,791.101426948192,-0.121185880353583,0.392262214344683,12,0.64245381846828
"ERH",2,18,2221.5,957.722222222222,0.5,0.916666666666667,1263.77777777778,-0.416666666666667,0.625278053494385,790.212508938348,-0.260532522289327,0.00793961532698483,20,0.104364154100761
"H2BU1",3,40,1846,819.375,0.666666666666667,1.13333333333333,1026.625,-0.466666666666667,0.7676021969443,788.039605437942,-0.358214358574007,0.113593790628732,43,0.406282235152181
"MAGOH",2,36,2221.5,1008.91666666667,0.5,1.1712962962963,1212.58333333333,-0.671296296296296,0.648186656707947,785.980336813112,-0.435125301956724,0.0368160444088309,38,0.244374936150033
"EFHB",3,32,1695,890.53125,0.666666666666667,1.078125,804.46875,-0.411458333333333,0.974864533122665,784.248052380524,-0.40111613602443,0.268457303543615,35,0.556442575095835
"OR51F2",2,33,1504,759.454545454545,0.75,1.03030303030303,744.545454545455,-0.28030303030303,1.05306805691225,784.057035101027,-0.295178167467826,0.422436309942512,35,0.660687082007937
"KIF2A",2,21,1592,751.47619047619,0.75,1.61904761904762,840.52380952381,-0.869047619047619,0.932650488567856,783.914941605297,-0.810517686493494,0.332356962108934,23,0.597777722084598
"KRT85",3,63,1303,639.603174603175,0.666666666666667,0.981481481481482,663.396825396825,-0.314814814814815,1.17882850681986,782.031089111575,-0.371112678072919,0.10920223848767,66,0.401077339151404
"ACAP1",2,13,1544,732.846153846154,0.5,1.16666666666667,811.153846153846,-0.666666666666667,0.960909137686747,779.44514283898,-0.640606091791164,0.00333971434588656,15,0.058790742406003
"SLC25A36",3,29,1703,890.931034482759,0.666666666666667,1.10344827586207,812.068965517241,-0.436781609195402,0.958164294562639,778.095487481039,-0.418508542452647,0.0426444732563008,32,0.258192901715421
"MFGE8",2,28,1544,776.428571428571,0.5,1.17857142857143,767.571428571429,-0.678571428571429,1.0123771582207,777.071781588546,-0.686970214506904,0.00680935256306388,30,0.0938934426474672
"AMELY",3,60,1694.66666666667,781.533333333333,0.666666666666667,0.927777777777778,913.133333333333,-0.261111111111111,0.847162771349957,773.572565278691,-0.221203612519156,0.126747288873952,63,0.423126287669434
"CYP2W1",2,15,1737,948.4,0.75,0.911111111111111,788.6,-0.161111111111111,0.980387246762187,773.13338279666,-0.157951278645019,0.236384450257764,17,0.53325581523633
"OR4K2",4,160,1226.5,482.60625,2.5,2.60729166666667,743.89375,-0.107291666666666,1.03618192034812,770.809254409965,-0.111173685204017,0.160738426981377,164,0.461306714755382
"ZFP3",2,63,1707.5,464.52380952381,0.75,10.005291005291,1242.97619047619,-9.255291005291,0.619330142393179,769.81262103895,-5.73208069619719,0.303789184507557,65,0.583256020827026
"SLCO1B3",4,43,1317.25,575.46511627907,1.125,1.67441860465116,741.78488372093,-0.549418604651163,1.0365158278577,768.87177284233,-0.569481079840424,0.0834093661339941,47,0.355713796234195
"HIGD1C",3,30,1507.66666666667,801.5,1,0.983333333333333,706.166666666667,0.0166666666666667,1.08768336944774,768.085739391676,0.0181280561574623,0.200050554801931,33,0.502136945344544
"RPL23",2,42,1862,768.452380952381,0.5,1.55952380952381,1093.54761904762,-1.05952380952381,0.700064532496534,765.55390269127,-0.741735040383233,0.112607775663717,44,0.405367059981384
"EPC1",3,21,1834.66666666667,1128.09523809524,0.666666666666667,1.04761904761905,706.571428571429,-0.380952380952381,1.07954245290619,762.773853153429,-0.411254267773786,0.210201014833786,24,0.514902711137926
"SCNN1B",2,23,1638.5,840.304347826087,0.75,1.10869565217391,798.195652173913,-0.358695652173913,0.95469557346087,762.033855886147,-0.342445151350095,0.463755753385712,25,0.687584777332411
"PLTP",3,17,1602.66666666667,794.352941176471,0.666666666666667,1.38235294117647,808.313725490196,-0.715686274509804,0.942453030175385,761.79771992059,-0.674500698066697,0.323403402462546,20,0.591721610000153
"PRKD2",2,42,1707.5,882.928571428571,0.75,1.36111111111111,824.571428571429,-0.611111111111111,0.92322946332168,761.268637470391,-0.564195783141027,0.422234356713105,44,0.660629792257466
"LEFTY1",3,25,1523,680.48,0.833333333333333,1.08,842.52,-0.246666666666667,0.90104463102824,759.148122533913,-0.222257675653633,0.0989335263465036,28,0.383079817132392
"XKR8",2,4,1362.5,690,1,1,672.5,0,1.12275732910061,755.054303820161,0,0.0579493102852952,6,0.301095387594004
"SULT1E1",2,9,1186,484.111111111111,0.75,1.27777777777778,701.888888888889,-0.527777777777778,1.0720433021481,752.455282185505,-0.565800631689274,0.209501560426283,11,0.513959047290748
"GIP",2,10,1903.5,935.2,0.5,1.03333333333333,968.3,-0.533333333333333,0.776322771352514,751.713339500639,-0.414038811388007,0.239838347097734,12,0.534311869916102
"SLC9A6",2,51,1847,932.764705882353,0.75,1.19934640522876,914.235294117647,-0.449346405228758,0.821556148552575,751.095627106125,-0.369163302045683,0.319449199358731,53,0.589159263434654
"OR10A2",2,77,1346.5,619.064935064935,1.25,1.32683982683983,727.435064935065,-0.0768398268398269,1.03132138541698,750.219338969723,-0.0792465566716512,0.506360829333626,79,0.713727645155969
"KIF2C",2,23,1592,899.695652173913,0.75,1.95652173913043,692.304347826087,-1.20652173913043,1.08161861375775,748.809268994113,-1.30499637094685,0.388030919929756,25,0.640401695781213
"AMELX",3,59,1694.66666666667,790.898305084746,0.666666666666667,0.912429378531073,903.768361581921,-0.245762711864407,0.828142193090546,748.448713006302,-0.20352647118327,0.128868903109495,62,0.425235455677573
"SLC12A4",3,15,1511.66666666667,739.2,0.833333333333333,1.22222222222222,772.466666666667,-0.388888888888889,0.96752375564542,747.379850444232,-0.376259238306552,0.105539694719729,18,0.393411026212721
"PKD2L2",4,17,1505.5,780.235294117647,0.75,1.38235294117647,725.264705882353,-0.63235294117647,1.02903949989895,746.326030235534,-0.650716154347864,0.0335746146339173,21,0.233452190172659
"CLEC4M",3,51,1216,510.78431372549,1,3.01633986928105,705.21568627451,-2.01633986928105,1.04833777347316,739.304242367365,-2.11380524912725,0.0280486672100355,54,0.217024297228518
"OR56A4",5,117,1201,484.316239316239,1.6,1.50854700854701,716.683760683761,0.0914529914529916,1.03090935731437,738.835995124142,0.0942797446432802,0.162797752996246,122,0.46203112285014
"KIF5A",3,29,1511.66666666667,801.620689655172,0.833333333333333,1.22413793103448,710.045977011494,-0.390804597701149,1.03811061081956,737.106262905375,-0.405698399630633,0.13629022815498,32,0.432539684285808
"RPL22L1",2,40,2221.5,976.45,0.5,1.175,1245.05,-0.675,0.591825881340927,736.852813563521,-0.399482469905126,0.0397199653131375,42,0.253015199849524
"TMEM47",4,41,1550.75,652.512195121951,0.625,0.947154471544715,898.237804878049,-0.322154471544715,0.820089187437096,736.63511152772,-0.264195398798333,0.109427288685574,45,0.401172472724921
"REEP3",2,3,1771,737.333333333333,0.5,1,1033.66666666667,-0.5,0.71238947831936,736.373257422778,-0.35619473915968,0.116361150978003,5,0.410396433634688
"TATDN1",3,16,1453.33333333333,819.375,0.833333333333333,1.15625,633.958333333333,-0.322916666666667,1.15940665325774,735.015509554854,-0.374391731781145,0.00163588108074066,19,0.0349571165702655
"KRTAP2-4",2,27,1399.5,750.296296296296,0.75,1.16666666666667,649.203703703704,-0.416666666666667,1.12932540619444,733.162236388117,-0.470552252581015,0.619321017555803,29,0.787692080564499
"TMEM30A",5,30,1398,744.066666666667,0.8,1.06666666666667,653.933333333333,-0.266666666666667,1.12049379942031,732.728245234255,-0.298798346512083,0.0386139096415985,35,0.249046573640478
"THRA",2,21,1862,1056.52380952381,0.5,0.96031746031746,805.47619047619,-0.46031746031746,0.909606350399069,732.666257952393,-0.418707685104333,0.115475410539435,23,0.410168658236074
"SNRPD2",3,52,1559.66666666667,613.923076923077,1,3.12820512820513,945.74358974359,-2.12820512820513,0.77134833984101,729.497747863995,-1.64158749248215,0.29112300004402,55,0.574138841454939
"SNX1",3,22,1725.66666666667,1013.86363636364,0.5,1.04545454545455,711.80303030303,-0.545454545454545,1.02289959864744,728.103034013004,-0.557945235625878,0.0429787805463576,25,0.259430826379524
"OR4K15",6,74,1389.83333333333,704.418918918919,0.833333333333333,1.15765765765766,685.414414414414,-0.324324324324324,1.06151815197717,727.579842527701,-0.344276157398,0.0504897312637841,80,0.278345404951219
"OR4S2",4,158,1019.25,333.189873417722,4.625,4.48417721518987,686.060126582278,0.140822784810126,1.05868208297202,726.319563854175,0.149086559152705,0.241281468582205,162,0.535145372394881
"APOBR",2,4,1152.5,546,1.5,0.875,606.5,0.625,1.19360954385528,723.924188348226,0.746005964909549,0.0325887039804332,6,0.231042829443683
"ARMC6",3,16,1642.33333333333,900.5625,0.666666666666667,1,741.770833333333,-0.333333333333333,0.974017969594283,722.498120987592,-0.324672656531428,0.0584077254546721,19,0.301546861649703
"LINC02203",5,168,881,234.339285714286,6.3,9.24007936507936,646.660714285714,-2.94007936507936,1.11508249080349,721.08003999048,-3.27843102157265,0.124203892390659,173,0.42188529350969
"VEGFB",2,7,1737,720.857142857143,0.75,1,1016.14285714286,-0.25,0.707648888540938,719.072363455956,-0.176912222135235,0.16768384809843,9,0.467815056882741
"ANXA8L1",3,28,1459.66666666667,661,1,1.92261904761905,798.666666666667,-0.922619047619048,0.899554886950431,718.444503044411,-0.829946473079267,0.118954406524051,31,0.4137284735698
"SBK3",3,20,1243.33333333333,655.6,0.666666666666667,1.20833333333333,587.733333333333,-0.541666666666667,1.21920165833087,716.565454656327,-0.660400898262552,0.186849688061054,23,0.490016417064947
"CYP11B1",2,106,1396.5,718.179245283019,0.75,1.15094339622642,678.320754716981,-0.400943396226415,1.05601454549085,716.316583489465,-0.423402058333597,0.0132951694539817,108,0.146356741427303
"CAMKK2",2,43,1707.5,861.488372093023,0.75,1.24418604651163,846.011627906977,-0.494186046511628,0.843619413074922,713.711832989443,-0.416904942507955,0.414342016257069,45,0.655727008698317
"PLAAT3",2,85,1455,605.717647058824,0.75,1.62352941176471,849.282352941176,-0.873529411764706,0.837841927635232,711.564363694821,-0.731879566199012,0.407613068233904,87,0.651934347186189
"BPTF",4,38,1523.25,819.052631578947,1,1.21052631578947,704.197368421053,-0.210526315789474,1.01043371788198,711.54476509639,-0.212722887975154,0.19299247103895,42,0.495908339135272
"MAPK1",2,24,1737,1050.875,0.75,1.01388888888889,686.125,-0.263888888888889,1.03652696649915,711.18706488923,-0.273527949492831,0.284361574134273,26,0.568522406849617
"LSM1",3,29,1725.66666666667,795.275862068965,0.5,1.03448275862069,930.390804597701,-0.53448275862069,0.763835242811018,710.665286139023,-0.408256767709337,0.026584525502528,32,0.212252993261512
"ZFYVE27",2,14,1737,1097.71428571429,0.75,0.964285714285714,639.285714285714,-0.214285714285714,1.11126387434781,710.415119672349,-0.23812797307453,0.29724974614133,16,0.577728592208538
"TERT",2,14,1994.5,1034.07142857143,0.5,1.03571428571429,960.428571428571,-0.535714285714286,0.739054502139539,709.809059697732,-0.39592205471761,0.204861844729996,16,0.505638005893183
"RFLNA",2,12,1737,828.5,0.75,0.916666666666667,908.5,-0.166666666666667,0.780141656750388,708.758695157727,-0.130023609458398,0.21315742916021,14,0.51874365829732
"OR4D10",3,174,958.666666666667,289.005747126437,7.16666666666667,6.95402298850575,669.66091954023,0.21264367816092,1.05713293074213,707.920610477032,0.22479263469804,0.373766177299825,177,0.628656664506201
"ZNF674",2,38,2221.5,740,0.5,3.36842105263158,1481.5,-2.86842105263158,0.477675067583709,707.675612625264,-1.37017322017432,0.0276119722677861,40,0.215924542430672
"SLC25A15",4,22,1462.5,539.636363636364,0.875,1.56818181818182,922.863636363636,-0.693181818181818,0.763021951989935,704.165213238711,-0.528912943993023,0.0529369994509483,26,0.286246616787536
"RPL37A",4,91,1503,540.45054945055,0.875,2.67582417582418,962.54945054945,-1.80082417582418,0.730503151371904,703.145406977669,-1.31550773550627,0.0466271388830939,95,0.269251512972317
"OR2J3",7,126,1096.57142857143,398.746031746032,1.42857142857143,3.59126984126984,697.825396825397,-2.16269841269841,1.00550224554086,701.665003503375,-2.1745981103959,0.0212256692560584,133,0.192528782697866
"ZNF316",2,43,1994.5,805.441860465116,0.5,2.51550387596899,1189.05813953488,-2.01550387596899,0.586386770398684,697.247962258128,-1.18186480855549,0.174966008138871,45,0.473688461058896
"SULT2A1",5,132,1186.4,538.530303030303,2.2,2.92676767676768,647.869696969697,-0.726767676767678,1.07482917794846,696.349253811659,-0.781151104579717,0.128088944998257,137,0.424452994663788
"SBDS",4,9,1649.75,740.555555555556,0.75,1.11111111111111,909.194444444444,-0.361111111111111,0.764332002419527,694.926410310931,-0.276008778651496,0.0659513414556454,13,0.322572289420757
"OR52L1",5,115,1173,543.904347826087,1.1,1.33913043478261,629.095652173913,-0.239130434782609,1.10381710325864,694.406540455214,-0.263956263822718,0.0242283990408748,120,0.202682580547829
"NOP10",2,35,2221.5,978.942857142857,0.5,1.05714285714286,1242.55714285714,-0.557142857142857,0.557568155389195,692.810294108526,-0.310645115145409,0.0257960462746282,37,0.208244446289726
"HORMAD2",2,7,1737,807.428571428571,0.75,1.14285714285714,929.571428571429,-0.392857142857143,0.744073507103111,691.669472959992,-0.292314592076222,0.216678461598528,9,0.5220343781675
"NXPE1",6,25,1304,599.96,0.75,1.88,704.04,-1.13,0.980237094946808,690.12612432635,-1.10766791728989,0.0481234447453686,31,0.274716121717847
"KRT83",7,157,1285.71428571429,599.369426751592,1,1.41188959660297,686.344858962693,-0.411889596602973,0.997616529541051,684.708976266704,-0.410907869917121,0.0511774921985534,164,0.280144190171807
"NODAL",2,3,1737,681,0.75,1,1056,-0.25,0.64727177479488,683.518994183393,-0.16181794369872,0.130691954703939,5,0.42612810318086
"UBL7",2,9,1223,532.888888888889,1,1,690.111111111111,0,0.990362078949256,683.459874705981,0,0.0716093790600628,11,0.336648327910601
"LIMS4",4,2,1183.25,416.5,1.125,1,766.75,0.125,0.890115544622222,682.496093839089,0.111264443077778,0.0796353772551829,6,0.352839779032603
"HAVCR1",2,88,992,395.159090909091,1,2.45265151515151,596.840909090909,-1.45265151515151,1.14089959271372,680.935550096706,-1.65732952199134,0.0368763980226401,90,0.244374936150033
"HRH3",4,19,1680,877.736842105263,0.625,1.28947368421053,802.263157894737,-0.664473684210526,0.847856386822389,680.203942333352,-0.563378257033298,0.119387098858285,23,0.414483794124855
"KRTAP2-1",5,102,1228.6,600.21568627451,1.1,1.5359477124183,628.38431372549,-0.435947712418301,1.08163989263544,679.685541631831,-0.471538436854795,0.0902980024752172,107,0.369325299786047
"OR52N4",6,150,1089.5,428.76,2.5,2.12666666666667,660.74,0.373333333333334,1.0262454458828,678.0814159126,0.383131633129578,0.083262019515856,156,0.355464775625385
"TRPM2",4,52,1724.5,933.096153846154,0.625,1.10576923076923,791.403846153846,-0.480769230769231,0.856378721898738,677.741414274976,-0.411720539374393,0.0983113139808058,56,0.383079817132392
"CDK3",2,16,1737,817.875,0.75,1.3125,919.125,-0.5625,0.73676591525571,677.179971859404,-0.414430827331337,0.220352784922461,18,0.523813044943579
"KRTAP1-4",2,21,1544,790.142857142857,0.5,1.07142857142857,753.857142857143,-0.571428571428571,0.897854142825739,676.853758813061,-0.513059510186137,0.00440554883906731,23,0.0712735755502549
"SDR9C7",2,47,1399.5,751.382978723404,0.75,1.31914893617021,648.117021276596,-0.569148936170213,1.03907923737795,673.444940199755,-0.591390842550218,0.620120594906018,49,0.787755396572775
"DNAH1",2,12,1544,731,0.5,2.08333333333333,813,-1.58333333333333,0.825487904447204,671.121666315577,-1.30702251537474,0.0014871702675347,14,0.0319501741347777
"PCDHGB5",5,114,1060,509.350877192982,0.866666666666667,1.5921052631579,550.649122807018,-0.725438596491228,1.21510155073852,669.094603035614,-0.881481563562068,0.244852320394321,119,0.536253169728591
"SLC18A2",2,10,1737,910.3,0.75,0.9,826.7,-0.15,0.808682362825486,668.537709347829,-0.121302354423823,0.219553853531319,12,0.522668560807893
"OR4C3",3,31,1214.66666666667,563.161290322581,1,1.29032258064516,651.505376344086,-0.290322580645161,1.0234500145062,666.783186870224,-0.297130649372768,0.0422709740753877,34,0.257885209779007
"SLBP",2,15,1737,904.066666666667,0.75,1.03333333333333,832.933333333333,-0.283333333333333,0.800060284574187,666.396879697993,-0.22668374729602,0.232302844399522,17,0.532312298805072
"OR5AR1",2,34,1636.5,940.264705882353,0.75,0.990196078431373,696.235294117647,-0.240196078431373,0.955969237966368,665.579523562937,-0.229620062060549,0.508540149293277,36,0.715532283506009
"CXCL8",3,35,1392.66666666667,620.857142857143,0.833333333333333,1.12857142857143,771.809523809524,-0.295238095238095,0.859523025431938,663.388056961945,-0.25376394084181,1.00705110488604e-10,38,1.00604405378115e-07
"PDPR",3,51,1523,678.450980392157,0.833333333333333,0.986928104575163,844.549019607843,-0.15359477124183,0.784450691451704,662.507062396231,-0.12048752450402,0.0985285201443046,54,0.383079817132392
"TNNI2",3,26,1965.33333333333,961.346153846154,0.5,0.891025641025641,1003.98717948718,-0.391025641025641,0.657407345567767,660.028546650736,-0.257063128715601,0.0475925022472368,29,0.272854575294058
"FPR2",2,56,1348,632.107142857143,0.75,1.29166666666667,715.892857142857,-0.541666666666667,0.921565102371933,659.741874180193,-0.49918109711813,0.232442644216777,58,0.532312298805072
"NHP2",2,9,1903.5,929.222222222222,0.5,0.87037037037037,974.277777777778,-0.37037037037037,0.672079642371736,654.792260459618,-0.248918386063606,0.262723613254736,11,0.551417709701902
"BTN2A1",3,41,1714.33333333333,743.463414634146,1,1.64634146341463,970.869918699187,-0.646341463414634,0.672937836857577,653.335102959523,-0.434947626261605,0.197668571546801,44,0.500019515858495
"ZNF449",5,82,1094.8,514.439024390244,1.6,1.27439024390244,580.360975609756,0.325609756097561,1.12474443923773,652.757780067658,0.366227762532286,0.210007369693764,87,0.514840152942503
"IGHV3-72",7,109,990.571428571429,281.302752293578,2.07142857142857,8.16360856269113,709.26867627785,-6.09217999126256,0.919749881992786,652.349781307732,-5.60328182804255,0.0726359687872453,116,0.339477580437231
"DPPA5",2,11,1362.5,704.454545454545,1,1,658.045454545455,0,0.98628980725956,649.023524531666,0,0.000578922211564774,13,0.0159782082944329
"PKD2",3,40,1174.66666666667,548.8,1.33333333333333,1.30416666666667,625.866666666667,0.0291666666666666,1.03590843490867,648.340559128171,0.0302139960181693,0.0704735994002076,43,0.334986151892113
"DEFB136",2,6,1510.5,820,1.25,1.08333333333333,690.5,0.166666666666667,0.938861459800031,648.283837991922,0.156476909966672,0.43078444168347,8,0.666214397611537
"GFY",2,2,1994.5,809,0.5,1,1185.5,-0.5,0.54598918663725,647.27018075846,-0.272994593318625,0.202221614895043,4,0.50284852092134
"ARHGEF1",2,32,1257,734.03125,0.75,1.296875,522.96875,-0.546875,1.2366517473768,646.730218510958,-0.676293924346685,0.165198538621748,34,0.465866873911437
"SLC25A2",4,3,1649.75,544,0.75,1,1105.75,-0.25,0.584860853326939,646.709888566263,-0.146215213331735,0.0386408597740481,7,0.249046573640478
"GTPBP1",3,7,1834.66666666667,920.285714285714,0.666666666666667,1.14285714285714,914.380952380952,-0.476190476190476,0.70584292606982,645.40932697108,-0.336115679080867,0.133763494610111,10,0.431411561309125
"TMEM239",3,57,1159,625.526315789474,0.583333333333333,1.72222222222222,533.473684210526,-1.13888888888889,1.20772411972697,644.28903566066,-1.37546358080016,0.302312143791402,60,0.581627022913069
"NCF2",2,13,1544,930.461538461538,0.5,1.23076923076923,613.538461538462,-0.730769230769231,1.04893322889572,643.560879513248,-0.766528128808408,0.00669940275848794,15,0.0932780955502362
"MICOS13",2,7,1737,955.428571428571,0.75,1.14285714285714,781.571428571429,-0.392857142857143,0.820788261288395,641.50465392983,-0.322452531220441,0.239878752409781,9,0.534311869916102
"MUC6",3,31,1363,598.612903225806,0.666666666666667,0.967741935483871,764.387096774194,-0.301075268817204,0.838933475299202,641.269923570642,-0.252582121595459,0.276068275690545,34,0.561833853341836
"HTATIP2",2,14,1544,920.285714285714,0.5,1.17857142857143,623.714285714286,-0.678571428571429,1.02742544049192,640.819924741104,-0.697181548905233,0.00616790635513081,16,0.0897680644672169
"RBL1",2,42,1575,879.47619047619,0.75,1.11904761904762,695.52380952381,-0.369047619047619,0.920861797999857,640.481305789805,-0.339841854023757,0.402901832297901,44,0.649912361710167
"CPED1",3,80,1386.66666666667,745.9875,0.833333333333333,1.3875,640.679166666667,-0.554166666666667,0.998363003348103,639.630377015893,-0.55325949768874,0.361045291952356,83,0.619466288811342
"CCL4",7,116,986.857142857143,486.844827586207,1.14285714285714,2.2198275862069,500.012315270936,-1.07697044334975,1.2759312688384,637.981347858472,-1.37414026428471,0.00432857234342856,123,0.0708892421489366
"C4A",4,33,1367.5,691.272727272727,0.75,1.28282828282828,676.227272727273,-0.532828282828283,0.943253256594788,637.853577198212,-0.502592012983586,0.20198425590586,37,0.502571037733386
"DEFB106B",3,24,1401,695.875,1,1.36805555555556,705.125,-0.368055555555556,0.903300679371073,636.939891541528,-0.332464833379631,0.179078496009562,27,0.479687204916112
"CYP11B2",3,89,1299.66666666667,709.359550561798,0.833333333333333,1.12359550561798,590.307116104869,-0.290262172284644,1.07809739244456,636.408562614127,-0.312930891065368,0.0293604025923779,92,0.220852838097704
"DCUN1D4",4,39,1482.25,890.48717948718,0.75,1.19230769230769,591.76282051282,-0.442307692307692,1.07424015108061,635.69538171158,-0.475144682208731,0.108239293911424,43,0.39863983269129
"ALPG",3,114,1043.33333333333,447.254385964912,1.33333333333333,2.2719298245614,596.078947368421,-0.93859649122807,1.06604825822947,635.44892360936,-1.00058915465397,0.0952306579287068,117,0.37940349858735
"MARK4",3,57,2026,1009.22807017544,0.5,1.09941520467836,1016.77192982456,-0.599415204678363,0.623512065582368,633.969566191083,-0.373742612410484,0.033599158840628,60,0.233452190172659
"OR56B1",3,102,918,412.529411764706,1.83333333333333,2.22712418300654,505.470588235294,-0.393790849673203,1.24578003029997,629.70516472751,-0.490576776637735,0.294679616446,105,0.57634725970316
"CBFA2T2",2,58,1737,972.568965517241,0.75,1.11206896551724,764.431034482759,-0.362068965517241,0.823576223671519,629.567224636623,-0.298191391329343,0.270422645350549,60,0.557360040718214
"RPE",5,28,1449.4,767.785714285714,0.8,1,681.614285714286,-0.2,0.922763637149676,628.968877418893,-0.184552727429935,0.0999527494699689,33,0.385056268244847
"QRSL1",2,23,2221.5,1065.4347826087,0.5,1.17391304347826,1156.0652173913,-0.673913043478261,0.543164601725562,627.933703373123,-0.366045709858531,0.0284440346119419,25,0.217327652599082
"P2RY8",2,5,1724.5,690.2,0.75,0.9,1034.3,-0.15,0.607021158825714,627.841984573436,-0.0910531738238572,0.341716298419195,7,0.605542496001376
"OR51E2",6,101,1305,689.366336633663,0.833333333333333,1.15016501650165,615.633663366337,-0.316831683168317,1.0184590445977,626.997672614262,-0.322680093337886,0.0190296922353624,107,0.178503873644385
"SAP18",4,17,1784.75,966.352941176471,0.625,0.892156862745098,818.397058823529,-0.267156862745098,0.764016567738621,625.268911929736,-0.204112269322328,0.0534783060593593,21,0.28800446228194
"OR10H5",2,83,1282.5,561.21686746988,1.5,2.61244979919679,721.28313253012,-1.11244979919679,0.861133035252352,621.120733191987,-0.957967272148198,0.535324351997038,85,0.730934519829538
"PPIP5K1",3,27,1465.66666666667,875.296296296296,0.833333333333333,1.22222222222222,590.37037037037,-0.388888888888889,1.05183847420996,620.974269589137,-0.409048295526094,0.219500992655172,30,0.522668560807893
"C9orf85",2,52,2221.5,1074.96153846154,0.5,0.987179487179487,1146.53846153846,-0.487179487179487,0.541543634789452,620.900605887444,-0.263828950282041,0.0434581028196795,54,0.261140720101413
"TXNIP",2,5,1247.5,663.6,1.25,1,583.9,0.25,1.06152742269804,619.825862113386,0.26538185567451,0.0698859782894493,7,0.333583083438719
"MOB4",5,50,1531.4,851.72,0.7,1.13666666666667,679.68,-0.436666666666667,0.911321153471423,619.406761591457,-0.397943570349188,0.011090404301359,55,0.128847558626631
"ZSCAN26",5,43,1409.2,701.813953488372,0.566666666666667,1.31395348837209,707.386046511628,-0.747286821705426,0.875475139974799,619.298898085987,-0.654231034833881,0.0721346471732808,48,0.338195541173209
"D2HGDH",2,12,1227.5,612.833333333333,0.75,1.16666666666667,614.666666666667,-0.416666666666667,1.00026369656116,614.828752152928,-0.416776540233818,0.363884519055076,14,0.622200487010734
"RHBDF2",2,7,1737,1032.71428571429,0.75,0.928571428571429,704.285714285714,-0.178571428571429,0.870477582442469,613.064925920196,-0.155442425436155,0.249336922023941,9,0.538948041857232
"DEFB106A",3,24,1401,722.583333333333,1,1.26388888888889,678.416666666667,-0.263888888888889,0.903300679371073,612.814235896658,-0.238371012611811,0.190065374348294,27,0.494789078759468
"VTI1B",3,5,1834.66666666667,875.4,0.666666666666667,0.9,959.266666666667,-0.233333333333333,0.637342137837344,611.381068089436,-0.14871316549538,0.11651700083148,8,0.410583717215692
"HPS4",3,10,1754.33333333333,1119.6,0.666666666666667,0.95,634.733333333333,-0.283333333333333,0.961377545381714,610.218373971953,-0.272390304524819,0.31021774555836,13,0.586390781102746
"EPHX1",2,16,1188,635.25,0.75,1.27083333333333,552.75,-0.520833333333333,1.10325222083304,609.822665065465,-0.574610531683877,0.248762974180435,18,0.538948041857232
"GSPT1",2,19,1362.5,903.263157894737,1,0.982456140350877,459.236842105263,0.0175438596491228,1.32771955535574,609.737735802973,0.0232933255325567,0.00232924516315361,21,0.044748383038278
"SPAG11A",3,25,1313.33333333333,703.76,1.16666666666667,1.24,609.573333333333,-0.0733333333333333,0.999373970383464,609.191722373216,-0.0732874244947873,0.253921145880856,28,0.540868283017005
"HSFX4",4,110,1174.5,562.718181818182,1.25,2.31818181818182,611.781818181818,-1.06818181818182,0.995373192074077,608.951221216519,-1.06323954607913,0.0872042627239201,114,0.364007185879244
"DEFB107A",3,17,1176.66666666667,479.588235294118,1,4.50980392156863,697.078431372549,-3.50980392156863,0.872118689444925,607.935128008952,-3.06096559628709,0.319614274261426,20,0.589159263434654
"HSFX3",4,112,1174.5,568.946428571429,1.25,2.26339285714286,605.553571428571,-1.01339285714286,1.00384802754059,607.883758248731,-1.01729242076658,0.0892675839860974,116,0.367252876597776
"FAM156B",3,40,1523,769.95,0.833333333333333,1.00416666666667,753.05,-0.170833333333333,0.806506442077738,607.339676206641,-0.137778183854947,0.118944700628937,43,0.4137284735698
"PWWP3B",4,70,1606,777.928571428571,0.75,1.03809523809524,828.071428571429,-0.288095238095238,0.733202168110815,607.143766779191,-0.21123205319383,0.0526574886949672,74,0.285895821773219
"OR5P3",5,49,1220.6,627.408163265306,1.6,1.39115646258503,593.191836734694,0.208843537414966,1.02072502664266,605.485753355227,0.213171825292038,0.22985247879258,54,0.531271535568998
"CES3",2,22,1267.5,734.363636363636,1.25,1.02272727272727,533.136363636364,0.227272727272727,1.13485787790163,605.034002268556,0.257922244977644,0.00482198469002662,24,0.0758608300053007
"OR7C1",2,72,1277.5,541.333333333333,0.75,1.92592592592593,736.166666666667,-1.17592592592593,0.821486287630598,604.750822077391,-0.966007023417462,0.530722590903279,74,0.728268605204227
"SPTSSB",5,27,1303.2,778.518518518518,0.9,1.05555555555556,524.681481481482,-0.155555555555556,1.15169876353859,604.275013473816,-0.179153140994891,0.00301146101235645,32,0.0544515755899384
"ZDHHC7",2,17,1544,900.117647058824,0.5,0.911764705882353,643.882352941176,-0.411764705882353,0.938404685702648,604.222217041246,-0.386401929406973,0.00686108239566077,19,0.0938934426474672
"MEIG1",2,12,1362.5,746.333333333333,1,0.958333333333333,616.166666666667,0.0416666666666666,0.979578321775898,603.583509267582,0.040815763407329,8.50513558419388e-05,14,0.0035402626869207
"OR8B2",10,221,663.8,108.561085972851,6.83333333333333,23.0686274509804,555.238914027149,-16.2352941176471,1.08149442539547,600.487790282995,-17.5583800828911,0.0308239565486723,231,0.225201918812117
"OR5H6",4,152,953,401.638157894737,8.75,5.01973684210526,551.361842105263,3.73026315789474,1.08762072553358,599.672566742057,4.05711152222065,0.365771165036022,156,0.623292782722364
"SUMO1",3,65,1814,913.153846153846,0.5,1.51794871794872,900.846153846154,-1.01794871794872,0.665629549833626,599.629819853969,-0.677576746881922,0.0789807384567135,68,0.351064550470553
"KRTAP9-4",5,124,1154,511.048387096774,1.3,2.77016129032258,642.951612903226,-1.47016129032258,0.932440851196943,599.514349213932,-1.37083844494518,0.121409395215313,129,0.418038911555044
"C20orf173",3,4,1262,540.5,1,1,721.5,0,0.827832587468653,597.281211858633,0,0.0107063831178398,7,0.126652954943581
"DAPL1",6,109,1153.33333333333,607.733944954128,0.916666666666667,1.69877675840979,545.599388379205,-0.78211009174312,1.09339827651758,596.557430922868,-0.855157826358932,0.0503640292040387,115,0.278345404951219
"FAHD1",2,11,1362.5,742.909090909091,1,0.954545454545455,619.590909090909,0.0454545454545454,0.961514167799195,595.745437330492,0.0437051894454179,0.00174530999145201,13,0.036900839819271
"A2M",3,56,1121.66666666667,585.607142857143,1,1.41071428571429,536.059523809524,-0.410714285714286,1.1033853554391,591.480228215086,-0.453176128126773,0.0450358074325923,59,0.266217583580826
"KRTAP9-6",5,139,1086.6,498.237410071942,1.6,2.81294964028777,588.362589928057,-1.21294964028777,1.00380323312846,590.600270021618,-1.21756277054286,0.117972319483363,144,0.4137284735698
"CLCNKA",2,75,1200.5,709.706666666667,1,1.08444444444444,490.793333333333,-0.0844444444444445,1.20333027842413,590.586478448706,-0.101614556844704,0.137700927552065,77,0.43395339629184
"TOP1MT",2,3,1544,834.666666666667,0.5,0.833333333333333,709.333333333333,-0.333333333333333,0.83043593095264,589.055887022406,-0.276811976984213,0.0157286399534957,5,0.159934625111037
"ZNF660",4,62,1386.75,634.741935483871,0.75,2.63978494623656,752.008064516129,-1.88978494623656,0.783127200591446,588.917970386707,-1.47994199466609,0.120840480343086,66,0.417736313280985
"SEC11C",2,32,1587,869.0625,0.75,1.0625,717.9375,-0.3125,0.816154000118108,585.947562459794,-0.255048125036909,0.520449141476665,34,0.722670337166142
"UGT1A3",4,78,1140,563.74358974359,1.375,1.73931623931624,576.25641025641,-0.36431623931624,1.01678339881073,585.927951406985,-0.370430704053911,0.275361836791096,82,0.561585375637094
"CTDSP1",4,29,1462.5,864.241379310345,0.75,1.05172413793103,598.258620689655,-0.301724137931034,0.978083413937205,585.146834141501,-0.295111374894846,0.0807421488561943,33,0.354187201461706
"PCBP2",2,16,1544,897,0.5,1.15625,647,-0.65625,0.903085261316898,584.296164072033,-0.592649702739214,0.00470533965207528,18,0.0743745852076198
"MIB2",2,15,1994.5,1181.06666666667,0.5,0.955555555555556,813.433333333333,-0.455555555555556,0.716819427699421,583.084816471633,-0.326551072618625,0.224479157962283,17,0.527906686330573
"STRC",4,30,1257.25,687.333333333333,1.25,1.2,569.916666666667,0.05,1.02124680893092,582.025577189879,0.051062340446546,0.184799641984916,34,0.487753876731654
"TFCP2",3,69,1606.33333333333,881.202898550725,0.666666666666667,1.2487922705314,725.130434782609,-0.582125603864734,0.800901504355362,580.758056071249,-0.466225271859039,0.124459580105597,72,0.42188529350969
"CYP2D7",6,88,970.666666666667,472.579545454545,1.33333333333333,3.25,498.087121212121,-1.91666666666667,1.16507028313418,580.306503336097,-2.23305137600719,0.0469126678491299,94,0.270509409415762
"ENO1",4,16,1465.5,918.3125,0.458333333333333,1.03125,547.1875,-0.572916666666667,1.05587283972849,577.760419488936,-0.604927147761117,0.158149592779788,20,0.458278297859341
"CUL7",3,23,1563,870.04347826087,0.666666666666667,0.905797101449275,692.95652173913,-0.239130434782609,0.833550093419481,577.61397343129,-0.199327196252485,0.405775783958438,26,0.651196800280289
"DAPK1",2,53,1274,665.056603773585,0.75,1.12264150943396,608.943396226415,-0.372641509433962,0.947459755628631,576.949361380348,-0.353062833465386,0.160443549525218,55,0.461306714755382
"STEAP1B",2,21,1362.5,692.857142857143,1,1.11111111111111,669.642857142857,-0.111111111111111,0.860822947236552,576.44393788162,-0.0956469941373947,1.95387492758319e-08,23,5.57691729330174e-06
"POLR2D",4,39,1649.75,865.282051282051,0.75,1.07692307692308,784.467948717949,-0.326923076923077,0.733435376152347,575.356545047409,-0.23977694989596,0.0988899002148735,43,0.383079817132392
"CCDC18",2,30,1510,969.033333333333,0.75,0.9,540.966666666667,-0.15,1.06247955095294,574.76602108051,-0.159371932642941,0.0842380730221944,32,0.356962184301897
"ARMCX5",3,33,1547.66666666667,776.333333333333,0.666666666666667,1,771.333333333333,-0.333333333333333,0.743777104423955,573.700073212344,-0.247925701474652,0.146120180845926,36,0.444703916725302
"TEX53",2,40,1454.5,806.675,0.75,0.9125,647.825,-0.1625,0.883602084709821,572.41952052714,-0.143585338765346,0.492267118265025,42,0.706443881175524
"MGAM",2,51,992,467.098039215686,1,2.18627450980392,524.901960784314,-1.18627450980392,1.09036044746702,572.332336837099,-1.29346680532852,0.0308438747945024,53,0.225201918812117
"ZNF454",6,146,991.666666666667,397.321917808219,0.805555555555556,8.97146118721461,594.344748858447,-8.16590563165905,0.96216971141315,571.860515489054,-7.85698706504041,0.0717756820607174,152,0.337033637502499
"SNX29",2,2,1724.5,745.5,0.75,0.75,979,0,0.58227876966775,570.050915504727,0,0.350354904666098,4,0.612699430654585
"PI4KA",2,13,1247.5,615.769230769231,1.25,1.07692307692308,631.730769230769,0.173076923076923,0.901956777330347,569.793848755806,0.156107903768714,0.0611858447035725,15,0.30949194358921
"OR4F15",10,262,610.7,112.091603053435,6.65,26.9128498727735,498.608396946565,-20.2628498727735,1.14234858933339,569.584598881691,-23.1472379680371,0.0177423428668067,272,0.171497370609836
"PRR13",2,86,1506,716.360465116279,0.75,1.78682170542636,789.639534883721,-1.03682170542636,0.719098274158372,567.828426742103,-0.745576698982032,0.404286020648399,88,0.650373163651772
"ZNF597",3,47,1683.33333333333,480.914893617021,0.666666666666667,12.4432624113475,1202.41843971631,-11.7765957446809,0.472137902477377,567.70732002778,-5.56017721321763,0.079645015187039,50,0.352839779032603
"CYP2A13",10,128,998.3,463.5234375,1.05,2.20182291666667,534.7765625,-1.15182291666667,1.06144094869932,567.633741842162,-1.22259200940028,0.00568355614226145,138,0.0857037371489689
"BCL10",2,8,1575,942.625,0.75,0.854166666666667,632.375,-0.104166666666667,0.89697524050306,567.224717713123,-0.0934349208857354,0.420944526786126,10,0.65983602385544
"PLEKHN1",3,23,1391.33333333333,734.565217391304,1.16666666666667,1,656.768115942029,0.166666666666667,0.862449179724896,566.429122863668,0.143741529954149,0.241324314578472,26,0.535145372394881
"KRTAP4-12",2,49,1346.5,699.836734693878,1.25,1.17006802721088,646.663265306122,0.0799319727891159,0.87427255067895,565.359942389562,0.0698823297311408,0.543523701172956,51,0.737182179431288
"OXSM",2,4,1544,663.5,0.5,1,880.5,-0.5,0.641600968467,564.929652735193,-0.3208004842335,0.0128289828265807,6,0.144244737879127
"RAB40C",2,25,1544,867.16,0.5,1.02666666666667,676.84,-0.526666666666667,0.832124750036571,563.215315814752,-0.438252368352594,0.00683612585760117,27,0.0938934426474672
"OR8U1",3,104,1120,590.625,2.16666666666667,1.71314102564103,529.375,0.453525641025641,1.06380562071444,563.152100465707,0.482463126061196,0.483072156372946,107,0.699657969143273
"OR5H14",4,212,907.5,348.533018867925,3.5,4.25471698113207,558.966981132075,-0.754716981132074,1.00719672125071,562.989710683634,-0.760148468868459,0.228882856469142,216,0.531135827207139
"HS3ST3B1",2,6,1544,738.833333333333,0.5,1,805.166666666667,-0.5,0.698174896778219,562.147154389262,-0.349087448389109,0.00405199634426623,8,0.0677480225593635
"MRPL42",3,43,1514.66666666667,890.790697674419,0.666666666666667,1.53100775193798,623.875968992248,-0.864341085271318,0.900935398137892,562.071944512694,-0.778715479785853,0.23124112949285,46,0.531925105255603
"BANP",2,19,1362.5,830.631578947368,1,1.63157894736842,531.868421052632,-0.631578947368421,1.0544665420475,560.837454771633,-0.66597886866158,0.000206868136569724,21,0.0070054667265476
"HAGH",2,17,1362.5,792.294117647059,1,1.26470588235294,570.205882352941,-0.264705882352941,0.982854503643203,560.429419474435,-0.260167368611436,3.82297643524679e-05,19,0.00195854023528797
"RPL18A",2,29,1362.5,696.379310344828,1,1.26436781609195,666.120689655172,-0.264367816091954,0.841059504892928,560.247137440315,-0.222349064511924,2.20282554233323e-09,31,8.00226442469415e-07
"FCRL1",5,31,1304.8,768.387096774194,0.8,0.994623655913978,536.412903225806,-0.194623655913978,1.04348978451583,559.741384798609,-0.203087796771361,0.0898201762669373,36,0.367772135304181
"AKAP17A",3,19,1846,894.421052631579,0.666666666666667,0.885964912280702,951.578947368421,-0.219298245614035,0.586524646247806,558.124505482123,-0.128623825931536,0.118270417983692,22,0.4137284735698
"WASHC1",4,26,1391.25,835.923076923077,1.5,1.15384615384615,555.326923076923,0.346153846153846,1.00168529226455,556.262811244679,0.346737216553112,0.255173384078949,30,0.541832790282065
"CD81",2,19,1467.5,818.578947368421,0.375,1.02631578947368,648.921052631579,-0.651315789473684,0.855857928676517,555.384227979848,-0.557433782493258,0.597052070432109,21,0.771111853085556
"MICALL1",2,27,1771,915.296296296296,0.5,1.24074074074074,855.703703703704,-0.740740740740741,0.64763659786916,554.185035450707,-0.479730813236415,0.211251991764176,29,0.515903260980548
"MTHFD2",2,31,1903.5,1093.61290322581,0.5,0.96236559139785,809.887096774194,-0.46236559139785,0.68215407023229,552.467779493129,-0.315404570107403,0.316292857296966,33,0.587952289676994
"ACTG1",4,74,1434.5,741.297297297297,0.75,0.963963963963964,693.202702702703,-0.213963963963964,0.796046264398375,551.821421957344,-0.170325214229382,0.0778447402982912,78,0.348730473354228
"OR4C5",3,56,1074.66666666667,548.446428571429,1.33333333333333,1.75595238095238,526.220238095238,-0.422619047619048,1.04609625185478,550.477018721558,-0.442100201676722,0.00823895210154414,59,0.106928470619596
"MICALL2",3,24,1392.66666666667,820.875,0.833333333333333,0.972222222222222,571.791666666667,-0.138888888888889,0.962604770908872,550.409386299269,-0.133695107070677,2.49620062477846e-06,27,0.000195584660717936
"METRN",3,8,1383,757.125,0.666666666666667,0.9375,625.875,-0.270833333333333,0.879270608936099,550.313492367881,-0.238135789920194,0.0421480844101547,11,0.257885209779007
"UTY",4,129,1233.75,682.201550387597,1,1.09043927648579,551.548449612403,-0.0904392764857882,0.997357002071519,550.090708202621,-0.090200245665383,0.272136678205031,133,0.558896132455425
"ALDOA",2,14,1737,896.5,0.75,0.916666666666667,840.5,-0.166666666666667,0.653662554376484,549.403376953435,-0.108943759062747,0.224658871227893,16,0.527906686330573
"OR8G5",5,143,920.2,395.090909090909,4.6,3.95571095571096,525.109090909091,0.644289044289043,1.03998954946493,546.107966874484,0.670053872895351,0.255381674597842,148,0.54195707471746
"NAT8",9,77,1041.77777777778,550.415584415584,1.11111111111111,1.7965367965368,491.362193362193,-0.685425685425686,1.11112966526373,545.967109433784,-0.761596812410202,0.00394446906760003,86,0.0665067442790284
"ZNF446",2,27,2221.5,1115.07407407407,0.5,0.95679012345679,1106.42592592593,-0.45679012345679,0.4934034613879,545.914381621164,-0.225381828041387,0.0130356695022871,29,0.145370184377875
"MITD1",2,17,1188,676.823529411765,0.75,1.02941176470588,511.176470588235,-0.279411764705882,1.06634786841414,545.091939795227,-0.29795013970395,0.28039380807528,19,0.565840758911411
"PHACTR4",3,19,1703,1113.36842105263,0.666666666666667,0.973684210526316,589.631578947368,-0.307017543859649,0.92360002925195,544.583743563663,-0.283561412489634,0.0887035203706027,22,0.366905426209709
"KIR3DL3",4,56,991.5,455.071428571429,2.125,3.39285714285714,536.428571428571,-1.26785714285714,1.01162337340454,542.663681019149,-1.28259391985218,0.323142837039453,60,0.591555638271486
"PKD1",2,20,1069.5,627.55,1.5,1.125,441.95,0.375,1.22666800784307,542.125926066243,0.46000050294115,0.328142352908909,22,0.594944120791289
"SDK1",2,28,1188,694.357142857143,0.75,1.91071428571429,493.642857142857,-1.16071428571429,1.09741892806557,541.733015132938,-1.27378982721896,0.298625869770865,30,0.578995136149624
"PPT2",2,4,1544,945,0.5,1,599,-0.5,0.904122363622611,541.569295809944,-0.452061181811306,0.123006383856469,6,0.421194095878706
"CLIP1",3,64,1703,961.328125,0.666666666666667,1.09114583333333,741.671875,-0.424479166666667,0.728755430681688,540.49740669012,-0.309341497919571,0.0632458882658395,67,0.315689826000041
"C3",3,42,1303,725.595238095238,0.666666666666667,1.20634920634921,577.404761904762,-0.53968253968254,0.933695284979553,539.120103715218,-0.503899042687378,0.134212099926151,45,0.431561692871504
"PTBP1",2,12,1737,1149.66666666667,0.75,0.958333333333333,587.333333333333,-0.208333333333333,0.917029420361898,538.601946225888,-0.191047795908729,0.31003696150294,14,0.586390781102746
"TRUB2",2,2,1227.5,422,0.75,1,805.5,-0.25,0.668067685067,538.128520321468,-0.16701692126675,0.294829886018867,4,0.57634725970316
"VPS26C",2,33,1362.5,802.151515151515,1,1.12626262626263,560.348484848485,-0.126262626262626,0.959035062540661,537.393844211231,-0.121090285674326,4.69418089604302e-09,35,1.56316223838233e-06
"MSH2",2,27,1160,708.925925925926,0.416666666666667,1.2962962962963,451.074074074074,-0.87962962962963,1.19022873688016,536.881325424575,-1.04696046299644,0.514915919661659,29,0.720449585072825
"RAB40B",3,70,1190.33333333333,602.357142857143,0.5,1.36904761904762,587.97619047619,-0.869047619047619,0.909041597146685,534.4948152747,-0.790000435615572,0.240590960679551,73,0.53470605054254
"RPL38",4,75,1523.25,733.36,1,1.82222222222222,789.89,-0.822222222222222,0.676261965156561,534.172563657516,-0.556037615795395,0.157271207614187,79,0.457486149035541
"ZNF7",4,91,1257.25,574.78021978022,1.25,4.80769230769231,682.46978021978,-3.55769230769231,0.778628079978704,531.390134616016,-2.77011913069347,0.104535530176216,95,0.392362379857628
"ULBP3",9,207,883.444444444444,356.975845410628,1.94444444444444,4.77616747181965,526.468599033816,-2.8317230273752,1.00861868570606,531.006066422997,-2.85612875815475,0.00856281534910872,216,0.10897136985681
"PABPN1",5,20,1598.6,955.7,0.7,0.975,642.9,-0.275,0.825506329702752,530.718019365899,-0.227014240668257,0.0894236859183274,25,0.367252876597776
"MICA",2,38,1362.5,760,1,2.02631578947368,602.5,-1.02631578947368,0.879068005856009,529.638473528245,-0.902201374431167,3.08233484587491e-07,40,3.97322904648907e-05
"ALPI",2,113,1034.5,528.699115044248,1.5,1.93952802359882,505.800884955752,-0.439528023598821,1.04648425310151,529.312661311004,-0.459959155492996,0.383570074340984,115,0.63678687871482
"KRTAP5-10",3,17,1692.33333333333,838.117647058824,1.33333333333333,1.2156862745098,854.21568627451,0.117647058823529,0.619509522050805,529.194751532222,0.0728834731824477,0.247308097572554,20,0.537673100054367
"AMDHD1",2,3,1544,807.333333333333,0.5,1,736.666666666667,-0.5,0.7164037433024,527.750757566101,-0.3582018716512,0.0438409356832594,5,0.263045614099556
"OR7C2",3,81,1225,574.987654320988,1.66666666666667,2.52263374485597,650.012345679012,-0.855967078189301,0.811241374577174,527.316908800775,-0.694395909103096,0.316015627888259,84,0.587894994898269
"OBP2A",9,115,865.888888888889,406.234782608696,1.66666666666667,3.23333333333333,459.654106280193,-1.56666666666667,1.14548616773338,526.52742068581,-1.79459499611563,0.00435020690348207,124,0.0709527623931198
"SHOX",3,11,1523,763.545454545455,0.833333333333333,0.939393939393939,759.454545454545,-0.106060606060606,0.692946035656408,526.261016533967,-0.0734942765090129,0.0988482328885043,14,0.383079817132392
"KRTAP9-8",5,91,1131,538.395604395604,1.7,2.7032967032967,592.604395604396,-1.0032967032967,0.887411620786325,525.884027188397,-0.890337153602104,0.165919852888974,96,0.466912487425591
"MTAP",2,26,1504,989.730769230769,0.75,0.980769230769231,514.269230769231,-0.230769230769231,1.02127011899855,525.207798504984,-0.235677719768896,0.539694614921937,28,0.734622487192842
"WFDC11",2,28,1348,688.357142857143,0.75,1.10714285714286,659.642857142857,-0.357142857142857,0.795542023904933,524.773613625861,-0.284122151394619,0.249782726106004,30,0.538948041857232
"FFAR3",2,13,1362.5,843,1,1.03846153846154,519.5,-0.0384615384615385,1.01006720900464,524.72991507791,-0.0388487388078708,0.00337930575459656,15,0.059226779804245
"OR51B5",3,15,1364.66666666667,719.6,0.833333333333333,0.933333333333333,645.066666666667,-0.1,0.812603745921555,524.183589702465,-0.0812603745921555,0.321914640586729,18,0.59034919861614
"SPAG11B",3,25,1313.33333333333,786.04,1.16666666666667,1.14,527.293333333333,0.0266666666666666,0.992763393453964,523.477518945652,0.0264736904921057,0.30528803833841,28,0.583256020827026
"WASH6P",4,17,1421,761.588235294118,1.25,1.38235294117647,659.411764705882,-0.132352941176471,0.793615341631292,523.319292922752,-0.105037324627671,0.173984624630733,21,0.472871220375061
"OR3A2",8,224,753.75,253.1875,3.375,8.71949404761905,500.5625,-5.34449404761905,1.04061938101593,520.895038909785,-5.56158408767663,0.0868594226479766,232,0.363144408214134
"PCDHA4",2,37,1365,860.513513513514,0.75,1.0990990990991,504.486486486486,-0.349099099099099,1.0267695750194,517.99137533276,-0.358444333621638,0.6996557303388,39,0.835322467413757
"PRB1",2,61,1228,652.049180327869,0.75,2.1120218579235,575.950819672131,-1.3620218579235,0.898489441590197,517.485730350629,-1.22376225855933,0.389414042747759,63,0.64047915350889
"TYW1",3,17,1519.66666666667,1019.76470588235,1,1.02941176470588,499.901960784314,-0.0294117647058822,1.0350043298328,517.400693903674,-0.0304413038186118,0.35342252324254,20,0.614835177569521
"PDXK",2,27,1227.5,752.555555555556,0.75,1.08641975308642,474.944444444444,-0.33641975308642,1.08860695003154,517.027823101089,-0.36622888133777,0.444835571749394,29,0.67507803080019
"OTOA",2,31,1040.5,586.064516129032,1.75,1.5,454.435483870968,0.25,1.13754515190113,516.940881529263,0.284386287975282,0.164393795847625,33,0.464715907567544
"OR4K14",3,60,1308.66666666667,715.833333333333,1,1.38333333333333,592.833333333333,-0.383333333333333,0.870770892933828,516.222011027605,-0.333795508957967,0.293872371948749,63,0.576209027628657
"DHX8",2,17,1771,1053.64705882353,0.5,1.06862745098039,717.35294117647,-0.568627450980392,0.718435647777418,515.371924979154,-0.40852223108912,0.239674371398352,19,0.534311869916102
"CYP2A6",10,143,962.2,477.356643356643,1.15,2.25990675990676,484.843356643357,-1.10990675990676,1.06125920225918,514.544473891994,-1.17789876260072,0.0107380111298096,153,0.126652954943581
"MSLN",2,40,1322,803.175,1.25,1.29166666666667,518.825,-0.0416666666666665,0.9916962667782,514.5168156112,-0.0413206777824249,0.621044909055391,42,0.787797279948974
"CARD8",3,20,1846,928.75,0.666666666666667,1.1,917.25,-0.433333333333333,0.560512693294042,514.13026792396,-0.242888833760751,0.13214229129441,23,0.428604379880244
"CRISP2",2,110,990,547.572727272727,1,1.71969696969697,442.427272727273,-0.71969696969697,1.16122140299299,513.756018358727,-0.83572752488132,0.0471985805656413,112,0.271765890403894
"ZBTB7A",3,4,1683.33333333333,806,0.666666666666667,1,877.333333333333,-0.333333333333333,0.584713193806694,512.988375366406,-0.194904397935565,0.128147403333832,7,0.424452994663788
"PARG",3,2,1523,525.5,0.833333333333333,1,997.5,-0.166666666666667,0.51376957760832,512.485153664299,-0.08562826293472,0.0765143552497459,5,0.345849829647279
"ARHGEF18",2,31,1544,933.258064516129,0.5,1.08602150537634,610.741935483871,-0.586021505376344,0.837936218833372,511.76278810233,-0.491048644370094,0.0138761189457789,33,0.151499921604734
"KRTAP4-4",2,73,1159.5,633.082191780822,1.25,1.96803652968037,526.417808219178,-0.718036529680365,0.971414002665748,511.369630156722,-0.697510739357027,0.466526259890881,75,0.688594078568766
"USP16",4,42,1724.5,1046.97619047619,0.625,0.936507936507937,677.52380952381,-0.311507936507937,0.754506599375399,511.196185519675,-0.235034793853051,0.135960103669471,46,0.432539684285808
"SEPTIN2",4,59,1521.25,898.64406779661,0.5625,1.25423728813559,622.60593220339,-0.691737288135593,0.820978474663697,511.146068536908,-0.567901423681562,0.234600134475772,63,0.532761249789442
"LSP1",4,46,1494.5,819.891304347826,0.875,1.57608695652174,674.608695652174,-0.701086956521739,0.755790516257852,509.862854358993,-0.529874872811211,0.107435856459278,50,0.398163597417855
"OR2T35",7,61,1258,758.377049180328,0.857142857142857,1.51912568306011,499.622950819672,-0.661982825917252,1.02035672613577,509.793638400655,-0.675458629011035,0.0661316049878724,68,0.323058549549558
"SLC25A33",3,11,1703,912.090909090909,0.666666666666667,1,790.909090909091,-0.333333333333333,0.643881264424214,509.251545499151,-0.214627088141405,0.0442873697971712,14,0.264920952271546
"OR1S1",7,160,859.857142857143,369.05625,2.78571428571429,4.20729166666667,490.800892857143,-1.42157738095238,1.03708196070599,509.000752280534,-1.47429225753338,0.0163630026336628,167,0.16293841691089
"OR52J3",4,85,1019,564.152941176471,1.875,1.48823529411765,454.847058823529,0.386764705882353,1.1167325775742,507.942528402045,0.431912746914728,0.398225643077351,89,0.646873849486623
"EXOSC5",2,13,1737,1175.38461538462,0.75,0.987179487179487,561.615384615385,-0.237179487179487,0.90320186328464,507.252061833935,-0.214220954753408,0.320389619754437,15,0.589717605038567
"TOM1L2",4,54,1482.25,934.444444444444,0.75,1.18518518518519,547.805555555556,-0.435185185185185,0.923455778870607,505.874205975201,-0.401874274138134,0.127871356517173,58,0.424396960666632
"CALM1",3,12,1606.33333333333,867.583333333333,0.666666666666667,1.01388888888889,738.75,-0.347222222222222,0.684572323744427,505.727804166195,-0.23769872352237,0.0997671739869567,15,0.385056268244847
"PDILT",2,5,871.5,439.2,1,1.2,432.3,-0.2,1.16929018453273,505.484146773501,-0.233858036906547,0.00995811731138707,7,0.121319014561899
"ZNF333",3,46,1448.33333333333,724.195652173913,1,1.59420289855072,724.13768115942,-0.594202898550725,0.697253019309721,504.907184584346,-0.414309765097081,0.150991657740869,49,0.450277490957503
"OR2L5",5,164,732,256.664634146341,7.1,8.50406504065041,475.335365853659,-1.40406504065041,1.06007005754123,503.88878863187,-1.48840730843391,0.281101676062611,169,0.565840758911411
"MAP2K3",3,15,1523,982.666666666667,0.833333333333333,0.922222222222222,540.333333333333,-0.0888888888888888,0.931788311042389,503.476284066571,-0.0828256276482123,0.198769644773174,18,0.500493699126404
"NEBL",5,47,1472.2,977.978723404255,0.9,0.900709219858156,494.221276595745,-0.000709219858155974,1.01683487844757,502.541431713436,-0.000721159488260631,0.0749672200585049,52,0.343542444213057
"AKR7L",2,148,1078,604.27027027027,1,1.53265765765766,473.72972972973,-0.532657657657658,1.06008019706038,502.191505245253,-0.564659834695451,1.12550295670893e-09,150,5.6218872687611e-07
"FAM185A",2,15,1267.5,776.133333333333,1.25,1.66666666666667,491.366666666667,-0.416666666666667,1.02036057741271,501.371175721357,-0.425150240588627,0.0059487647253941,17,0.0880417179358328
"OR9G1",3,49,982,501.959183673469,1,1.77891156462585,480.040816326531,-0.77891156462585,1.04313751443763,500.74858397147,-0.812511873490537,0.154125818323172,52,0.454193783200143
"RAPGEF6",4,101,1364.5,781.782178217822,0.875,1.43399339933993,582.717821782178,-0.558993399339934,0.858939754418531,500.519502736886,-0.480141653150623,0.109834682034117,105,0.401276006870102
"OR2T6",4,167,849.75,373.233532934132,4.625,4.25049900199601,476.516467065868,0.374500998003991,1.05013010436341,500.404287290762,0.393274772118131,0.344855400890718,171,0.607576868560232
"PRSS57",2,45,1642,858.111111111111,1,1.33703703703704,783.888888888889,-0.337037037037037,0.637745417391756,499.921546633204,-0.214943825861666,0.325441500960407,47,0.59297804169691
"CD99",3,22,1596.33333333333,943.681818181818,0.833333333333333,1.0530303030303,652.651515151515,-0.21969696969697,0.765115682860858,499.353909685325,-0.168093596992158,0.228570273342448,25,0.530919934605002
"CES5A",6,81,1008.5,567.172839506173,1.58333333333333,1.74279835390946,441.327160493827,-0.159465020576132,1.13145843585312,499.343338711845,-0.180428042754356,0.0560384797525044,87,0.296355242904729
"MAPK3",2,29,1737,890.068965517241,0.75,1.27011494252874,846.931034482759,-0.520114942528736,0.589582387547838,499.335621398705,-0.306650609615398,0.235316217687278,31,0.532761249789442
"OR51A7",3,80,1313,778.6375,0.833333333333333,1.00833333333333,534.3625,-0.175,0.933312293964783,498.727090683757,-0.163329651443837,0.118962466499425,83,0.4137284735698
"RTL8B",2,20,1359.5,792.85,0.75,0.891666666666667,566.65,-0.141666666666667,0.879930075731566,498.612377413292,-0.124656760728638,0.670208169078189,22,0.814969498560063
"UHRF1",2,35,1737,983.514285714286,0.75,1.1,753.485714285714,-0.35,0.661220305006253,498.220053817855,-0.231427106752189,0.268752294778519,37,0.556442575095835
"MUC20",3,17,1343,760.705882352941,1.16666666666667,1.32352941176471,582.294117647059,-0.156862745098039,0.85515876685118,497.953919591755,-0.13414255166293,0.318636638316076,20,0.588932473039334
"SLC5A4",6,109,1104.83333333333,594.834862385321,1.41666666666667,1.96788990825688,509.998470948012,-0.551223241590214,0.973042718942561,496.250298827803,-0.536363761741274,0.0191999096502486,115,0.179492541236609
"OR4C11",5,87,965.8,445.298850574713,3.7,2.27394636015326,520.501149425287,1.42605363984674,0.948813478798724,493.858506304941,1.35305891497657,0.275863644216804,92,0.561833853341836
"DEFA5",9,115,831.777777777778,323.95652173913,3.11111111111111,5.56521739130435,507.821256038647,-2.45410628019324,0.972435534822201,493.823434710024,-2.38646015309023,0.0152119047624266,124,0.158298883934002
"OR5AK2",3,124,906,457.451612903226,4.83333333333333,3.22715053763441,448.548387096774,1.60618279569892,1.10014358697313,493.467631511656,1.76703170219474,0.531529043881511,127,0.728268605204227
"HIF3A",2,49,1707.5,1046.42857142857,0.75,1.1156462585034,661.071428571429,-0.365646258503401,0.746464098833105,493.466088192885,-0.272941804845438,0.491743584371545,51,0.706329030607007
"CYP2D6",5,121,884.4,460.669421487603,1.2,2.77548209366391,423.730578512397,-1.57548209366391,1.16085065595274,491.887920013351,-1.82889942187155,0.0483410558637248,126,0.274837430144591
"C1R",2,64,1510,860.171875,0.75,1.27864583333333,649.828125,-0.528645833333333,0.756601697465258,491.661062435666,-0.399974334857936,0.0967140637319483,66,0.381171709950284
"OR8B3",8,202,612.375,156.311881188119,8.04166666666667,13.3861386138614,456.063118811881,-5.34447194719472,1.07495099162164,490.245501808887,-5.74504541933097,0.128269039648118,210,0.424452994663788
"NPEPPS",2,30,1217.5,759.366666666667,1,1.35,458.133333333333,-0.35,1.06993360353411,490.172248232428,-0.37447676123694,0.098394356467865,32,0.383079817132392
"FAM228B",2,26,1348,825.346153846154,0.75,1.01923076923077,522.653846153846,-0.269230769230769,0.935940023451653,489.172653026327,-0.251983852467753,0.301470580281118,28,0.580846884668924
"OR5A1",3,125,954.333333333333,482.192,1.33333333333333,2.83466666666667,472.141333333333,-1.50133333333333,1.03483455631732,488.588167199066,-1.5536316138844,0.155822954330784,128,0.456195189085472
"ZXDB",2,46,1240,711.695652173913,1,0.952898550724638,528.304347826087,0.0471014492753623,0.923314291894743,487.790954817957,0.0434894412848973,0.146113801596822,48,0.444703916725302
"FAM72B",2,18,1371.5,896.166666666667,0.625,1,475.333333333333,-0.375,1.02391427044269,486.700583217092,-0.383967851416009,0.713117057615679,20,0.842333691953769
"GPR42",2,3,1362.5,707.333333333333,1,1,655.166666666667,0,0.74179459737296,485.999093712184,0,0.136318618822075,5,0.432539684285808
"CYP2B6",10,126,975.2,518.65873015873,1.1,2.46031746031746,456.54126984127,-1.36031746031746,1.06411415264043,485.812026502531,-1.4475330616077,0.0237424106623364,136,0.201984963073914
"RPS27",6,62,1464.66666666667,776.403225806452,0.833333333333333,1.77956989247312,688.263440860215,-0.946236559139785,0.703861962850412,484.44245644205,-0.666019921836949,0.0444186781836675,68,0.264920952271546
"ZNF180",3,71,1408.33333333333,736.253521126761,0.666666666666667,2.38732394366197,672.079812206573,-1.72065727699531,0.720631076342112,484.321598458227,-1.23995910553702,0.392779958064887,74,0.64245381846828
"CYP2F1",5,29,1618.4,859,0.7,1.20114942528736,759.4,-0.501149425287356,0.635340702680678,482.477729615707,-0.318400628010087,0.0495231204349323,34,0.27696369492152
"SLC6A8",5,42,1111.4,500.190476190476,2.2,1.38095238095238,611.209523809524,0.819047619047619,0.782894054606749,478.512302309498,0.641227511392194,0.160735176021978,47,0.461306714755382
"SPTLC1",5,12,1075.2,494.916666666667,1.1,2.41666666666667,580.283333333333,-1.31666666666667,0.823810041318713,478.043236809894,-1.08468322106964,0.00735829817744935,17,0.0990025572965912
"PYGL",3,48,1703,1035.77083333333,0.666666666666667,1.03819444444444,667.229166666667,-0.371527777777778,0.716161030353326,477.843527481791,-0.266073716138215,0.0711545559986244,51,0.334986151892113
"HSD3B1",6,84,1104.5,618.154761904762,1.58333333333333,2.09920634920635,486.345238095238,-0.515873015873016,0.981913485074323,477.548947687397,-0.506542670871675,0.0883339095095218,90,0.36624334676617
"EPPIN",5,64,1374.8,771.25,0.8,1.34375,603.55,-0.54375,0.790409746071542,477.051802241479,-0.429785299426401,0.000956533789386222,69,0.0234497486036033
"YPEL1",2,22,1362.5,820,1,1.04545454545455,542.5,-0.0454545454545454,0.879124036200997,476.924789639041,-0.0399601834636816,4.62175224313109e-06,24,0.000329795035063425
"AKR1B10",3,98,1032.66666666667,598.816326530612,0.833333333333333,1.82823129251701,433.850340136054,-0.994897959183673,1.09727949209568,476.055080870027,-1.09168112734009,0.290832663290907,101,0.574138841454939
"OR10H4",2,105,992,390.819047619048,1,2.98412698412698,601.180952380952,-1.98412698412698,0.791743800916532,475.981292276716,-1.57092023991375,0.034861278240692,107,0.238129346751804
"H2AB1",3,47,1273.33333333333,671.68085106383,1.5,1.51418439716312,601.652482269503,-0.0141843971631206,0.789654608860854,475.097655556687,-0.011200774593771,0.278276305597094,50,0.56389052594624
"ENO2",4,18,1482.25,918.5,0.75,0.907407407407407,563.75,-0.157407407407407,0.842001171759314,474.678160579313,-0.132537221480633,0.118794736676014,22,0.4137284735698
"DEFB4B",3,57,1233.33333333333,671.649122807018,2.83333333333333,3.17251461988304,561.684210526316,-0.339181286549708,0.844212667402642,474.180925606368,-0.286341138651189,0.409811880025686,60,0.65243357473412
"AMY2A",8,106,931.75,544.396226415094,1.1875,1.75786163522013,387.353773584906,-0.570361635220126,1.22097332535356,472.948625022211,-0.69639634240881,0.0999243422418742,114,0.385056268244847
"LYG2",3,12,1172,677.833333333333,0.833333333333333,1.23611111111111,494.166666666667,-0.402777777777778,0.956548144438951,472.694208043582,-0.385276335954578,0.166693167362469,15,0.467383336454143
"SCYGR4",2,52,1277,794.134615384615,0.75,1.125,482.865384615385,-0.375,0.978062251931235,472.272405456565,-0.366773344474213,0.401863798898546,54,0.649292886547941
"TRPM4",4,33,1704.75,1003.30303030303,0.625,0.994949494949495,701.44696969697,-0.369949494949495,0.672761279741484,471.90636100412,-0.248887695661938,0.114654943469786,37,0.407979656371561
"FBXO44",2,38,1737,1005.84210526316,0.75,0.964912280701754,731.157894736842,-0.214912280701754,0.644619603778225,471.318712404584,-0.13853666923304,0.276567989251091,40,0.561833853341836
"ZXDA",2,48,1240,725.354166666667,1,0.954861111111111,514.645833333333,0.0451388888888888,0.915017900840138,470.91015009279,0.0413028913573673,0.150993953424188,50,0.450277490957503
"TSC22D3",5,47,1160.8,714.765957446809,1,1.08156028368794,446.034042553191,-0.0815602836879432,1.05541003780669,470.748805714133,-0.0860795420906161,0.00287397713704346,52,0.0528517391377014
"OR1N2",5,106,846.6,410.716981132075,2.1,2.85534591194969,435.883018867925,-0.755345911949685,1.07877090883145,470.217920408345,-0.81484519591608,0.253682337759926,111,0.540868283017005
"AKR1B15",6,76,1053.16666666667,603.381578947368,0.916666666666667,1.8969298245614,449.785087719298,-0.980263157894737,1.04359525325736,469.393582529807,-1.02299797852202,0.0164501590252824,82,0.163113735645232
"CYP3A4",12,174,828.75,396.379310344828,1.65277777777778,3.6551724137931,432.370689655172,-2.00239463601532,1.08487875218113,469.069774272798,-2.17235539409449,0.0455208108034352,186,0.266974892200693
"FOLR2",4,21,1288,714.571428571429,0.875,0.976190476190476,573.428571428571,-0.101190476190476,0.817859626450752,468.98407722476,-0.0827596050575165,0.21960973813725,25,0.522668560807893
"ZNF689",5,64,1538.6,552.515625,0.8,6.40364583333333,986.084375,-5.60364583333333,0.475036850433446,468.426415761633,-2.66193826761117,0.0304028963912417,69,0.224981433295188
"PHF10",2,21,1365.5,908.857142857143,0.75,1.02380952380952,456.642857142857,-0.273809523809524,1.0250899445597,468.100001112153,-0.280679389581822,0.641057849249762,23,0.800955522049946
"OR52A1",6,190,809.666666666667,367.663157894737,3.41666666666667,3.42105263157895,442.00350877193,-0.00438596491228083,1.057051214844,467.220345912677,-0.00463618953878959,0.21471730291555,196,0.520953456254122
"OR52D1",3,71,1032.66666666667,560.239436619718,0.833333333333333,1.23004694835681,472.427230046948,-0.396713615023474,0.988154608937598,466.831144758515,-0.392014387113742,0.261753239358821,74,0.550508391830447
"TAF9",2,5,1274,701.4,0.75,1,572.6,-0.25,0.814923182015347,466.625014021988,-0.203730795503837,0.103190755580519,7,0.390853326350478
"TRA2A",3,39,1263.66666666667,742.384615384615,0.833333333333333,1.25641025641026,521.282051282051,-0.423076923076923,0.894276178541905,466.170120762998,-0.378347613998498,0.0986640184566603,42,0.383079817132392
"REEP1",4,69,1482.25,954.652173913043,0.75,1.13526570048309,527.597826086957,-0.385265700483092,0.881685206192832,465.175198080368,-0.339683068569461,0.138707957001676,73,0.434046199043617
"OR6P1",2,74,1372.5,763.972972972973,1,2.22072072072072,608.527027027027,-1.22072072072072,0.763914972585759,464.862907169045,-0.932526835904238,0.25168929018461,76,0.540868283017005
"KRTAP9-2",3,87,1128.66666666667,612.080459770115,2.16666666666667,2.18007662835249,516.586206896552,-0.0134099616858236,0.897821769112316,463.802342174883,-0.0120397555244946,0.48946925532086,90,0.704581824301929
"AKR1D1",3,51,1316,823.882352941176,1,1.22549019607843,492.117647058824,-0.225490196078431,0.940806507480012,462.987484798693,-0.212142643843532,0.0164976108086715,54,0.163179338592702
"MAGI3",3,32,1174.66666666667,750.9375,1.33333333333333,1.16666666666667,423.729166666667,0.166666666666667,1.09005194274093,461.886801320996,0.181675323790155,0.145742005186028,35,0.444568742536921
"MRPL49",7,39,1134.42857142857,587,0.738095238095238,1.09401709401709,547.428571428571,-0.355921855921856,0.843700022551063,461.865498059382,-0.300291277867686,0.147391552423338,46,0.446198971792046
"CST3",5,132,1034.2,576.545454545455,1.6,2.33585858585859,457.654545454546,-0.735858585858586,1.00362760717317,459.314736366471,-0.738527991743087,0.0563452930457987,137,0.296667703184874
"OR1A1",8,209,760.125,314.971291866029,5.5,5.6658692185008,445.153708133971,-0.165869218500798,1.03177555939744,459.298716227773,-0.171139805705477,0.169591131625119,217,0.469115907592104
"MAGOHB",3,33,1787.33333333333,1006.60606060606,0.666666666666667,0.984848484848485,780.727272727273,-0.318181818181818,0.587731801761802,458.858246684578,-0.187005573287846,0.217193693654801,36,0.5220343781675
"CISD2",2,12,1277.5,814.666666666667,0.75,0.958333333333333,462.833333333333,-0.208333333333333,0.991175587202252,458.749100943442,-0.206494914000469,0.669796869072196,14,0.814969498560063
"EVPL",2,6,1545,969.666666666667,1,0.916666666666667,575.333333333333,0.0833333333333334,0.797260591124625,458.690593427034,0.0664383825937188,0.604863015084138,8,0.777295851664273
"SLC29A4",3,11,1391.33333333333,904.818181818182,1.16666666666667,1.09090909090909,486.515151515151,0.0757575757575759,0.939138809546622,456.905260220334,0.0711468795111079,0.349060527432351,14,0.611238329368831
"KRTAP10-3",3,28,1606.33333333333,941.535714285714,0.666666666666667,1.10119047619048,664.797619047619,-0.43452380952381,0.686942106448874,456.677476790768,-0.298492701016475,0.140809238388843,31,0.437878378678455
"HIP1",2,27,1267.5,873.259259259259,1.25,1.22222222222222,394.240740740741,0.0277777777777777,1.15599097445124,455.738738057268,0.0321108604014233,0.0202126842143674,29,0.186535533765848
"GOSR2",4,72,1232.75,721.875,0.75,1.34953703703704,510.875,-0.599537037037037,0.891842758172572,455.620169081413,-0.534692764737723,0.240154456102117,76,0.534607847430516
"DEFB4A",4,91,1155.75,638.087912087912,2.375,2.78571428571429,517.662087912088,-0.410714285714286,0.879946146035702,455.514759207037,-0.361406452836093,0.278539806849906,95,0.564138402520134
"OR13C3",3,30,867,474.566666666667,1,1.40555555555556,392.433333333333,-0.405555555555555,1.15746525849433,454.227949608456,-0.469416465944921,0.201531464538251,33,0.502571037733386
"DEFB103A",3,65,1313.33333333333,543.138461538462,1.16666666666667,2.29487179487179,770.194871794872,-1.12820512820513,0.58957094920008,454.084521633137,-0.665156968328296,0.184308920329674,68,0.487615134082451
"ASB11",3,34,1703,1053.73529411765,0.666666666666667,0.955882352941177,649.264705882353,-0.28921568627451,0.698453064197741,453.480923298975,-0.202003582292484,0.0806133098653188,37,0.354187201461706
"RHCE",2,18,1135.5,751.166666666667,1.5,1.41666666666667,384.333333333333,0.0833333333333333,1.17910938521152,453.171040382959,0.0982591154342929,0.354712622246973,20,0.615271646121072
"TRIP13",2,20,1069.5,592.4,1.5,1.325,477.1,0.175,0.949248487474785,452.88645337422,0.166118485308087,0.317717637254456,22,0.588595122145947
"OR4Q3",5,195,672.6,253.825641025641,3.5,7.78034188034188,418.774358974359,-4.28034188034188,1.08034814485365,452.422101830227,-4.62425940976675,0.0337091876200261,200,0.233452190172659
"ZNF620",6,121,948,384.165289256198,2,7.61707988980716,563.834710743802,-5.61707988980716,0.799879187214566,450.999650153112,-4.49298529677823,0.0339420505551199,127,0.234658190343009
"PRTFDC1",2,35,1737,1046.11428571429,0.75,1,690.885714285714,-0.25,0.651677159543258,450.234439854729,-0.162919289885814,0.29504645586462,37,0.57634725970316
"POMZP3",5,3,1646.8,699.333333333333,0.7,1,947.466666666667,-0.3,0.475022989388719,450.068448346165,-0.142506896816616,0.018666323857349,8,0.176337187077935
"H2AB3",3,49,1273.33333333333,701.367346938776,1.5,1.25170068027211,571.965986394558,0.248299319727891,0.78659631811474,449.906338984824,0.195311330688354,0.296297676014725,52,0.577168404677833
"MZT2A",4,30,1163.25,675.3,2.125,1.58333333333333,487.95,0.541666666666667,0.921841203026512,449.812415016787,0.499330651639361,0.343916440363259,34,0.606750594124319
"HBZ",8,91,1161.5,641.296703296703,0.71875,1.07326007326007,520.203296703297,-0.354510073260073,0.86425579569765,449.588714116848,-0.306387385448217,0.0589699238524399,99,0.302884081895051
"GNAT2",3,47,2026,1080.63829787234,0.5,0.975177304964539,945.36170212766,-0.475177304964539,0.475417021922147,449.441045064784,-0.225907379211233,0.0395516050200298,50,0.252877141856063
"BST1",2,47,1638.5,880.085106382979,0.75,1.41843971631206,758.414893617021,-0.668439716312057,0.59164932960604,448.715663371747,-0.39548191003808,0.480917471279182,49,0.698308944488231
"FAM126A",3,64,1703,1033.453125,0.666666666666667,0.997395833333333,669.546875,-0.330729166666667,0.669875243990562,448.512876253743,-0.221547281215629,0.0758700089124829,67,0.344518813198047
"ZFX",7,131,1192.28571428571,719.145038167939,0.857142857142857,0.965648854961832,473.140676117775,-0.108505997818975,0.946292554437236,447.72949901165,-0.102678417847879,0.130626949833377,138,0.42612810318086
"DYNLT3",4,88,1083.25,726.943181818182,0.875,1.08333333333333,356.306818181818,-0.208333333333333,1.25525987823383,447.257653204794,-0.261512474632049,0.487215725922891,92,0.702704752236003
"RC3H1",2,29,1737,1174.37931034483,0.75,0.908045977011494,562.620689655172,-0.158045977011494,0.793945004121498,446.689885767116,-0.125479813869777,0.342746807744281,31,0.606044592864707
"ZNF74",3,36,1579,688.833333333333,0.833333333333333,3.49074074074074,890.166666666667,-2.65740740740741,0.501205566550952,446.156488491439,-1.33190738518633,0.0710507029932849,39,0.334986151892113
"KCNJ12",4,6,1172.75,519.166666666667,1.125,1.41666666666667,653.583333333333,-0.291666666666667,0.68105632283594,445.127061666856,-0.198641427493816,0.000568994748170606,10,0.0159000210747534
"UBE2H",5,28,1248.2,858.535714285714,0.9,1.01785714285714,389.664285714286,-0.117857142857143,1.14208703337836,445.030528084927,-0.134603114648164,0.0465608687183491,33,0.269251512972317
"FOLR1",4,26,1221.5,680.538461538462,0.875,0.961538461538462,540.961538461538,-0.0865384615384616,0.822660879347671,445.027894924038,-0.0711918068666254,0.281964881313471,30,0.566766431453033
"DHRSX",3,5,1596.33333333333,823.2,0.833333333333333,0.9,773.133333333333,-0.0666666666666667,0.575053918061375,444.593352517184,-0.0383369278707583,0.173681555448077,8,0.472773498345037
"RHPN2",3,4,1311.33333333333,889.5,1.66666666666667,0.875,421.833333333333,0.791666666666667,1.05068853119347,443.215445408445,0.83179508719483,0.542637626894316,7,0.736792374131732
"FAM177A1",4,12,1542.5,1013.33333333333,0.75,1,529.166666666667,-0.25,0.837504688627977,443.179564398971,-0.209376172156994,0.0862530717532603,16,0.362426156389094
"RSPH10B2",3,19,1356.66666666667,767.736842105263,0.833333333333333,1.29824561403509,588.929824561404,-0.464912280701754,0.752131149698839,442.952466039304,-0.34967500819332,0.037481329661158,22,0.247746698527954
"PLA2G12B",2,10,1544,892.8,0.5,0.95,651.2,-0.45,0.677155608395597,440.963732187213,-0.304720023778019,0.00578098526538108,12,0.0865199143088494
"AMD1",5,35,1718.4,973.514285714286,0.6,1.02857142857143,744.885714285714,-0.428571428571428,0.591217165049933,440.389220286194,-0.2533787850214,0.0287640088112579,40,0.218219227436862
"PTTG1IP",3,25,1351.66666666667,922.08,0.583333333333333,1.08666666666667,429.586666666667,-0.503333333333333,1.0228941124174,439.42167210635,-0.514856703250092,0.428955329222793,28,0.665899612578
"ERICH4",2,48,1159.5,687.145833333333,1.25,1.15625,472.354166666667,0.09375,0.927151672368154,437.943955575066,0.0869204692845144,0.500817468127223,50,0.710722537843542
"OR51F1",3,104,950,565.759615384615,1.16666666666667,1.55608974358974,384.240384615385,-0.389423076923077,1.13656569022733,436.714437953599,-0.442604908213526,0.0303101432418395,107,0.224711191826328
"RBM26",3,58,1703,1059.56896551724,0.666666666666667,1.02586206896552,643.431034482759,-0.359195402298851,0.678362694638821,436.479610365968,-0.243664761005324,0.0829851636660503,61,0.355464775625385
"MT3",3,58,1422,705.137931034483,1.33333333333333,2.08908045977011,716.862068965517,-0.755747126436782,0.608547941430538,436.244936358602,-0.459908358035148,0.25821245414713,61,0.545764744024251
"PABIR2",3,60,1703,970.916666666667,0.666666666666667,0.980555555555556,732.083333333333,-0.313888888888889,0.595317439121999,435.821975223897,-0.186863529502183,0.0649332385312296,63,0.320174170184427
"ZNF500",3,55,1275.33333333333,456.163636363636,1.66666666666667,7.51515151515151,819.169696969697,-5.84848484848485,0.531772668217283,435.612055480319,-3.11006439290714,0.208550111912589,58,0.512525367283337
"RSPH10B",3,18,1356.66666666667,767.666666666667,0.833333333333333,1.43518518518519,589,-0.601851851851852,0.73940453643951,435.509271962872,-0.445011989523779,0.0323809547152809,21,0.230297999008416
"CCL15",2,102,1078,699.950980392157,1,1.58496732026144,378.049019607843,-0.584967320261437,1.14860184213757,434.22780033987,-0.671894541642562,5.19948996004057e-10,104,3.73393163781474e-07
"OR5M3",7,223,511.571428571429,111.345291479821,7.28571428571429,22.8019431988042,400.226137091608,-15.5162289130899,1.08485361866358,434.186773107577,-16.8328370843781,0.0501277992323827,230,0.277823419878782
"SLC22A9",11,111,721.454545454545,310.585585585586,1.74242424242424,3.12162162162162,410.86895986896,-1.37919737919738,1.05328519783752,432.762193680873,-1.4526881844049,0.0153217783587102,122,0.158519774184899
"RUNX1T1",3,57,1279.66666666667,817.105263157895,0.833333333333333,1.44736842105263,462.561403508772,-0.614035087719298,0.935529149119285,432.739676239984,-0.574447723143421,0.453250796379495,60,0.67972217682934
"OR2L13",5,129,832.2,437.682170542636,4.5,3.95090439276486,394.517829457364,0.549095607235143,1.09278424793968,431.122869562362,0.600043030199439,0.326167601513966,134,0.59297804169691
"OR2T12",2,12,1455,880.5,0.75,0.944444444444444,574.5,-0.194444444444444,0.749854106997337,430.79118446997,-0.145804965249482,0.528949655549755,14,0.728102936127048
"SNX6",4,35,1401.25,918.971428571429,0.75,0.985714285714286,482.278571428571,-0.235714285714286,0.892925422302248,430.638797060182,-0.210475278114101,0.189884372772313,39,0.494640126204799
"OR2L3",4,83,1022.25,524.698795180723,6.25,2.61646586345382,497.551204819277,3.63353413654618,0.863298579771168,429.535248483916,3.13682485963038,0.390747600226087,87,0.641432566598237
"OR56A1",4,55,1019,619.509090909091,1.875,1.25757575757576,399.490909090909,0.617424242424242,1.0747984014743,429.372190494426,0.66360658878906,0.452550164557764,59,0.67933525829182
"TMEM120A",2,26,1362.5,931.653846153846,1,1.02564102564103,430.846153846154,-0.0256410256410255,0.996145589301914,429.18549582154,-0.0255421945974849,0.00137008963717468,28,0.0304159899452778
"DDX3Y",8,141,1111.5,670.297872340426,0.833333333333333,1.07328605200946,441.202127659574,-0.239952718676123,0.971186187635758,428.489412338487,-0.233038766063899,0.118207374986969,149,0.4137284735698
"TUBG1",3,27,1352.33333333333,911.666666666667,0.833333333333333,1.01234567901235,440.666666666667,-0.179012345679012,0.972063581936125,428.356018439852,-0.174011381951528,0.483851659154772,30,0.700279329946566
"APOL1",8,131,823.625,401.259541984733,1.375,3.87022900763359,422.365458015267,-2.49522900763359,1.01399404470373,428.276059116043,-2.53014735391245,0.0151013187243575,139,0.157970862886211
"MAX",7,89,1014.42857142857,625.101123595506,0.916666666666667,1.32584269662921,389.327447833066,-0.409176029962547,1.09997205257506,428.249311916747,-0.450082197542417,0.135222172568576,96,0.432379984739513
"ACSM2B",3,14,1273.33333333333,815.785714285714,1,1,457.547619047619,0,0.93560792323009,428.085177636015,0,0.0140860963371954,17,0.15212984044171
"ZNF286A",5,57,1325,489.105263157895,1.5,12.0584795321637,835.894736842105,-10.5584795321637,0.51197135909124,427.954164478267,-5.40563911601892,0.0556551605422309,62,0.295742049902599
"PLCXD1",3,25,1523,824.96,0.833333333333333,2.59333333333333,698.04,-1.76,0.612608225185084,427.625045508196,-1.07819047632575,0.130387039554996,28,0.42612810318086
"L2HGDH",2,24,1544,1097.16666666667,0.5,1.04861111111111,446.833333333333,-0.548611111111111,0.95694173388861,427.593464759227,-0.524988867897223,0.0319672031060643,26,0.228516893759987
"RASSF8",2,5,1362.5,847.8,1,1,514.7,0,0.830199142777633,427.303498787648,0,0.0416636288366051,7,0.257721146797328
"UGT2A2",5,154,932.6,527.831168831169,2.2,1.72186147186147,404.768831168831,0.478138528138529,1.05286457348656,426.166762789224,0.503415117496063,0.268726405034724,159,0.556442575095835
"OBP2B",9,166,889.333333333333,491.879518072289,1.61111111111111,2.71184738955823,397.453815261044,-1.10073627844712,1.07137653484011,425.82269135336,-1.17930301977548,0.0104810315866836,175,0.126151211507192
"GTF3C6",6,10,1495.83333333333,806.5,0.75,1,689.333333333333,-0.25,0.617692778129031,425.796221723612,-0.154423194532258,0.0367107392231981,16,0.244137884201687
"SWI5",6,98,1104,660.714285714286,1,3.19557823129252,443.285714285714,-2.19557823129252,0.955833741925097,423.707443027654,-2.09860775650561,0.00257214995099307,104,0.048347818445823
"OR14L1P",3,84,937,521.559523809524,3.16666666666667,2.85515873015873,415.440476190476,0.311507936507936,1.01895589515961,423.315522302201,0.317412848293767,0.547078508592323,87,0.738626515399539
"DCLRE1C",2,23,1135.5,766,1.5,1.17391304347826,369.5,0.326086956521739,1.1439533203608,422.690751873315,0.373028256639391,0.355230312321867,25,0.615271646121072
"EYA3",2,43,1419,955.46511627907,0.75,1.17441860465116,463.53488372093,-0.424418604651163,0.910391058545005,421.998013463234,-0.386386902754566,8.92832895239118e-06,45,0.000591756650903117
"ANXA8",3,26,1122.33333333333,660.230769230769,1.33333333333333,1.75,462.102564102564,-0.416666666666667,0.911296146707406,421.112286050278,-0.379706727794752,0.0288337717934592,29,0.218219227436862
"ENPP2",4,67,1482.25,913.388059701493,0.75,1.08955223880597,568.861940298507,-0.33955223880597,0.73985609175284,420.875971896191,-0.251219792348912,0.119614135776829,71,0.414911533475875
"PADI2",3,24,1714.33333333333,877.5,1,1.25694444444444,836.833333333333,-0.256944444444444,0.502287547731931,420.330962860338,-0.129059994903343,0.242815032309318,27,0.536046762025366
"ZFY",6,130,1148.83333333333,709.669230769231,0.916666666666667,0.953846153846154,439.164102564102,-0.0371794871794873,0.956630911132253,420.117955572475,-0.0355670466959428,0.222715262282059,136,0.526298159715617
"CA2",2,29,1737,859.48275862069,0.75,1.55172413793103,877.51724137931,-0.801724137931034,0.478753833651257,420.11474340542,-0.383828504565232,0.233442331242198,31,0.532761249789442
"ASB5",4,31,1482.25,977.741935483871,0.75,1.02688172043011,504.508064516129,-0.276881720430108,0.832314175350619,419.909213675479,-0.230452580809446,0.150464824553956,35,0.450102359108783
"DEFB103B",3,65,1235,523.246153846154,1.5,2.74102564102564,711.753846153846,-1.24102564102564,0.58957094920008,419.629390673731,-0.731672665161126,0.241238071967912,68,0.535145372394881
"GET4",5,95,1014.2,649.673684210526,1,1.70175438596491,364.526315789474,-0.701754385964912,1.15033243144128,419.326443166437,-0.807250829081599,0.281010461479744,100,0.565840758911411
"F8A3",3,20,1361,762.05,1.33333333333333,1.125,598.95,0.208333333333333,0.700050797189974,419.295424976935,0.145843916081244,0.253001563494557,23,0.540868283017005
"OR11A1",5,160,625.6,243.4875,3.4,7.74895833333333,382.1125,-4.34895833333333,1.0970137680115,419.182673429293,-4.77086716817499,0.158280014462947,165,0.45832386796662
"MAMSTR",3,25,1445.33333333333,872.52,0.833333333333333,1.00666666666667,572.813333333333,-0.173333333333333,0.73072508695281,418.569072807729,-0.12665901507182,0.36810121138435,28,0.625976264889236
"SPTAN1",2,23,1047.5,623.04347826087,0.75,1.60869565217391,424.45652173913,-0.858695652173913,0.985651748540064,418.366312831408,-0.846374871028968,0.482464240324944,25,0.699165095159213
"ADCY10",3,37,1092,673.567567567568,0.722222222222222,1.62162162162162,418.432432432432,-0.899399399399399,0.999535722913296,418.23816384172,-0.898981828866463,0.57704929046963,40,0.759598662134865
"ZFP28",2,29,1504,954.241379310345,0.75,1.10919540229885,549.758620689655,-0.359195402298851,0.759502093565732,417.542823369602,-0.272809660045162,0.517557874453287,31,0.721367724560633
"TPRKB",4,79,1254.5,782.126582278481,0.75,1.22573839662447,472.373417721519,-0.475738396624473,0.883235136030619,417.216799858514,-0.420188867457605,0.253508568506947,83,0.540868283017005
"DDX3X",8,151,1111.5,682.543046357616,0.833333333333333,1.11810154525386,428.956953642384,-0.28476821192053,0.971578414611042,416.76531695625,-0.27667464786937,0.127096585361021,159,0.42372370451219
"DCTN5",4,35,1546.5,991.742857142857,0.75,1.04285714285714,554.757142857143,-0.292857142857143,0.750935227521397,416.586681290548,-0.219916745202695,0.254663334683213,39,0.541625707969318
"ZFP2",5,87,1005.2,488.919540229885,1,6.58812260536398,516.280459770115,-5.58812260536398,0.806838690841318,416.555050267873,-4.50871352717265,0.188445749999253,92,0.492175958821579
"AZU1",2,41,1707.5,903.243902439024,0.75,1.69105691056911,804.256097560976,-0.941056910569106,0.51666104698135,415.527797406988,-0.486207448683669,0.428567135409691,43,0.665789070917405
"SSH1",4,58,1401.25,957.98275862069,0.75,1.10919540229885,443.26724137931,-0.359195402298851,0.937162909548754,415.413617638684,-0.336624608314926,0.219111795730001,62,0.522668560807893
"SKP1",4,38,1257.5,794.315789473684,1,1.19736842105263,463.184210526316,-0.197368421052631,0.894938015153714,414.521158018961,-0.176632502990864,0.23515942770794,42,0.532761249789442
"MICB",3,39,1214.66666666667,734.230769230769,1,2.08119658119658,480.435897435897,-1.08119658119658,0.862630686341693,414.438747948315,-0.932673348907899,0.0611074268488742,42,0.30949037544423
"TMEM191B",3,11,1273.33333333333,816.363636363636,1,2.66666666666667,456.969696969697,-1.66666666666667,0.906677996130337,414.324369140772,-1.51112999355056,0.0623661920666609,14,0.313478369180348
"RNASE3",5,74,1043.4,607.608108108108,0.766666666666667,1.81981981981982,435.791891891892,-1.05315315315315,0.949690097399742,413.867244256829,-1.00016912059486,0.0220654133826837,79,0.195940870838231
"KIR3DL1",5,71,931.4,490.549295774648,1.3,3.11971830985915,440.850704225352,-1.81971830985915,0.938791534338553,413.86690903395,-1.70833614417663,0.00120270341268602,76,0.0274628733548191
"ZSCAN30",4,71,1056.75,440.338028169014,1.25,8.23004694835681,616.411971830986,-6.98004694835681,0.670750544104477,413.458665498147,-4.68187028848512,0.103527306461705,75,0.3913861084399
"YME1L1",3,86,1128,659.651162790698,0.833333333333333,1.85658914728682,468.348837209302,-1.02325581395349,0.881701130417635,412.943699197227,-0.902205807869207,0.452087837965624,89,0.67933525829182
"GIT1",2,28,1737,1105.21428571429,0.75,1.01190476190476,631.785714285714,-0.261904761904762,0.653516256882469,412.882235151817,-0.171159019659694,0.311379893705031,30,0.586473854446065
"TMEM88B",5,104,922.2,535.125,1.5,2.85576923076923,387.075,-1.35576923076923,1.06621682368255,412.705877026922,-1.4455439628773,0.30435096594951,109,0.583256020827026
"TRIP10",5,63,1591.8,977.222222222222,0.7,1.08994708994709,614.577777777778,-0.38994708994709,0.671433314691647,412.64799446916,-0.261823467157536,0.102937904050052,68,0.390732265600506
"FCRL6",4,18,1649.75,1016.22222222222,0.75,0.898148148148148,633.527777777778,-0.148148148148148,0.651295864346988,412.614021615604,-0.0964882761995537,0.152907362127714,22,0.451864972023343
"SNAPC5",2,65,1078,722.061538461538,1,1.13076923076923,355.938461538462,-0.130769230769231,1.15879657374713,412.460269695594,-0.151534936566932,8.08078656096501e-08,67,1.46853892590862e-05
"C15orf40",4,74,1338.75,810.878378378378,0.875,1.08108108108108,527.871621621622,-0.206081081081081,0.780369265202035,411.934789485872,-0.160819341815284,0.150451646418561,78,0.450102359108783
"MIPEP",2,10,1227.5,686.8,0.75,0.9,540.7,-0.15,0.760228487746014,411.05554332427,-0.114034273161902,0.401776845653053,12,0.649292886547941
"ANAPC1",4,14,1119.75,608.142857142857,1.375,1.5,511.607142857143,-0.125,0.803440289804309,411.045791123097,-0.100430036225539,0.305352947195826,18,0.583256020827026
"MYO1C",3,55,1467,809.872727272727,0.833333333333333,1.96363636363636,657.127272727273,-1.13030303030303,0.625309294324774,410.907791190654,-0.706788990251942,0.25389426300743,58,0.540868283017005
"PSMC2",5,12,1718.4,1059.25,0.6,1.04166666666667,659.15,-0.441666666666667,0.62260705735928,410.39144185837,-0.274984783667016,0.0416552427319113,17,0.257721146797328
"KRT31",3,22,1286.66666666667,755.227272727273,0.833333333333333,1.18181818181818,531.439393939394,-0.348484848484849,0.769955556254278,409.184714176043,-0.268317845361339,0.444983867149074,25,0.67507803080019
"ZNF786",4,60,1404.75,555.283333333333,1.125,9.46666666666667,849.466666666667,-8.34166666666667,0.480906522564846,408.514060701418,-4.01156190906176,0.0618689289539585,64,0.312156868813154
"RGL1",4,20,1482.25,1080.8,0.75,0.875,401.45,-0.125,1.01729915548698,408.394745970249,-0.127162394435873,0.228535028484964,24,0.530919934605002
"OR1A2",8,118,893.75,464.847457627119,2.625,1.89265536723164,428.902542372881,0.732344632768362,0.951084294587658,407.922471959565,0.696521478451554,0.202945942030254,126,0.504022364420694
"CELA2A",4,64,1396.5,749.609375,0.875,2.33854166666667,646.890625,-1.46354166666667,0.629771612533988,407.393352039369,-0.921696995427347,0.27182149345542,68,0.558896132455425
"OR4M2",2,48,1009,605.6875,1,1.18402777777778,403.3125,-0.184027777777778,1.00809349170496,406.576706373258,-0.185517205070705,0.0757145349594512,50,0.344203960976072
"OR4C13",7,173,687.857142857143,302.473988439306,2.42857142857143,4.4354527938343,385.383154417837,-2.00688136526287,1.05436048254407,406.332768656348,-2.11597640468727,0.0498970114195685,180,0.27719648592087
"MFSD14A",3,37,2026,1065.02702702703,0.5,0.954954954954955,960.972972972973,-0.454954954954955,0.421865172273935,405.401028793839,-0.191929650448952,0.0367184355368403,40,0.244137884201687
"OR8J2",5,106,868.2,465.622641509434,6.3,3.30031446540881,402.577358490566,2.99968553459119,1.00648109545015,405.186500777013,3.01912678286132,0.407703687091663,111,0.651934347186189
"PRB4",4,106,981.5,557.122641509434,1,2.56289308176101,424.377358490566,-1.56289308176101,0.952209524480931,404.096162728775,-1.48820167819818,0.103896329902077,110,0.392039409148914
"MTX1",5,88,997.2,700.943181818182,1.1,1.10037878787879,296.256818181818,-0.000378787878787756,1.36044049798482,403.03977325867,-0.000515318370448627,0.145728932391551,93,0.444568742536921
"BCL3",3,14,1490.66666666667,911.357142857143,0.5,1.10714285714286,579.309523809524,-0.607142857142857,0.695157872274754,402.71157595993,-0.422060136738244,0.356675376042177,17,0.615403628093497
"KRTAP9-7",2,89,898.5,497.842696629213,1.25,2.59925093632959,400.657303370787,-1.34925093632959,1.00493908305869,402.636183070206,-1.35591499877114,0.227259635044394,91,0.530711122845632
"OR5M1",5,118,846.2,466.491525423729,2.1,2.23305084745763,379.708474576271,-0.133050847457628,1.05930475454313,402.226992458962,-0.140941395307857,0.376564379799679,123,0.631452480771934
"HFE",3,38,1834.66666666667,911.052631578947,0.666666666666667,1.37719298245614,923.614035087719,-0.710526315789474,0.435432191713083,402.17128359521,-0.309386030954032,0.140390407488642,41,0.437208929513773
"HNRNPA1",4,120,1069.5,705.158333333333,1.125,1.35833333333333,364.341666666667,-0.233333333333333,1.10326643235688,401.965930742292,-0.257428834216605,0.0495084044032336,124,0.27696369492152
"KDM6A",5,130,1051.6,649.661538461538,1,1.18974358974359,401.938461538461,-0.18974358974359,0.996644786339374,400.589872121577,-0.189106959459266,0.335462500071266,135,0.599458642920151
"DDX11",2,57,909,542.017543859649,2,2.62865497076023,366.982456140351,-0.628654970760234,1.0913464780962,400.505011031865,-0.686080388276851,1.14319478954763e-06,59,0.000103822872250735
"CACNA1B",2,43,1000,613.767441860465,0.75,1.63953488372093,386.232558139535,-0.88953488372093,1.0320363442043,398.606037315,-0.918032329437546,0.651986881947418,45,0.80610754339786
"OR3A1",5,138,907.8,521.260869565217,1.3,2.23188405797101,386.539130434783,-0.931884057971014,1.02938300523085,397.896811726275,-0.959265612120921,0.277596889704767,143,0.562799173648021
"OR51S1",5,158,798.6,457.316455696203,1.4,2.35126582278481,341.283544303797,-0.95126582278481,1.16523853230677,397.676736265009,-1.10845159117536,0.0115663256943959,163,0.132813326077028
"LGALS9",7,97,916.571428571429,507,2.07142857142857,2.09278350515464,409.571428571429,-0.0213549337260677,0.970267807327586,397.393971944027,-0.0207200047220176,0.109959266146837,104,0.401276006870102
"SH3GLB1",3,43,1703,1081.09302325581,0.666666666666667,0.953488372093023,621.906976744186,-0.286821705426357,0.636903592944552,396.094787965656,-0.18267777472053,0.0853123469994249,46,0.36036801121533
"SMIM15",3,101,1121.66666666667,684.910891089109,1,1.51980198019802,436.755775577558,-0.51980198019802,0.906080583164296,395.735927835688,-0.470982481347778,0.0783799473950921,104,0.349974134624456
"ADAMTSL4",2,39,1227.5,807.692307692308,0.75,1.48717948717949,419.807692307692,-0.737179487179487,0.937094302932871,393.399396788934,-0.690806697674873,0.488175615671468,41,0.70322630145032
"RBL2",2,28,1575,931.428571428571,0.75,0.976190476190476,643.571428571429,-0.226190476190476,0.610975982169134,393.206685667421,-0.13819694834778,0.425349699957028,30,0.663685045305851
"LDHA",3,49,1187.33333333333,692.897959183673,1.5,1.66326530612245,494.43537414966,-0.163265306122449,0.794516282115712,392.836955215879,-0.129716944018892,0.271955178699068,52,0.558896132455425
"OR52H1",6,127,896.833333333333,506.173228346457,2.08333333333333,2.13254593175853,390.660104986877,-0.0492125984251972,1.00432395058859,392.349299977772,-0.0494253912691237,0.180101472352729,133,0.480430896876838
"KRTAP1-1",2,11,1544,1136.72727272727,0.5,0.924242424242424,407.272727272727,-0.424242424242424,0.962219439408852,391.885735322878,-0.408214307627998,0.144874800615708,13,0.443389565884579
"CENPN",4,25,1263.25,831.8,0.75,1.01333333333333,431.45,-0.263333333333333,0.906984645542197,391.318525319181,-0.238839289992779,0.392507209403221,29,0.64245381846828
"AKR1C4",15,186,708.666666666667,343,1.55,5.31810035842293,365.666666666667,-3.76810035842293,1.06933525650662,391.020258795919,-4.02936256331686,0.0644160844246604,201,0.319363118313825
"CYP2J2",2,129,731.5,370.488372093023,1,2.69121447028424,361.011627906977,-1.69121447028424,1.08226262066816,390.709390510282,-1.83033820472173,0.136940768866594,131,0.432794850659634
"OR10G7",3,104,876,485.298076923077,1.66666666666667,2.98397435897436,390.701923076923,-1.31730769230769,0.998289029214753,390.033443500799,-1.31505381733097,0.234447191081638,107,0.532761249789442
"CXorf49",6,107,952,550.971962616822,1.72222222222222,2.45794392523365,401.028037383178,-0.735721703011423,0.971781706689233,389.711710598458,-0.714960892200749,0.236207470680793,113,0.53325581523633
"HNRNPA2B1",4,72,1275.25,887.652777777778,0.875,1.24074074074074,387.597222222222,-0.365740740740741,1.00467460344296,389.409085531704,-0.367450433666639,0.037825432215977,76,0.248935000030644
"ANTXRL",9,200,780.111111111111,411.61,1.27777777777778,2.69083333333333,368.501111111111,-1.41305555555556,1.05568365252122,389.020598935904,-1.49173965010429,0.0914711598590776,209,0.37221869123918
"UGT2A1",6,184,889,524.690217391304,2,1.9393115942029,364.309782608696,0.0606884057971013,1.06778057518424,389.002909219159,0.0648019008490435,0.293633304961514,190,0.576022919305946
"OR5B2",13,254,506,139.303149606299,6.78205128205128,19.2657480314961,366.696850393701,-12.4836967494448,1.05778677361292,387.887078271973,-13.2050893073573,0.01837831734545,267,0.175073230711686
"OR8H3",9,131,809.333333333333,451,2.66666666666667,3.56997455470738,358.333333333333,-0.903307888040711,1.08232242036039,387.832200629141,-0.977670379714858,0.161166272588384,140,0.461306714755382
"PPA2",2,33,1544,1098.15151515152,0.5,0.97979797979798,445.848484848485,-0.47979797979798,0.869420319602678,387.629732191339,-0.417146112940679,0.0485827558409885,35,0.275757317051866
"ACTR3",3,30,1585,1060.83333333333,0.833333333333333,0.966666666666667,524.166666666667,-0.133333333333333,0.739190813995611,387.459185002699,-0.0985587751994147,0.312712590958617,33,0.586903529110474
"ZNF239",3,37,1128,424.702702702703,0.833333333333333,12.9054054054054,703.297297297297,-12.0720720720721,0.550539989676245,387.193286793385,-6.64615843392944,0.297665753024353,40,0.578255881908271
"OR51T1",2,124,965.5,604.612903225806,1.25,1.36559139784946,360.887096774194,-0.115591397849462,1.07260946329911,387.090915182543,-0.123984427209306,0.228049710997953,126,0.530919934605002
"GSTM2",7,192,873.285714285714,516.697916666667,2.42857142857143,2.23003472222222,356.587797619048,0.198536706349206,1.08542488455884,387.049269065746,0.215496681569779,0.276698954798982,199,0.561833853341836
"OR2AG1",9,168,835.111111111111,474.047619047619,1.66666666666667,2.27380952380952,361.063492063492,-0.607142857142857,1.07194886872574,387.041601855627,-0.650826098869202,0.0344822327408419,177,0.237161793515326
"OR6C1",6,207,576.833333333333,223.144927536232,5.25,8.23027375201288,353.688405797101,-2.98027375201288,1.09395911635807,386.920655871893,-3.26029764025717,0.299814899135074,213,0.57973365763286
"PNMA6A",4,16,1115.5,601.75,1,1.0625,513.75,-0.0625,0.75090589417155,385.777903130634,-0.0469316183857219,0.0456678860241513,20,0.266974892200693
"CRLF2",2,13,1724.5,1064.15384615385,0.75,1.15384615384615,660.346153846154,-0.403846153846154,0.583828757979502,385.529074836541,-0.235776998414799,0.475980456711663,15,0.696659328633248
"CLUH",2,21,1544,968.761904761905,0.5,1.04761904761905,575.238095238095,-0.547619047619048,0.670050465699501,385.43855360238,-0.36693239788306,0.023185666182689,23,0.200097798872893
"APOL3",8,174,768.125,406.270114942529,1.6875,3.79693486590038,361.854885057471,-2.10943486590038,1.06483780749784,385.316762436981,-2.24620599766486,0.142434152438275,182,0.440872868430167
"NLRP11",3,17,1511.66666666667,872.470588235294,0.833333333333333,1.09803921568627,639.196078431373,-0.264705882352941,0.60261631627012,385.18998615862,-0.159516083718561,0.159082761746365,20,0.459649107692317
"CORO6",11,190,939.636363636364,597.415789473684,0.818181818181818,0.943859649122807,342.220574162679,-0.125677830940989,1.1239300298901,384.631980147668,-0.141253088286029,0.159367507534823,201,0.460139133026844
"PHTF1",4,87,1482.25,988.241379310345,0.75,1.03639846743295,494.008620689655,-0.28639846743295,0.777573092782694,384.127811050968,-0.222695742090063,0.15788652659274,91,0.458077387997549
"MIX23",2,8,1227.5,820.5,0.75,1,407,-0.25,0.9434831648628,383.99764809916,-0.2358707912157,0.489761356265777,10,0.704670028145126
"CIDEA",2,4,1903.5,1187,0.5,1.125,716.5,-0.625,0.5357697928275,383.879056560904,-0.334856120517187,0.326426590931034,6,0.593179016534977
"OR2B6",7,185,765.285714285714,385.351351351351,3,4.7027027027027,379.934362934363,-1.7027027027027,1.00571752123554,382.106645722553,-1.71243794156322,0.0563392080193837,192,0.296667703184874
"OR2J1",5,135,685.2,318.511111111111,2.4,5.70864197530864,366.688888888889,-3.30864197530864,1.04066032076499,381.598576732069,-3.4431724193212,0.0493401620564197,140,0.27696369492152
"PSG8",6,106,746.666666666667,383.641509433962,2.16666666666667,5.22955974842767,363.025157232704,-3.06289308176101,1.05077005252749,381.45596353421,-3.21839632440811,0.0579155348814325,112,0.301095387594004
"CYP3A7",10,156,746.9,405.25641025641,1.4,3.64423076923077,341.64358974359,-2.24423076923077,1.11547092224061,381.093490128876,-2.50337416587461,0.00852551439082668,166,0.108843308325059
"KANK4",2,26,1737,1016.42307692308,0.75,1.01923076923077,720.576923076923,-0.269230769230769,0.528091054022661,380.530226812098,-0.142178360698409,0.278867874743666,28,0.564516731244017
"CUL9",2,28,1167.5,735.964285714286,0.75,1.03571428571429,431.535714285714,-0.285714285714286,0.881789167315038,380.5235181667,-0.251939762090011,0.721177146445536,30,0.846599258870847
"CASP4",6,127,1036.5,632.897637795276,0.972222222222222,1.29658792650919,403.602362204724,-0.324365704286964,0.942487535345522,380.390195613961,-0.305710633184035,0.206989913776783,133,0.509631358873707
"PNMA3",4,30,1363.75,838.266666666667,0.875,1.40555555555556,525.483333333333,-0.530555555555555,0.722978557173547,379.913182152079,-0.383580290055965,0.00685899307354652,34,0.0938934426474672
"MRPL30",2,8,1188,802.625,0.75,0.916666666666667,385.375,-0.166666666666667,0.98466715846546,379.466106193627,-0.164111193077577,0.364852624769506,10,0.622284831290513
"OR2M2",3,24,954.333333333333,522.208333333333,1.33333333333333,2.625,432.125,-1.29166666666667,0.87671130308208,378.848871844344,-1.13241876648102,0.169637759377024,27,0.469115907592104
"ADGRE3",4,48,1497,951.291666666667,0.75,1.32986111111111,545.708333333333,-0.579861111111111,0.694204701323122,378.833290551205,-0.402542309447782,0.0799825195137531,52,0.353033228940526
"ZKSCAN5",6,72,1007,405.291666666667,1.58333333333333,10.3194444444444,601.708333333333,-8.73611111111111,0.629543315109022,378.801458895391,-5.49976035004965,0.0474948940342302,78,0.272686201955149
"PRSS3",6,101,727.5,414.29702970297,2.83333333333333,2.67986798679868,313.20297029703,0.153465346534654,1.2093573447448,378.7743125246,0.185594443995489,0.184234541175298,107,0.487615134082451
"OR4A16",3,70,853.666666666667,488.057142857143,10.5,3.13095238095238,365.609523809524,7.36904761904762,1.03588569650795,378.72967622137,7.63349102545743,0.674438567816373,73,0.81792307040796
"H2AP",9,168,1046.55555555556,616.113095238095,1.22222222222222,1.48015873015873,430.44246031746,-0.257936507936508,0.879698299874434,378.659500535038,-0.226906307507294,0.045968646625041,177,0.267380948928186
"AKR7A3",2,87,1078,710.264367816092,1,1.30268199233716,367.735632183908,-0.302681992337165,1.02854610162176,378.233050910173,-0.311322383249499,1.30106545243208e-09,89,5.77673060879845e-07
"CYP4A11",13,227,752,398.88986784141,1.56410256410256,2.66446402349486,353.11013215859,-1.1003614593923,1.07090770213835,378.148360231726,-1.17838556199941,0.0449277594536938,240,0.266217583580826
"CASTOR1",3,12,1725.66666666667,1152.58333333333,0.5,0.902777777777778,573.083333333333,-0.402777777777778,0.659481270945191,377.937725024173,-0.265624400797369,0.0640513972003424,15,0.318548230929278
"CYP3A7-CYP3A51P",10,169,761.8,420.615384615385,1.35,3.5276134122288,341.184615384615,-2.1776134122288,1.10667229811535,377.579562389296,-2.40990443931806,0.00747498365112886,179,0.100235015670842
"COQ10A",2,13,1510,973.461538461538,0.75,0.923076923076923,536.538461538462,-0.173076923076923,0.703405252178862,377.40397184212,-0.121743216723265,0.0399398521970486,15,0.253015199849524
"RPS27L",4,59,1537.25,908.64406779661,0.75,1.23728813559322,628.60593220339,-0.48728813559322,0.598822736582554,376.423524554062,-0.291799214860143,0.143443653979824,63,0.442626132280598
"LCE1A",3,58,1058.66666666667,611.224137931035,0.833333333333333,1.44540229885057,447.442528735632,-0.612068965517241,0.840404997554541,376.032937267867,-0.514385817468728,0.479129202991753,61,0.697397818253746
"DNAJB6",3,39,1262,877.589743589744,1,1.08119658119658,384.410256410256,-0.0811965811965811,0.978175303284916,376.020619149935,-0.0794244904376641,0.0323892581188013,42,0.230297999008416
"SHLD2",2,4,1592,1089.25,0.75,0.75,502.75,0,0.7476496382455,375.880855627925,0,0.493822336745857,6,0.707411034294346
"CD177",7,34,951.285714285714,586.411764705882,1.17857142857143,1.48039215686275,364.873949579832,-0.301820728291317,1.03014115287154,375.871671072961,-0.310917953002545,0.033242204681852,41,0.23263721525163
"DNM2",2,61,1419,970.540983606557,0.75,1.17213114754098,448.459016393443,-0.422131147540984,0.837549756183952,375.606739838823,-0.353555839700603,1.30796559104175e-05,63,0.000791913712394368
"CELA3B",2,69,1188,733.31884057971,0.75,1.97826086956522,454.68115942029,-1.22826086956522,0.824690943930626,374.97143454979,-1.01293561591479,0.329522491852011,71,0.595749240311692
"OR2AJ1",6,149,700.166666666667,351.463087248322,6.25,5.92170022371365,348.703579418344,0.328299776286353,1.0740388892298,374.521205108935,0.352606727056987,0.244279567980028,155,0.536046762025366
"OR4A5",6,184,690.333333333333,330.429347826087,8.16666666666667,6.38315217391304,359.903985507246,1.78351449275362,1.03944824062987,374.101564531185,1.85387100163063,0.14367994191632,190,0.442764633671987
"SCYGR3",4,87,1068,687.172413793103,1.25,1.45593869731801,380.827586206897,-0.205938697318008,0.981046936410016,373.609736748697,-0.202035528092101,0.356522616748879,91,0.615403628093497
"SLC17A3",3,55,1523,952.509090909091,0.833333333333333,0.981818181818182,570.490909090909,-0.148484848484848,0.654570847902993,373.426718084586,-0.0971938531734748,0.190432533265101,58,0.495300531821591
"DHX9",4,5,1220.25,651.8,1,1,568.45,0,0.65663807165284,373.265911831057,0,0.0046431100183862,9,0.0739197913684113
"NRROS",2,11,1737,991.363636363636,0.75,1,745.636363636364,-0.25,0.499125460489657,372.166093357833,-0.124781365122414,0.268203739765155,13,0.556442575095835
"OR51C1P",3,94,1020.66666666667,657.63829787234,1.33333333333333,1.40425531914894,363.028368794326,-0.0709219858156029,1.02497818508321,372.096158580527,-0.072693488303774,0.150587932831854,97,0.450102359108783
"WASHC2C",4,37,1014,677.567567567568,1.375,1.49099099099099,336.432432432432,-0.115990990990991,1.10598524494353,372.089306190732,-0.128284324582414,0.453139866672409,41,0.67972217682934
"MFSD14B",3,33,2026,1055.66666666667,0.5,1.12121212121212,970.333333333333,-0.621212121212121,0.383414132804227,372.039513531035,-0.23818150674202,0.0354063754953757,36,0.240210316603601
"PGA3",4,60,1177.75,682.983333333333,2.25,1.89722222222222,494.766666666667,0.352777777777778,0.751194160111947,371.665830618054,0.265004606483937,0.351010489824834,64,0.612938040105542
"OR5B3",11,250,586.727272727273,239.036,5.86363636363636,9.86933333333334,347.691272727273,-4.00569696969697,1.06114238144262,368.949945148634,-4.25061482176174,0.0495270169456196,261,0.27696369492152
"ZNF135",3,50,1210,558.6,1.16666666666667,5.33,651.4,-4.16333333333333,0.565618470370881,368.443871599592,-2.3548582316441,0.00071352223017293,53,0.0188823498792783
"RNASE2",6,83,961.333333333333,573.506024096386,0.972222222222222,1.89558232931727,387.827309236948,-0.923360107095047,0.949341083370564,368.180397911695,-0.876583684410772,0.030040585345644,89,0.224152917054415
"OR56B2P",6,146,760.5,425.547945205479,2.5,2.37328767123288,334.952054794521,0.126712328767123,1.09767879514137,367.669767936975,0.139089436370653,0.1134745158545,152,0.406282235152181
"SLC25A23",3,34,1622.66666666667,1039.17647058824,0.666666666666667,0.990196078431373,583.490196078431,-0.323529411764706,0.62742794880343,366.098056872402,-0.20299139520111,0.26458004428061,37,0.552961222251734
"SEL1L2",3,28,1511.66666666667,1132.03571428571,0.833333333333333,0.904761904761905,379.630952380953,-0.0714285714285714,0.964173169707875,366.029978676362,-0.068869512121991,0.336520475248177,31,0.600356699685186
"RAB37",4,60,1295.5,817.966666666667,0.875,1.56111111111111,477.533333333333,-0.686111111111111,0.76560391683463,365.601390419097,-0.525289354050427,0.255187515343055,64,0.541832790282065
"B4GALNT4",2,22,957.5,564.363636363636,1,1.20454545454545,393.136363636364,-0.204545454545455,0.92973382772617,365.512176181984,-0.190172828398535,0.178848461190188,24,0.479649967057712
"SEMA3F",2,27,1737,1170.22222222222,0.75,0.925925925925926,566.777777777778,-0.175925925925926,0.644061391185401,365.039684048526,-0.113307096597432,0.346241559664571,29,0.608435036244338
"CYP4A22",14,218,717.357142857143,376.183486238532,1.47619047619048,2.87691131498471,341.173656618611,-1.40072083879423,1.06990079962021,365.021968025603,-1.49863234547064,0.0401526097967915,232,0.253075439665581
"OXT",3,56,1273.33333333333,817.821428571429,1,1.30952380952381,455.511904761905,-0.30952380952381,0.801240210049949,364.974454251681,-0.248002922158318,0.0132423642522555,59,0.146356741427303
"MCRIP1",2,19,1223,784.263157894737,1,0.991228070175439,438.736842105263,0.00877192982456143,0.831529324703501,364.822550038336,0.00729411688336407,0.164909419598045,21,0.465379972255499
"ZFYVE9",4,56,1542.5,1053.05357142857,0.75,1.02380952380952,489.446428571429,-0.273809523809524,0.744605074746163,364.444294530671,-0.203879960942402,0.106149473602624,60,0.394579810712637
"ZNF287",2,34,1348,493.264705882353,0.75,6.27941176470588,854.735294117647,-5.52941176470588,0.426081025251863,364.1864904366,-2.35597743374559,0.198370760991725,36,0.500435328865487
"ARID4A",4,65,1497,1018.33846153846,0.75,1.00512820512821,478.661538461538,-0.255128205128205,0.760084240654347,363.82309199198,-0.193918928064378,0.109903064021749,69,0.401276006870102
"OR9G4",5,210,542.4,213.82380952381,5.3,8.76904761904762,328.57619047619,-3.46904761904762,1.10690812650586,363.703655414433,-3.83991700075962,0.0711719827218228,215,0.334986151892113
"RFLNB",2,5,1642,751.2,1,0.9,890.8,0.1,0.407673188505143,363.155276320381,0.0407673188505143,0.246149748998119,7,0.536587458752049
"SMC1B",4,54,1482.25,1013.22222222222,0.75,0.990740740740741,469.027777777778,-0.240740740740741,0.773807361165993,362.937147035772,-0.186286957317739,0.173481482904495,58,0.472773498345037
"STEAP1",2,6,1362.5,920,1,1,442.5,0,0.819211568204188,362.501118930353,0,0.00968142868879527,8,0.119404287161808
"CPN1",4,8,1401.25,733.75,0.75,1.125,667.5,-0.375,0.541839446386736,361.677830463146,-0.203189792395026,0.0986457493052522,12,0.383079817132392
"WFDC9",9,84,1040.44444444444,625.404761904762,0.888888888888889,1.24007936507937,415.039682539682,-0.351190476190476,0.871085415722466,361.535014406399,-0.305916901950152,0.0590755006786348,93,0.303036843019031
"OR2T29",6,187,749.166666666667,399.930481283422,4.41666666666667,3.72905525846702,349.236185383244,0.687611408199643,1.03497164060608,361.449547745105,0.711658307243841,0.198629358697371,193,0.50045581169905
"KLK12",3,20,1448.33333333333,992.7,1,1.15,455.633333333333,-0.15,0.792965931495463,361.301710587049,-0.118944889724319,0.2905660568853,23,0.574138841454939
"RABL2B",3,18,1049.33333333333,581.166666666667,2.33333333333333,1,468.166666666667,1.33333333333333,0.771669815060989,361.270085084386,1.02889308674799,0.273290073112202,21,0.560199498932853
"GOSR1",2,41,1362.5,889.439024390244,1,1.54065040650406,473.060975609756,-0.540650406504065,0.76274978840927,360.827159051024,-0.412380983164361,2.26461246033464e-08,43,6.03292759433148e-06
"FAM200A",3,6,1273.33333333333,607.333333333333,1,1,666,0,0.541476932312938,360.623636920417,0,0.00665630221510706,9,0.0932780955502362
"ABR",5,33,1239.2,889.121212121212,0.9,1.23737373737374,350.078787878788,-0.337373737373737,1.02904513750624,360.246874410744,-0.34717280396675,0.0203628469447593,38,0.187057325037375
"RAET1L",5,156,781.8,425.5,2.8,3.59081196581197,356.3,-0.790811965811966,1.00969760915358,359.755258141422,-0.798480951170387,0.126591279737891,161,0.423126287669434
"PTPRN",3,14,1165.33333333333,815.428571428571,1,1.21428571428571,349.904761904762,-0.214285714285714,1.02780653010882,359.634399201885,-0.220244256451889,0.02791094358485,17,0.216988580865877
"PPIG",4,54,1482.25,936.944444444444,0.75,1.30555555555556,545.305555555556,-0.555555555555556,0.657528280710629,358.553824406399,-0.365293489283683,0.130079345650589,58,0.42612810318086
"AKR1C3",18,202,666.166666666667,325.811881188119,1.625,5.71534653465347,340.354785478548,-4.09034653465347,1.05342386585739,358.537853881876,-4.30886865923105,0.0326096486001594,220,0.231042829443683
"RAET1E",8,176,741,388.261363636364,3.4375,4.01799242424243,352.738636363636,-0.580492424242426,1.01553167315191,358.217257571688,-0.58950844284292,0.217708465237623,184,0.5220343781675
"ENPP1",2,9,1227.5,825.666666666667,0.75,1.22222222222222,401.833333333333,-0.472222222222222,0.890256431070017,357.734709218302,-0.420398870227508,0.49571638794101,11,0.708766301612656
"FERMT3",2,39,1737,1145.58974358974,0.75,0.94017094017094,591.410256410256,-0.19017094017094,0.603612467642222,356.982604260714,-0.114789550470423,0.333689316978701,41,0.598819816909974
"PRELID3B",4,36,1482.25,975.083333333333,0.75,1.19444444444444,507.166666666667,-0.444444444444444,0.703144038362917,356.61121812306,-0.31250846149463,0.148823502801231,40,0.448829220523561
"MDM4",3,58,1595,1055.60344827586,0.666666666666667,1.05459770114943,539.396551724138,-0.387931034482759,0.66077353875703,356.418968276098,-0.256334562448848,0.209519341350508,61,0.513959047290748
"AMY1A",2,47,778,469.936170212766,1.25,1.92553191489362,308.063829787234,-0.675531914893617,1.15666646923527,356.327102299095,-0.78136511485574,0.00509942370650364,49,0.0789817718263122
"ATAD2",3,39,1965.33333333333,1082.84615384615,0.5,0.974358974358974,882.48717948718,-0.474358974358974,0.403206920634951,355.824938140849,-0.191264821326836,0.0771381305221432,42,0.347121587349644
"ZNF483",4,47,1199.25,455.553191489362,1.125,8.19148936170213,743.696808510638,-7.06648936170213,0.474363043460275,352.7822814968,-3.35208140019668,0.150351090063064,51,0.450102359108783
"LGALS14",5,48,1127.6,480.729166666667,1.3,4.35416666666667,646.870833333333,-3.05416666666667,0.542817346772896,351.132709454772,-1.65785464660222,0.129515005165576,53,0.42612810318086
"SLC16A6",3,14,1457.33333333333,1012.28571428571,0.833333333333333,0.964285714285714,445.047619047619,-0.130952380952381,0.786250577835073,349.918947640314,-0.102961385192688,0.428697517385006,17,0.665789070917405
"SCGB1D4",9,133,885,502.270676691729,1.83333333333333,2.47744360902256,382.729323308271,-0.644110275689223,0.913937862076245,349.790819498249,-0.588676768304749,0.0378814612966514,142,0.248935000030644
"CYP2C9",10,184,731.3,404.652173913043,2.65,4.07246376811594,326.647826086956,-1.42246376811594,1.0684450149255,349.005241418859,-1.51982432195562,0.0827190092725119,194,0.355464775625385
"RPL36A",4,58,1381.5,781.48275862069,0.75,1.64080459770115,600.01724137931,-0.890804597701149,0.579907741664073,347.954643407783,-0.516584482516847,0.103805999115756,62,0.392039409148914
"PRH1",8,140,862.625,496.264285714286,1.6875,2.72857142857143,366.360714285714,-1.04107142857143,0.948218259363363,347.389918799118,-0.987162937872929,0.00955576644025854,148,0.119130635175093
"PSMC4",5,53,1591.8,957.792452830189,0.7,1.12264150943396,634.007547169811,-0.422641509433962,0.547710048874656,347.252304647278,-0.231485001788534,0.095515715037021,58,0.379404371061566
"KRT37",3,33,1025,587.757575757576,1,1.22727272727273,437.242424242424,-0.227272727272727,0.792250831010932,346.405673959295,-0.180057007047939,0.000348760047803415,36,0.0107203473155573
"WFDC10A",9,216,1000.66666666667,633.805555555556,1,1.22145061728395,366.861111111111,-0.221450617283951,0.943732171331733,346.218632966061,-0.208990071892135,0.00180708453605508,225,0.0377376690319672
"CT83",4,68,1220.25,820.058823529412,1,1.27941176470588,400.191176470588,-0.279411764705882,0.864406486096263,345.927848619671,-0.241525341703368,0.0071878622981912,72,0.0976962508284764
"RPS19",3,13,1511.66666666667,1023.53846153846,0.833333333333333,0.833333333333333,488.128205128205,0,0.705862875462031,344.551578465915,0,0.242685166006172,16,0.536046762025366
"STXBP1",5,62,1398,971.91935483871,0.8,1.1989247311828,426.08064516129,-0.398924731182795,0.806211183558638,343.510981226912,-0.321617579677693,0.127575000027859,67,0.424396960666632
"OR8H2",12,223,526.416666666667,206.730941704036,5.28472222222222,13.0134529147982,319.685724962631,-7.72873069257598,1.07448039297579,343.496043386597,-8.30436959176308,0.0114124132280311,235,0.131729054686948
"ZNF251",2,44,1247.5,433.590909090909,1.25,8.01515151515152,813.909090909091,-6.76515151515152,0.421560427184635,343.111864053094,-2.85192016269605,0.0821576043445942,46,0.355441458202596
"H2AB2",3,39,1273.33333333333,801.410256410256,1.5,1.15811965811966,471.923076923077,0.341880341880342,0.726525048046357,342.863936135723,0.24838463181072,0.368245485800778,42,0.625976264889236
"OR5D3P",4,158,559.5,248.26582278481,12.375,8.67194092827004,311.23417721519,3.70305907172996,1.10120081190021,342.731328640462,4.07781165630348,0.261394656703219,162,0.550043732588764
"BMS1",4,36,1658,804.861111111111,0.75,1.94444444444444,853.138888888889,-1.19444444444444,0.401650553521964,342.663706953335,-0.479749272262346,0.0958438374129183,40,0.379952355458355
"EIF1AX",8,157,960.25,589.56050955414,0.90625,1.88535031847134,370.68949044586,-0.979100318471337,0.92431088118342,342.632329559446,-0.904993078133209,0.20063958014835,165,0.502353234506771
"GSTT2B",5,23,1395.6,881.217391304348,0.9,1.39130434782609,514.382608695652,-0.491304347826087,0.666012727702342,342.585364300038,-0.327214948827672,0.129867013630288,28,0.42612810318086
"CLCN3",4,34,1220.25,874.794117647059,1,1.29411764705882,345.455882352941,-0.294117647058824,0.99068631317146,342.238414451629,-0.291378327403371,0.0120981685366071,38,0.137341708728074
"STX3",3,52,1514.66666666667,1006.30769230769,0.666666666666667,1.01923076923077,508.358974358974,-0.352564102564103,0.673167509270897,342.210744584739,-0.237334698781406,0.303519886063721,55,0.583108396495494
"SDHA",4,39,1540,1094.23076923077,0.875,1.09401709401709,445.769230769231,-0.219017094017094,0.765935175268489,341.43033389853,-0.167752896292778,0.236744676772339,43,0.53325581523633
"CHCHD2",4,68,1133.5,683.367647058824,1.625,2.02205882352941,450.132352941176,-0.397058823529412,0.758457618290672,341.406312327341,-0.301152289615414,0.120075732179549,72,0.41579083690596
"DNAJC19",5,40,1430.8,731.025,1,2.18333333333333,699.775,-1.18333333333333,0.486794966247285,340.646947505694,-0.576040710059287,0.107878625017453,45,0.39821289859346
"ASMTL",5,16,1249.8,788.3125,1,1.1875,461.4875,-0.1875,0.738039533754857,340.596019333695,-0.138382412579036,0.325875640024861,21,0.59297804169691
"APOL4",7,96,675.571428571429,364.28125,1.42857142857143,4.27430555555555,311.290178571429,-2.84573412698413,1.0937218289099,340.464863428831,-3.11244153395639,0.0205468779121767,103,0.188314963617106
"TRIM72",2,18,1544,1037.61111111111,0.5,0.851851851851852,506.388888888889,-0.351851851851852,0.67186285877762,340.223886542111,-0.236396191051385,0.014078460603027,20,0.15212984044171
"SMARCC2",3,64,1453.33333333333,987.875,0.833333333333333,1.08854166666667,465.458333333333,-0.255208333333333,0.729838582948893,339.709450421753,-0.186260888356749,0.0197787675029753,67,0.183667125412215
"BCL7A",5,53,1591.8,1057.75471698113,0.7,0.962264150943396,534.045283018868,-0.262264150943396,0.635718417658083,339.502422278518,-0.166726151046176,0.141873548042032,58,0.439696967882544
"MARK3",5,95,1235,806.242105263158,0.8,1.67017543859649,428.757894736842,-0.870175438596491,0.791659512248929,339.430265820246,-0.688882663290296,0.253889301833854,100,0.540868283017005
"ZDHHC18",2,27,1737,1033.88888888889,0.75,1.04320987654321,703.111111111111,-0.29320987654321,0.482177492241945,339.024352323003,-0.141379202972175,0.286495141094271,29,0.570136744926646
"GNAI3",3,46,2026,1076.15217391304,0.5,0.97463768115942,949.847826086957,-0.47463768115942,0.356333191269246,338.462307089721,-0.169129159624171,0.039391295168152,49,0.252660699023973
"CCZ1B",2,17,1487.5,919.235294117647,0.75,1.02941176470588,568.264705882353,-0.279411764705882,0.592942655275391,336.948383605171,-0.165675153679888,0.0640922867034883,19,0.318548230929278
"KRT9",3,6,1058.66666666667,710.333333333333,1.5,1.08333333333333,348.333333333333,0.416666666666667,0.966591329757412,336.695979865499,0.402746387398922,0.0619785883545752,9,0.312315812187746
"NQO2",4,48,1467.5,976.583333333333,0.75,1.02430555555556,490.916666666667,-0.274305555555556,0.685044833738327,336.29992629604,-0.187911603699055,0.246394945347482,52,0.536587458752049
"FBF1",3,86,988.666666666667,625.093023255814,0.833333333333333,1.11046511627907,363.573643410853,-0.277131782945736,0.922599655754323,335.432918252198,-0.255681687544318,0.466462527923547,89,0.688594078568766
"MSRB2",3,7,1020,665.714285714286,1.16666666666667,1.28571428571429,354.285714285714,-0.119047619047619,0.94649923342472,335.331156984758,-0.11267848016961,0.275452286348525,10,0.561585375637094
"FSCN1",3,3,1444.66666666667,697.666666666667,0.833333333333333,1.33333333333333,747,-0.5,0.448762133211778,335.225313509198,-0.224381066605889,0.238458546803133,6,0.534311869916102
"ZKSCAN8",11,142,974.727272727273,603.915492957746,0.825757575757576,2.21830985915493,370.811779769526,-1.39255228339735,0.903392802199814,334.988692814693,-1.25802170950809,0.12612732350259,153,0.422994805895717
"RPL32",2,21,1362.5,865.428571428571,1,1.11904761904762,497.071428571429,-0.119047619047619,0.673875462844537,334.964238995367,-0.0802232693862544,4.68524982526469e-07,23,5.5065465593405e-05
"ZFP90",3,32,2026,1125.3125,0.5,1.41666666666667,900.6875,-0.916666666666667,0.37167479050832,334.762837875962,-0.340701891299293,0.0346230160900225,35,0.237720914597474
"ATAD2B",3,37,1814,1033.56756756757,0.5,0.959459459459459,780.432432432433,-0.459459459459459,0.428871178466819,334.704977011023,-0.197048919836106,0.100022123733271,40,0.385056268244847
"OR5B17",11,264,480,167.662878787879,6.93181818181818,15.2140151515152,312.337121212121,-8.28219696969698,1.07062645779994,334.396385722762,-8.86713920446804,0.0649914800954984,275,0.320174170184427
"PRB3",7,112,867.428571428571,526.517857142857,1.71428571428571,2.58779761904762,340.910714285714,-0.873511904761904,0.980871835681197,334.389718124817,-0.856803225513188,0.162426780272253,119,0.461693788318662
"TXN",4,45,1409.75,939.511111111111,0.75,1.31481481481481,470.238888888889,-0.564814814814815,0.71074503249512,334.219954363803,-0.401439323909281,0.401504496183082,49,0.649292886547941
"PIGX",5,33,1232.4,887.575757575758,0.9,1.13131313131313,344.824242424242,-0.231313131313131,0.96902404069121,334.142980722225,-0.224147985169987,0.0230105116940902,38,0.199943471345375
"OR8B8",6,175,792.833333333333,459.308571428571,1.75,2.63238095238095,333.524761904762,-0.882380952380952,1.00176912482698,334.114808841462,-0.883941994430667,0.285120247840234,181,0.568817029640328
"OR4F5",4,33,847.5,560.060606060606,1.625,1.33838383838384,287.439393939394,0.286616161616162,1.16173078733607,333.927193432615,0.332970819097586,0.115813883122825,37,0.410381291125522
"CEP250",2,55,1415,926,1,1.15454545454545,489,-0.154545454545455,0.682710205092514,333.84529029024,-0.105509758968843,0.256239407745856,57,0.542619297390536
"CUX1",4,60,1185.75,800,1,1.61388888888889,385.75,-0.613888888888889,0.864042677541784,333.304462861743,-0.530426199268706,0.0255467872496357,64,0.206649720343207
"FKBP9",3,42,1523,1091.92857142857,0.833333333333333,0.952380952380952,431.071428571429,-0.119047619047619,0.772464543289645,332.987394196643,-0.0919600646773386,0.280153219144936,45,0.565840758911411
"EMP3",4,18,1724.5,1028.66666666667,0.625,0.953703703703704,695.833333333333,-0.328703703703704,0.478147057817905,332.710661064959,-0.157168708819774,0.127281128753622,22,0.423846158749561
"ZFP57",3,65,1150.33333333333,613.292307692308,1.5,3.63846153846154,537.041025641026,-2.13846153846154,0.619501112326,332.697512749311,-1.32477930174329,0.376428068074198,68,0.631452480771934
"MRPL45",2,18,1592,1195.55555555556,0.75,0.972222222222222,396.444444444444,-0.222222222222222,0.83916494586632,332.682280761225,-0.186481099081404,0.569587666392969,20,0.757176418797839
"IGHV3-73",9,146,458.777777777778,160.013698630137,5.77777777777778,17.7146118721461,298.764079147641,-11.9368340943683,1.11312124742644,332.560644467034,-13.2871436574458,0.00663770163610972,155,0.0932780955502362
"ZNF713",3,55,900,382.909090909091,2.33333333333333,20.9575757575758,517.090909090909,-18.6242424242424,0.642802071040411,332.387107279805,-11.9717016018617,0.184590725898652,58,0.487707011791066
"FAM126B",3,58,1703,1089.29310344828,0.666666666666667,0.954022988505747,613.706896551724,-0.28735632183908,0.541405136878395,332.264066330801,-0.15557618875816,0.0896107736716511,61,0.367643379457821
"OR7A10",8,272,461.875,137.319852941176,7.9375,18.5735294117647,324.555147058824,-10.6360294117647,1.02368056193058,332.240795318637,-10.8878965649454,0.124228428702705,280,0.42188529350969
"POM121C",5,11,1193.2,729.272727272727,1,1.5,463.927272727273,-0.5,0.714883153800125,331.653791861163,-0.357441576900063,0.010680715963225,16,0.126652954943581
"TBC1D14",4,80,1323.5,898.6125,1,1.1875,424.8875,-0.1875,0.78024004695625,331.514242951124,-0.146295008804297,0.334532395033818,84,0.598920900786352
"PREPL",2,19,1365.5,1054,0.75,0.921052631578947,311.5,-0.171052631578947,1.06388420705213,331.399930496738,-0.181980193311548,0.741269049305527,21,0.859330177262805
"MBD3L1",4,29,1037.25,611.48275862069,0.875,1.13793103448276,425.76724137931,-0.262931034482759,0.777841379623174,331.179378432836,-0.204518638607817,0.350596183493016,33,0.612853171145271
"CD300C",4,105,769.5,450.828571428571,1.625,1.94126984126984,318.671428571429,-0.316269841269841,1.03866754663728,330.993670897684,-0.328499220107108,0.360904676493846,109,0.619466288811342
"TMEM14B",5,53,1102.4,674.264150943396,1.5,1.77358490566038,428.135849056604,-0.273584905660377,0.772570372538354,330.765072402685,-0.211363592486908,0.0733735481886089,58,0.341725755899395
"KRT6A",8,151,835.375,511.317880794702,1.32291666666667,1.57395143487859,324.057119205298,-0.25103476821192,1.02013992838569,330.583606378966,-0.256090590466027,0.216102503525974,159,0.521779821202292
"CLTB",5,52,1591.8,1049.61538461538,0.7,1.0448717948718,542.184615384615,-0.344871794871795,0.609160885957295,330.277660660108,-0.210082408105785,0.137296053833052,57,0.433347046188767
"FAM183A",6,104,1104,653.663461538462,1,2.30128205128205,450.336538461538,-1.30128205128205,0.732685432440694,329.955021426537,-0.953430402470903,0.00290154902058124,110,0.0529433328138933
"NANOG",3,52,1273.33333333333,751.576923076923,1,1.72115384615385,521.75641025641,-0.721153846153846,0.63203180793391,329.766647275466,-0.455792169183108,0.013276333087849,55,0.146356741427303
"MRPS18C",5,65,1504.4,885.707692307692,0.8,1.45384615384615,618.692307692308,-0.653846153846154,0.532504166544428,329.456231655141,-0.348175801202126,0.105479767054319,70,0.393411026212721
"WFDC10B",9,223,960.555555555556,607.982062780269,1.11111111111111,1.38714499252616,352.573492775286,-0.276033881415047,0.933397107879493,329.091078471424,-0.257649226589556,0.00360806976377665,232,0.062145891276084
"ZNF48",4,46,1510.75,804.173913043478,0.875,2.02536231884058,706.576086956522,-1.15036231884058,0.465742002647622,329.08216176205,-0.535772050147173,0.188389208816829,50,0.492175958821579
"POM121",4,22,1128.25,690.909090909091,1.125,1.25,437.340909090909,-0.125,0.751545212181098,328.681466318201,-0.0939431515226372,0.00778979134260453,26,0.102948254052315
"AKR1C1",9,202,654.333333333333,344.643564356436,3.05555555555556,5.2079207920792,309.689768976898,-2.15236523652365,1.05978494723995,328.204555475934,-2.28104427863032,0.0329447138447254,211,0.232033322917658
"RASA3",3,9,1064.33333333333,742.555555555556,1.83333333333333,0.925925925925926,321.777777777778,0.907407407407408,1.01979938060087,328.148778468904,0.92537351202672,0.611639615210466,12,0.781365697692143
"FAM156A",3,33,1210,804.848484848485,1.16666666666667,1.05050505050505,405.151515151515,0.116161616161616,0.808113985211384,327.408605523521,0.0938718265649587,0.00415073570975204,36,0.0688229871210339
"TRIM16L",2,5,1737,1319,0.75,0.933333333333333,418,-0.183333333333333,0.78281209774898,327.215456859073,-0.14351555125398,0.436699936155226,7,0.66872387827524
"OR51I2",7,168,865.142857142857,552.785714285714,1.5,1.93948412698413,312.357142857143,-0.439484126984127,1.04682625798191,326.983659011065,-0.460063524093242,0.00876644031374062,175,0.110506925847658
"CREB3L3",2,35,1575,998.657142857143,0.75,1.3047619047619,576.342857142857,-0.554761904761905,0.567332362018019,326.977954475071,-0.314734381786187,0.460759753868685,37,0.684459470802701
"ECH1",3,19,1470.33333333333,1070.10526315789,1,0.93859649122807,400.228070175438,0.0614035087719298,0.816264225108248,326.691855568324,0.0501214875066468,0.514550729416142,22,0.720449585072825
"TMSB10",5,61,1160.8,768.540983606557,1,1.10655737704918,392.259016393443,-0.10655737704918,0.832433891773407,326.529699599602,-0.0887019720742155,0.00606598794465975,66,0.0891164993634573
"ZNF263",3,73,967.666666666667,535.41095890411,1,4.25342465753425,432.255707762557,-3.25342465753425,0.755209229549127,326.443500027573,-2.45701632901257,0.00107984764156614,76,0.0255329655366762
"MEIOB",2,21,1338.5,1012.2380952381,0.75,0.928571428571429,326.261904761905,-0.178571428571429,0.99836943077676,325.729912141284,-0.17828025549585,0.802221651090925,23,0.894690962254908
"PLA2G1B",3,56,1172,798.285714285714,0.833333333333333,2.84821428571429,373.714285714286,-2.01488095238095,0.870662651440867,325.37907088133,-1.7542815923377,0.258168079539373,59,0.545764744024251
"ITGAL",4,35,1482.25,1096.6,0.75,1.11428571428571,385.65,-0.364285714285714,0.843654495326621,325.355356122711,-0.307331280440412,0.244624560660358,39,0.536253169728591
"MYO1H",3,50,1467,1079.72,0.833333333333333,1,387.28,-0.166666666666667,0.83781348582864,324.468406791716,-0.13963558097144,0.450686992419919,53,0.678833479724838
"PDPK1",5,44,1239.2,905.954545454545,0.9,1.18560606060606,333.245454545455,-0.285606060606061,0.97258324807485,324.108946587998,-0.277775670094105,0.0230054728440464,49,0.199943471345375
"MRPS21",2,25,1362.5,945.96,1,1.07333333333333,416.54,-0.0733333333333333,0.7780873914822,324.104522047996,-0.057059742042028,0.000633392804317022,27,0.0171364174477004
"OR2D2",5,38,944,608,1.1,1.06578947368421,336,0.0342105263157895,0.964083279742628,323.931981993523,0.0329817964122478,0.321296892518102,43,0.59034919861614
"IFI16",9,99,858.111111111111,527.191919191919,1.16666666666667,1.45791245791246,330.919191919192,-0.291245791245791,0.978099401177754,323.671863454388,-0.284867334013049,0.186133556937484,108,0.489335324685648
"OR4M1",6,179,630.666666666667,330.139664804469,5.83333333333333,5.64990689013035,300.527001862197,0.18342644320298,1.0769607618156,323.655788871669,0.197543082009007,0.12509832176037,185,0.42188529350969
"SCGB2A1",7,139,897.714285714286,561.323741007194,1.42857142857143,2.2589928057554,336.390544707091,-0.830421377183967,0.962074128802505,323.632640236475,-0.798926922993242,0.0282238283464189,146,0.217024297228518
"RASAL1",4,45,1482.25,1004.15555555556,0.75,1.13333333333333,478.094444444444,-0.383333333333333,0.67643966694846,323.402046769909,-0.259301872330243,0.167438979867444,49,0.467815056882741
"CST9L",6,113,1011,619.185840707965,1,1.52654867256637,391.814159292035,-0.526548672566372,0.824529297941112,323.062253684449,-0.434154807322975,0.0511476449929476,119,0.280144190171807
"EML1",5,37,1105.8,791.972972972973,1,1.22972972972973,313.827027027027,-0.22972972972973,1.02869772928709,322.833150091621,-0.23632245132271,0.044630034531281,42,0.265389312480653
"NDUFA5",5,58,1165.6,731.01724137931,1.1,1.57471264367816,434.58275862069,-0.474712643678161,0.742681215766366,322.756451523515,-0.352560163346562,0.0550597476156042,63,0.293358335295939
"DCAF6",4,61,1220.25,863.983606557377,1,1.22950819672131,356.266393442623,-0.229508196721312,0.905374183597041,322.554395106177,-0.207790796235386,0.0119380952621483,65,0.136159143490194
"APOL2",5,149,667.2,371.335570469799,1.6,4.71364653243848,295.864429530201,-3.11364653243848,1.08988225408404,322.457391359664,-3.393508101195,0.154595391322849,154,0.45457187912149
"OR4M2B",2,28,1009,656.071428571429,1,1.14285714285714,352.928571428571,-0.142857142857143,0.91303293021972,322.235407729688,-0.130433275745674,0.0663461869411539,30,0.323316296362013
"OR4F17",4,37,847.5,557.189189189189,1.625,1.36486486486486,290.310810810811,0.260135135135135,1.10905319495897,321.970132260858,0.288503702742704,0.113764873724719,41,0.406282235152181
"RPL9",2,19,1394.5,932.842105263158,1.25,1.00877192982456,461.657894736842,0.241228070175439,0.697096087117986,321.81991200818,0.168159143822321,0.625848200573156,21,0.790170429538809
"TAS2R30",7,52,917.857142857143,499.019230769231,1.85714285714286,3.03846153846154,418.837912087912,-1.18131868131868,0.766599817738593,321.081067068606,-0.905598685790096,0.0400852111677431,59,0.253075439665581
"MRPL3",2,14,1362.5,1062.71428571429,1,0.892857142857143,299.785714285714,0.107142857142857,1.06793873869796,320.152777593953,0.114422007717639,0.00987591693383941,16,0.120685517026368
"KRT17",6,21,883.666666666667,552.333333333333,2.58333333333333,1.73809523809524,331.333333333333,0.845238095238095,0.965903788318678,320.036121862922,0.81641867822174,0.311766089769559,27,0.586473854446065
"OR4C46",7,192,559,257.661458333333,4,5.84982638888889,301.338541666667,-1.84982638888889,1.06196099927908,320.009778829634,-1.96444348043726,0.0574283824734006,199,0.299978844919881
"PPP3CC",5,77,1398,971.753246753247,0.8,1.15584415584416,426.246753246753,-0.355844155844156,0.750730587478466,319.996475475724,-0.267143092167662,0.126729363380981,82,0.423126287669434
"ZNF274",5,95,921.4,546.736842105263,1.15,3.79298245614035,374.663157894737,-2.64298245614035,0.854050718471012,319.981339184618,-2.25724106557295,0.0128506323035459,100,0.144244737879127
"CACNB2",4,84,1117,745.821428571429,1,1.76785714285714,371.178571428571,-0.767857142857143,0.859981058516816,319.206540755903,-0.660342598503984,0.0749304207770519,88,0.343542444213057
"KRT7",12,227,840.916666666667,559.541850220264,1.41666666666667,1.45080763582966,281.374816446402,-0.0341409691629959,1.13424055925889,319.146729167535,-0.038724071957077,0.124686790979562,239,0.42188529350969
"CFC1",2,41,990,570.19512195122,1,2.31707317073171,419.80487804878,-1.31707317073171,0.760172528383836,319.124135574209,-1.00120284226164,0.0177677456037218,43,0.171497370609836
"ELANE",2,11,1544,1037.54545454545,0.5,0.96969696969697,506.454545454545,-0.46969696969697,0.62958742420729,318.857412750801,-0.295715305309485,0.0242399885357605,13,0.202682580547829
"F8A1",3,20,1372,889.5,1.16666666666667,1.09166666666667,482.5,0.075,0.660413114597898,318.649327793486,0.0495309835948423,0.311870405777551,23,0.586473854446065
"PSG7",9,78,757.222222222222,430.307692307692,2.61111111111111,4.62820512820513,326.91452991453,-2.01709401709402,0.974314281190956,318.517495224554,-1.96528350735954,0.13095227995648,87,0.42612810318086
"OR52P1P",2,18,868.5,543.555555555556,3,2.26851851851852,324.944444444444,0.731481481481481,0.9787679629291,318.045211954017,0.71595063954999,0.641992253001337,20,0.801159554860876
"IGLV4-3",5,139,640.6,363.129496402878,1.85,5.23621103117506,277.470503597122,-3.38621103117506,1.14405545897655,317.441644345261,-3.87401321546245,0.161414132830237,144,0.461381169377415
"ZNF544",4,67,867.5,389.970149253731,1.625,15.136815920398,477.529850746269,-13.511815920398,0.66466851981288,317.399059061988,-8.98087868779506,0.152854892340768,71,0.451864972023343
"OR7G1",4,66,947.75,603.166666666667,2.125,1.61616161616162,344.583333333333,0.508838383838384,0.921105533162544,317.397614968927,0.468693850839022,0.516506463659326,70,0.7209629145658
"HSPA14",10,94,1089.3,795.627659574468,0.741666666666667,0.879432624113475,293.672340425532,-0.137765957446809,1.07729614899029,316.372081405391,-0.148414735419407,0.235450761751212,104,0.532764011301158
"PRR4",8,165,692.625,371.139393939394,2.0625,3.76666666666667,321.485606060606,-1.70416666666667,0.984013535511825,316.346187835859,-1.67692306676807,0.00320987891457166,173,0.0572619470653052
"TAS2R43",6,33,947.666666666667,473.363636363636,1.5,3.58080808080808,474.30303030303,-2.08080808080808,0.666755545806669,316.244175847454,-1.38739032763812,0.0149844285576235,39,0.157220266779477
"RABL2A",3,16,1049.33333333333,598.625,2.33333333333333,1,450.708333333333,1.33333333333333,0.701511382235191,316.177025901586,0.935348509646922,0.285644016748952,19,0.569577590283838
"LINC00634",8,121,1008.375,688.264462809917,0.9375,0.990358126721763,320.110537190083,-0.0528581267217632,0.987461336748815,316.0967789611,-0.0521953564707105,0.0668155859820623,129,0.324811534774113
"SIRPG",12,201,767.916666666667,460.597014925373,1.69444444444444,2.07379767827529,307.319651741294,-0.379353233830846,1.02609542421689,315.339288423669,-0.38925261739571,0.0800420684234526,213,0.353033228940526
"CT45A8",7,217,828.857142857143,504.663594470046,2.5,2.20276497695852,324.193548387097,0.297235023041476,0.971067873461898,314.813939622325,0.288635381743284,0.0841163402563768,224,0.356962184301897
"ZNF197",4,73,1101.25,656.58904109589,1.125,2.49771689497717,444.66095890411,-1.37271689497717,0.707629878223609,314.655380200108,-0.971375489228185,0.312317401703373,77,0.586815704626201
"CCDC197",3,22,1622.66666666667,1001.54545454545,0.666666666666667,1.84090909090909,621.121212121212,-1.17424242424242,0.505337594167687,313.875899019851,-0.593388841636299,0.241915231331885,25,0.536046762025366
"OR10R2",5,181,444,157.850828729282,7.1,14.1077348066298,286.149171270718,-7.00773480662983,1.09575748482323,313.550096195853,-7.67877786602089,0.173378008423869,186,0.472773498345037
"CD1A",8,224,732.5,366.758928571429,1.83333333333333,3.80133928571429,365.741071428571,-1.96800595238095,0.855266982536965,312.806262550551,-1.68317051250764,0.00612400734078941,232,0.0896393162410054
"PHTF2",4,70,1482.25,1035.71428571429,0.75,1.06428571428571,446.535714285714,-0.314285714285714,0.700034628886059,312.590463034371,-0.22001088336419,0.18961457946194,74,0.494582153740153
"ZNF784",4,36,1610.75,940.805555555556,0.625,1.40277777777778,669.944444444444,-0.777777777777778,0.466536869174548,312.553783631993,-0.362862009357981,0.226069270171269,40,0.529475488549335
"ZNF655",4,76,901,454.263157894737,2.125,10.1074561403509,446.736842105263,-7.98245614035088,0.698855854298076,312.204657435898,-5.57858620536183,0.102044638635065,80,0.389332319377
"RAB15",3,44,1383,1021.56818181818,0.666666666666667,1.00757575757576,361.431818181818,-0.340909090909091,0.862163272411611,311.613239117315,-0.293919297413049,0.152717934565229,47,0.451864972023343
"TRIM61",4,67,1223,769.731343283582,1.625,1.60199004975124,453.268656716418,0.0230099502487562,0.687205922413633,311.488905339994,0.0158125740853883,0.363788721587274,71,0.622200487010734
"SLC17A4",5,18,898.4,622.055555555556,1.3,1.33333333333333,276.344444444444,-0.0333333333333332,1.1254713959846,311.017767661477,-0.0375157131994864,0.513660358795703,23,0.720113139805923
"PNMA5",5,26,1516.4,991.076923076923,0.9,1.14102564102564,525.323076923077,-0.241025641025641,0.591884880789369,310.93078676052,-0.142659432805643,0.193059550829139,31,0.495908339135272
"ALOX15",3,57,1273.33333333333,847.78947368421,1,1.35672514619883,425.543859649123,-0.356725146198831,0.730519260484802,310.867985654725,-0.260594589997503,0.0149902206313765,60,0.157220266779477
"ZNF232",5,58,1028.4,335.896551724138,2.3,15.7758620689655,692.503448275862,-13.4758620689655,0.44868400980694,310.715223977547,-6.0464038287087,0.0938493094078322,63,0.377029469546113
"OR51Q1",2,57,870,582.052631578947,1,1.17836257309942,287.947368421053,-0.178362573099415,1.07905606163878,310.71135332767,-0.192463215672413,0.0266644150693892,59,0.212252993261512
"OR3A3",8,224,638,333.53125,3.1875,5.2983630952381,304.46875,-2.1108630952381,1.02024626708459,310.633105631412,-2.1536001932433,0.0330663154378184,232,0.23221967748598
"OR2A12",2,50,965.5,647.08,1.25,1.40666666666667,318.42,-0.156666666666667,0.974389892706426,310.26522963558,-0.152654416524007,0.249733797057287,52,0.538948041857232
"GSTA2",8,207,773.75,476.555555555556,2.9375,2.57568438003221,297.194444444444,0.361815619967794,1.04271150389755,309.888066116665,0.377269309230245,0.077458547433849,215,0.348171378566548
"OR2J2",5,153,581.8,289.875816993464,4.8,8.50980392156863,291.924183006536,-3.70980392156863,1.06076256317358,309.662244618367,-3.93522111671455,0.239242367571927,158,0.534311869916102
"IGFL2",3,24,866.333333333333,546.166666666667,1.33333333333333,1.625,320.166666666667,-0.291666666666667,0.964616685908658,308.838108938422,-0.281346533390025,0.26569080009413,27,0.553545587683078
"OR5H15",5,244,605.2,305.409836065574,3.1,5.17827868852459,299.790163934426,-2.07827868852459,1.0295098189607,308.636917398329,-2.13960831637283,0.321001320316787,249,0.59034919861614
"PPP2R5E",4,64,1293.25,949.203125,1,1.18229166666667,344.046875,-0.182291666666667,0.896072911082879,308.291084830217,-0.16334662441615,0.190950934691844,68,0.495635065985635
"KRT6C",10,155,882.1,579.606451612903,1.24166666666667,1.35268817204301,302.493548387097,-0.111021505376344,1.01682627687715,307.583388585809,-0.112889583965125,0.0998420351127224,165,0.385056268244847
"EFL1",2,47,1274,955.957446808511,0.75,0.957446808510638,318.042553191489,-0.207446808510638,0.966957932744683,307.533769758883,-0.200592337111929,0.30928136024639,49,0.585729059499798
"ITCH",5,74,1262.4,876.905405405405,0.9,1.22072072072072,385.494594594595,-0.320720720720721,0.797545508310454,307.449482396878,-0.255789370232902,0.167187414022409,79,0.467516379589605
"SGK2",4,62,1369,902.145161290323,1,1.35752688172043,466.854838709677,-0.35752688172043,0.658347553669064,307.352740983082,-0.235376947951574,0.217821993852371,66,0.5220343781675
"GUSB",4,39,1275.25,731.333333333333,0.875,1.67521367521368,543.916666666667,-0.800213675213675,0.564852747576571,307.232823619357,-0.45200289309279,0.0147783694295741,43,0.156964630325652
"OR11H4",3,100,938.666666666667,624.51,2.5,1.92666666666667,314.156666666667,0.573333333333333,0.9777909556754,307.179547331798,0.560600147920563,0.640260235935459,103,0.800496695984496
"MZT2B",4,46,907.25,602.934782608696,2.5,1.90217391304348,304.315217391304,0.597826086956522,1.00925061038538,307.130318901735,0.603356343165175,0.306465920651145,50,0.583269215487255
"OR14A16",2,74,761.5,461.486486486487,1.5,2.76801801801802,300.013513513513,-1.26801801801802,1.02213615732505,306.654659848289,-1.29608706435586,0.298980615579988,76,0.579401813703993
"SERPINB1",2,49,979,677.387755102041,0.75,1.51020408163265,301.612244897959,-0.760204081632653,1.0163523712025,306.544320285751,-0.772635220965168,0.725650257294159,51,0.849498907637936
"MUCL1",2,90,731.5,426.177777777778,1,2.1462962962963,305.322222222222,-1.1462962962963,1.00396544647189,306.532961151122,-1.15084187290018,0.15749777222761,92,0.457717162052022
"OR7D4",9,183,658.555555555556,345.486338797814,4.44444444444444,4.64389799635702,313.069216757741,-0.199453551912572,0.976292072439782,305.646994445515,-0.1947249215522,0.218133618180333,192,0.5220343781675
"OR52E5",4,109,802.5,529,2.25,1.69266055045872,273.5,0.557339449541284,1.11521657696084,305.011733798788,0.621554193122667,0.238819868221183,113,0.534311869916102
"CCDC188",4,2,1294.5,819,1.875,1,475.5,0.875,0.641367601224722,304.970294382355,0.561196651071632,0.433416922680936,6,0.6673050510669
"SPG7",4,59,1401.25,919.881355932203,0.75,1.38700564971751,481.368644067797,-0.637005649717514,0.63182652976219,304.141479917687,-0.402477069099926,0.190509739091538,63,0.495300531821591
"ZSCAN22",6,64,1042,646.75,1.75,2.24479166666667,395.25,-0.494791666666667,0.769323063116555,304.074940696819,-0.380654640604546,0.347634835348701,70,0.610346573837175
"SMPD4",6,48,1217.83333333333,787.208333333333,1.08333333333333,2.06597222222222,430.625,-0.982638888888889,0.70466398676453,303.445929300475,-0.692430236994312,0.0816275671389581,54,0.354689379344657
"ZNF121",5,44,1285.2,801.795454545455,1.4,2.28030303030303,483.404545454546,-0.88030303030303,0.626952391434521,303.071635803045,-0.55190809003554,0.296383775375103,49,0.577168404677833
"CD209",7,72,874.714285714286,559.319444444444,1.5,2.74074074074074,315.394841269841,-1.24074074074074,0.959295027310979,302.556702869694,-1.19023642277473,0.0534654808378802,79,0.28800446228194
"KIAA0040",8,82,849.375,584.219512195122,0.90625,1.04268292682927,265.155487804878,-0.136432926829268,1.14065979246145,302.452203689527,-0.155623554001982,0.235200832382471,90,0.532761249789442
"SLC22A25",10,152,703.9,414.822368421053,1.425,2.23574561403509,289.077631578947,-0.810745614035087,1.04588203530713,302.341101677555,-0.847944272923347,0.0498201021361513,162,0.27719648592087
"IFITM1",13,259,676.384615384615,381.166023166023,2.07692307692308,2.97361647361647,295.218592218592,-0.896693396693396,1.02376219583008,302.23363421957,-0.918000800785163,0.0941785562652113,272,0.377029469546113
"SCN1A",7,82,1021.28571428571,714.365853658537,0.654761904761905,1.33536585365854,306.919860627178,-0.680603948896632,0.984114303867358,302.044224984182,-0.669792081377784,0.280746688467386,89,0.565840758911411
"IL11",5,6,1250.4,790.5,0.8,0.916666666666667,459.9,-0.116666666666667,0.656125790807107,301.752251192189,-0.0765480089274958,0.234009692892556,11,0.532761249789442
"DEFB134",3,6,1245.66666666667,799.333333333333,1.33333333333333,1,446.333333333333,0.333333333333333,0.675914628995556,301.68322940835,0.225304876331852,0.406944267568279,9,0.651934347186189
"PRKX",2,9,1732,1116.33333333333,1,0.87037037037037,615.666666666667,0.12962962962963,0.489951589748496,301.646862088491,0.0635122431155458,0.501054810574541,11,0.710722537843542
"ADD1",4,52,1482.25,993.25,0.75,1.3301282051282,489,-0.580128205128205,0.616696706704296,301.564689578401,-0.357763153568838,0.16041825861117,56,0.461306714755382
"KIR3DL2",4,37,1078.25,698.783783783784,1.5,2.36936936936937,379.466216216216,-0.86936936936937,0.793933201814706,301.270828021052,-0.690221206983055,0.175553772970616,41,0.474344041382267
"ZSCAN16",7,93,832.428571428571,489.483870967742,1.19047619047619,4.68458781362007,342.94470046083,-3.49411162314388,0.87837236457536,301.233147462367,-3.06913108851114,0.0816602174667378,100,0.354689379344657
"HBB",11,141,856.272727272727,566.312056737589,0.984848484848485,1.56973995271868,289.960670535139,-0.584891467870191,1.03860635903294,301.154996287249,-0.607471997874089,0.0422502390452053,152,0.257885209779007
"TRIM22",9,152,868.444444444444,535.493421052632,1.66666666666667,2.1578947368421,332.951023391813,-0.491228070175438,0.904387512174382,301.116747721236,-0.444260532296188,0.0586291535773066,161,0.301909919709945
"ORM1",7,43,748.857142857143,457.348837209302,2.07142857142857,2.04651162790698,291.508305647841,0.0249169435215948,1.03214297723354,300.878250479666,0.0257178482699387,0.287717521277248,50,0.571999609464618
"OR8J3",8,168,745.125,452.785714285714,2.6875,3.23511904761905,292.339285714286,-0.547619047619047,1.02900877533726,300.819690375826,-0.563504805541831,0.0586048059259735,176,0.301909919709945
"TMEM201",2,15,1257,930.8,0.75,0.933333333333333,326.2,-0.183333333333333,0.922027670814273,300.765426219616,-0.16903840631595,0.315136631370057,17,0.587732634155628
"ZDHHC9",2,27,1737,1067.07407407407,0.75,0.987654320987654,669.925925925926,-0.237654320987654,0.447549808337275,299.825219748319,-0.10636214580855,0.298038961253648,29,0.578418498868177
"DIRAS1",2,10,1737,1231,0.75,0.95,506,-0.2,0.591610866183944,299.355098289076,-0.118322173236789,0.356066072453572,12,0.615403628093497
"MAP3K15",2,35,1737,1030,0.75,0.980952380952381,707,-0.230952380952381,0.422064777601864,298.399797764518,-0.0974768653032877,0.285852300214822,37,0.569708624268544
"DNMBP",2,22,1737,1003.72727272727,0.75,0.954545454545455,733.272727272727,-0.204545454545455,0.406708456242977,298.228218914169,-0.0831903660497,0.274526815289484,24,0.561130001993237
"ZBED1",3,5,1846,1180.2,0.666666666666667,0.766666666666667,665.8,-0.1,0.447683568191844,298.06771970213,-0.0447683568191844,0.249369111702201,8,0.538948041857232
"FAM9A",6,118,903.666666666667,558.28813559322,1.75,1.68220338983051,345.378531073446,0.0677966101694918,0.862888740039615,298.023245514699,0.0585009315281097,0.151692130640929,124,0.451013209852047
"IGFBPL1",2,6,1217,828.833333333333,1.25,1,388.166666666667,0.25,0.766483357771812,297.523290041759,0.191620839442953,0.516545751852323,8,0.7209629145658
"SEC14L6",2,4,1737,1195,0.75,0.916666666666667,542,-0.166666666666667,0.548738706473556,297.416378908667,-0.091456451078926,0.351163380043402,6,0.612938040105542
"UQCRH",2,9,1362.5,967.111111111111,1,1,395.388888888889,0,0.749976510519901,296.53237918723,0,0.00333496221321917,11,0.058790742406003
"NIFK",2,23,1240,838.652173913043,1,1.1304347826087,401.347826086957,-0.130434782608696,0.737082876556128,295.826610151722,-0.0961412447681905,0.171788491867485,25,0.472714341510903
"MRRF",6,28,1104,854.607142857143,1,1.03571428571429,249.392857142857,-0.0357142857142858,1.18541907798903,295.635050771337,-0.0423363956424656,0.0581974422594758,34,0.301095387594004
"OR9Q2",3,191,520,257.570680628272,4.33333333333333,7.27661431064572,262.429319371728,-2.94328097731239,1.12329207353821,294.78477431429,-3.30616419201081,0.30645216252922,194,0.583269215487255
"DTX1",2,3,1737,1086.33333333333,0.75,1.33333333333333,650.666666666667,-0.583333333333333,0.452919527192,294.699639026261,-0.264203057528667,0.297154446466752,5,0.577728592208538
"HOXA3",9,176,859.555555555556,610.607954545455,1,1.06723484848485,248.947601010101,-0.0672348484848484,1.18202700716992,294.262787764102,-0.0794734067320686,0.38081818833554,185,0.634326586322976
"PRKCZ",4,30,1482.25,971.733333333333,0.75,0.983333333333333,510.516666666667,-0.233333333333333,0.576038614097278,294.077313140229,-0.134409009956031,0.147396631894789,34,0.446198971792046
"DEGS1",5,57,1160.8,855.157894736842,1,1.02923976608187,305.642105263158,-0.0292397660818713,0.961007116598805,293.724238290136,-0.0280996232923627,0.0196375239167356,62,0.182917355643998
"SERPINB4",6,179,943,617.312849162011,1.58333333333333,1.42085661080074,325.687150837989,0.162476722532588,0.89927976047374,292.883862994962,0.146112028121664,0.108740843461689,185,0.400118241687762
"OR10A3",3,161,707,435.913043478261,3,2.84989648033126,271.086956521739,0.150103519668737,1.07799422753603,292.230174290747,0.16181072773574,0.332363468283744,164,0.597777722084598
"KRTAP20-1",4,82,1134.75,749.743902439024,0.875,1.02439024390244,385.006097560976,-0.149390243902439,0.758793669642961,292.140189603209,-0.113356371379589,0.426848039591023,86,0.664455865069125
"LAIR1",12,139,881.25,577.848920863309,1.13888888888889,2.08393285371703,303.401079136691,-0.945043964828138,0.962187266284818,291.928654922396,-0.909309269036952,0.0505960969044517,151,0.278345404951219
"SCN3A",7,70,976.571428571429,660.457142857143,0.988095238095238,1.58333333333333,316.114285714286,-0.595238095238095,0.921958533599555,291.444263307014,-0.548784841428307,0.253696343127915,77,0.540868283017005
"GP6",2,44,1419,941.386363636364,0.75,1.15530303030303,477.613636363636,-0.40530303030303,0.610092590240182,291.388540543123,-0.247272375589771,5.19905141571865e-05,46,0.0024441658184955
"RASGRP4",5,48,1255.6,848.416666666667,0.9,1.20833333333333,407.183333333333,-0.308333333333333,0.714087663270229,290.764595022583,-0.220177029508321,0.151327338689277,53,0.450931927311171
"ZNF789",8,76,786.625,396,1.6875,17.7039473684211,390.625,-16.0164473684211,0.742404244570996,290.001658035545,-11.8906785092638,0.0528940567707214,84,0.286246616787536
"POGZ",2,56,1188,842.446428571429,0.75,1.50892857142857,345.553571428571,-0.758928571428572,0.83853076214768,289.757299612853,-0.63638495341565,0.41097844360008,58,0.65345373568238
"ETV2",4,71,907.5,556.366197183099,1.3125,3.18075117370892,351.133802816901,-1.86825117370892,0.824780879266694,289.608446627582,-1.54089784574268,0.45113406270097,75,0.679248163245429
"OR11G2",4,199,443,168.768844221106,10.875,13.2822445561139,274.231155778895,-2.4072445561139,1.05582167826548,289.539199127155,-2.54162098723162,0.345573814629186,203,0.607624820948157
"SHD",5,44,1398,867.590909090909,0.8,1.36363636363636,530.409090909091,-0.563636363636364,0.544036889847985,288.562112165279,-0.306638974277955,0.073869313007274,49,0.342438253801702
"MAP4K1",5,48,1398,999.354166666667,0.8,1.44097222222222,398.645833333333,-0.640972222222223,0.72205851022103,287.845616522488,-0.462819447870841,0.147504715149473,53,0.446198971792046
"NUPR1",2,27,1515.5,1057.62962962963,1,0.901234567901235,457.87037037037,0.0987654320987654,0.628601786970987,287.818133015882,0.0620841271082456,0.681655392501035,29,0.822183805745287
"ZNF165",2,47,1128,647.255319148936,1.25,3.76595744680851,480.744680851064,-2.51595744680851,0.597877708079764,287.426527958771,-1.50423487192409,0.0131780723037168,49,0.146276602571257
"PPP4C",4,6,1482.25,852.666666666667,0.75,1,629.583333333333,-0.25,0.45564572190318,286.866952414877,-0.113911430475795,0.09458293105015,10,0.3779533924764
"L3MBTL2",4,29,1470,930.344827586207,0.75,1.05172413793103,539.655172413793,-0.301724137931034,0.531500343810784,286.826909677199,-0.160366483046357,0.110928764681913,33,0.402830296074308
"SLC25A6",2,6,1724.5,1173.5,0.75,0.861111111111111,551,-0.111111111111111,0.520532015263125,286.813140409982,-0.0578368905847917,0.535579648163385,8,0.730934519829538
"IGLV3-27",15,285,458.2,196.368421052632,3.45,10.8204678362573,261.831578947368,-7.37046783625731,1.09488223793096,286.674745118892,-8.06979431915957,0.0883529995702172,300,0.36624334676617
"SEMA5A",7,8,997.714285714286,651,0.857142857142857,1,346.714285714286,-0.142857142857143,0.826778722054827,286.655994061009,-0.118111246007832,0.237159747318694,15,0.53325581523633
"RBM4B",5,8,1112.6,708.75,1,0.9375,403.85,0.0625,0.709793282723929,286.650017228059,0.0443620801702456,0.0348013772547325,13,0.238127232037519
"DEFB104B",3,5,1401,802.4,1,2,598.6,-1,0.47862680561225,286.506005839493,-0.47862680561225,0.225547377755757,8,0.52910149573163
"TMEM91",4,38,1542.5,1053.34210526316,0.75,0.929824561403509,489.157894736842,-0.179824561403509,0.585472625534835,286.388556932671,-0.105282358100562,0.104298562195267,42,0.392134226101536
"UBE2C",4,63,1063,700.015873015873,1,1.76190476190476,362.984126984127,-0.761904761904762,0.78875790292088,286.306598793566,-0.600958402225432,0.306318309161672,67,0.583269215487255
"WFDC3",4,17,866.5,450.764705882353,1,1,415.735294117647,0,0.687815321562032,285.949105008215,0,0.24280197926564,21,0.536046762025366
"AKR1C2",9,198,562.888888888889,293.777777777778,2.94444444444444,5.99242424242424,269.111111111111,-3.04797979797979,1.05956971232197,285.141982582645,-3.22954707770862,0.00833858170325451,207,0.107141390630884
"H2AC4",5,56,1244,740.214285714286,1.1,1.74702380952381,503.785714285714,-0.64702380952381,0.564981513448421,284.629615310837,-0.365556491141925,0.0225227429849182,61,0.197123805460744
"ZNF215",6,73,978,602.383561643836,1.11111111111111,2.0662100456621,375.616438356164,-0.95509893455099,0.757306357224249,284.456716645053,-0.723302494913571,0.269800768377455,79,0.557169958881814
"SOS2",4,72,1401.25,975.833333333333,0.75,1.30092592592593,425.416666666667,-0.550925925925926,0.667747009700815,284.070707043555,-0.36787913960369,0.233817190426237,76,0.532761249789442
"DYNLT1",5,19,1217,839.736842105263,1,1.15789473684211,377.263157894737,-0.157894736842105,0.751580059939639,283.543466823544,-0.118670535779943,0.0495206755071929,24,0.27696369492152
"CYP2C19",10,175,683.8,414.068571428571,2.4,3.72285714285714,269.731428571429,-1.32285714285714,1.05057449130555,283.372958360548,-1.38975996992706,0.0929762419130803,185,0.375438150119067
"IGKV6D-41",7,111,661.714285714286,405.396396396396,2.21428571428571,5.1006006006006,256.317889317889,-2.88631488631489,1.10425029349723,283.039104507871,-3.18721406033865,0.112853052668214,118,0.405540286386854
"OR1M1",4,106,777.25,442.754716981132,1.25,4.16352201257862,334.495283018868,-2.91352201257862,0.845914674151948,282.954468340269,-2.46459102390497,0.246055832991167,110,0.536587458752049
"OR2A7",2,88,756.5,495.875,2.75,2.64583333333333,260.625,0.104166666666667,1.08533818955887,282.86626565378,0.113056061412382,0.595294115230271,90,0.770376684037424
"IGF2BP3",3,40,1725.66666666667,1003.65,0.5,1.125,722.016666666667,-0.625,0.391673940321476,282.795112811111,-0.244796212700923,0.0560672081171109,43,0.296355242904729
"CST9",6,111,921.666666666667,628.405405405405,1,1.37387387387387,293.261261261261,-0.373873873873874,0.964126991617362,282.741097577733,-0.360461893262347,0.121099557211204,117,0.41774814216942
"OR2AG2",8,104,914.625,657.769230769231,1.25,1.32532051282051,256.855769230769,-0.0753205128205128,1.10037335608587,282.637244818479,-0.0828806854744163,0.0966245279006714,112,0.381171709950284
"ZNF23",3,40,1262,646.5,1,3.525,615.5,-2.525,0.458915812104387,282.46268235025,-1.15876242556358,0.0119599247660306,43,0.136159143490194
"OR4K5",3,39,974.333333333333,694.358974358974,1.5,1.23076923076923,279.974358974359,0.269230769230769,1.00828722392314,282.294569179918,0.271461944902384,0.487544522078578,42,0.702823921437949
"TYRO3",3,12,1262,964.75,1,1.04166666666667,297.25,-0.0416666666666667,0.948544070097742,281.954724836554,-0.039522669587406,0.0898262272414616,15,0.367772135304181
"PSMB3",4,15,1126,736.133333333333,1.5,1.2,389.866666666667,0.3,0.722260652372487,281.585353004954,0.216678195711746,0.420404100849029,19,0.659832987821179
"PTPN7",2,18,1227.5,881.333333333333,0.75,1,346.166666666667,-0.25,0.81268589063472,281.324765808052,-0.20317147265868,0.549430531287744,20,0.740480405742269
"OR2T3",3,78,754,502.653846153846,2,2.27564102564103,251.346153846154,-0.275641025641026,1.1183564106952,281.094582457427,-0.30826490807624,0.4823504799393,81,0.699165095159213
"OR5M8",3,57,810.666666666667,530.473684210526,2.16666666666667,2.99707602339181,280.19298245614,-0.830409356725147,1.00257108169934,280.913381505618,-0.832544407025188,0.3151002926648,60,0.587732634155628
"AQP12A",4,10,1145.25,852.8,1,0.75,292.45,0.25,0.960423987975449,280.87599528342,0.240105996993862,0.206553658675095,14,0.509184713180554
"MTMR9",2,15,1362.5,1059.53333333333,1,0.988888888888889,302.966666666667,0.0111111111111111,0.923866877214644,279.900868233463,0.0102651875246071,0.0241046933436113,17,0.202682580547829
"MYH9",2,26,1188,775,0.75,1.1474358974359,413,-0.397435897435897,0.677378007598489,279.757117138176,-0.269214336353245,0.349867184057809,28,0.612114390321805
"KLK9",3,44,1229.66666666667,806.477272727273,1,1.28787878787879,423.189393939394,-0.287878787878788,0.660050937806748,279.326556339566,-0.190014663914064,0.434092363861913,47,0.6673050510669
"SS18L2",4,21,1407.5,948.666666666667,0.875,1.06349206349206,458.833333333333,-0.188492063492063,0.608711924742547,279.297321469372,-0.114737366766948,0.147970929178811,25,0.447270675490567
"DEFB104A",3,5,1401,818.4,1,1.8,582.6,-0.8,0.47862680561225,278.847976949697,-0.3829014444898,0.23495326416238,8,0.532761249789442
"P4HB",5,65,1303.2,914.8,0.9,0.971794871794872,388.4,-0.0717948717948718,0.717358768022677,278.622145500008,-0.0515026807811152,0.01474229854092,70,0.156964630325652
"IGFL3",2,13,1078,673.692307692308,1,1,404.307692307692,0,0.688894334257742,278.525278527592,0,0.00205083796239633,15,0.0417836747940036
"STAG2",3,56,1465.66666666667,1013.80357142857,0.833333333333333,1.0625,451.863095238095,-0.229166666666667,0.61602505364696,278.358987485129,-0.141172408127428,0.313534430859017,59,0.586903529110474
"CNEP1R1",2,32,1227.5,907.65625,0.75,1.03125,319.84375,-0.28125,0.868168885554593,277.678391989102,-0.244172499062229,0.574932360216981,34,0.759074892482254
"ZNF771",5,46,1210.2,804.173913043478,1.2,1.51449275362319,406.026086956522,-0.314492753623189,0.682792512123846,277.231571900858,-0.214733297291123,0.27413817419556,51,0.56109477792527
"MRPL20",2,38,1510,1028.07894736842,0.75,1.00877192982456,481.921052631579,-0.258771929824561,0.574140778417666,276.690528293756,-0.148571517222115,0.100710172910908,40,0.386587753075877
"ZNF706",10,66,690.1,478.636363636364,1,1.22727272727273,211.463636363636,-0.227272727272727,1.30777444010664,276.546738648368,-0.297221463660599,0.193719431440948,76,0.496538068016696
"GSTM3",11,221,806.363636363636,528.837104072398,1.90909090909091,1.82277526395173,277.526532291238,0.0863156451391749,0.995696395264954,276.332167792769,0.0859441767200454,0.0745406511284908,232,0.343213512385281
"METTL6",4,59,1542.5,1009.30508474576,0.75,1.05649717514124,533.194915254237,-0.306497175141243,0.517429029110271,275.890527326533,-0.158590535758374,0.0886045018901426,63,0.366905274148197
"RAB43",3,22,1514.66666666667,1034.63636363636,0.666666666666667,1,480.030303030303,-0.333333333333333,0.572493695842144,274.814322298042,-0.190831231947381,0.323880640523898,25,0.591781911080702
"HTR3A",5,18,1374.8,1013.27777777778,0.8,1.05555555555556,361.522222222222,-0.255555555555556,0.759220052680454,274.47492060071,-0.194022902351671,0.0287996491213926,23,0.218219227436862
"TRBV24-1",8,129,598.5,376.333333333333,5.6875,4.47932816537468,222.166666666667,1.20817183462532,1.23227578846178,273.770604336593,1.48880090011024,0.313509048781333,137,0.586903529110474
"NONO",4,59,1373,918.016949152542,0.875,1.11864406779661,454.983050847458,-0.24364406779661,0.601648241107756,273.739752276214,-0.146588024846169,0.174240126855884,63,0.473005126981054
"RHD",2,24,1083,835.75,1.75,1.27083333333333,247.25,0.479166666666667,1.10616442537549,273.499154174089,0.530037120492421,0.560734826872926,26,0.750400659137379
"MR1",3,12,1415,1043.58333333333,0.833333333333333,0.916666666666667,371.416666666667,-0.0833333333333333,0.736125868362578,273.409416274334,-0.0613438223635481,0.389967868323532,15,0.640753125748699
"RFC4",2,61,870,528.803278688525,1,1.00819672131148,341.196721311475,-0.00819672131147531,0.801190163867399,273.36345705856,-0.00656713249071631,0.0217949454825025,63,0.195274892708699
"NPRL3",2,18,1575,1207.16666666667,0.75,1.0462962962963,367.833333333333,-0.296296296296296,0.743070302918135,273.326026423387,-0.22016897864241,0.603077398011748,20,0.776384433780587
"NUP50",2,37,1009,627.27027027027,1,1.04054054054054,381.72972972973,-0.0405405405405406,0.715851290484789,273.261719643437,-0.0290209982628969,0.0483510293772892,39,0.274837430144591
"LILRB1",8,234,552.5,282.132478632479,2.52083333333333,5.87749287749288,270.367521367521,-3.35665954415954,1.0102023291984,273.125899825067,-3.390905289836,0.0216488306145596,242,0.194401634012989
"AMY1B",8,112,802.5,567.339285714286,1.625,1.80208333333333,235.160714285714,-0.177083333333333,1.16014159633285,272.819726466202,-0.205441741017275,0.279791080957825,120,0.565840758911411
"KIR2DL3",8,61,868,567.475409836066,1.5625,2.80874316939891,300.524590163934,-1.24624316939891,0.907705329755225,272.787772214308,-1.13122156703443,0.172579018695167,69,0.472773498345037
"ADH4",2,34,990,728.852941176471,1,1.15686274509804,261.147058823529,-0.156862745098039,1.04437040684265,272.734260069291,-0.163822808916494,0.0594128963778462,36,0.304376838366504
"KLHDC4",4,36,1025,771.694444444444,1.25,1.11111111111111,253.305555555556,0.138888888888889,1.07553178589897,272.438176544798,0.149379414708191,0.306441589810003,40,0.583269215487255
"NEDD8",2,39,1227.5,823.897435897436,0.75,1.26495726495726,403.602564102564,-0.514957264957265,0.674820801985114,272.35940599094,-0.347503874526522,0.500804734219204,41,0.710722537843542
"RPL24",3,14,1273.33333333333,906.857142857143,1,1,366.47619047619,0,0.742150767168457,271.980585910878,0,0.0267199694179803,17,0.212272361419979
"SZT2",3,19,1172,903.105263157895,0.833333333333333,1.07017543859649,268.894736842105,-0.236842105263158,1.01028602644114,271.660595215148,-0.239278269420271,0.38694361366413,22,0.639465128288612
"APOBEC3B",3,56,1091,668.285714285714,1.5,2.29166666666667,422.714285714286,-0.791666666666667,0.642155572785519,271.448334267479,-0.508373161788536,0.487004589235293,59,0.702704752236003
"MICOS10",3,7,1180.33333333333,885.714285714286,1,1,294.619047619048,0,0.9184640675824,270.597008863443,0,0.152126029537506,10,0.451631213990992
"MXD3",4,20,1497,998.2,0.75,1,498.8,-0.25,0.541270073983821,269.98551290313,-0.135317518495955,0.0980457682690901,24,0.383079817132392
"IGF2BP2",4,86,1144,818.441860465116,1.625,1.44961240310078,325.558139534884,0.175387596899225,0.829289424560065,269.981922195729,0.145447079307531,0.259591944673801,90,0.547981727900955
"AVP",2,53,1240,868.943396226415,1,1.17295597484277,371.056603773585,-0.172955974842767,0.727356562582369,269.890455844243,-0.125800663339718,0.199975425380199,55,0.502136945344544
"CNN1",2,48,1544,1049.6875,0.5,1.19097222222222,494.3125,-0.690972222222222,0.545289295286658,269.543314776386,-0.376779756118211,0.0494525681906581,50,0.27696369492152
"KISS1",4,95,999.5,680.715789473684,1,0.985964912280702,318.784210526316,0.0140350877192983,0.845286325928692,269.463934079868,0.0118636677323326,0.000465352416230238,99,0.0134749873569278
"SWSAP1",2,4,1108,792.5,0.375,1,315.5,-0.625,0.853112812457444,269.157092330324,-0.533195507785903,0.660605141863333,6,0.809209865006085
"HSD17B1",4,18,1358.25,948.777777777778,0.875,0.981481481481482,409.472222222222,-0.106481481481482,0.656674514172707,268.889972594996,-0.0699236751202419,0.31406222840396,22,0.587268443941144
"KIR2DL1",4,54,839.75,540.740740740741,1.75,3.25308641975309,299.009259259259,-1.50308641975309,0.898894537488731,268.7777898067,-1.35111617208954,0.0314510211435718,58,0.227266329999481
"GCSH",3,52,1514.33333333333,1031.75,0.833333333333333,1.11858974358974,482.583333333333,-0.28525641025641,0.55625042835223,268.437185882314,-0.158674000395348,0.411106779656032,55,0.65345373568238
"SIMC1",3,27,1273.33333333333,1019.92592592593,1,0.851851851851852,253.407407407407,0.148148148148148,1.05471232199399,267.271915077143,0.156253677332442,0.0799940005670267,30,0.353033228940526
"OXCT2",3,24,1085.33333333333,810.791666666667,1,1,274.541666666667,0,0.973187666108834,267.180563832963,0,0.1975716934919,27,0.500019515858495
"IGLV3-21",9,198,539.888888888889,267.186868686869,3.00925925925926,7.5925925925926,272.70202020202,-4.58333333333334,0.979243395410222,267.041652197853,-4.48819889563019,0.0142745206941466,207,0.152924891940509
"ZNF114",4,48,777.75,323.854166666667,2.875,24.59375,453.895833333333,-21.71875,0.58816170879758,266.964148949435,-12.7741371129474,0.0864952683606178,52,0.362681104269705
"OR4F21",2,20,889.5,577.35,1.5,1.8,312.15,-0.3,0.853437364289851,266.400473263077,-0.256031209286955,0.355457965315451,22,0.615271646121072
"IGKV3D-20",6,198,482.166666666667,262.580808080808,3.66666666666667,9.80471380471381,219.585858585859,-6.13804713804714,1.21276325322075,266.305660219857,-7.44399801556036,0.0812394153270018,204,0.354187201461706
"FAU",9,98,892.888888888889,540.367346938776,1,1.03571428571429,352.521541950113,-0.0357142857142858,0.753833624538861,265.742591696282,-0.0269226294478166,0.0148480055713455,107,0.156964630325652
"OR10G8",3,158,457.333333333333,214.107594936709,9.66666666666667,10.6160337552743,243.225738396624,-0.949367088607596,1.0910602295974,265.373929979018,-1.03581667366842,0.406449032741612,161,0.651883208788268
"FKBP14",4,63,1542.5,1030.88888888889,0.75,0.973544973544973,511.611111111111,-0.223544973544973,0.517941777739255,264.984768400044,-0.115783281002558,0.0970592785041047,67,0.381741020573231
"PRSS21",8,173,826.25,575.317919075144,0.9375,1.22928709055877,250.932080924856,-0.291787090558767,1.05438539219474,264.579120560197,-0.307656045916168,0.134911030814816,181,0.432272100379346
"KRT6B",9,118,892.111111111111,623.127118644068,0.953703703703704,1.34039548022599,268.983992467043,-0.386691776522285,0.983461073164916,264.535285895822,-0.380296309522654,0.11816333405894,127,0.4137284735698
"PYY",3,68,1180.33333333333,767.455882352941,1,1.22303921568627,412.877450980392,-0.223039215686275,0.639772347079966,264.147575870119,-0.142694322510483,0.040110285916644,71,0.253075439665581
"ADGRE2",6,189,811.166666666667,495.481481481481,2.08333333333333,2.13668430335097,315.685185185185,-0.0533509700176364,0.836340676333484,264.020361286239,-0.0446195863475975,0.230695844985998,195,0.531818799135771
"LILRB4",10,216,485.3,235.351851851852,3.86666666666667,7.66666666666667,249.948148148148,-3.8,1.05206543277017,262.961806651583,-3.99784864452663,0.0294829054447079,226,0.220852838097704
"API5",4,25,997.5,732.04,1,1.12,265.46,-0.12,0.990398349066488,262.91114574319,-0.118847801887979,0.329779109001367,29,0.595749240311692
"ABI2",2,52,1131.5,862.25,1,1.16346153846154,269.25,-0.163461538461539,0.975986080057343,262.78425205544,-0.15953618616322,0.412013514503805,54,0.654114423503061
"SEPTIN9",6,78,1060.16666666667,725.589743589744,1.33333333333333,1.72863247863248,334.576923076923,-0.395299145299145,0.783813546962035,262.245924808567,-0.309840825187984,0.0699646234698018,84,0.333583083438719
"IGFL1",4,41,1031,654.658536585366,1.375,2.17073170731707,376.341463414634,-0.795731707317073,0.696600345652547,262.15959349802,-0.554306982363764,0.144911604866181,45,0.443389565884579
"PGA5",4,43,1011.5,613.255813953488,2.5,2.63565891472868,398.244186046512,-0.135658914728682,0.657202477289954,261.727065636089,-0.0891553748261567,0.236548566709596,47,0.53325581523633
"EPHB4",2,29,1206,870.620689655172,0.75,1.5,335.379310344828,-0.75,0.779836806905351,261.541130481429,-0.584877605179013,0.768958420345965,31,0.874965567308781
"PTCHD3",5,51,1086.6,725.078431372549,1.3,1.47712418300654,361.521568627451,-0.177124183006536,0.722155955810258,261.074953938181,-0.127911283676196,0.129702526972935,56,0.42612810318086
"SEPTIN1",4,62,1377.25,778.887096774194,1,1.86290322580645,598.362903225806,-0.862903225806452,0.436026829597229,260.902279642142,-0.376248957797609,0.219054341938911,66,0.522668560807893
"ZSCAN18",3,28,1834.66666666667,1028.85714285714,0.666666666666667,1.49404761904762,805.809523809524,-0.827380952380952,0.323559751696964,260.727529438858,-0.267707175511178,0.173618496844542,31,0.472773498345037
"PRSS27",4,46,1552,959.282608695652,0.75,1.40217391304348,592.717391304348,-0.652173913043478,0.439616553703818,260.568376885535,-0.286706448067708,0.12185922432875,50,0.418341460839937
"TMSB15A",8,191,820.875,546.910994764398,1.5625,1.69633507853403,273.964005235602,-0.133835078534032,0.95016048752398,260.309772778682,-0.127164803467706,0.0514705926884822,199,0.280978809266633
"USP36",3,47,1391.33333333333,1032.68085106383,1.16666666666667,0.925531914893617,358.652482269503,0.24113475177305,0.725781757428026,260.303428887484,0.175011203918815,0.466104569186575,50,0.688594078568766
"SLC22A8",5,31,1221.8,930.806451612903,0.9,1.01612903225806,290.993548387097,-0.116129032258064,0.894090815836097,260.17465908046,-0.103829901193869,0.421361468024804,36,0.660039367395968
"TMEM14C",3,32,1383,853.75,0.666666666666667,1.47916666666667,529.25,-0.8125,0.490961960788797,259.841617747471,-0.398906593140897,0.0700150532219964,35,0.333583083438719
"NME2",3,39,1511.66666666667,1011.66666666667,0.833333333333333,1.11538461538462,500,-0.282051282051282,0.519550858468062,259.775429234031,-0.146539985721761,0.238789575855386,42,0.534311869916102
"NAP1L1",14,210,863.214285714286,610.280952380952,0.976190476190476,1.25714285714286,252.933333333333,-0.280952380952381,1.02560738394027,259.410294311292,-0.288146836440362,0.162059645375773,224,0.461622494922968
"SLC5A11",4,70,1304.25,973.042857142857,0.875,1.11190476190476,331.207142857143,-0.236904761904762,0.781870769997968,258.961183814541,-0.185228908606662,0.336854401366552,74,0.600388130178743
"STAG3",4,18,1047.5,794.666666666667,1.5,1.24074074074074,252.833333333333,0.259259259259259,1.02211400345858,258.424490541112,0.264992519415188,0.307998452486644,22,0.584407320102863
"CD84",4,61,1220.25,921.229508196721,1,1.07377049180328,299.020491803279,-0.0737704918032787,0.862956286929026,258.041613322249,-0.0636607096914855,0.0240233444415141,65,0.202682580547829
"CYP4X1",3,39,1077,725.435897435897,1.33333333333333,1.5,351.564102564103,-0.166666666666667,0.732743583410155,257.606340311196,-0.122123930568359,0.195618482488503,42,0.497575719938929
"EIF1",10,98,846.3,612.387755102041,1.08333333333333,1.25850340136054,233.912244897959,-0.175170068027211,1.09826591296713,256.897845197048,-0.192383314686419,0.100439642096946,108,0.386160278698488
"FCF1",3,41,1215,885.292682926829,1,1.13821138211382,329.707317073171,-0.138211382113821,0.777169269424162,256.238394733557,-0.107413638863502,0.530565180179147,44,0.728268605204227
"TRPV1",3,57,1323.33333333333,914.929824561404,0.833333333333333,1.58187134502924,408.40350877193,-0.748538011695906,0.627315406144684,256.197812976177,-0.469569426821751,0.404188332000643,60,0.650373163651772
"CFAP52",2,28,1227.5,989.214285714286,0.75,0.928571428571429,238.285714285714,-0.178571428571429,1.07404715387569,255.930093237808,-0.19179413462066,0.662608612961174,30,0.810463427423584
"TRAV1-2",4,28,1220.25,913.857142857143,1,1.03571428571429,306.392857142857,-0.0357142857142858,0.834305800558982,255.625337964125,-0.0297966357342495,0.023234579248504,32,0.200097798872893
"ZFP69",6,67,958.166666666667,462.820895522388,1.5,10.6119402985075,495.345771144279,-9.11194029850746,0.515853075671271,255.525639565533,-4.70042242831807,0.0156189000753167,73,0.159934625111037
"IMMP1L",2,15,1362.5,952.733333333333,1,0.966666666666667,409.766666666667,0.0333333333333333,0.623220652684927,255.375049448527,0.0207740217561642,0.000517892051982979,17,0.0147821188551713
"ATP8A2",7,118,1012.42857142857,719.949152542373,1,1.13135593220339,292.479418886199,-0.13135593220339,0.872824304987394,255.283145512463,-0.114650650231395,0.0505442229930647,125,0.278345404951219
"UGT2A3",9,205,688.111111111111,436.907317073171,2.72222222222222,2.75691056910569,251.20379403794,-0.0346883468834682,1.01490596671092,254.948229429527,-0.0352054102273701,0.094252210051226,214,0.377029469546113
"SLC22A24",12,141,684.833333333333,404.418439716312,1.58333333333333,2.51418439716312,280.414893617021,-0.930851063829787,0.907708557373279,254.534998551088,-0.844941476278318,0.055989645751745,153,0.296355242904729
"CMPK1",2,6,1737,1075,0.75,0.916666666666667,662,-0.166666666666667,0.383444819811125,253.840470714965,-0.0639074699685208,0.291184736427715,8,0.574138841454939
"TOM1",4,38,1482.25,1094.84210526316,0.75,1.05263157894737,387.407894736842,-0.302631578947368,0.654334627924558,253.494400657668,-0.198022321608748,0.241077690556894,42,0.535145372394881
"CT45A2",7,216,758,496.314814814815,2.35714285714286,2.20601851851852,261.685185185185,0.151124338624339,0.968493657563356,253.440442130144,0.146362963461129,0.0570606159332835,223,0.298839084232504
"RUFY1",5,94,1105.4,776.776595744681,1.5,1.51063829787234,328.623404255319,-0.0106382978723403,0.770128352785805,253.082201006013,-0.00819285481687015,0.371529452592279,99,0.627909638292045
"ZNF331",6,79,914.333333333333,510.139240506329,1.33333333333333,3.82278481012658,404.194092827004,-2.48945147679325,0.624790682169699,252.536702986347,-1.55538608641402,0.0746377733390414,85,0.343213512385281
"SERPINB9",11,203,765.636363636364,519.950738916256,0.954545454545455,1.89983579638752,245.685624720108,-0.945290341842066,1.02707981092596,252.338744984755,-0.970888625569286,0.149232872434647,214,0.449047107115097
"LIMS1",3,26,1116,878.769230769231,1.16666666666667,1.11538461538462,237.230769230769,0.0512820512820513,1.0607415494908,251.64053374074,0.0543970025379896,0.493913109529836,29,0.707411034294346
"ATP5MK",4,77,1085.25,751.077922077922,1.25,1.72943722943723,334.172077922078,-0.47943722943723,0.75181160563736,251.23444646177,-0.360446473265531,0.177326986319246,81,0.477258927904612
"HAPLN3",4,26,1739.25,1108.73076923077,0.625,0.948717948717949,630.519230769231,-0.323717948717949,0.398172840055016,251.055632824688,-0.12889569501781,0.118787337551257,30,0.4137284735698
"LGALS9C",7,74,818.428571428571,567.797297297297,2.35714285714286,2.05405405405405,250.631274131274,0.303088803088803,0.99993472396048,250.614913914319,0.303069018652115,0.11809246122523,81,0.4137284735698
"CCDC74B",4,22,1213,804.409090909091,1.25,1.3030303030303,408.590909090909,-0.053030303030303,0.612624823056615,250.31293338436,-0.0324876800105781,0.271799123300392,26,0.558896132455425
"IGLV11-55",17,277,400.470588235294,165.476534296029,4.2156862745098,11.7587244283995,234.994053939265,-7.5430381538897,1.06509824187577,250.291753701971,-8.03407667610976,0.0694513100252469,294,0.333583083438719
"NLGN4Y",4,22,1503,1095.18181818182,0.875,0.840909090909091,407.818181818182,0.0340909090909091,0.613117149574441,250.040321180995,0.0209017210082196,0.265534423167866,26,0.553508375054144
"CIDEC",2,47,1419,979.255319148936,0.75,1.16666666666667,439.744680851064,-0.416666666666667,0.568311711182851,249.912052058025,-0.236796546326188,4.34676614764765e-05,49,0.00214440463283951
"ZNF621",12,153,747,452.882352941176,1.48611111111111,4.17429193899782,294.117647058824,-2.68818082788671,0.848814816585011,249.65141664265,-2.28176771637,0.104313984571054,165,0.392134226101536
"GZMB",16,236,525.125,289.71186440678,3.6875,5.00494350282486,235.41313559322,-1.31744350282486,1.05999139866207,249.535898860882,-1.39647878121758,0.0709659483605884,252,0.334986151892113
"RABL6",3,24,1066.66666666667,806.958333333333,1.33333333333333,1.3125,259.708333333333,0.0208333333333333,0.958825215064532,249.014898562385,0.0199755253138444,0.230343512216119,27,0.531746201511041
"PFDN1",4,28,1146.25,925.821428571429,1.25,0.928571428571429,220.428571428571,0.321428571428571,1.12887674961354,248.836689236241,0.362853240947208,0.219993551322484,32,0.523270375645622
"CYP2C18",11,209,572,339.014354066986,3,4.37480063795854,232.985645933014,-1.37480063795854,1.06795705618429,248.818664563818,-1.46822804215449,0.0443806941074969,220,0.264920952271546
"OR10G4",5,134,745.6,495.201492537313,2.1,2.79975124378109,250.398507462687,-0.699751243781094,0.992972178011362,248.638751326018,-0.694833516603472,0.173245455900554,139,0.472773498345037
"OR7A17",14,268,359.357142857143,120.358208955224,7.5297619047619,25.9601990049751,238.998933901919,-18.4304371002132,1.03796917809914,248.073526988745,-19.1302256489161,0.0357523245410897,282,0.241569301682203
"CD1E",9,182,794.777777777778,500.478021978022,1.66666666666667,2.51098901098901,294.299755799756,-0.844322344322344,0.842492533263314,247.945346802511,-0.711335270758952,0.0675065229124799,191,0.327771647093888
"RAB5A",5,71,1290.8,934.69014084507,1,1.27934272300469,356.10985915493,-0.279342723004695,0.695751753843817,247.764059068117,-0.194353189454024,0.0264909574736385,76,0.212252993261512
"PAGE5",8,124,666.625,361.338709677419,2.66666666666667,4.11021505376344,305.286290322581,-1.44354838709677,0.807546514165448,246.532879572501,-1.16573246802916,0.0735521640966287,132,0.341760985732707
"FOXK2",2,11,1862,1205.90909090909,0.5,0.878787878787879,656.090909090909,-0.378787878787879,0.375704469420923,246.496286891891,-0.142312299023077,0.118955086197416,13,0.4137284735698
"ZNF81",7,84,941.428571428571,615.369047619048,1.14285714285714,1.3531746031746,326.059523809524,-0.21031746031746,0.75592032165486,246.475020116726,-0.158983242252808,0.3824430867802,91,0.63597277352213
"LCE1B",6,127,963.833333333333,691.606299212598,1,1.24671916010499,272.227034120735,-0.246719160104987,0.903549212454284,245.970522288555,-0.222922902810243,0.0750744206862525,133,0.343639616337073
"KLRC2",11,249,575.545454545455,325.899598393574,5.77272727272727,4.89357429718875,249.64585615188,0.879152975538517,0.984302012229322,245.726918555008,0.865352042879958,0.161154320627584,260,0.461306714755382
"NOMO2",4,32,915.5,682.625,2.625,1.59375,232.875,1.03125,1.05455931315465,245.580500050889,1.08751429169073,0.43263268626407,36,0.6673050510669
"AMT",2,12,1227.5,972.333333333333,0.75,1.11111111111111,255.166666666667,-0.361111111111111,0.961553444897735,245.356387356405,-0.347227632879738,0.642772155376369,14,0.801159554860876
"ZSCAN21",6,108,613.833333333333,319.907407407407,4.33333333333333,12.1496913580247,293.925925925926,-7.81635802469136,0.833799346880157,245.075245068182,-6.51727421596913,0.170897280306341,114,0.471294363080841
"ARRB2",4,50,1482.25,1027.22,0.75,0.99,455.03,-0.24,0.538439849990156,245.006284941021,-0.129225563997638,0.183332806794879,54,0.486197575768004
"OR2V2",6,116,814.666666666667,569.715517241379,1.25,1.33908045977011,244.951149425287,-0.0890804597701149,0.999059334090795,244.720732229602,-0.0889966648184328,0.201595489167141,122,0.502571037733386
"BNIPL",2,35,1544,1020.85714285714,0.5,1.2047619047619,523.142857142857,-0.704761904761905,0.467716429394968,244.682509206339,-0.329628721668835,0.0252676867926668,37,0.206060564129585
"PKNOX1",2,12,1575,1150,0.75,0.861111111111111,425,-0.111111111111111,0.574620543967592,244.213731186227,-0.0638467271075102,0.555686738420544,14,0.746143886669521
"OR12D3",2,16,870,619.125,1,1.34375,250.875,-0.34375,0.969726010197946,243.28001280841,-0.333343316005544,0.0223031283834975,18,0.196306830441533
"SCGB2A2",5,110,825.6,578.518181818182,1.6,2.00454545454545,247.081818181818,-0.404545454545455,0.98211815207952,242.663538685175,-0.397311434250351,0.191492643427402,115,0.495765676006406
"SIGLEC5",10,44,971.1,682.409090909091,1.175,1.81439393939394,288.690909090909,-0.639393939393939,0.83830829677498,242.011984294421,-0.536009244301578,0.272315007480158,54,0.558896132455425
"ARPC3",3,18,1369,995.888888888889,0.833333333333333,1.08333333333333,373.111111111111,-0.25,0.648372493898458,241.914981612336,-0.162093123474614,0.413397401180676,21,0.655534714801086
"MRFAP1L1",8,136,966.625,650.073529411765,1,1.37009803921569,316.551470588235,-0.370098039215686,0.762715148210437,241.438601805938,-0.282279380832784,0.0270937477123275,144,0.213229752400272
"GZMM",3,32,1383,937.15625,0.666666666666667,1.26041666666667,445.84375,-0.59375,0.541197523033208,241.289533159837,-0.321336029300967,0.0967237522246215,35,0.381171709950284
"OR52A5",6,194,618,399.365979381443,4.08333333333333,3.08848797250859,218.634020618557,0.994845360824742,1.10244691989404,241.032402614977,1.09676420381211,0.231956025091446,200,0.532312298805072
"KRTAP21-2",4,116,795.5,549.836206896552,1.375,1.91810344827586,245.663793103448,-0.543103448275862,0.981056792134679,241.010132805707,-0.5328153267628,0.398419689822679,120,0.646887170478424
"TRPV3",5,70,1159.2,843.3,1.2,1.55714285714286,315.9,-0.357142857142857,0.762731916319239,240.947012365248,-0.2724042558283,0.291236094001292,75,0.574138841454939
"MAP4K2",5,50,1398,998.46,0.8,1.03333333333333,399.54,-0.233333333333333,0.602859445206032,240.866462737618,-0.140667203881408,0.146855198314767,55,0.446198971792046
"CYP3A5",13,221,661.769230769231,432.565610859729,1.55128205128205,3.29562594268476,229.203619909502,-1.74434389140271,1.05069094483542,240.822167962412,-1.8327663313758,0.0157293062233827,234,0.159934625111037
"SNX5",5,36,1398,984.944444444444,0.8,0.958333333333333,413.055555555556,-0.158333333333333,0.582835176314463,240.743307549891,-0.0922822362497899,0.138489628575898,41,0.434046199043617
"SCIMP",2,21,1227.5,988.190476190476,0.75,0.992063492063492,239.309523809524,-0.242063492063492,1.00341243079727,240.126150998651,-0.242889516978704,0.661398001034497,23,0.8094782272998
"TLK2",4,95,1160,867.673684210526,1,1.15614035087719,292.326315789474,-0.156140350877193,0.820672830664943,239.904265056801,-0.128140143735403,0.106737702674154,99,0.396397639299183
"C6orf136",2,11,1365,1106.81818181818,0.75,0.954545454545455,258.181818181818,-0.204545454545455,0.929125895577008,239.883413039882,-0.190048478640752,0.838214012290228,13,0.91465760388923
"GIMAP7",2,71,701,422.929577464789,0.75,2.11267605633803,278.070422535211,-1.36267605633803,0.862193602915793,239.750539469951,-1.17489057862117,0.42097286623264,73,0.65983602385544
"KPNA4",6,70,1185.66666666667,808.942857142857,1.16666666666667,1.41904761904762,376.72380952381,-0.252380952380952,0.636274192382792,239.699637656131,-0.16058348664899,0.210328123809653,76,0.514902711137926
"TPSB2",10,127,825.9,578.779527559055,1.25,1.79527559055118,247.120472440945,-0.545275590551181,0.96955791059885,239.597608926043,-0.528676262275357,0.0754451691758731,137,0.344166154121994
"DEFB126",2,55,731.5,433.709090909091,1,1.3,297.790909090909,-0.3,0.804037137059432,239.43494998778,-0.24121114111783,0.16624364651454,57,0.467165690205416
"TMEM242",5,70,1160.8,861.914285714286,1,1.00952380952381,298.885714285714,-0.00952380952380949,0.79885850492132,238.767394856627,-0.00760817623734588,0.0214011541635101,75,0.193481927686395
"RBM27",3,46,1703,1067.39130434783,0.666666666666667,0.97463768115942,635.608695652174,-0.307971014492754,0.375626223845293,238.751294191058,-0.115681989227717,0.0836866403738956,49,0.356136118140667
"CLIP2",4,54,1482.25,1037.38888888889,0.75,1.07716049382716,444.861111111111,-0.32716049382716,0.536607602560249,238.715854305622,-0.17555680824502,0.190783437157714,58,0.495635065985635
"IFNA13",10,109,789.8,495.256880733945,2.55,3.07339449541284,294.543119266055,-0.523394495412845,0.808913992356227,238.260050526561,-0.423381130861678,0.085623210137026,119,0.360849878950854
"ZNF2",4,80,857.5,595.9375,1.125,4.24583333333333,261.5625,-3.12083333333333,0.909370981151434,237.857347257422,-2.83799527034343,0.286167746898787,84,0.570052999305859
"KIF27",5,30,984.2,775.1,1.5,1.23333333333333,209.1,0.266666666666667,1.13702150902686,237.751197537517,0.303205735740496,0.245530953365413,35,0.536587458752049
"KIR2DL4",7,62,767.714285714286,516.532258064516,2.07142857142857,3.55376344086021,251.18202764977,-1.48233486943164,0.946086226039943,237.639856588231,-1.40241660234799,0.0269450319378253,69,0.212791200837055
"ANGPTL6",2,22,1737,1038.18181818182,0.75,0.96969696969697,698.818181818182,-0.21969696969697,0.339554847100062,237.287100878016,-0.0745991709538016,0.284439594262385,24,0.568522406849617
"HLA-DQA1",3,139,740.666666666667,506.726618705036,1.66666666666667,2.07194244604317,233.940047961631,-0.405275779376498,1.01390502613905,237.192990443508,-0.410911149682252,0.343510150102589,142,0.606301484014994
"ARL16",5,11,1140.4,858.727272727273,1,0.954545454545455,281.672727272727,0.0454545454545454,0.839409465645672,236.438753486959,0.0381549757111669,0.10198577124777,16,0.389332319377
"FABP12",2,21,1575,1079.28571428571,0.75,1.07936507936508,495.714285714286,-0.329365079365079,0.47678951332431,236.351373033622,-0.157037815896499,0.508890218456901,23,0.715532283506009
"ZNF212",3,50,1511.66666666667,891.14,0.833333333333333,1.90666666666667,620.526666666667,-1.07333333333333,0.380670933952871,236.216465742662,-0.408586802442749,0.173264504807436,53,0.472773498345037
"PPA1",2,20,1544,1038.3,0.5,0.991666666666667,505.7,-0.491666666666667,0.467001300485037,236.162557655283,-0.229608972738477,0.0172395870031465,22,0.168433715561304
"CCL23",6,102,880.833333333333,663.333333333333,1,1.33006535947712,217.5,-0.330065359477124,1.0854193550239,236.078709717698,-0.358259329599391,0.0678285690173474,108,0.328536923385843
"FAM9C",10,205,684.3,442.185365853659,2.75,2.27560975609756,242.114634146341,0.474390243902439,0.973208251387568,235.627959732902,0.461680499743614,0.166068896401288,215,0.467003033089055
"NSUN5",12,68,827.916666666667,523.441176470588,0.819444444444444,1.08088235294118,304.475490196078,-0.261437908496732,0.772008726284168,235.057735371022,-0.201832346740959,0.031096309687966,80,0.2263403524829
"DNAAF4",3,20,1431.33333333333,1159.25,0.833333333333333,1,272.083333333333,-0.166666666666667,0.86346163569563,234.933520045519,-0.143910272615938,0.541467814559779,23,0.736455203192947
"PDIA2",7,90,1077.71428571429,810.688888888889,1,0.962962962962963,267.025396825397,0.0370370370370371,0.87739562751409,234.286915609818,0.0324961343523737,0.0165878016476695,97,0.1632631906012
"ACBD7",4,67,1185.75,809.910447761194,1,1.53233830845771,375.839552238806,-0.532338308457711,0.622895508424635,234.108768977878,-0.331591141300676,0.032339032841364,71,0.230297999008416
"ENPP3",6,49,1288.5,892.530612244898,0.833333333333333,1.05102040816327,395.969387755102,-0.217687074829932,0.590302724754125,233.741808511059,-0.128501273415864,0.12590321539417,55,0.422839006344223
"ZC3HAV1",2,13,1544,1308.15384615385,0.5,0.923076923076923,235.846153846154,-0.423076923076923,0.989185358626898,233.295562273082,-0.418501497880611,0.148427386090047,15,0.44831128859851
"OR2A14",4,177,526,317.762711864407,4.25,5.48022598870056,208.237288135593,-1.23022598870056,1.11828636036794,232.868919042044,-1.37574494333401,0.251477627339444,181,0.540868283017005
"OR10AG1",6,185,450,233.616216216216,4.66666666666667,5.43693693693694,216.383783783784,-0.770270270270268,1.07569927108217,232.763878490218,-0.828579168265995,0.293344866737523,191,0.576022919305946
"MSANTD5",4,14,987.75,732.428571428571,1.125,1.35714285714286,255.321428571429,-0.232142857142857,0.91106669988116,232.614851337515,-0.211497626758127,0.577972469703601,18,0.760102850914146
"ZIM3",3,50,939,429.7,2,11.9433333333333,509.3,-9.94333333333333,0.456363311802294,232.425834700908,-4.53777253035414,0.062649192712946,53,0.314181553530213
"CD63",2,24,1365.5,1007.75,0.75,1.04861111111111,357.75,-0.298611111111111,0.648954093512047,232.163326953935,-0.193784902923736,0.707605350511108,26,0.839546015630162
"MXD1",3,13,1511.66666666667,1114.46153846154,0.833333333333333,0.923076923076923,397.205128205128,-0.0897435897435898,0.584197232630664,232.046136684144,-0.0524279567745468,0.321347006282887,16,0.59034919861614
"HOOK2",3,21,1514.66666666667,1188.14285714286,0.666666666666667,1.00793650793651,326.52380952381,-0.341269841269841,0.708810110156316,231.443377397231,-0.241895513783505,0.473583080221569,24,0.695238056049004
"ARHGEF38",2,18,1737,1026.38888888889,0.75,0.972222222222222,710.611111111111,-0.222222222222222,0.325592640900637,231.369748320003,-0.0723539202001417,0.282267352248482,20,0.567089160173421
"CCZ1",2,18,1131.5,845.166666666667,1,1.02777777777778,286.333333333333,-0.0277777777777777,0.80797856859593,231.351196807968,-0.0224438491276646,0.3691813985153,20,0.626698754658937
"OR6C6",3,100,656,438.69,1.33333333333333,2.88,217.31,-1.54666666666667,1.06331148313794,231.068218400705,-1.64458842725334,0.256325813923831,103,0.542619297390536
"UBR1",5,55,1398,962.654545454545,0.8,1.03636363636364,435.345454545455,-0.236363636363636,0.530731943800052,231.051739315426,-0.125445732170921,0.120850337082623,60,0.417736313280985
"BRCC3",5,47,1104.6,835.042553191489,1,1.39716312056738,269.557446808511,-0.397163120567376,0.856761557764629,230.946458034716,-0.340274093863966,0.113355060274455,52,0.406248269826655
"OR7A5",10,259,449.8,204.868725868726,5.28333333333333,11.4144144144144,244.931274131274,-6.13108108108108,0.942747841120137,230.908429910063,-5.78006345292171,0.0211881197368842,269,0.192528782697866
"PRKY",3,16,1462.33333333333,990.0625,1,0.958333333333333,472.270833333333,0.0416666666666666,0.488676836745928,230.787816920697,0.0203615348644136,0.40400171050429,19,0.650373163651772
"PRH2",8,164,624,387.896341463415,2.75,3.54166666666667,236.103658536585,-0.791666666666667,0.976686241007529,230.599194744223,-0.773209940797627,0.0294464060413112,172,0.220852838097704
"BTBD2",11,158,566.363636363636,361.025316455696,2.25757575757576,4.66455696202532,205.33831990794,-2.40698120444956,1.12036576439567,230.054023743382,-2.69669933700914,0.0403422998971296,169,0.253870599037685
"MDM2",5,75,1227,909.786666666667,1,1.28888888888889,317.213333333333,-0.288888888888889,0.724820000325434,229.922568369899,-0.209392444538459,0.26539149608356,80,0.553508375054144
"CRYBB2",4,24,1392,1015.66666666667,0.75,1.22222222222222,376.333333333333,-0.472222222222222,0.609892625616227,229.522924773573,-0.288004850985441,0.0359694030282559,28,0.241569301682203
"SMARCC1",3,30,1491,1073.63333333333,0.666666666666667,0.944444444444444,417.366666666667,-0.277777777777778,0.549876075646982,229.499944772529,-0.152743354346384,0.00458347298197012,33,0.0732622321438104
"CHPT1",4,82,983.25,738.560975609756,0.958333333333333,1.76422764227642,244.689024390244,-0.80589430894309,0.935382661629185,228.877870905595,-0.753819563691,0.276498568196171,86,0.561833853341836
"KCNN1",4,17,1363.75,935.058823529412,0.875,1.02941176470588,428.691176470588,-0.154411764705882,0.533262397555501,228.604884575594,-0.0823419878578347,0.017989197347566,21,0.172501514661859
"DEFB130A",5,7,1026,681.428571428571,1.6,1,344.571428571429,0.6,0.663109771093944,228.488681125513,0.397865862656367,0.12381925108855,12,0.42188529350969
"SLC5A1",10,128,905.3,668.5625,1.06666666666667,1.09505208333333,236.7375,-0.0283854166666666,0.964134927423336,228.246892380882,-0.0273673716377978,0.0566381821149935,138,0.297406275599887
"MLXIPL",5,38,1398,1046.81578947368,0.8,1.10087719298246,351.184210526316,-0.300877192982456,0.649328177253687,228.033803301328,-0.195368039296504,0.192567661156309,43,0.495886406677629
"FKBP7",4,46,1542.5,1054.82608695652,0.75,1.01449275362319,487.673913043478,-0.264492753623188,0.466613526912494,227.555244548434,-0.123415896610913,0.107512142546012,50,0.398163597417855
"RNASE6",2,79,623,374.544303797468,1.5,2.24472573839662,248.455696202532,-0.744725738396625,0.915574390798646,227.479672691086,-0.681851814244561,5.37655556040417e-05,81,0.00246950758843392
"SP100",2,90,780.5,532.588888888889,1,2.01851851851852,247.911111111111,-1.01851851851852,0.916887528075848,227.306605849204,-0.933866926743919,0.307815596177225,92,0.584337825332158
"KRTAP6-1",8,141,932.375,663.184397163121,1.25,1.1903073286052,269.190602836879,0.059692671394799,0.843153706447591,226.969054522776,0.0503300971342828,0.0431334254247728,149,0.259971595772839
"FSIP2",4,91,772,501.549450549451,1,1.2032967032967,270.450549450549,-0.203296703296703,0.838902512316549,226.881645391457,-0.170546115141276,0.135555922265038,95,0.432539684285808
"CSH1",3,36,1366,605.638888888889,1.66666666666667,3.02314814814815,760.361111111111,-1.35648148148148,0.298201121177854,226.740535833372,-0.404504298634774,0.27593903573143,39,0.561833853341836
"OR2T4",6,92,780.166666666667,508.260869565217,2.41666666666667,2.04710144927536,271.905797101449,0.369565217391305,0.833829045230154,226.722951189645,0.308154212367666,0.37999595311899,98,0.634116524890796
"RBM43",6,95,1057.33333333333,795.989473684211,1,0.987719298245614,261.343859649123,0.012280701754386,0.866534032732196,226.463348631551,0.0106416460160095,0.0785494044010161,101,0.349974134624456
"MAGED1",17,296,656.470588235294,433.16554054054,1.8921568627451,2.04391891891892,223.305047694754,-0.15176205617382,1.01410366356709,226.454466960273,-0.153902457156346,0.130428957056504,313,0.42612810318086
"IGLV9-49",10,217,491.4,282.230414746544,3.85,7.0937019969278,209.169585253456,-3.2437019969278,1.0813867832055,226.193224941664,-3.50769646813502,0.311631421533153,227,0.586473854446065
"OR2L2",5,163,525.8,301.871165644172,8.2,7.41411042944786,223.928834355828,0.785889570552144,1.01003362107004,226.175651426411,0.793774888705963,0.432749266649569,168,0.6673050510669
"PSPC1",2,38,1592,1058.92105263158,0.75,0.964912280701754,533.078947368421,-0.214912280701754,0.423668554743511,225.848787195771,-0.0910515753615441,0.476625889006582,40,0.696887890264757
"NAA20",2,104,1007,727.375,1,1.04807692307692,279.625,-0.0480769230769229,0.807160063695215,225.702132810774,-0.038805772293039,0.152996323110006,106,0.451864972023343
"REG1A",7,75,820.571428571429,525.946666666667,1.92857142857143,2.35333333333333,294.624761904762,-0.424761904761905,0.762403450220624,224.62293499662,-0.32383994171276,0.0426291114034548,82,0.258192901715421
"ZNF471",7,47,1184.71428571429,802.744680851064,0.714285714285714,1.77659574468085,381.969604863222,-1.06231003039514,0.587896351115844,224.558536936249,-0.624528190623062,0.223145682240435,54,0.526388439848667
"TBC1D12",3,41,1539,1080.0487804878,0.833333333333333,0.947154471544715,458.951219512195,-0.113821138211382,0.488991378206283,224.423189358723,-0.0556575552429915,0.393092989528264,44,0.64245381846828
"GALNT12",2,3,1383,909,1,0.833333333333333,474,0.166666666666667,0.47274450025536,224.080893121041,0.07879075004256,0.623338546771397,5,0.788746305541008
"RDH16",14,147,634.857142857143,430.91156462585,1.35714285714286,2.50340136054422,203.945578231293,-1.14625850340136,1.0971558586304,223.760085998227,-1.25762423251172,0.0906999598739038,161,0.370521447303666
"CFAP92",5,43,874.8,663.93023255814,0.666666666666667,1.25581395348837,210.86976744186,-0.589147286821705,1.05988811963972,223.498361302818,-0.624430210020299,0.503321779623795,48,0.711281686277586
"TRA2B",4,63,1311,947.904761904762,0.75,1.03968253968254,363.095238095238,-0.28968253968254,0.614433012515123,223.097700972753,-0.177990515530174,0.074615510384175,67,0.343213512385281
"TCP10L",4,43,1126,742.767441860465,1.375,1.7906976744186,383.232558139535,-0.415697674418605,0.581709009290238,222.929831723112,-0.241815082350302,0.339677658434111,47,0.603804236255652
"CYP21A2",5,18,1201.8,898,1,1.10185185185185,303.8,-0.101851851851852,0.732030169156869,222.390765389857,-0.0745586283400515,0.13235763473424,23,0.428954670233597
"PITPNB",3,59,1265,948.491525423729,0.833333333333333,1.3135593220339,316.508474576271,-0.480225988700565,0.701580281162316,222.056104583476,-0.336917084173994,0.314018507815198,62,0.587268443941144
"OR8D1",3,146,525.333333333333,324.890410958904,5.83333333333333,4.79794520547945,200.442922374429,1.03538812785388,1.10759638606415,222.009856434054,1.14679214858468,0.40302373181126,149,0.649912361710167
"OR5B12",7,187,474.285714285714,268.695187165775,6.11904761904762,6.72549019607843,205.590527119939,-0.606442577030815,1.07828289170926,221.684748090918,-0.6539166556164,0.123489492639963,194,0.42176411332418
"RPS17",2,36,1247.5,867.75,1.25,1.56944444444444,379.75,-0.319444444444444,0.583381726188454,221.539210520065,-0.186358051421312,0.174072463756685,38,0.472871220375061
"FUT1",2,18,1587,1155.27777777778,0.75,1.0462962962963,431.722222222222,-0.296296296296296,0.51272455176612,221.354582876362,-0.15191838570848,0.673248037130817,20,0.817223316031211
"LCE1D",8,208,703.5,494.298076923077,2,2.58012820512821,209.201923076923,-0.580128205128205,1.05797412423433,221.330221355446,-0.613760629764148,0.0409553782107525,216,0.255715142703386
"PIP5K1C",2,20,1108,921.1,0.375,1.15,186.9,-0.775,1.18387743891433,221.266693333089,-0.917505015158609,0.783662774804736,22,0.884359347110909
"NKAP",4,37,929.75,644.405405405405,0.875,1.01351351351351,285.344594594595,-0.138513513513514,0.771881491338953,220.252211221185,-0.106916017381409,0.355829022569018,41,0.615271646121072
"TPM2",4,56,1311.5,948.785714285714,1,1.27083333333333,362.714285714286,-0.270833333333333,0.607131276177674,220.215187173588,-0.16443138729812,0.310899276285847,60,0.586473854446065
"ZNF517",5,47,1018.2,601.297872340426,1.5,4.79432624113475,416.902127659574,-3.29432624113475,0.527217275719858,219.798003986493,-1.7368257061835,0.035073342888334,52,0.238732933019873
"SOS1",4,63,1482.25,1104.44444444444,0.75,0.968253968253968,377.805555555556,-0.218253968253968,0.581529740039222,219.705166507596,-0.126921173421259,0.248850371888604,67,0.538948041857232
"SEPHS1",2,26,1154,943.846153846154,1,1.13461538461538,210.153846153846,-0.134615384615385,1.0450550267537,219.622333314701,-0.140680484370691,0.523268073718204,28,0.724274063934168
"NREP",6,108,936.666666666667,687.203703703704,1.25,1.35802469135802,249.462962962963,-0.108024691358025,0.880199901981006,219.577275547891,-0.0950833227448616,0.143228210696983,114,0.442302882492383
"TAMM41",5,54,1047.8,792.944444444444,1,1.42283950617284,254.855555555555,-0.422839506172839,0.86077029581764,219.372091946324,-0.363967686811779,0.0426237056050525,59,0.258192901715421
"EOLA1",9,153,732.777777777778,494.647058823529,1.4537037037037,3.50762527233116,238.130718954248,-2.05392156862745,0.920047821891227,219.091649299248,-1.8897060655511,0.0549643739104732,162,0.293241172424901
"METTL2B",5,58,1451,1044.8275862069,0.9,0.994252873563218,406.172413793103,-0.0942528735632183,0.538615047180609,218.770573818634,-0.0507660159411608,0.179944208621977,63,0.480430896876838
"MEIS3",4,47,1214.75,956.595744680851,0.958333333333333,1.1241134751773,258.154255319149,-0.165780141843972,0.846770738521402,218.597469429038,-0.140377773141403,0.499260755698503,51,0.710722537843542
"OR8K3",7,175,548.285714285714,346.314285714286,22,3.87428571428571,201.971428571429,18.1257142857143,1.08210999618238,218.555301800379,19.6140166165173,0.527685221619254,182,0.727113843307083
"OR5C1",2,62,731.5,534.677419354839,1,1.52956989247312,196.822580645161,-0.529569892473118,1.1095778128525,218.389968552244,-0.587599003042859,0.244031627771068,64,0.536046762025366
"ANGPTL7",3,41,1642.33333333333,1062.90243902439,0.666666666666667,1,579.430894308943,-0.333333333333333,0.376523629657576,218.169423460939,-0.125507876552525,0.113125387946977,44,0.405789093569228
"FERMT1",2,26,1737,1025.57692307692,0.75,1.19230769230769,711.423076923077,-0.442307692307692,0.306311689608166,217.917204718548,-0.135484016557458,0.284295625259192,28,0.568522406849617
"REEP4",3,31,1086,809.774193548387,0.833333333333333,0.935483870967742,276.225806451613,-0.102150537634409,0.788686890151909,217.855672270026,-0.0805647898542272,0.65975850257482,34,0.80884568646938
"LCN1",10,149,750.9,542.630872483221,2,2.08836689038031,208.269127516779,-0.0883668903803128,1.04570719931744,217.788526039858,-0.0924058934519885,0.124096167194557,159,0.42188529350969
"CRYBA4",2,40,1737,1048.5,0.75,0.975,688.5,-0.225,0.31604452868874,217.596658002198,-0.0711100189549666,0.296281951086252,42,0.577168404677833
"ZNF502",8,107,820,559.953271028037,1.14583333333333,2.1791277258567,260.046728971963,-1.03329439252336,0.836023522955482,217.405182488189,-0.863858418287527,0.316958576628496,115,0.588261455545004
"RPS24",6,74,1074,716.297297297297,1.41666666666667,2.1509009009009,357.702702702703,-0.734234234234234,0.606175506892383,216.830617127586,-0.445074809114677,0.195109414731087,80,0.497146035680246
"CD200R1",2,85,731.5,545.494117647059,1,1.36470588235294,186.005882352941,-0.364705882352941,1.16470169901378,216.641367203027,-0.424773560816789,0.253468606713909,87,0.540868283017005
"PLA2G2F",2,9,1348,823.222222222222,0.75,1,524.777777777778,-0.25,0.41249169131076,216.466473117858,-0.10312292282769,0.307055342520922,11,0.583726521747671
"IL27",2,4,713.5,546,3,0.875,167.5,2.125,1.29124269251428,216.283150996142,2.74389072159284,0.408544934285378,6,0.652271562847005
"BCR",3,33,1174.66666666667,942.909090909091,1.33333333333333,1.34343434343434,231.757575757576,-0.0101010101010099,0.932052932709566,216.010328162508,-0.00941467608797527,0.345419323894432,36,0.607624820948157
"TRIML1",3,45,1606.33333333333,947.444444444444,0.666666666666667,1.2962962962963,658.888888888889,-0.62962962962963,0.327667778305374,215.896658372319,-0.206309341895976,0.145225845068508,48,0.444011076429807
"SEMA4B",2,20,1737,1115.4,0.75,0.975,621.6,-0.225,0.347102999153645,215.759224273905,-0.07809817480957,0.31843814487007,22,0.588837957843961
"SNRPE",6,68,1198.83333333333,852.235294117647,1,1.2156862745098,346.598039215686,-0.215686274509804,0.62150954448396,215.413989471975,-0.13405107822203,0.0496261275184705,74,0.27696369492152
"ANKRD36C",2,27,779,478.148148148148,5.5,3.84567901234568,300.851851851852,1.65432098765432,0.714150449945365,214.853485366896,1.18143407768739,0.686495720710348,29,0.826774231452245
"MTHFD1L",3,72,1216,962.75,1,1.0625,253.25,-0.0625,0.848155456765527,214.79536942587,-0.0530097160478454,0.221914813855346,75,0.525136940650368
"UGT1A10",2,73,809.5,605.493150684931,1.5,1.82876712328767,204.006849315069,-0.328767123287671,1.04976586677909,214.159427000104,-0.34512850414655,0.283324692122646,75,0.568070983302606
"PDXDC1",5,38,960.2,751.657894736842,2.3,1.33771929824561,208.542105263158,0.962280701754386,1.02412065156892,213.57227672166,0.985491539272901,0.575379547184872,43,0.759074892482254
"KRT38",3,29,874,661,1,1.06896551724138,213,-0.0689655172413792,1.00267596172107,213.569979846587,-0.0691500663255907,0.409537038407487,32,0.65243357473412
"OR5F1",4,151,644.5,432.529801324503,2,3.28587196467991,211.970198675497,-1.28587196467991,1.00661667935029,213.372737511949,-1.29438016715572,0.335173104819658,155,0.599289779469703
"SEL1L",2,17,1737,1229.29411764706,0.75,1.02941176470588,507.705882352941,-0.279411764705882,0.419807933419368,213.138957255445,-0.117299275514235,0.371780331381126,19,0.627909638292045
"ZNF285",7,126,654.285714285714,410.484126984127,2.19047619047619,3.01587301587302,243.801587301587,-0.825396825396825,0.873958286004092,213.072417363172,-0.721362394797028,0.171195458305183,133,0.471791069922423
"IFNA7",11,125,642.727272727273,418.824,3.18181818181818,3.80533333333333,223.903272727273,-0.623515151515152,0.949777918922151,212.658384410768,-0.59220092302249,0.239648879871866,136,0.534311869916102
"KLK11",5,29,1524.6,1085.86206896552,0.7,0.994252873563218,438.737931034483,-0.294252873563218,0.48389499124563,212.303087297057,-0.142387491676875,0.0572973966732423,34,0.299686383646958
"OR10K2",2,35,780.5,583.571428571429,1,1.28095238095238,196.928571428571,-0.280952380952381,1.07775692245503,212.241131086323,-0.302798373451652,0.370506826952819,37,0.627881798347525
"ZNF853",2,3,1724.5,1080.66666666667,0.75,1,643.833333333333,-0.25,0.32920513756832,211.95324107107,-0.08230128439208,0.484443665805319,5,0.700628624161438
"SLC2A14",6,76,958.666666666667,706.21052631579,1,1.60745614035088,252.456140350877,-0.607456140350877,0.83953364697549,211.945424210128,-0.509979868886427,0.163048762585895,82,0.462415085374903
"SH3GLB2",4,48,1482.25,1110.25,0.75,0.96875,372,-0.21875,0.569264765604317,211.766492804806,-0.124526667475944,0.255023403444429,52,0.541832790282065
"STX2",3,40,1514.66666666667,1105.025,0.666666666666667,0.9625,409.641666666667,-0.295833333333333,0.516839428672489,211.718964960446,-0.152898330982278,0.384826936863175,43,0.63754910435541
"MS4A4A",11,86,903.545454545455,691.395348837209,2.36363636363636,1.92054263565891,212.150105708245,0.443093727977449,0.997565498547028,211.63362596765,0.442015015652886,0.372796212474361,97,0.628562727868163
"RAB8A",5,59,1259.2,829.864406779661,1.2,1.72033898305085,429.335593220339,-0.520338983050847,0.491877223709629,211.180399632947,-0.255942894370942,0.19130184023267,64,0.495765676006406
"ARL8A",3,20,1511.66666666667,1038.75,0.833333333333333,1.21666666666667,472.916666666667,-0.383333333333333,0.446172724359652,211.002517561752,-0.1710328776712,0.256358286478315,23,0.542619297390536
"ZNF354A",9,184,763.444444444444,538.298913043478,1.5,3.75634057971014,225.145531400966,-2.25634057971014,0.936852952422709,210.928255817775,-2.11385933377262,0.0254910485970667,193,0.206649720343207
"BMP8B",7,89,823.714285714286,630.584269662921,0.833333333333333,0.98501872659176,193.130016051364,-0.151685393258427,1.0887921195989,210.278439534735,-0.165153860838036,0.235643690522662,96,0.53289880437383
"H3C11",2,40,1362.5,1049.35,1,0.945833333333333,313.15,0.0541666666666667,0.670243352507719,209.886705837792,0.0363048482608348,0.000369437035161935,42,0.0112692396374587
"TEX264",4,19,1133,894.78947368421,0.875,1.71929824561404,238.210526315789,-0.844298245614035,0.881064344871463,209.878801309907,-0.743881080648055,0.164051732147153,23,0.464715907567544
"OR51A4",10,198,527.9,335.141414141414,3.7,4.84680134680135,192.758585858586,-1.14680134680135,1.08695722083011,209.520336775991,-1.24652400476342,0.0538810428437703,208,0.289782836074974
"SPRR2G",9,94,508.777777777778,298.308510638298,4.81481481481481,6.55141843971631,210.46926713948,-1.73660362490149,0.994825295654779,209.380150908278,-1.72761721457779,0.188296483957521,103,0.492175958821579
"PABPC1L2A",3,61,982,770.131147540984,1,0.89344262295082,211.868852459016,0.10655737704918,0.988091960951325,209.345909890736,0.105288487642354,0.518896620456133,64,0.721723249336132
"ANGPTL4",3,33,1360.33333333333,1032.21212121212,0.833333333333333,0.994949494949495,328.121212121212,-0.161616161616162,0.636090894137448,208.714915203645,-0.102802568749487,0.173559736053909,36,0.472773498345037
"SLC22A10",12,121,624.666666666667,401.04958677686,1.65277777777778,2.78925619834711,223.617079889807,-1.13647842056933,0.932910794019319,208.614787556281,-1.06023298571916,0.0421391847633047,133,0.257885209779007
"CCDC74A",4,22,1213,851.409090909091,1.25,1.3030303030303,361.590909090909,-0.053030303030303,0.576880103154485,208.594600936088,-0.0305921266824348,0.321582819929874,26,0.59034919861614
"FCRL5",5,6,1309.8,980.333333333333,0.9,1,329.466666666667,-0.1,0.632128531618446,208.265280217224,-0.0632128531618446,0.228414567685263,11,0.530919934605002
"ZNF345",4,65,939,621.907692307692,1.375,3.01794871794872,317.092307692308,-1.64294871794872,0.656252804075083,208.092716073716,-1.07818970310541,0.262417441934816,69,0.551324972645386
"TRIML2",3,32,1523,1053.21875,0.833333333333333,1,469.78125,-0.166666666666667,0.442943465968041,208.086535121799,-0.0738239109946734,0.24946190110399,35,0.538948041857232
"GEMIN2",4,37,1275.25,890.972972972973,0.875,1.45495495495495,384.277027027027,-0.579954954954955,0.541098432806679,207.931697087934,-0.313812717224594,0.0382776074792651,41,0.249046573640478
"MTMR7",5,25,1303.2,1057.4,0.9,1.04,245.8,-0.14,0.844777721237309,207.64636388013,-0.118268880973223,0.088809685581942,30,0.366905426209709
"ARHGAP27",7,55,1038,814.509090909091,1,2.27272727272727,223.490909090909,-1.27272727272727,0.927657281981819,207.322969274919,-1.18065472252232,0.0907759001277,62,0.370521447303666
"CLEC4A",14,155,693.928571428571,503.387096774194,1.64285714285714,2.76774193548387,190.541474654378,-1.12488479262673,1.08370756022524,206.491236619415,-1.21904615415199,0.130858067247135,169,0.42612810318086
"GH1",5,58,927.2,435.637931034483,2,4.74425287356322,491.562068965517,-2.74425287356322,0.419533577945734,206.226793575511,-1.15130622683384,0.0289997070182996,63,0.219060168705341
"TMSB4X",10,88,942,710.613636363636,0.883333333333333,1,231.386363636364,-0.116666666666667,0.890066354309188,205.949217118678,-0.103841074669405,0.293581792888503,98,0.576022919305946
"GSTM4",10,229,616.8,423.899563318777,2.65,3.00363901018923,192.900436681223,-0.353639010189228,1.06757950496521,205.936552699712,-0.377537759434202,0.135975514335007,239,0.432539684285808
"PMS2",3,28,1329.33333333333,1074.42857142857,1,1.14880952380952,254.904761904762,-0.148809523809524,0.807761672778287,205.902296875342,-0.120202629877721,0.0454952769573353,31,0.266974892200693
"CSNK1G1",6,79,1104,836.911392405063,1,1.33966244725738,267.088607594937,-0.339662447257384,0.76951347097922,205.528281489387,-0.261374828750326,0.0311805475613152,85,0.226540851009119
"OR4K1",5,131,704.8,508.526717557252,2,2.46946564885496,196.273282442748,-0.469465648854962,1.04668388867908,205.436082510983,-0.491382130944759,0.355477951916978,136,0.615271646121072
"KRT81",10,180,807.7,602.422222222222,1.06666666666667,1.37777777777778,205.277777777778,-0.311111111111111,1.00049961188025,205.380336994307,-0.311266545918301,0.133693351265642,190,0.431411561309125
"SEC24A",4,77,1282.75,988.207792207792,0.875,1.14718614718615,294.542207792208,-0.272186147186147,0.697208776350353,205.357412278337,-0.189770570619171,0.108970248744458,81,0.400593481124982
"FAM9B",7,184,638.428571428571,423.103260869565,2.92857142857143,2.5,215.325310559006,0.428571428571428,0.953177293700557,205.243196783866,0.408504554443096,0.0540313447411806,191,0.290200609658277
"NIPSNAP2",4,53,1401.25,1064.49056603774,0.75,1.15723270440252,336.759433962264,-0.407232704402516,0.60907469624261,205.111649947399,-0.248035135734019,0.325147417433535,57,0.592741368642521
"IGHA1",10,135,866,638.066666666667,0.975,1.18148148148148,227.933333333333,-0.206481481481481,0.899728437520792,205.078101858906,-0.185777260710312,0.0844906966047352,145,0.35765341486496
"IGHV5-51",11,93,557.727272727273,355.096774193548,4.81818181818182,7.00179211469534,202.630498533724,-2.18361029651352,1.0117604615632,205.013526723263,-2.20929056147469,0.218749083954231,104,0.522487351752006
"SELENOK",3,53,1284.33333333333,957.867924528302,1.5,1.14465408805031,326.465408805031,0.355345911949686,0.626958106261908,204.680134464422,0.222787000023886,0.604912575542156,56,0.777295851664273
"WIPI1",3,47,1394.33333333333,1083.36170212766,0.666666666666667,1.07446808510638,310.971631205674,-0.407801418439716,0.656569525783186,204.174496432733,-0.267749983918675,0.180614047191998,50,0.481155821719483
"NDUFS5",3,42,1299.66666666667,863.214285714286,0.833333333333333,1.5,436.452380952381,-0.666666666666667,0.466627511851722,203.660688565569,-0.311085007901148,0.0497742851871415,45,0.27719648592087
"ZNF790",6,59,1001.33333333333,704.06779661017,1.33333333333333,1.94067796610169,297.265536723164,-0.607344632768361,0.684767735207547,203.557848337177,-0.41589000867125,0.41618108039442,65,0.657595728452393
"FADS2",4,97,1117,863.432989690722,1,1.17182130584192,253.567010309278,-0.171821305841924,0.801291769654121,203.181158416626,-0.137678998222358,0.174651145988662,101,0.473580544052928
"GSTM5",11,221,618.272727272727,427.588235294118,2.54545454545455,2.85218702865762,190.68449197861,-0.306732483203073,1.06540387126335,203.155995943896,-0.326793975046774,0.0579867184829924,232,0.301095387594004
"DNM1",5,70,1026.8,750.014285714286,1.7,1.86904761904762,276.785714285714,-0.169047619047619,0.733585782725237,203.046064861449,-0.124010929936885,0.366032176648194,75,0.623471687078509
"MNDA",8,98,773.125,579.326530612245,1.9375,1.47448979591837,193.798469387755,0.463010204081633,1.04537708827056,202.592479639862,0.484020258982413,0.263258138305053,106,0.551981085532553
"IFNW1",15,136,720.133333333333,476.595588235294,1.57777777777778,3.36029411764706,243.537745098039,-1.78251633986928,0.831682751119856,202.546141844663,-1.48248809345858,0.185914280877833,151,0.489080623033456
"RUFY2",6,84,1079.16666666667,788.27380952381,1.41666666666667,1.59722222222222,290.892857142857,-0.180555555555555,0.696055796325346,202.477659323927,-0.125676741003187,0.321910437744358,90,0.59034919861614
"CACNB4",5,88,966.6,745.136363636364,1,1.59090909090909,221.463636363636,-0.590909090909091,0.914261167978758,202.475602846641,-0.540245235623812,0.30774982269445,93,0.584337825332158
"BMP8A",7,91,808.857142857143,624.395604395604,0.821428571428571,1.0018315018315,184.461538461538,-0.18040293040293,1.09591585239173,202.154324156566,-0.197706431246493,0.264131238669154,98,0.552601272105727
"PUM1",5,92,1105.8,853.228260869565,1,1.27173913043478,252.571739130435,-0.271739130434782,0.799359941273773,201.895730558719,-0.217217375346134,0.0856973311122022,97,0.360849878950854
"ZNF34",6,87,716.5,417.827586206897,2.58333333333333,7.23371647509578,298.672413793103,-4.65038314176245,0.67482626412471,201.551989197109,-3.13820068230408,0.0358354148460188,93,0.241569301682203
"CPT1B",4,33,1546.5,1046.84848484848,0.75,1.09090909090909,499.651515151515,-0.340909090909091,0.403207678683754,201.463327575063,-0.137457163187644,0.295096720058225,37,0.57634725970316
"CDK12",2,54,1365,1027.2962962963,0.75,1.17901234567901,337.703703703704,-0.429012345679012,0.596220227405483,201.345779017896,-0.2557858383005,0.423350273829372,56,0.661857470352962
"METTL2A",5,58,1451,1058.70689655172,0.9,0.985632183908046,392.293103448276,-0.085632183908046,0.511663028737446,200.721877463157,-0.0438148225757927,0.192198518742594,63,0.495886406677629
"TRDV1",9,218,455.333333333333,292.711009174312,3.94444444444444,9.00840978593273,162.622324159021,-5.06396534148828,1.23304049211226,200.51991060948,-6.24407431670816,0.22240084171225,227,0.52586613223796
"ZNF783",4,54,1164.5,749.592592592593,1.25,1.95679012345679,414.907407407407,-0.70679012345679,0.482843119713603,200.335186984875,-0.341268748192639,0.178697523686415,58,0.479567027972407
"ICAM1",5,22,1112.6,826.363636363636,1,1.02272727272727,286.236363636364,-0.0227272727272727,0.699508300139457,200.224712165372,-0.0158979159122604,0.0655395897712511,27,0.321345031565545
"FYN",4,63,1304.25,961.095238095238,0.875,1.26455026455026,343.154761904762,-0.389550264550265,0.582863439646828,200.012364854998,-0.227054607111099,0.321752486212117,67,0.59034919861614
"FCGR3A",2,42,1205.5,936.738095238095,1.25,0.964285714285714,268.761904761905,0.285714285714286,0.743133728636625,199.726036401196,0.212323922467607,0.812061160406747,44,0.899389245284191
"CKB",3,43,1703,1102.48837209302,0.666666666666667,0.976744186046512,600.511627906977,-0.310077519379845,0.332388064524036,199.602897724178,-0.103066066519081,0.094945715706753,46,0.37873082211245
"OR4F4",3,52,823.666666666667,645.461538461538,1.83333333333333,1.38782051282051,178.205128205128,0.44551282051282,1.11773965949488,199.186939320241,0.497967348300601,0.440581121340887,55,0.67165854266837
"FBXO25",4,33,1306.25,1076.45454545455,1,1.0050505050505,229.795454545455,-0.00505050505050497,0.866562714488023,199.132172867918,-0.00437657936610106,0.18542590305908,37,0.488578626344602
"OR5T2",5,150,632,435.786666666667,7.4,2.60222222222222,196.213333333333,4.79777777777778,1.01397952511142,198.956302553863,4.86484843270125,0.548645964320697,155,0.739925368418168
"ACTR3C",5,39,1111.2,858.769230769231,1,0.974358974358974,252.430769230769,0.0256410256410258,0.786391782142356,198.509482482951,0.0201638918498041,0.311876111285758,44,0.586473854446065
"OR5T3",5,117,731.8,538.213675213675,3.5,1.78205128205128,193.586324786325,1.71794871794872,1.02426778754755,198.28423658835,1.75963953245348,0.660704194009211,122,0.809209865006085
"CD200R1L",2,147,692,514.47619047619,1,1.45238095238095,177.52380952381,-0.452380952380952,1.11566507492819,198.057114253919,-0.504705629134183,0.714522151630594,149,0.84299690520102
"OR4D9",2,176,403.5,217.153409090909,9.5,9.63636363636363,186.346590909091,-0.136363636363633,1.06103994575343,197.721176709518,-0.144687265330009,0.620189809213701,178,0.787755396572775
"SFXN1",2,10,1188,912.1,0.75,0.9,275.9,-0.15,0.716582325908625,197.70506371819,-0.107487348886294,0.473390587110651,12,0.695210873242985
"CRYBB1",3,53,1372,915.924528301887,1.16666666666667,1.31446540880503,456.075471698113,-0.147798742138365,0.433486657767081,197.70263191596,-0.0640687827517383,0.333974349776535,56,0.598819816909974
"CT47B1",10,151,733.5,529.609271523179,2.15,2.11479028697572,203.890728476821,0.0352097130242832,0.967774703251368,197.320289247361,0.0340750695736415,0.284134580879921,161,0.568522406849617
"TAAR8",2,19,780.5,587.105263157895,1,1.05263157894737,193.394736842105,-0.0526315789473684,1.0200725224289,197.276657034999,-0.0536880274962577,0.381349244629797,21,0.634946492308612
"CTPS2",3,33,1606.33333333333,1021,0.666666666666667,1,585.333333333333,-0.333333333333333,0.336919838786248,197.210412302884,-0.112306612928749,0.17405209917981,36,0.472871220375061
"KRTAP1-3",2,14,1228,1015.35714285714,0.75,0.964285714285714,212.642857142857,-0.214285714285714,0.9245626005185,196.601632981684,-0.198120557253964,0.695612582527457,16,0.833352771560554
"ASAH2B",3,13,1174.66666666667,978,1.33333333333333,0.923076923076923,196.666666666667,0.41025641025641,0.999002521657047,196.470495925886,0.409847188372122,0.433091247821909,16,0.6673050510669
"YPEL3",2,20,1152.5,893.3,1.5,1,259.2,0.5,0.755519926073242,195.830764838184,0.377759963036621,0.0167630233677846,22,0.16458241124734
"TULP3",4,53,1482.25,1145.07547169811,0.75,0.949685534591195,337.174528301887,-0.199685534591195,0.580513807423294,195.734469190681,-0.11592020997289,0.293439906909577,57,0.576022919305946
"CLCA4",2,50,642,480.42,1,1.66,161.58,-0.66,1.21096321740643,195.667436668532,-0.799235723488246,0.663418767719833,52,0.810957906334797
"CSHL1",2,25,1444,698.28,1.25,2.6,745.72,-1.35,0.262253689168527,195.567821086754,-0.354042480377511,0.45243560089308,27,0.67933525829182
"VIL1",2,18,1592,1161.72222222222,0.75,0.87962962962963,430.277777777778,-0.12962962962963,0.454485331916305,195.554938649543,-0.0589147652484099,0.542559611705332,20,0.736792374131732
"HPRT1",4,28,1415.75,904.357142857143,0.875,1.5,511.392857142857,-0.625,0.381898438233641,195.300133466696,-0.238686523896025,0.160719526910795,32,0.461306714755382
"DCD",2,6,1737,1282.66666666667,0.75,1,454.333333333333,-0.25,0.429456191544875,195.116263025221,-0.107364047886219,0.395459191067251,8,0.644267667514788
"ZNF566",16,224,596.4375,386.013392857143,3.125,4.13913690476191,210.424107142857,-1.01413690476191,0.927238296964354,195.113290747388,-0.940346576460132,0.228272971197657,240,0.530919934605002
"BRD4",4,41,1482.25,1128.90243902439,0.75,0.914634146341463,353.34756097561,-0.164634146341463,0.552086971599356,195.078584861043,-0.0908923672755037,0.276249412605287,45,0.561833853341836
"IGKV2D-24",15,261,357.2,172.521072796935,5,13.6660280970626,184.678927203065,-8.66602809706258,1.05547195665979,194.923428648851,-9.1467496320754,0.0600801648639759,276,0.306224921934245
"KLK1",9,160,857.333333333333,645.59375,1.22222222222222,1.49895833333333,211.739583333333,-0.276736111111111,0.918813414434358,194.549169533408,-0.254268851147286,0.0785602599494838,169,0.349974134624456
"OR1S2",7,32,1043.28571428571,811.53125,1,1.11979166666667,231.754464285714,-0.119791666666667,0.838103091020755,194.234132875716,-0.100397766111861,0.0587993864708373,39,0.302396844707163
"PABIR3",2,31,1737,1127.16129032258,0.75,0.967741935483871,609.838709677419,-0.217741935483871,0.317965433310957,193.907629572375,-0.0692344088660954,0.329098098155125,33,0.595326392135753
"ZNF527",7,144,656.428571428571,421.270833333333,1.35714285714286,5.40393518518518,235.157738095238,-4.04679232804233,0.823305712781166,193.606709178507,-3.33174724211624,0.10792406636054,151,0.39821289859346
"OSTC",6,50,1220.16666666667,811.2,1.33333333333333,1.53,408.966666666667,-0.196666666666667,0.473383659151057,193.598137137477,-0.0930987862997079,0.270839415386615,56,0.557873352517997
"PRKACA",2,36,1200.5,909.861111111111,1,1.44444444444444,290.638888888889,-0.444444444444444,0.665370554083092,193.382558538094,-0.295720246259152,0.235809153537212,38,0.53297136738388
"HSD17B7",4,16,963.75,729.875,0.833333333333333,1.03125,233.875,-0.197916666666667,0.82684591239287,193.378587760882,-0.163646586827756,0.40889396019313,20,0.652271562847005
"RBM4",5,7,1112.6,786.714285714286,1,1.14285714285714,325.885714285714,-0.142857142857143,0.592416492278694,193.06007174088,-0.0846309274683849,0.101173731989671,12,0.386880605771029
"TBX20",2,3,1240,1028,1,0.833333333333333,212,0.166666666666667,0.91047281319392,193.020236397111,0.151745468865653,0.354550170227482,5,0.615271646121072
"LRRC37B",6,57,782,583.631578947368,2.44444444444444,2.42690058479532,198.368421052632,0.0175438596491229,0.968525254623199,192.124825509202,0.0169916711337404,0.567065011169376,63,0.755723233906824
"OR4A47",3,190,501.333333333333,318.984210526316,8.5,5.58684210526316,182.349122807018,2.91315789473684,1.05201110917197,191.833302940747,3.06467446803519,0.614384713874918,193,0.783369915968147
"HLA-DQA2",3,94,659.333333333333,460.159574468085,1.66666666666667,1.94858156028369,199.173758865248,-0.281914893617021,0.96292003219366,191.788402298657,-0.271461498437574,0.143710142610752,97,0.442764633671987
"ZNF184",3,28,1286.66666666667,920.178571428571,0.833333333333333,1.45238095238095,366.488095238095,-0.619047619047619,0.522542131414077,191.5054704236,-0.323478462303952,0.582316185799322,31,0.762423249515762
"DUOXA1",10,190,907.6,699.342105263158,1,0.994736842105263,208.257894736842,0.00526315789473686,0.91822043275505,191.226654229919,0.00483273911976343,0.0986652454105076,200,0.383079817132392
"KRTAP4-1",7,181,605.857142857143,439.618784530387,2.14285714285714,3.09668508287293,166.238358326756,-0.953827940015785,1.14969017456521,191.122607204122,-1.09660661086192,0.215609987823607,188,0.521418841510129
"RAB3A",5,88,973.4,684.102272727273,1.5,1.75568181818182,289.297727272727,-0.255681818181818,0.659437279028143,190.773706101753,-0.168606122478786,0.165834766587149,93,0.466912487425591
"TAF15",3,59,1262,978.813559322034,1,1.11016949152542,283.186440677966,-0.110169491525424,0.672350996538749,190.400685596092,-0.0740725674152859,0.0864188933460105,62,0.362681104269705
"CRIP3",2,7,731.5,545.428571428571,1,1.35714285714286,186.071428571429,-0.357142857142857,1.02304856453447,190.360107900878,-0.365374487333739,0.267862746027316,9,0.556442575095835
"RBPJL",2,12,1223,1030.41666666667,1,0.916666666666667,192.583333333333,0.0833333333333334,0.987795382753977,190.232927462037,0.0823162818961648,0.431984377839475,14,0.6673050510669
"SMAD3",4,53,1415.75,1089.8679245283,0.875,0.952830188679245,325.882075471698,-0.0778301886792453,0.583129629499138,190.031493930221,-0.0453850890883763,0.324985761301649,57,0.592717070817612
"ZNF250",6,68,782.666666666667,445.529411764706,2.08333333333333,8.69117647058824,337.137254901961,-6.6078431372549,0.562094059823334,189.502848325537,-3.71422937569536,0.00771373869217374,74,0.102405647222346
"MYH14",6,76,966,718.381578947368,2.16666666666667,1.9078947368421,247.618421052632,0.258771929824561,0.764110260755346,189.207776278353,0.19773028677441,0.464622345940085,82,0.687895848231412
"DUSP26",2,39,1362.5,983.820512820513,1,1.14529914529915,378.679487179487,-0.145299145299145,0.499123716147281,189.007912869772,-0.0725222493547332,1.44028007052065e-06,41,0.000125116503517402
"OR10X1",2,46,780.5,543.326086956522,1,1.47826086956522,237.173913043478,-0.478260869565217,0.795215134674797,188.604285202218,-0.38032028180099,0.328496439601589,48,0.595314641234736
"OR4F6",3,11,587,406.636363636364,2,1.56060606060606,180.363636363636,0.439393939393939,1.04378199126182,188.260315514859,0.45863148100898,0.0176409332104962,14,0.171099925022192
"MTA3",4,58,1117,899.689655172414,1,1.22413793103448,217.310344827586,-0.224137931034483,0.86481339637646,187.932897378084,-0.193837485394724,0.232720116619735,62,0.532312298805072
"PDCL2",3,31,1603,1052.74193548387,0.666666666666667,1.06451612903226,550.258064516129,-0.397849462365591,0.341104668472291,187.695594670978,-0.135708308962094,0.339926045288374,34,0.603977090694683
"SAA2",10,206,707.6,512.844660194175,1.68333333333333,2.06148867313916,194.755339805825,-0.378155339805825,0.962831754195524,187.516625464188,-0.364099969183647,0.100898404784758,216,0.386880605771029
"PROP1",3,14,1316,996.5,1,0.952380952380952,319.5,0.0476190476190477,0.586769691931405,187.472916572084,0.0279414139014955,0.13023185615619,17,0.42612810318086
"IGLV7-46",12,225,423.25,256.848888888889,3.06944444444444,6.81333333333333,166.401111111111,-3.74388888888889,1.12623762595092,187.407192333373,-4.21650853404626,0.0595340290976717,237,0.304606888955565
"EEF1E1",4,43,1220.25,974.651162790698,1,0.98062015503876,245.598837209302,0.0193798449612403,0.761514631953463,187.02710812564,0.0147580355029741,0.0483245592858028,47,0.274837430144591
"ACOT2",4,49,1130,881.857142857143,1.25,1.06462585034014,248.142857142857,0.185374149659864,0.75343116589735,186.958562166242,0.139666661705461,0.214700235890792,53,0.520953456254122
"CENPI",2,41,1012.5,800.146341463415,0.666666666666667,1.84552845528455,212.353658536585,-1.17886178861789,0.880260855175323,186.926613063023,-1.03770588618229,0.632875114809759,43,0.794773399993651
"STAG1",4,64,1304.25,1065.21875,0.875,0.9609375,239.03125,-0.0859375,0.78165136538565,186.839102932339,-0.0671731642128293,0.470751534281898,68,0.693118323872684
"WASHC2A",4,37,835,664.378378378378,1.5,1.5045045045045,170.621621621622,-0.00450450450450446,1.09344463675206,186.565297076102,-0.0049254262916759,0.497678368380192,41,0.709818037640413
"CHTF18",3,13,1112.66666666667,935.153846153846,0.833333333333333,1.14102564102564,177.512820512821,-0.307692307692308,1.04648997337083,185.765386811442,-0.321996914883332,0.626376490412811,16,0.790338003059549
"SPIN2B",8,133,662,474.992481203008,1.125,1.55764411027569,187.007518796992,-0.432644110275689,0.992887036548138,185.677341150566,-0.429566728531635,0.203662832907863,141,0.505022020701894
"ZNF493",9,176,469.777777777778,254.022727272727,5.2037037037037,7.77083333333333,215.75505050505,-2.56712962962963,0.859912862588372,185.530543097697,-2.20750778845024,0.0812166531290839,185,0.354187201461706
"OR8G1",4,166,385.25,215.506024096386,14,10.0150602409639,169.743975903614,3.98493975903615,1.09237439953229,185.423973751934,4.35304617644946,0.425278330709018,170,0.663685045305851
"IQCF3",8,80,960.375,761.3625,0.875,1.05208333333333,199.0125,-0.177083333333333,0.930935940620639,185.267888882765,-0.164853239484905,0.370448024812005,88,0.627881798347525
"PF4V1",5,74,1160.8,879.72972972973,1,1.10585585585586,281.07027027027,-0.105855855855856,0.658586210925119,185.109004300997,-0.0697152070123438,0.0279694727081938,79,0.217021384353286
"ZNF624",2,27,1192.5,782.592592592593,1.25,2.95679012345679,409.907407407407,-1.70679012345679,0.450865698838121,184.813189699663,-0.769533121782349,0.341182687513225,29,0.605133608212537
"GRB2",5,57,1398,1093.31578947368,0.8,0.967836257309941,304.684210526316,-0.167836257309941,0.606553653881309,184.807321174679,-0.101801695125109,0.243865491937999,62,0.536046762025366
"OR4N2",6,202,396.166666666667,224.727722772277,9.38888888888889,11.5701320132013,171.438943894389,-2.18124312431243,1.07725267985592,184.683061741899,-2.34975000108286,0.192670422913433,208,0.495886406677629
"PABPC1L2B",3,54,982,792.037037037037,1,0.87037037037037,189.962962962963,0.12962962962963,0.972121262052773,184.66703529884,0.126015719154989,0.559606648981124,57,0.749644039332408
"PSG1",9,89,580.333333333333,396.23595505618,3.27777777777778,5.99812734082397,184.097378277154,-2.72034956304619,1.00308751825345,184.665782292997,-2.72874869197787,0.10582220321031,98,0.394096480921155
"RAN",4,34,1401,1048.70588235294,0.875,0.985294117647059,352.294117647059,-0.110294117647059,0.523986326103999,184.597300413932,-0.0577926094967646,0.392150688935688,38,0.64245381846828
"GH2",4,53,993.5,509.490566037736,1.5,3.88993710691824,484.009433962264,-2.38993710691824,0.381193473111302,184.501237150711,-0.91102842630374,0.000118363552388905,57,0.00454789187832753
"SCGB1D1",10,160,659.6,473.525,2.15,2.40729166666667,186.075,-0.257291666666667,0.990468716811145,184.301466480634,-0.254839346929535,0.0308373877469296,170,0.225201918812117
"RPL21",5,35,1175.6,928.571428571429,1.3,1.27142857142857,247.028571428571,0.0285714285714287,0.745949735072563,184.270897412497,0.0213128495735019,0.43834269534015,40,0.670347267730287
"ZNF764",7,108,735.285714285714,496.25,2.32142857142857,5.16820987654321,239.035714285714,-2.84678130511464,0.770124619684079,184.087288555198,-2.19237636992516,0.421529490190475,115,0.660043825549035
"IGLV2-8",14,253,382.285714285714,217.0395256917,3.51785714285714,12.9650856389987,165.246188594015,-9.44722849614154,1.11373271201785,184.040085773425,-10.52168741406,0.072792872491234,267,0.33981345616235
"OR2M3",3,11,949.333333333333,652.818181818182,2.83333333333333,1.62121212121212,296.515151515152,1.21212121212121,0.619169978664235,183.593280037259,0.750509065047557,0.663374173601569,14,0.810957906334797
"TMCO5A",9,34,834.777777777778,611.882352941176,0.87962962962963,1.07352941176471,222.895424836601,-0.193899782135076,0.821433612870423,183.093794115817,-0.159275798574004,0.310393484939953,43,0.586445563035485
"ZKSCAN3",13,113,787.615384615385,570.610619469027,1.21153846153846,2.9070796460177,217.004765146358,-1.69554118447924,0.84354952762608,183.054267131819,-1.43027296523802,0.0282421349177246,126,0.217024297228518
"ARHGDIA",7,88,1077.57142857143,832.409090909091,1,1.03787878787879,245.162337662338,-0.0378787878787878,0.746490710253641,183.011407569001,-0.0282761632671833,0.024951438610306,95,0.204735007570396
"GLT6D1",2,94,870,670.989361702128,1,0.984042553191489,199.010638297872,0.0159574468085106,0.918022615650209,182.69626671243,0.014649297058248,0.0756047755523777,96,0.344166154121994
"OR52E6",4,73,772.25,574.671232876712,2.875,1.62557077625571,197.578767123288,1.24942922374429,0.92273676225125,182.313191864936,1.1528942765799,0.438935723877574,77,0.670484385556111
"HMSD",7,102,824.714285714286,625.43137254902,1.14285714285714,2.04248366013072,199.282913165266,-0.899626517273576,0.913802445999589,182.105213496344,-0.822080911970685,0.224197083300037,109,0.527906686330573
"ZNF157",3,52,999.666666666667,532.288461538462,1.66666666666667,4.59294871794872,467.378205128205,-2.92628205128205,0.389390577488515,181.992669200417,-1.13946665784299,0.0203576009483132,55,0.187057325037375
"TLE6",3,47,1511.66666666667,1057.68085106383,0.833333333333333,1.02482269503546,453.985815602837,-0.191489361702128,0.400313991085163,181.736873740025,-0.0766558706333291,0.27158290822123,50,0.558896132455425
"ZNF560",4,82,930.5,682.670731707317,2.5,2.37195121951219,247.829268292683,0.128048780487805,0.732443910457331,181.521038394072,0.0937885495097805,0.384731655734497,86,0.63754910435541
"LILRA4",6,133,602,403.218045112782,4.16666666666667,4.00250626566416,198.781954887218,0.164160401002507,0.912442386862253,181.377081382438,0.149786908118992,0.186858852738853,139,0.490016417064947
"LCN10",3,35,655.333333333333,461.828571428571,1.66666666666667,2.3,193.504761904762,-0.633333333333333,0.93714958663746,181.342907631428,-0.593528071537057,0.297970157911788,38,0.578418498868177
"IGHD6-19",3,19,904.666666666667,616.21052631579,1.33333333333333,2.78070175438596,288.456140350877,-1.44736842105263,0.627411383571442,180.980666117222,-0.908095423590245,0.102316233844624,22,0.389609296204476
"GPX3",3,21,1041.66666666667,788.428571428571,1,0.968253968253968,253.238095238095,0.0317460317460317,0.714605067518708,180.965226145928,0.0226858751593241,0.288449106493218,24,0.573168885900993
"TEAD4",6,82,1034,811.646341463415,1.16666666666667,1.29674796747967,222.353658536585,-0.130081300813008,0.813575897916353,180.901577398889,-0.10583101111107,0.00764716387922247,88,0.102200892512953
"OR5D13",2,63,699,529.206349206349,2,1.98148148148148,169.793650793651,0.0185185185185186,1.06234369219882,180.379213896043,0.0196730313370152,0.580127409579773,65,0.760810347450205
"HBG2",8,153,876.25,697.013071895425,1.1875,1.2723311546841,179.236928104575,-0.0848311546840956,1.00595981744049,180.305147474672,-0.0853367328792787,0.162191687405367,161,0.461622494922968
"STRN",3,75,1216,1009.84,1,1.22,206.16,-0.22,0.872182317264783,179.809106527308,-0.191880109798252,0.293102818386156,78,0.576022919305946
"OR13D1",2,52,731.5,496.615384615385,1,1.95512820512821,234.884615384615,-0.955128205128205,0.764871005708147,179.656431994602,-0.730549870836628,0.177897727817594,54,0.478062757470816
"KRTAP10-8",3,16,1596.33333333333,1133.25,0.833333333333333,1.02083333333333,463.083333333333,-0.1875,0.387393297163136,179.395379361295,-0.0726362432180879,0.35234530620789,19,0.613762791458905
"MAOA",2,3,643.5,446,1,1.33333333333333,197.5,-0.333333333333333,0.9081001543488,179.349780483888,-0.3027000514496,0.463896035958003,5,0.687584777332411
"KRTAP10-12",10,215,557.3,388.339534883721,2.65,2.92403100775194,168.960465116279,-0.274031007751939,1.06101763203343,179.270032604942,-0.290751730948697,0.0130600340819963,225,0.145370184377875
"CES4A",3,10,1077,887.3,1.33333333333333,1,189.7,0.333333333333333,0.944507892006613,179.173147113655,0.314835964002204,0.459673602061109,13,0.68423015147973
"VRK3",4,37,878.5,698.567567567568,1,1.13513513513514,179.932432432432,-0.135135135135135,0.995749012801176,179.167541965509,-0.134560677405564,0.57132848492051,41,0.757726062310772
"MAP3K21",5,56,1088.6,892.696428571429,1.2,1.11309523809524,195.903571428571,0.0869047619047618,0.913426511300611,178.94351580133,0.0793811134820768,0.215575487575838,61,0.521418841510129
"OR4D1",2,40,731.5,529.15,1,1.8375,202.35,-0.8375,0.883836208534026,178.84425679686,-0.740212824647247,0.221961034223842,42,0.525136940650368
"CALM2",3,34,1357.66666666667,1026.70588235294,0.833333333333333,1.02941176470588,330.960784313726,-0.196078431372549,0.539706577507632,178.621712191202,-0.105824819119143,0.464071514415319,37,0.687589830034711
"ACSM2A",3,19,1045.66666666667,866.894736842105,1.5,0.973684210526316,178.771929824561,0.526315789473684,0.999046045219297,178.60138948745,0.525813708010156,0.162563353394484,22,0.461693788318662
"AQP7",3,4,1056.33333333333,755.5,1.83333333333333,1,300.833333333333,0.833333333333333,0.593362934472245,178.503349453734,0.494469112060204,0.297139082256272,7,0.577728592208538
"GET1",6,70,1104,896.528571428571,1,1.04285714285714,207.471428571429,-0.0428571428571429,0.858937496882642,178.204989531809,-0.0368116070092562,0.0840318608029201,76,0.356962184301897
"RPS26",2,40,1188,863.6,0.75,1.62083333333333,324.4,-0.870833333333333,0.549273136033153,178.184205329155,-0.478325355962204,0.426454699926216,42,0.664371532516632
"LAIR2",13,164,736.153846153846,545.048780487805,1.28205128205128,2.26626016260163,191.105065666041,-0.984208880550344,0.932188428100391,178.145930765249,-0.91746812928267,0.170425359598223,177,0.470317497896752
"CSTB",3,73,794,582.821917808219,1,1.8013698630137,211.178082191781,-0.801369863013699,0.842502398383026,177.918040732503,-0.675156031580918,0.104571054691785,76,0.392362379857628
"IL32",2,40,761.5,494.375,1.5,2.4875,267.125,-0.9875,0.66578046623689,177.846607043529,-0.657458210408929,0.323164654240905,42,0.591555638271486
"OCM2",5,27,1306.4,1036.96296296296,0.9,1.02469135802469,269.437037037037,-0.124691358024691,0.659895078322652,177.800174658579,-0.0822832134698615,0.402003807881264,32,0.649292886547941
"MRGPRX4",7,101,726.571428571429,513.623762376238,2.07142857142857,2.95049504950495,212.947666195191,-0.879066478076379,0.832829277315988,177.349050943467,-0.732112299649062,0.155832440716133,108,0.456195189085472
"TRIM6",8,151,833.5,626.443708609272,2,1.69315673289183,207.056291390728,0.306843267108168,0.855563406400577,177.149785978922,0.262523870838146,0.230004944077669,159,0.531271535568998
"MRPS17",4,54,1232.25,851.425925925926,1.25,1.49382716049383,380.824074074074,-0.243827160493827,0.465082440915873,177.114589929897,-0.113399730964055,0.121616880159511,58,0.418038911555044
"OCM",5,26,1306.4,1043.30769230769,0.9,0.987179487179487,263.092307692308,-0.0871794871794872,0.673075164752858,177.08089834521,-0.058678347696403,0.413728366048133,31,0.655534714801086
"MEP1A",3,15,1098,921.666666666667,1.5,1,176.333333333333,0.5,1.00415292649038,177.06563270447,0.502076463245188,0.432647307111418,18,0.6673050510669
"DEFA4",10,119,541.5,353.588235294118,3.45,5.20728291316527,187.911764705882,-1.75728291316527,0.941383255534041,176.89698881197,-1.65427670968986,0.162090100274959,129,0.461622494922968
"PRKCI",3,28,1514.66666666667,1074.42857142857,0.666666666666667,0.928571428571429,440.238095238095,-0.261904761904762,0.400617850543315,176.367239441569,-0.104923722761345,0.357125238829704,31,0.615648168405305
"SDSL",2,43,1592,1062.13953488372,0.75,1.01550387596899,529.860465116279,-0.265503875968992,0.332722409149616,176.296450466624,-0.0883390892509639,0.478508827439996,45,0.697384432819782
"GSTA1",8,171,704.125,534.175438596491,2.8125,2.19980506822612,169.949561403509,0.612694931773879,1.03566855543123,176.011416754943,0.63454887491029,0.300497593660505,179,0.580091006892453
"ZNF181",5,61,998.8,728.803278688525,0.766666666666667,1.7431693989071,269.996721311475,-0.976502732240437,0.648979029496174,175.22221016387,-0.633729795469761,0.158763939322483,66,0.459059841919422
"RAP1B",3,53,1141.66666666667,755.188679245283,1.33333333333333,2.18867924528302,386.477987421384,-0.855345911949686,0.452959697286393,175.058952190244,-0.387437225351884,0.217736950484015,56,0.5220343781675
"SULT1C2",3,33,816.666666666667,653.181818181818,1.5,1.5959595959596,163.484848484848,-0.0959595959595958,1.07008991070579,174.943486916901,-0.102685395471767,0.466356469883164,36,0.688594078568766
"WIPI2",3,69,1183.33333333333,926.376811594203,0.833333333333333,1.22463768115942,256.95652173913,-0.391304347826087,0.680788291529588,174.932991432168,-0.266395418424621,0.395646880162161,72,0.644267667514788
"FAM174C",4,66,1116,885.757575757576,1,1.02777777777778,230.242424242424,-0.0277777777777777,0.759070932865313,174.770331754868,-0.0210853036907031,0.0919653770212767,70,0.373849080953226
"OR7D2",10,171,618.1,435.397660818713,2.65,3.06140350877193,182.702339181287,-0.411403508771929,0.956523192106135,174.759024678942,-0.39351699745419,0.240287797801096,181,0.534607847430516
"KIF5B",3,9,1511.66666666667,1184.33333333333,0.833333333333333,0.833333333333333,327.333333333333,0,0.533569813493194,174.655185616772,0,0.405528476370993,12,0.651196800280289
"IGKV1D-12",12,185,327.5,177.232432432432,7.33333333333333,19.9207207207207,150.267567567568,-12.5873873873874,1.16080212807345,174.430912212853,-14.6114660661642,0.166798404750893,197,0.467383336454143
"ABCA3",3,53,1172,962.547169811321,0.833333333333333,1.0503144654088,209.452830188679,-0.216981132075472,0.831794295726277,174.221669374668,-0.180483667940607,0.480202184968958,56,0.6977857446741
"PTGES3",5,68,1144.2,868.382352941176,1,1.44117647058824,275.817647058824,-0.441176470588235,0.631143425457101,174.080494566224,-0.278445628878133,0.107873041224998,73,0.39821289859346
"OR2T8",2,110,599,420.781818181818,4,2.36363636363636,178.218181818182,1.63636363636364,0.974864448858339,173.738569594717,1.59523273449546,0.67642603486076,112,0.818842300909905
"LILRA1",8,227,497.875,318.612334801762,3.41666666666667,4.69530102790015,179.262665198238,-1.27863436123348,0.968487329223276,173.613619847288,-1.23834117756412,0.0398579775248962,235,0.253015199849524
"RPS5",5,23,1160.8,934.521739130435,1,0.927536231884058,226.278260869565,0.072463768115942,0.766673097934342,173.481455256065,0.055556021589445,0.0852108520405588,28,0.360320174342934
"MRPS33",4,56,1295,954.625,0.875,1.19345238095238,340.375,-0.318452380952381,0.508900901669685,173.217144405819,-0.162060703805525,0.138158350476589,60,0.434046199043617
"HLA-DQB1",14,204,615.285714285714,449.882352941176,2.48214285714286,2.40686274509804,165.403361344538,0.0752801120448172,1.04704825465881,173.185300810499,0.0788219099270455,0.303949555699816,218,0.583256020827026
"CLCNKB",3,95,854.666666666667,694.526315789474,1,1.07894736842105,160.140350877193,-0.0789473684210527,1.07966751233627,172.898334256236,-0.0852369088686527,0.011231090951921,98,0.13008533172138
"ZNF461",7,117,639,420.51282051282,2.45238095238095,7.20512820512821,218.48717948718,-4.75274725274725,0.791005661910952,172.824596029313,-3.7594499865548,0.153578705951797,124,0.452915504784781
"BRWD1",2,48,1200.5,1003.52083333333,1,1.14236111111111,196.979166666667,-0.142361111111111,0.875778324443646,172.510084533639,-0.124676775354825,0.369879176978538,50,0.627350250936433
"CEP41",5,57,1160.8,888.859649122807,1,1.19298245614035,271.940350877193,-0.192982456140351,0.633797787289843,172.355192660788,-0.122311853687513,0.030762904733164,62,0.225201918812117
"IGHD6-25",3,16,1180.33333333333,779.8125,1,2.02083333333333,400.520833333333,-1.02083333333333,0.429831626028255,172.156521049858,-0.43878645157051,0.0375886180413584,19,0.247861580351927
"EOLA2",9,118,821.888888888889,625.85593220339,1.28703703703704,2.09604519774011,196.032956685499,-0.809008160703076,0.877524234232693,172.023670199813,-0.709924266708966,0.175089435461941,127,0.473701681859118
"SP140",9,104,727.777777777778,547.884615384615,1.53703703703704,2.12179487179487,179.893162393162,-0.584757834757834,0.955545975395811,171.896187326011,-0.558762995584017,0.0767280771204791,113,0.345849829647279
"HSBP1",2,29,1156,851.965517241379,1,1.22413793103448,304.034482758621,-0.224137931034483,0.565299236118993,171.870460857281,-0.126705001199085,0.639611905869677,31,0.800496695984496
"CXCL6",5,81,986.8,727.765432098765,1.4,1.69341563786008,259.034567901234,-0.293415637860082,0.663040136558082,171.750315274498,-0.194546344595026,0.0163749731318745,86,0.16293841691089
"SPACA7",7,114,873,693.09649122807,1.64285714285714,1.14327485380117,179.90350877193,0.499582289055973,0.95459882854369,171.735678724584,0.476900667894007,0.542354806243237,121,0.736792374131732
"NQO1",5,53,1067.6,855.283018867925,1,1.41194968553459,212.316981132075,-0.411949685534591,0.808257463154173,171.606784554364,-0.332961407777348,0.575384847179367,58,0.759074892482254
"RTL8A",7,106,799.857142857143,606.641509433962,0.964285714285714,1.70911949685535,193.215633423181,-0.744833782569632,0.887286262906421,171.437577315151,-0.660880783422662,0.340220762821722,113,0.604232074771378
"TMEM231",3,22,1273.33333333333,999.181818181818,1,1.03787878787879,274.151515151515,-0.0378787878787878,0.624532842763693,171.216625105549,-0.0236565470743823,0.0725993918959822,25,0.339477580437231
"SDS",2,47,1592,1049.93617021277,0.75,0.971631205673759,542.063829787234,-0.221631205673759,0.314928507762169,170.71135302674,-0.0697979848763672,0.471185621326567,49,0.693501931057444
"UHRF2",3,26,1511.66666666667,1110.57692307692,0.833333333333333,0.961538461538461,401.089743589744,-0.128205128205128,0.42496554587766,170.449321830546,-0.0544827622920076,0.315493667439507,29,0.587732634155628
"CPD",3,17,1172,1000.88235294118,0.833333333333333,0.941176470588235,171.117647058824,-0.107843137254902,0.99554083070465,170.354604501166,-0.107362246448541,0.568625818165414,20,0.757053953247779
"OR2A1",5,43,915.2,732.302325581395,1.3,1.27131782945736,182.897674418605,0.0286821705426357,0.93136457772604,170.344415301958,0.0267135576557081,0.58896290844739,48,0.765451927397039
"RLN2",10,110,802.3,589.863636363636,2.25,2.05,212.436363636364,0.2,0.8013746600666,170.241118694876,0.16027493201332,0.251751626774485,120,0.540868283017005
"CD1C",9,215,650.444444444444,448.990697674419,1.88888888888889,2.93333333333333,201.453746770026,-1.04444444444444,0.844606737352907,170.14919178695,-0.882144814568591,0.0874155724895625,224,0.364246744179658
"CLDN19",4,19,1338.5,1130.42105263158,0.75,0.929824561403509,208.078947368421,-0.179824561403509,0.817254256284605,170.053405380062,-0.14696238819153,0.716033710330932,23,0.84403265677947
"CT55",8,127,778.5,587.96062992126,1.375,1.98162729658793,190.53937007874,-0.606627296587926,0.891629774271544,169.890575533149,-0.54088695952365,0.167762506634877,135,0.467815056882741
"SAFB",6,101,1043.83333333333,839.633663366337,1.16666666666667,1.11551155115512,204.199669966997,0.0511551155115515,0.831247268696304,169.740417928753,0.0425225500488211,0.138950232574338,107,0.434464107485957
"IGLV5-48",15,292,312.866666666667,157.085616438356,5.29444444444444,14.607305936073,155.78105022831,-9.3128614916286,1.08946111959113,169.717397392817,-10.1460005072668,0.0754540794812568,307,0.344166154121994
"PRSS41",5,195,753,585.020512820513,1.2,1.44102564102564,167.979487179487,-0.241025641025641,1.01017355976164,169.688436531036,-0.243477729788702,0.260412324274082,200,0.548843696096641
"USP17L11",2,4,1592,398.5,0.75,8.58333333333333,1193.5,-7.83333333333333,0.141691988982833,169.109388851012,-1.10992058036553,0.232706007616133,6,0.532312298805072
"ULBP2",9,216,534.111111111111,358.62037037037,3.27777777777778,4.10725308641976,175.490740740741,-0.829475308641979,0.962852268466628,168.971657817111,-0.798662182562986,0.04264356843451,225,0.258192901715421
"TEAD2",6,62,1104,833.016129032258,1,1.36290322580645,270.983870967742,-0.362903225806451,0.623150586455228,168.863758113456,-0.226143357987784,0.0295133672532968,68,0.220852838097704
"GAB4",5,74,1160.8,893.797297297297,1,1.5,267.002702702703,-0.5,0.632099598854076,168.772301271332,-0.316049799427038,0.0333215076155293,79,0.232784518237159
"TGFB3",2,13,1227.5,1016.76923076923,0.75,0.987179487179487,210.730769230769,-0.237179487179487,0.800765050751876,168.745835118059,-0.189925044088586,0.698029610656436,15,0.834829478860197
"PRR29",2,29,731.5,526.344827586207,1,1.72413793103448,205.155172413793,-0.724137931034483,0.821961487647979,168.629650715919,-0.595213491055433,0.191748938467035,31,0.495765676006406
"STRN3",4,74,1275.25,1029.62162162162,0.875,1.05405405405405,245.628378378378,-0.179054054054054,0.684279895037885,168.078560975083,-0.122523089314216,0.12985548665675,78,0.42612810318086
"FANCD2",3,48,1060,874.458333333333,1.33333333333333,1.21180555555556,185.541666666667,0.121527777777778,0.905280512395568,167.967255070728,0.110016728936961,0.451302270624778,51,0.679248163245429
"KRTAP9-1",9,278,417.666666666667,262.719424460432,3.72222222222222,4.47122302158273,154.947242206235,-0.749000799360512,1.0826030493723,167.746356904299,-0.810870549369984,0.0107445825139825,287,0.126652954943581
"GSTM1",10,231,584.5,426.679653679654,2.95,2.94444444444445,157.820346320346,0.00555555555555465,1.06236059483045,167.66211699323,0.00590200330461264,0.227045357063033,241,0.530569150189404
"VWA5A",3,56,609.666666666667,462.375,2,1.78571428571429,147.291666666667,0.214285714285714,1.1379366527378,167.608586142839,0.243843568443815,0.427091680592963,59,0.664455865069125
"NT5C",3,20,1263.66666666667,948.1,0.833333333333333,0.95,315.566666666667,-0.116666666666667,0.530828329822688,167.51172661438,-0.0619299718126469,0.223148652928839,23,0.526388439848667
"ZNF470",16,275,203.375,51.9127272727273,40.1927083333333,57.2545454545455,151.462272727273,-17.0618371212121,1.10530737909804,167.412367700414,-18.8585744710446,0.111028561479054,291,0.402830296074308
"HMGB3",4,49,1189.75,942.510204081633,0.6875,1.04761904761905,247.239795918367,-0.360119047619048,0.677088921441448,167.403326755771,-0.243832617542902,0.316340696397782,53,0.587952289676994
"OR56B4",3,38,643.333333333333,467.131578947368,1.66666666666667,1.65789473684211,176.201754385965,0.00877192982456143,0.949926159171458,167.378655783132,0.0083326856067672,0.000646918701205217,41,0.017349578053799
"DCUN1D5",4,15,1482.25,1052.26666666667,0.75,0.966666666666667,429.983333333333,-0.216666666666667,0.389096245507391,167.304900630753,-0.0843041865266013,0.203727601944808,19,0.505022020701894
"ZNF562",10,73,697.1,453.13698630137,2.7,8.85159817351598,243.96301369863,-6.15159817351598,0.684111908522002,166.898002910149,-4.20838156694448,0.094230332949267,83,0.377029469546113
"PPP1CA",4,17,1467.5,1090.76470588235,0.75,1.01960784313725,376.735294117647,-0.269607843137255,0.44255161733717,166.724813719759,-0.119315387027178,0.359924411612119,21,0.619006763580991
"AVIL",5,26,1389,1048.61538461538,0.8,0.923076923076923,340.384615384615,-0.123076923076923,0.488918616023663,166.420375069593,-0.06017459889522,0.169229647070047,31,0.469115907592104
"IGHD6-13",2,14,897.5,643.714285714286,1.5,2.13095238095238,253.785714285714,-0.630952380952381,0.655633238798867,166.390349818027,-0.413673353051666,0.400174756971293,16,0.64767044506168
"PTGES3L",5,47,1524.6,1045.27659574468,0.7,1.03191489361702,479.323404255319,-0.331914893617021,0.346627137440699,166.146499525352,-0.115050709448402,0.0449959051180419,52,0.266217583580826
"SAXO2",11,97,702.181818181818,499.515463917526,1.54545454545455,2.48281786941581,202.666354264292,-0.937363323961262,0.819510910767643,166.087288565088,-0.768179471339679,0.144584895928787,108,0.443109852491173
"TAS2R50",4,77,700,490.337662337662,2,3.50865800865801,209.662337662338,-1.50865800865801,0.79206408150367,166.066006906432,-1.19495381993086,0.126728076587446,81,0.423126287669434
"TRPV4",5,70,1009.4,746.271428571429,1.3,1.82857142857143,263.128571428571,-0.528571428571429,0.629816657260623,165.722757286906,-0.332903090266329,0.13186898505853,75,0.428065364982846
"ZNF567",6,131,674.333333333333,471.572519083969,2.5,7.33460559796437,202.760814249364,-4.83460559796437,0.81652618273559,165.559513667393,-3.94758205393797,0.133705980228767,137,0.431411561309125
"OR10K1",5,164,513.4,348.079268292683,2.55,4.02540650406504,165.320731707317,-1.47540650406504,0.999987967640008,165.318742508759,-1.47538875144285,0.231040399224149,169,0.531818799135771
"SMC1A",4,45,1401.25,1114.24444444444,0.75,0.966666666666667,287.005555555555,-0.216666666666667,0.575732498655074,165.238425627888,-0.124742041375266,0.392764886975031,49,0.64245381846828
"GIMAP2",2,6,802,536.5,0.666666666666667,0.916666666666667,265.5,-0.25,0.622107177848969,165.169455718901,-0.155526794462242,0.204146373563883,8,0.50543302897229
"METRNL",2,41,876,692.609756097561,1.25,1.45121951219512,183.390243902439,-0.201219512195122,0.900240644732973,165.095351408469,-0.181145983391391,0.573800552293979,43,0.75898940978707
"STMP1",6,54,1186.5,817.277777777778,1.33333333333333,1.66049382716049,369.222222222222,-0.327160493827161,0.445117205893107,164.3471639092,-0.145624764890955,0.189858223457272,60,0.494640126204799
"TPSG1",4,34,1234.75,876.529411764706,1.125,1.50980392156863,358.220588235294,-0.384803921568627,0.458149370659343,164.11853705722,-0.176297674493914,0.465039134987066,38,0.68800310381648
"IFITM3",13,252,580.230769230769,419.34126984127,2.06410256410256,2.41269841269841,160.889499389499,-0.348595848595849,1.01984985855716,164.083133195713,-0.35551542688409,0.0418907602347608,265,0.257781583614306
"ATP6V0A4",6,65,1173.83333333333,850.723076923077,1.33333333333333,1.47692307692308,323.110256410256,-0.143589743589744,0.507489787212876,163.975155271939,-0.0728703284203105,0.286392582536663,71,0.570136744926646
"KRTAP22-2",5,64,988.6,785.046875,1.4,1.08072916666667,203.553125,0.319270833333333,0.804842541139235,163.828214381832,0.256962748811641,0.323865793488918,69,0.591781911080702
"ZNF41",5,74,746.8,499.04054054054,2.4,3.43693693693694,247.759459459459,-1.03693693693694,0.660773325371726,163.712841919328,-0.685180268020591,0.0767041677600846,79,0.345849829647279
"MX1",2,59,731.5,593.237288135593,1,1.31638418079096,138.262711864407,-0.31638418079096,1.1829688346298,163.560479126993,-0.374272625645586,0.328069013913767,61,0.594944120791289
"LILRA2",9,230,433.777777777778,273.882608695652,3.83333333333333,5.34057971014493,159.895169082126,-1.5072463768116,1.0219328928353,163.402132690486,-1.5403046500706,0.0398012296595731,239,0.253015199849524
"OFD1",4,85,788.75,596.129411764706,3.66666666666667,2.5078431372549,192.620588235294,1.15882352941176,0.847306613704338,163.208698347385,0.981878840586791,0.691020864490391,89,0.830721833484838
"RNASE1",2,80,632,464.825,1.5,1.85833333333333,167.175,-0.358333333333333,0.97620819930236,163.197605718372,-0.349807938083346,0.536798308439005,82,0.731954442037815
"DCAF13",2,21,1227.5,1051.04761904762,0.75,0.952380952380952,176.452380952381,-0.202380952380952,0.923257572627145,162.910996922375,-0.186849746841208,0.740138413719622,23,0.859256196995477
"HBD",9,132,722.555555555556,563.765151515152,1.34259259259259,1.53535353535353,158.790404040404,-0.192760942760942,1.0254501886543,162.831649779725,-0.197666745119389,0.328793646948214,141,0.595314641234736
"INTS4",3,4,928.666666666667,703.5,0.916666666666667,1.25,225.166666666667,-0.333333333333333,0.722175294487592,162.609803808789,-0.240725098162531,0.388943412379439,7,0.640401695781213
"SFT2D1",4,38,1542.5,1064,0.75,1.05263157894737,478.5,-0.302631578947369,0.338447294401149,161.94703037095,-0.102424839095084,0.111190698255766,42,0.402830296074308
"NLRP9",3,39,1391.33333333333,1022.69230769231,1.16666666666667,1.14102564102564,368.641025641026,0.0256410256410258,0.438165138661489,161.525646116313,0.0112350035554228,0.455703882859767,42,0.681022150587003
"COX17",5,30,1092.4,865.933333333333,0.85,1,226.466666666667,-0.15,0.712360826829971,161.325981916094,-0.106854124024496,0.196647005942208,35,0.499555903207289
"CEP20",3,12,996,790.5,1.5,1,205.5,0.5,0.784208662372658,161.154880117581,0.392104331186329,0.378922282935311,15,0.633545373476779
"ZNF334",15,249,341,180.694779116466,10.9666666666667,12.3112449799197,160.305220883534,-1.34457831325301,1.00518454246458,161.136330108499,-1.35154933661503,0.179378949205832,264,0.480001956881642
"ALG10",2,8,1188,956.25,0.75,1.0625,231.75,-0.3125,0.69519350421196,161.111094601122,-0.217247970066238,0.535520756151373,10,0.730934519829538
"CTTN",7,62,1153.85714285714,926.41935483871,0.928571428571429,1.18279569892473,227.437788018433,-0.254224270353303,0.707859062433406,160.993899388656,-0.179954953660106,0.127138318746275,69,0.42372370451219
"DENND4A",2,70,1217.5,997.3,1,1.02857142857143,220.2,-0.0285714285714285,0.726936353884116,160.071385125282,-0.0207696101109747,0.306533312642587,72,0.583269215487255
"OR52N5",5,102,717.4,570.235294117647,2.4,1.60947712418301,147.164705882353,0.790522875816994,1.08766125137774,160.065348158637,0.859821100353843,0.467143732136925,107,0.689075804215265
"UBP1",6,42,1216.83333333333,981.5,1.08333333333333,1.16269841269841,235.333333333333,-0.0793650793650795,0.678052548110457,159.568366321994,-0.0538136942944809,0.399634935319475,48,0.64758361781696
"OR51G2",9,228,472.666666666667,330.662280701754,4.44444444444444,4.34356725146199,142.004385964912,0.100877192982455,1.12251646075558,159.402260745102,0.113236309637623,0.148770539882244,237,0.448829220523561
"HERC2",2,18,1013.5,775.444444444444,1.5,1.55555555555556,238.055555555556,-0.0555555555555556,0.66947142469,159.371391933147,-0.0371928569272222,0.147060477320813,20,0.446198971792046
"OR7G2",5,199,343.6,193.974874371859,9.9,11.2721943048576,149.625125628141,-1.37219430485761,1.0640036305765,159.201676893807,-1.4600197222249,0.195134922192128,204,0.497146035680246
"FOXK1",2,7,1862,1238.85714285714,0.5,0.904761904761905,623.142857142857,-0.404761904761905,0.25548066060079,159.200948791521,-0.103408838814606,0.13700837990101,9,0.432794850659634
"FCGR2B",5,64,1066.6,870.1875,1.1,1.00260416666667,196.4125,0.0973958333333333,0.8074008343006,158.583616367067,0.0786374770907356,0.116103589582367,69,0.410396433634688
"IGHV3-74",17,217,265.294117647059,117.308755760369,6.4656862745098,21.1966205837174,147.98536188669,-14.7309343092076,1.07099121196168,158.491022079613,-15.776701189146,0.00136774982866873,234,0.0304159899452778
"AHRR",5,75,893.6,736.133333333333,0.766666666666667,1.06666666666667,157.466666666667,-0.3,1.00649073294868,158.488740748319,-0.301947219884604,0.50185887511545,80,0.710722537843542
"DAZAP2",2,139,871.5,689.805755395683,1,1.28057553956835,181.694244604317,-0.280575539568345,0.871247465546903,158.30065011597,-0.244450727743376,0.112556975587328,141,0.405367059981384
"ZNF233",11,130,615.272727272727,416.946153846154,1.81818181818182,6.52692307692307,198.326573426573,-4.70874125874125,0.797117626133925,158.089607409066,-3.7534206542467,0.0419314387761008,141,0.257781583614306
"NT5C3B",5,71,1160.8,931.87323943662,1,0.962441314553991,228.92676056338,0.0375586854460094,0.689521511857677,157.849926048342,0.0258975215721193,0.0560010510508319,76,0.296355242904729
"PRDM9",3,52,640.333333333333,439.461538461538,1.33333333333333,3.7275641025641,200.871794871795,-2.39423076923077,0.785743092275896,157.833625253574,-1.88125028823748,0.2428794026106,55,0.536046762025366
"C11orf98",4,30,1220.25,974.666666666667,1,1.07222222222222,245.583333333333,-0.0722222222222222,0.642333274542041,157.74634667295,-0.046390736494703,0.0581788701435936,34,0.301095387594004
"KLK7",2,27,643.5,451.481481481481,1,2.16666666666667,192.018518518519,-1.16666666666667,0.821095232849593,157.665490174397,-0.957944438324526,0.466644836027081,29,0.688594078568766
"HLA-E",16,292,320.125,167.746575342466,7.14583333333333,10.1141552511416,152.378424657534,-2.96832191780822,1.03446026889676,157.629426145297,-3.07061108926803,0.0282941200072442,308,0.217024297228518
"HTN3",10,200,707.2,535.175,2.35,1.75,172.025,0.6,0.913607811672769,157.163383803008,0.548164687003661,0.263509124015701,210,0.551981085532553
"SEC14L4",4,29,1107,927.034482758621,1.25,1.13218390804598,179.965517241379,0.117816091954023,0.871652792570558,156.867445669853,0.102694725561474,0.14034332537783,33,0.437208929513773
"SIRPB1",11,253,597.636363636364,443.387351778656,1.93939393939394,2.49077733860343,154.249011857708,-0.551383399209487,1.01692801499682,156.860141443679,-0.5607172256603,0.199788299017656,264,0.502109460927391
"ULBP1",9,201,517.555555555556,363.084577114428,3.72222222222222,4.46517412935323,154.470978441128,-0.742951907131013,1.01058987198069,156.106806327551,-0.750819672715341,0.0791659381608552,210,0.351496765434197
"RTL8C",10,115,762.8,591.669565217391,1.15,1.82753623188406,171.130434782609,-0.677536231884058,0.909948843626065,155.71994123966,-0.61652331071766,0.291063295557405,125,0.574138841454939
"CERS1",14,280,719.642857142857,583.642857142857,1.08928571428571,1.06666666666667,136,0.0226190476190473,1.1446547840517,155.673050631031,0.0258910010678357,0.157303795989698,294,0.457486149035541
"CYP4F12",12,171,599.083333333333,445.222222222222,1.58333333333333,2.98538011695906,153.861111111111,-1.40204678362573,1.01146768351532,155.625541638648,-1.41812501241402,0.102107174851626,183,0.389332319377
"CA7",4,13,1295,1053.38461538462,0.875,0.974358974358974,241.615384615385,-0.0993589743589743,0.643967404185232,155.592432041986,-0.0639839408004557,0.298419089020296,17,0.578875087245195
"EML2",5,76,943,739.934210526316,1.4,1.58991228070175,203.065789473684,-0.189912280701754,0.764807024230293,155.306142170344,-0.145246246268297,0.134755652138282,81,0.432272100379346
"RAB4B",4,53,1234.75,899.603773584906,1.375,1.56603773584906,335.146226415094,-0.191037735849056,0.463332857284551,155.284258693041,-0.0885140600001146,0.390862937854531,57,0.641432566598237
"GPM6B",3,48,864.666666666667,712.145833333333,1.33333333333333,1.11458333333333,152.520833333333,0.21875,1.01783842091713,155.241564156964,0.222652154575622,0.669936590845354,51,0.814969498560063
"MRPS5",3,17,675,497.823529411765,1.33333333333333,3.38235294117647,177.176470588235,-2.04901960784314,0.875388892003545,155.098314277334,-1.79368900420334,0.552768285300582,20,0.744047849819517
"PPP2R5C",5,70,1039.8,866.257142857143,1.2,1.34047619047619,173.542857142857,-0.140476190476191,0.891930172352296,154.788110481938,-0.125294952782823,0.317003577905709,75,0.588261455545004
"PSMC3",3,27,1172,965.777777777778,0.833333333333333,1.2037037037037,206.222222222222,-0.37037037037037,0.749507768333591,154.565157558572,-0.277595469753182,0.488382733473717,30,0.703271136202152
"C12orf76",6,70,998.166666666667,780.7,1.11111111111111,1.65952380952381,217.466666666667,-0.548412698412699,0.710339439551947,154.47515012123,-0.389559168833647,0.185431407555038,76,0.488578626344602
"CCNE2",4,57,1373,1087.73684210526,0.875,1.01461988304094,285.263157894737,-0.139619883040936,0.539868094830079,154.004477577844,-0.0753763202577084,0.349279312916933,61,0.611353541137129
"CYP2A7",9,198,544.666666666667,411.616161616162,2.61111111111111,2.48821548821549,133.050505050505,0.122895622895622,1.1571562369334,153.960221746331,0.142209436525485,0.0222091270431261,207,0.196166122104538
"USP17L15",2,3,749,361.333333333333,2.5,13.2222222222222,387.666666666667,-10.7222222222222,0.39584677402304,153.456599396265,-4.24435707702482,0.450079886646498,5,0.678537049211836
"CREM",2,41,778,638.634146341463,1.25,1.64634146341463,139.365853658537,-0.396341463414634,1.10063357473154,153.390737707708,-0.436226721692379,0.0976594563831736,43,0.383079817132392
"ZKSCAN1",11,133,760.454545454545,559.827067669173,1.38636363636364,3.18796992481203,200.627477785373,-1.8016062884484,0.764370531247776,153.353731777707,-1.37709475580063,0.127806303482429,144,0.424396960666632
"G6PC1",4,9,1220.25,942.777777777778,1,1,277.472222222222,0,0.552421245363053,153.281550553654,0,0.0546249788651376,13,0.291820074258141
"ZNF79",3,41,956,590.268292682927,1.83333333333333,7.05284552845528,365.731707317073,-5.21951219512195,0.418986690340369,153.236717601313,-2.18690613982534,0.1927206180106,44,0.495886406677629
"IFNA21",12,194,513.166666666667,350.257731958763,2.875,3.86254295532646,162.908934707904,-0.98754295532646,0.936035760852692,152.488588649014,-0.924375521563719,0.0505725424277543,206,0.278345404951219
"IGKV2D-30",16,267,291.3125,146.59925093633,5.4375,14.2777777777778,144.71324906367,-8.84027777777778,1.05347258695608,152.451440857924,-9.3129902999659,0.0152836069044258,283,0.158519774184899
"SCAMP4",5,42,1398,1071.95238095238,0.8,1.14285714285714,326.047619047619,-0.342857142857143,0.467539346145636,152.440090621865,-0.16029920439279,0.221056617057197,47,0.52452671828013
"TOMM6",4,40,1177.25,901.4,1,1.19583333333333,275.85,-0.195833333333333,0.551099132799438,152.020695782725,-0.107923580173223,0.0822242051455872,44,0.355441458202596
"EDEM2",2,17,1227.5,1059.47058823529,0.75,0.970588235294118,168.029411764706,-0.220588235294118,0.904239538007446,151.938837665781,-0.199464603972231,0.751575112027171,19,0.865004074787032
"DEFA6",10,101,554.6,379.386138613861,2.7,4.98184818481848,175.213861386139,-2.28184818481848,0.867018239581984,151.913613649372,-1.97840399619467,0.0351288700239453,111,0.238732933019873
"SNRPG",6,80,995.166666666667,734.0875,1.33333333333333,2.01666666666667,261.079166666667,-0.683333333333334,0.581816362537157,151.900131084232,-0.397574514400391,0.125503336723381,86,0.422147587160462
"CIRBP",4,12,806,705.5,2.125,1.13888888888889,100.5,0.986111111111111,1.50458652295054,151.210945556529,1.48368948790956,0.698385976575767,16,0.834829478860197
"KLK14",3,30,1360.66666666667,1067.86666666667,1.16666666666667,1.04444444444444,292.8,0.122222222222222,0.516278209232628,151.166259663314,0.0631006700173212,0.509551743813108,33,0.716204280083426
"LCN2",7,99,647.857142857143,499.282828282828,1.04761904761905,5.59259259259259,148.574314574315,-4.54497354497355,1.01562958691443,150.896469737205,-4.61600960401847,0.124504400472826,106,0.42188529350969
"ZNF781",6,59,601.333333333333,417.881355932203,2.08333333333333,7.93220338983051,183.45197740113,-5.84887005649717,0.822359502334193,150.863476837817,-4.80987386887838,0.195092740046616,65,0.497146035680246
"TRIM34",10,176,713,561.511363636364,2.1,1.98200757575758,151.488636363636,0.117992424242424,0.993855643458417,150.55783616982,0.117267436718673,0.29408818615089,186,0.57634725970316
"LITAF",2,16,687.5,566.375,1.5,1.125,121.125,0.375,1.24192136585948,150.427725439729,0.465720512197304,0.526627318337493,18,0.726156923421885
"DRICH1",4,24,937,434.666666666667,3.375,6.83333333333333,502.333333333333,-3.45833333333333,0.299349263128673,150.373113178304,-1.03524953498666,0.156341169637403,28,0.456352900576494
"OR8B12",5,55,660.2,527.581818181818,4.3,1.66363636363636,132.618181818182,2.63636363636364,1.13331893575832,150.298696680385,2.98784083063558,0.733060477740452,60,0.85527289607324
"ZNF606",5,58,823,515.965517241379,2.8,5.53448275862069,307.034482758621,-2.73448275862069,0.489076794829446,150.163440729703,-1.33737206310259,0.224717035397474,63,0.527906686330573
"ZNF735",6,162,419.833333333333,230.302469135802,9.83333333333333,10.8405349794239,189.530864197531,-1.00720164609054,0.792096510942366,150.126736246756,-0.797800909683722,0.360002932573129,168,0.619006763580991
"C17orf58",5,18,920.2,772.222222222222,1.6,1.11111111111111,147.977777777778,0.488888888888889,1.01299807750341,149.901204402116,0.495243504557223,0.18139818175888,23,0.482601287821894
"OR10H3",4,118,625.75,434.627118644068,3.625,3.28107344632768,191.122881355932,0.343926553672316,0.783088611536693,149.666151793909,0.269324967385854,0.525032980331319,122,0.725460508092653
"LRP5",3,22,1273.33333333333,953.045454545455,1,1.92424242424242,320.287878787879,-0.924242424242424,0.467246407557389,149.653360747813,-0.431848952439405,0.0457799895009383,25,0.266974892200693
"OPN1MW3",3,8,1523,1171.5,0.833333333333333,0.979166666666667,351.5,-0.145833333333333,0.425682397944165,149.627362877374,-0.0620786830335241,0.407544061155583,11,0.651934347186189
"ITGAE",3,14,1280,1037.57142857143,0.833333333333333,1.17857142857143,242.428571428571,-0.345238095238095,0.616908079537121,149.556144424928,-0.212980170316387,0.456295087598819,17,0.681373381930074
"ADGRE5",8,163,771.75,600.423312883436,1.5,1.66768916155419,171.326687116564,-0.167689161554192,0.8724307677776,149.470673181897,-0.146297183962706,0.087266988006085,171,0.364007185879244
"HCLS1",6,57,1222.66666666667,1002.22807017544,0.916666666666667,0.988304093567251,220.438596491228,-0.0716374269005847,0.676142057487822,149.047806181307,-0.0484370772176948,0.126178630787711,63,0.422994805895717
"GRAP2",5,50,1398,1079.42,0.8,0.963333333333333,318.58,-0.163333333333333,0.467681920254114,148.994106154556,-0.0763880469748387,0.226992259342786,55,0.530569150189404
"ZNF589",7,83,476.571428571429,269.265060240964,3,24.3112449799197,207.306368330465,-21.3112449799197,0.718071787575363,148.860854482813,-15.3030037781874,0.00016943325771915,90,0.00593908156005021
"RSPH14",2,12,1362.5,1042.41666666667,1,1.125,320.083333333333,-0.125,0.464273958324745,148.606356160445,-0.0580342447905931,0.0277951961844003,14,0.216509949225855
"MYH3",2,21,1217.5,880.095238095238,1,1.14285714285714,337.404761904762,-0.142857142857143,0.440400875894805,148.593352673935,-0.062914410842115,0.161093221508953,23,0.461306714755382
"PRB2",2,42,872,708.333333333333,1,2.03174603174603,163.666666666667,-1.03174603174603,0.906251206310409,148.32311409947,-0.935021085875819,0.0866137426615252,44,0.362797186242615
"MCEE",2,17,1188,987.352941176471,0.75,0.931372549019608,200.647058823529,-0.181372549019608,0.739205374239568,148.319384207716,-0.134071562974824,0.583966011929794,19,0.763485209618036
"OR2T27",4,24,1047.5,859.5,1.875,1.13888888888889,188,0.736111111111111,0.788626632938676,148.261806992471,0.580516827024303,0.656519103450701,28,0.807284797197045
"ZNF266",7,131,549.428571428571,379.465648854962,3.78571428571429,7.0559796437659,169.96292257361,-3.27026535805162,0.872145959943212,148.232476262714,-2.85214871996696,0.103494025771469,138,0.3913861084399
"DMRTC1",9,167,752.666666666667,609.580838323353,1.72222222222222,1.98802395209581,143.085828343313,-0.265801729873586,1.03537420204687,148.147375345174,-0.275204253970543,0.223115350179472,176,0.526388439848667
"VPREB1",15,186,549.2,406.784946236559,2.02222222222222,3.58154121863799,142.415053763441,-1.55931899641577,1.03995180682569,148.104792480468,-1.6216166077402,0.269677780824848,201,0.557169958881814
"RAB33A",3,12,1514.66666666667,995.166666666667,0.666666666666667,0.958333333333333,519.5,-0.291666666666667,0.28486536009808,147.987554570953,-0.0830857300286067,0.294534952516304,15,0.57634725970316
"BRD9",3,34,989,833.088235294118,1.83333333333333,1.17156862745098,155.911764705882,0.661764705882353,0.94882262195278,147.93260938152,0.627897323351104,0.482398894395653,37,0.699165095159213
"KLRC4",10,222,453.8,307.914414414414,7.05,4.86186186186186,145.885585585586,2.18813813813814,1.01257043159282,147.719430359568,2.21564397891924,0.373557369816873,232,0.628656664506201
"GBP4",17,248,536.705882352941,395.995967741935,2.19117647058824,2.8010752688172,140.709914611006,-0.609898798228968,1.04944668796148,147.667553851862,-0.640056273793077,0.21512138333675,265,0.521418841510129
"BEX5",16,227,611.4375,445.405286343612,1.91666666666667,2.13876651982379,166.032213656388,-0.222099853157122,0.888016876229446,147.439407724605,-0.197228417811606,0.290625856308496,243,0.574138841454939
"CNN2",5,61,981.2,708.967213114754,0.95,2.2103825136612,272.232786885246,-1.2603825136612,0.540950172217984,147.264372948955,-0.681804137825563,0.177612721881723,66,0.47761805964964
"LCE1C",10,207,568.5,413.898550724638,2.75,2.77697262479871,154.601449275362,-0.0269726247987112,0.95089532275114,147.00979500649,-0.0256481427634159,0.0235966554252524,217,0.201910567621646
"IGHE",5,30,756.8,594.566666666667,0.85,1.23333333333333,162.233333333333,-0.383333333333333,0.906143922936477,147.006749097728,-0.347355170458983,0.289593160536171,35,0.574015014634195
"SERPINB6",8,149,702.5,554.087248322148,1.3125,2.43959731543624,148.412751677852,-1.12709731543624,0.989978554885197,146.925441432576,-1.11580217155055,0.182451775437296,157,0.484758839526219
"IGLV1-47",17,287,266.235294117647,129.536585365854,5.91666666666667,14.897212543554,136.698708751793,-8.98054587688733,1.07439285020636,146.868115315368,-9.64863428107794,0.0313914460907446,304,0.227246772787347
"ADD3",4,41,1482.25,1097.07317073171,0.75,1.00406504065041,385.176829268293,-0.254065040650407,0.380132364498402,146.418178859753,-0.0965783446388217,0.242117109746095,45,0.536046762025366
"PRDX4",3,17,1262,923.117647058824,1,1.22549019607843,338.882352941176,-0.225490196078431,0.430692502779812,145.954088736147,-0.0971169369013303,0.0544744022319342,20,0.291795859676688
"ASMT",3,10,1415,1045.7,0.833333333333333,1.33333333333333,369.3,-0.5,0.394848374639716,145.817504754447,-0.197424187319858,0.39855761104051,13,0.646887170478424
"GAB2",4,72,1185.75,949.75,1,1.38194444444444,236,-0.381944444444445,0.615848397429662,145.3402217934,-0.235219874018274,0.112693640630614,76,0.405367059981384
"MYH8",2,9,1059,882.666666666667,0.5,0.944444444444444,176.333333333333,-0.444444444444444,0.822849300482678,145.095759985112,-0.365710800214523,0.811523995553094,11,0.899389245284191
"OR10C1",2,47,761.5,626.702127659574,1.5,1.63829787234043,134.797872340426,-0.138297872340426,1.07629225401374,145.081905857534,-0.148848928746582,0.54358127358435,49,0.737182179431288
"OR1Q1",2,40,731.5,579.675,1,1.10833333333333,151.825,-0.108333333333333,0.955283378133055,145.035898885051,-0.103489032631081,0.304978713071604,42,0.583256020827026
"DHX40",3,17,1273.33333333333,1137.94117647059,1,0.96078431372549,135.392156862745,0.0392156862745098,1.07095779997852,144.999286448072,0.0419983450971968,0.324311684075579,20,0.592028090254003
"ZMYM6",3,61,1273.33333333333,971.803278688525,1,1.23497267759563,301.530054644809,-0.234972677595628,0.480564617594988,144.904675403778,-0.112919554954014,0.0506399172671512,64,0.278345404951219
"LMLN",4,32,939,796.21875,1,1.296875,142.78125,-0.296875,1.01461811970295,144.868443403837,-0.301214754286814,0.587665973904764,36,0.765446521161065
"TLK1",5,87,1112.6,916.494252873563,1,1.17624521072797,196.105747126437,-0.17624521072797,0.738522119449243,144.828432003993,-0.130160986569599,0.155152690217107,92,0.455540154377341
"FBXL20",4,81,1214,1016.27160493827,0.875,0.995884773662551,197.728395061728,-0.120884773662551,0.731845393845563,144.706615158402,-0.0884689647910017,0.345628432936727,85,0.607624820948157
"CD300LD",3,138,663,511.115942028986,1.33333333333333,2.19082125603865,151.884057971014,-0.857487922705315,0.950951313313557,144.434344398929,-0.815429266247133,0.374905228239884,141,0.629745433258401
"EFCAB10",4,61,946.5,808.098360655738,0.833333333333333,1.08469945355191,138.401639344262,-0.251366120218579,1.04339339350907,144.407356142628,-0.262273749188072,0.621460290114012,65,0.787797279948974
"OR8H1",11,218,433.181818181818,301.45871559633,3.18181818181818,6.38073394495413,131.723102585488,-3.19891576313595,1.09592129442278,144.358153090873,-3.5057599038854,0.198356074956849,229,0.500435328865487
"TOR1B",5,70,1112.6,869.171428571429,1,1.2,243.428571428571,-0.2,0.59247136776692,144.224458667833,-0.118494273553384,0.0937377778823928,75,0.377029469546113
"CTAG2",13,192,520.461538461538,353.760416666667,1.92307692307692,4.72222222222222,166.701121794872,-2.7991452991453,0.859945815181758,143.353932073605,-2.40711328608569,0.0890142878391363,205,0.367080592575014
"LMNB2",3,39,1369,1071.30769230769,0.833333333333333,1,297.692307692308,-0.166666666666667,0.481498974042424,143.338540734168,-0.0802498290070706,0.500745398689898,42,0.710722537843542
"OR1E1",4,111,657.75,533.945945945946,1.25,1.86936936936937,123.804054054054,-0.61936936936937,1.15718493676811,143.264186462176,-0.716724904529798,0.292954080111807,115,0.576022919305946
"IQCF6",2,60,750,558.416666666667,0.625,1.05833333333333,191.583333333333,-0.433333333333333,0.746759026143507,143.066583425327,-0.32359557799552,0.455255034987185,62,0.681022150587003
"OR5AN1",2,128,668,536.28125,2,1.86588541666667,131.71875,0.134114583333333,1.08340627022089,142.704919655658,0.145300580511395,0.544539190494836,130,0.737619866175378
"EMB",4,27,1028.25,901.222222222222,0.875,0.981481481481482,127.027777777778,-0.106481481481482,1.11993215881682,142.26249339637,-0.119252035429569,0.531040130333919,31,0.728268605204227
"GBP1",15,217,561.466666666667,425.087557603687,1.63888888888889,2.32258064516129,136.37910906298,-0.683691756272402,1.04232020202564,142.150700510602,-0.712625729521116,0.335188352631328,232,0.599289779469703
"TUBB4A",6,52,1228.83333333333,868.384615384615,0.916666666666667,1.55128205128205,360.448717948718,-0.634615384615385,0.394365651278967,142.148593406515,-0.250270509465499,0.11609318939944,58,0.410396433634688
"BRWD3",3,27,1279.66666666667,1037.37037037037,0.833333333333333,0.901234567901235,242.296296296296,-0.0679012345679012,0.585916650847052,141.965434438571,-0.0397844639464048,0.677735769923418,30,0.819931013204353
"KANK3",2,24,1510,1134.95833333333,0.75,0.972222222222222,375.041666666667,-0.222222222222222,0.3774500538061,141.559497262863,-0.083877789734689,0.116232722257142,26,0.410396433634688
"SERPINB3",6,120,768,609.916666666667,1.38888888888889,1.72638888888889,158.083333333333,-0.3375,0.895200082631633,141.516213062684,-0.302130027888176,0.4038751477686,126,0.650373163651772
"RPL31",7,58,1101.28571428571,833.758620689655,1,1.64655172413793,267.527093596059,-0.646551724137931,0.528768709571795,141.459956056281,-0.341876320843833,0.0399531008771395,65,0.253015199849524
"DMRTC1B",9,166,752.666666666667,616.367469879518,1.72222222222222,1.84036144578313,136.299196787149,-0.118139223560911,1.03463043220472,141.019296881043,-0.122230435933155,0.243876123983239,175,0.536046762025366
"TMEM223",2,2,1131.5,955.5,1,0.75,176,0.25,0.80113309481775,140.999424687924,0.200283273704437,0.553391595432258,4,0.744297520932342
"RHOF",5,58,1248.2,973.534482758621,0.9,1.16666666666667,274.665517241379,-0.266666666666667,0.512884171304656,140.871596196309,-0.136769112347908,0.124494736713253,63,0.42188529350969
"KATNAL1",4,29,1551,1059.27586206897,0.75,1.00574712643678,491.724137931034,-0.255747126436782,0.28625861292133,140.760269664074,-0.073209817672409,0.0982782043460386,33,0.383079817132392
"MEIS2",11,233,731.363636363636,609.317596566524,0.901515151515151,1.05865522174535,122.046039797113,-0.157140070230199,1.15160511343991,140.548843505445,-0.180963308403403,0.31357333199471,244,0.586903529110474
"FBXO6",5,45,1398,1078.04444444444,0.8,1.04814814814815,319.955555555556,-0.248148148148148,0.438724637195883,140.372385029918,-0.108868706267127,0.229853796758212,50,0.531271535568998
"MRPL35",2,18,871.5,733.611111111111,1,1.02777777777778,137.888888888889,-0.0277777777777777,1.01771626095465,140.331764427191,-0.0282698961376291,0.145346586421413,20,0.444040488792023
"STK17B",5,39,1398,1050.66666666667,0.8,0.987179487179487,347.333333333333,-0.187179487179487,0.403788029950482,140.249042402801,-0.0755808363753467,0.194062248137507,44,0.497097912536846
"CXCL1",14,227,623.714285714286,485.911894273128,1.43452380952381,1.84801762114537,137.802391441158,-0.413493811621565,1.01760025859499,140.22774916553,-0.420771409633533,0.0630323814124952,241,0.315240796150602
"P2RX7",3,8,1391.33333333333,1155.125,1.16666666666667,0.875,236.208333333333,0.291666666666667,0.593327410568595,140.14887877139,0.173053828082507,0.631615394755817,11,0.794602836398126
"ZNF565",8,118,595.75,408.322033898305,3.41666666666667,10.8954802259887,187.427966101695,-7.47881355932203,0.747673134083283,140.13485483011,-5.59170797312285,0.104984298154304,126,0.392820776134032
"CSNK1E",5,52,1157.2,930.596153846154,0.9,1.20833333333333,226.603846153846,-0.308333333333333,0.618078712658046,140.059013514131,-0.190574269736231,0.362007052793686,57,0.620536252842179
"H3C14",7,97,830,691.134020618557,0.797619047619048,1.09450171821306,138.865979381443,-0.296882670594011,1.00731861004354,139.88228533285,-0.299055439088773,0.314902838180116,104,0.587732634155628
"IGLJ4",7,97,769.714285714286,606.79381443299,1.71428571428571,2.36426116838488,162.920471281296,-0.649975454099166,0.858265702096525,139.829052670138,-0.557851639457928,0.388510281127551,104,0.640401695781213
"TDGF1",7,112,802,622.919642857143,0.880952380952381,1.05654761904762,179.080357142857,-0.175595238095238,0.779723682598396,139.633195552465,-0.136915765694361,0.385008717188882,119,0.63758592369945
"CYP2C8",10,222,435.3,304.626126126126,3.95,5.33258258258258,130.673873873874,-1.38258258258258,1.06783541592271,139.53819045834,-1.47637064711957,0.156872757462023,232,0.456897623045366
"OR4C16",6,161,554.666666666667,429.062111801242,6.25,2.58178053830228,125.604554865424,3.66821946169772,1.11030424889113,139.45927094716,4.07283965418811,0.511121207432744,167,0.717652967287858
"CRISP3",3,58,643,522.51724137931,1,1.64655172413793,120.48275862069,-0.646551724137931,1.15620045074249,139.302219823939,-0.747543394876607,0.363497580417737,61,0.62207123398256
"TRGV4",6,109,672,515.091743119266,3.83333333333333,3.04587155963303,156.908256880734,0.787461773700306,0.887240055002562,139.215290465218,0.698667627410274,0.405427230880793,115,0.651196800280289
"RAB11A",5,64,1106.6,830.140625,1.3,1.60416666666667,276.459375,-0.304166666666666,0.503541265895139,139.208703656079,-0.153160468376438,0.351899445508532,69,0.613253460205884
"ZSCAN10",5,43,1127.6,772.976744186047,1.2,2.34883720930233,354.623255813953,-1.14883720930233,0.392542087253565,139.204553025864,-0.450966956054096,0.226312345956523,48,0.529475488549335
"KRT16",2,11,930,778.545454545455,1.5,1.27272727272727,151.454545454545,0.227272727272727,0.918779224235124,139.153289779611,0.208813460053437,0.460515620051439,13,0.684430034315908
"LGALS16",7,51,675.714285714286,411.803921568627,2.78571428571429,5.05555555555556,263.910364145658,-2.26984126984127,0.527126438950422,139.11413045421,-1.19649334555413,0.137961409180606,58,0.434046199043617
"ARHGDIG",10,112,945.1,784.973214285714,1,0.99702380952381,160.126785714286,0.00297619047619047,0.868760782773237,139.111871700105,0.00258559756777748,0.136308180387992,122,0.432539684285808
"RAB5C",2,39,1223,938.102564102564,1,1.23931623931624,284.897435897436,-0.239316239316239,0.487215349673913,138.80640385197,-0.116598545221107,0.299979375599867,41,0.57973365763286
"CT45A10",6,199,629.166666666667,483.020100502513,3.16666666666667,2.40954773869347,146.146566164154,0.7571189279732,0.94757831368834,138.485316717171,0.717429477030369,0.252009385320015,205,0.540868283017005
"F8A2",3,13,1273.33333333333,1013.69230769231,1.5,1.1025641025641,259.641025641026,0.397435897435897,0.531777083685047,138.071147420379,0.211347302490211,0.596049145314253,16,0.770376684037424
"HELLS",3,33,897,775.727272727273,0.833333333333333,1.09090909090909,121.272727272727,-0.257575757575757,1.13603483531906,137.770042755965,-0.292615033339757,0.795528518517955,36,0.891798687334556
"CT47A11",5,72,750.6,604.902777777778,2.3,2.39583333333333,145.697222222222,-0.0958333333333337,0.943701382913454,137.49467009776,-0.090438049195873,0.581874007395274,77,0.762216941088885
"NCR1",4,35,1250,1030.62857142857,0.875,1.02857142857143,219.371428571429,-0.153571428571428,0.626222480586598,137.375320169826,-0.0961698809472275,0.285065875963385,39,0.568817029640328
"LSM14B",2,13,1847,1314.61538461538,0.75,0.871794871794872,532.384615384615,-0.121794871794872,0.257610422625671,137.147825768636,-0.0313756283967164,0.477148220705115,15,0.697142336357455
"CRYBB3",2,29,1240,923.724137931035,1,1.10344827586207,316.275862068965,-0.103448275862069,0.433615353700712,137.142069798032,-0.0448567607276598,0.237330618274596,31,0.53325581523633
"MAP4K5",5,54,1325.2,1012.24074074074,0.8,1.02777777777778,312.959259259259,-0.227777777777778,0.437935250069889,137.055891465391,-0.0997519180714746,0.419952223167824,59,0.659641935447573
"OOSP4A",3,62,1203,937.048387096774,1.16666666666667,1.34139784946237,265.951612903226,-0.174731182795699,0.514912633010839,136.94184525348,-0.0899712934024315,0.610934813102097,65,0.780964655520147
"USP46",5,52,1105.8,927.634615384615,1,1.11217948717949,178.165384615385,-0.112179487179487,0.768453377731714,136.911791602562,-0.0862047058352883,0.201627749617251,57,0.502571037733386
"GNG10",5,48,1227,910.4375,1,1.39583333333333,316.5625,-0.395833333333333,0.432275989426446,136.842367902809,-0.171109245814635,0.267172697814618,53,0.555862548694912
"LMNA",5,57,1239.2,1046.14035087719,0.9,1.05263157894737,193.059649122807,-0.152631578947368,0.708226593588932,136.72997765772,-0.108097743231995,0.129264322079027,62,0.42612810318086
"ZNF554",5,63,560,294.936507936508,3.8,15.3571428571429,265.063492063492,-11.5571428571429,0.515777392449978,136.713756770193,-5.96091300702903,0.12831311750597,68,0.424452994663788
"ZNF284",11,135,636.454545454545,470.014814814815,2.36363636363636,3.3037037037037,166.439730639731,-0.94006734006734,0.82071139490417,136.598983500808,-0.771523977970519,0.280495533642229,146,0.565840758911411
"ZNF875",10,125,671.6,500.68,1.20833333333333,3.45866666666667,170.92,-2.25033333333333,0.797884083494224,136.374347550833,-1.79550514922317,0.136494630101202,135,0.432539684285808
"SPRR3",8,70,906.5,768.8,1.375,1.0047619047619,137.7,0.370238095238095,0.989483115646896,136.251825024578,0.366344344007363,0.393767318190287,78,0.642767239987086
"MAGED2",17,266,646.235294117647,509.40977443609,1.27941176470588,1.6359649122807,136.825519681557,-0.356553147574819,0.995324246135423,136.185757229133,-0.354885992817119,0.197513660314052,283,0.500019515858495
"OR9A4",4,94,736.5,571.212765957447,2,1.66312056737589,165.287234042553,0.336879432624113,0.823738197100683,136.153408173971,0.277500456470088,0.48805570345196,98,0.70322630145032
"HBA1",9,134,764.666666666667,649.574626865672,1.14814814814815,1.18781094527363,115.092039800995,-0.0396627971254835,1.18254375696266,136.101373142765,-0.0469029931244171,0.311766111945115,143,0.586473854446065
"LILRA5",8,204,399.25,262.235294117647,4.90625,6.0359477124183,137.014705882353,-1.1296977124183,0.992994625697008,136.054866582633,-1.12178375709358,0.0810769662804206,212,0.354187201461706
"ZNF780B",17,140,547.058823529412,377.414285714286,2.13725490196078,4.05357142857143,169.644537815126,-1.91631652661064,0.801148302599454,135.910433515857,-1.5352537325374,0.200246994058338,157,0.502245134127921
"ATP6V0A2",5,65,1004.6,718.353846153846,1.7,1.85641025641026,286.246153846154,-0.156410256410257,0.474346706519517,135.779920330802,-0.0741926899940784,0.451961320621455,70,0.67933525829182
"MRGPRX1",7,81,728.428571428571,570.16049382716,2.07142857142857,2.62345679012346,158.268077601411,-0.552028218694885,0.857397772222713,135.698697149421,-0.473307764913067,0.0954941052355567,88,0.379404371061566
"SIGLECL1",3,35,967.666666666667,811.4,1,0.971428571428571,156.266666666667,0.0285714285714286,0.868270946420965,135.681806560716,0.0248077413263133,0.144403795927829,38,0.443109852491173
"ZNF91",4,51,735,459.56862745098,3,4.77124183006536,275.43137254902,-1.77124183006536,0.49240393073663,135.623490491322,-0.872166439409325,0.117735894234627,55,0.4137284735698
"ZNF146",7,86,815.142857142857,633.674418604651,0.94047619047619,1.76162790697674,181.468438538206,-0.821151716500554,0.747320469547268,135.615078696382,-0.613663486344739,0.382979552622482,93,0.636088697478767
"ARMCX6",16,271,614.5,478.538745387454,1.77604166666667,1.74477244772448,135.961254612546,0.0312692189421897,0.996737587105366,135.517692862327,0.0311672058391076,0.151551946541267,287,0.450931927311171
"IGLV1-50",19,294,275.157894736842,149.792517006803,6,14.2522675736961,125.365377730039,-8.25226757369614,1.07808168727899,135.154117949569,-8.89661854972804,0.0684474202749186,313,0.329934730299849
"ZNF726",7,201,345.714285714286,197.333333333333,8.83333333333333,10.1160862354892,148.380952380952,-1.28275290215589,0.910522485616947,135.104193580115,-1.16797536090333,0.194350800036994,208,0.497146035680246
"RPL17",4,63,996.25,772.31746031746,1.625,1.77777777777778,223.93253968254,-0.152777777777777,0.60294183880845,135.018297245237,-0.0921161142624019,0.246037681560555,67,0.536587458752049
"HTN1",5,142,695.4,544.246478873239,2.6,1.71361502347418,151.153521126761,0.886384976525821,0.893054681714129,134.988359699829,0.791590253087453,0.478636397883723,147,0.697384432819782
"DPY19L2",3,33,879.333333333333,718.363636363636,1.66666666666667,1.64646464646465,160.969696969697,0.0202020202020203,0.83530221192836,134.458343932226,0.016874792160169,0.0763621680671151,36,0.345849829647279
"ALG10B",3,8,1157,956.25,0.833333333333333,1.0625,200.75,-0.229166666666667,0.668160696143174,134.133259750742,-0.153120159532811,0.356549184235788,11,0.615403628093497
"IQCF1",9,143,800.111111111111,658.853146853147,0.972222222222222,1.02447552447552,141.257964257964,-0.0522533022533024,0.949550970554047,134.131637059639,-0.0496171738692772,0.2672589129251,152,0.555862548694912
"CREB3",4,37,1482.25,1091.83783783784,0.75,0.981981981981982,390.412162162162,-0.231981981981982,0.343318253779515,134.035621767798,-0.0796436489623649,0.237173799573276,41,0.53325581523633
"RLN1",10,100,751.3,589.96,2.4,2.14333333333333,161.34,0.256666666666667,0.826622095552925,133.367208896509,0.212166337858585,0.364868208136555,110,0.622284831290513
"SCGB1D2",8,126,629.25,489.968253968254,2.625,2.35582010582011,139.281746031746,0.269179894179894,0.954879817139484,132.997328181662,0.257034448132123,0.171443879884724,134,0.472150064796248
"IGLV2-18",16,285,319.75,198.757894736842,4.63541666666667,12.880701754386,120.992105263158,-8.2452850877193,1.09851735298835,132.911927206172,-9.05758874919572,0.168844508236447,301,0.468978056148076
"PRDX5",5,36,1248.2,933.416666666667,0.9,1.29166666666667,314.783333333333,-0.391666666666667,0.421112543400152,132.559210119978,-0.16493574616506,0.0877779841567436,41,0.365375859052445
"ZSCAN2",3,54,871,632.166666666667,1.66666666666667,3.55246913580247,238.833333333333,-1.8858024691358,0.55363486517709,132.226460299795,-1.04404599575062,0.458834565561882,57,0.683887700106408
"ZNF436",5,61,865.4,548.672131147541,1.7,9.7431693989071,316.727868852459,-8.0431693989071,0.417084279958096,132.10221512299,-3.35467951732416,0.0215721802056669,66,0.194149621851002
"IFITM2",14,272,475.785714285714,345.941176470588,2.58333333333333,3.16115196078431,129.844537815126,-0.577818627450981,1.01693911110603,132.043988867687,-0.587606361380505,0.0492168719159177,286,0.27696369492152
"CSH2",5,56,864,514.785714285714,1.9,3.72916666666667,349.214285714286,-1.82916666666667,0.378065835156648,132.025990577204,-0.691545423474035,0.0579528793511708,61,0.301095387594004
"OR5P2",2,119,752.5,627.647058823529,1.5,1.68207282913165,124.852941176471,-0.182072829131653,1.05596034062979,131.839754293337,-0.192261686669289,0.273269916714261,121,0.560199498932853
"PYGB",3,35,1465.66666666667,1089.05714285714,0.833333333333333,0.966666666666667,376.609523809524,-0.133333333333333,0.349937811951468,131.789912721989,-0.0466583749268624,0.382381111523794,38,0.63597277352213
"IGHA2",10,84,795.6,644.559523809524,1.03333333333333,1.32738095238095,151.040476190476,-0.294047619047619,0.872159765507991,131.731426296501,-0.256456502476754,0.293179608881201,94,0.576022919305946
"CD1B",13,211,497.846153846154,346.203791469194,1.84615384615385,3.8696682464455,151.64236237696,-2.02351440029165,0.867148301894999,131.496417030527,-1.75468707607298,0.0287123352743573,224,0.218219227436862
"SIGLEC12",8,111,645.625,509.846846846847,4.0625,2.38588588588589,135.778153153153,1.67661411411411,0.968295339135423,131.473352854614,1.62345763222536,0.607924819800623,119,0.778547939598212
"RHOXF1",7,156,720,596.544871794872,1.92857142857143,2.06196581196581,123.455128205128,-0.133394383394383,1.06407368449963,131.365353139605,-0.141941453030018,0.442286871562626,163,0.672518393745911
"MBTD1",2,11,1592,1102.90909090909,0.75,0.954545454545455,489.090909090909,-0.204545454545455,0.268589349759053,131.364609245791,-0.0549387306325336,0.501348749324055,13,0.710722537843542
"ZKSCAN4",9,114,826.666666666667,685.578947368421,1.22222222222222,1.46052631578947,141.087719298246,-0.238304093567251,0.928351758803813,130.979032356145,-0.221230024393306,0.229899805327661,123,0.531271535568998
"ZNF607",5,79,725.6,531.582278481013,1.9,5.0084388185654,194.017721518987,-3.1084388185654,0.674237098955163,130.813945702853,-2.09582477130915,0.00110318976088976,84,0.0259314487324441
"OR6C4",2,67,752.5,608.537313432836,1.5,1.13930348258706,143.962686567164,0.360696517412935,0.904485836244749,130.212210947742,0.326244891182807,0.234356081553899,69,0.532761249789442
"ZNF605",4,47,1194.25,774.127659574468,1.25,2.71985815602837,420.122340425532,-1.46985815602837,0.309804576204853,130.155823629723,-0.455368783109615,0.0732057909935917,51,0.341342287993457
"LAGE3",16,294,404.875,276.751700680272,2.61458333333333,5.66156462585034,128.123299319728,-3.04698129251701,1.01088877349217,129.51840490509,-3.08015918164611,0.162518231803085,310,0.461693788318662
"RASGRP2",3,33,1323.33333333333,1030.54545454545,0.833333333333333,0.984848484848485,292.787878787879,-0.151515151515151,0.43904155333548,128.54604510083,-0.0665214474750727,0.531100130549554,36,0.728268605204227
"ZNF33B",7,72,816.857142857143,609.125,1.35714285714286,2.2962962962963,207.732142857143,-0.939153439153439,0.618117561569991,128.402885602566,-0.580507233749595,0.22862614772522,79,0.530919934605002
"TRIM58",2,17,731.5,585.470588235294,1,2.01960784313725,146.029411764706,-1.01960784313725,0.879024710553773,128.363461408808,-0.896260489192082,0.303178808184627,19,0.582786168964753
"ZNF556",10,89,433,258.786516853933,3.33333333333333,10.9569288389513,174.213483146067,-7.62359550561798,0.734450972098626,127.951262049317,-5.59915712998784,0.0282097670369447,99,0.217024297228518
"ASGR2",2,52,873,738.769230769231,0.666666666666667,1.09935897435897,134.230769230769,-0.432692307692308,0.951319143059195,127.696300356792,-0.411628475362152,0.602789648163041,54,0.776384433780587
"MYL6B",5,53,1255.6,990.11320754717,0.9,1.17295597484277,265.48679245283,-0.272955974842767,0.479410575030485,127.27717583281,-0.130857980857378,0.315591333593334,58,0.587732634155628
"CMC2",5,28,1161.6,998.964285714286,1.7,0.988095238095238,162.635714285714,0.711904761904762,0.78177845003841,127.145096635175,0.556551801336868,0.595689658716883,33,0.770376684037424
"ZNF524",4,23,1451.75,1196.52173913043,0.625,0.985507246376812,255.228260869565,-0.360507246376812,0.497487549134546,126.972881969873,-0.179347866445244,0.587644086158851,27,0.765446521161065
"NDUFA1",5,62,1018.8,763.483870967742,1.5,1.77688172043011,255.316129032258,-0.276881720430108,0.497290835028854,126.966371002786,-0.137690741956914,0.205157233208817,67,0.506054508581749
"ZFP1",8,92,693.375,491.847826086957,1.47916666666667,4.98731884057971,201.527173913043,-3.50815217391304,0.629303661687199,126.821788472951,-2.20769300879938,0.164441514839967,100,0.464715907567544
"HSPA1L",4,30,1428,1160.3,0.875,0.888888888888889,267.7,-0.0138888888888888,0.472883499410332,126.590912792146,-0.00656782638069903,0.469764201671327,34,0.691919553954524
"FOLH1",4,33,848.5,721.272727272727,1.5,1.65656565656566,127.227272727273,-0.156565656565657,0.994990047274057,126.589870105458,-0.155781270027756,0.601914696168961,37,0.77598334964773
"NUCB1",3,42,1345.33333333333,1053.35714285714,0.833333333333333,1,291.97619047619,-0.166666666666667,0.432679861827534,126.332217752168,-0.072113310304589,0.211473859230765,45,0.515903260980548
"ZNF736",13,179,357.461538461538,207.22905027933,5.1025641025641,10.9944134078212,150.232488182209,-5.89184930525712,0.840785202114143,126.313252940389,-4.95377970894668,0.134329356309878,192,0.431561692871504
"KRTAP10-2",4,30,1282.75,963.966666666667,0.875,1.46666666666667,318.783333333333,-0.591666666666667,0.395827416016033,126.183183102311,-0.234197887809486,0.0908766220718354,34,0.37055406306026
"NTF4",3,27,1369,1082.55555555556,0.833333333333333,1.12345679012346,286.444444444444,-0.290123456790124,0.439913079967282,126.010657795073,-0.127629103447298,0.516538092971538,30,0.7209629145658
"ZFYVE16",5,45,1398,1087.02222222222,0.8,0.962962962962963,310.977777777778,-0.162962962962963,0.405174873397807,126.000381740642,-0.0660284978870499,0.237402926753111,50,0.53325581523633
"LCE1E",10,238,565,446.042016806723,2.65,2.50700280112045,118.957983193277,0.142997198879552,1.05699069762001,125.737481642931,0.151146709001405,0.332241670288516,248,0.597777722084598
"PRTN3",5,46,1116.8,918.739130434783,1.3,1.34057971014493,198.060869565217,-0.0405797101449274,0.633711591417054,125.513468849619,-0.0257158326951847,0.496330278770692,51,0.708840526793312
"SEC24B",4,78,1123.75,952.230769230769,1.125,1.08333333333333,171.519230769231,0.0416666666666665,0.731100435719977,125.39778434974,0.0304625181549989,0.494381488713581,82,0.707824924345237
"IL1RL1",2,10,531,438,4.25,1.1,93,3.15,1.34521079462953,125.104603900546,4.23741400308301,0.30906262856744,12,0.585592348864623
"H2AC13",10,49,932,758.591836734694,1.06666666666667,1.58163265306122,173.408163265306,-0.514965986394558,0.719740829533429,124.80893527644,-0.37064204622912,0.464252783174513,59,0.687603454990865
"PRDX3",5,45,1184.8,922.355555555556,1.2,1.16296296296296,262.444444444444,0.037037037037037,0.475303186834768,124.740680811525,0.017603821734621,0.388778522588781,50,0.640401695781213
"ZNF829",12,163,543.666666666667,394.503067484663,1.84027777777778,5.31083844580777,149.163599182004,-3.47056066802999,0.836224978588225,124.734327532114,-2.90216952031252,0.247858212750682,175,0.538283379430285
"BEND2",5,43,624.6,487.558139534884,1,1.2906976744186,137.041860465116,-0.290697674418605,0.909620312621922,124.656059958569,-0.264424509483117,0.299648484560313,48,0.57973365763286
"CEP192",3,38,1026.33333333333,886.28947368421,1,1.23684210526316,140.043859649123,-0.236842105263158,0.890047389148678,124.645671647006,-0.21080069742995,0.164387065074705,41,0.464715907567544
"CXorf49B",5,102,667.6,542.147058823529,2.06666666666667,2.51143790849673,125.452941176471,-0.444771241830066,0.991484944348687,124.384702400732,-0.440983989953779,0.38462923783706,107,0.63754910435541
"GSTA3",11,184,566.272727272727,449.494565217391,2.75757575757576,2.79891304347826,116.778162055336,-0.0413372859025034,1.06403068428634,124.25554768144,-0.0439841406053809,0.155593231165394,195,0.45616328080478
"PLGLB2",3,23,979.666666666667,851.130434782609,2,0.971014492753623,128.536231884058,1.02898550724638,0.965951809959568,124.159805833788,0.993950413146802,0.578066207189212,26,0.760102850914146
"KRTAP4-11",4,37,967.75,817.621621621622,1.375,1.0990990990991,150.128378378378,0.275900900900901,0.82499477414183,123.855127612549,0.227616801424266,0.472698616910315,41,0.694705286198462
"EIF4EBP1",5,28,1248.2,1002.32142857143,0.9,1.05952380952381,245.878571428571,-0.15952380952381,0.503067703025205,123.69356815169,-0.0802512764349731,0.166520355484675,33,0.467383336454143
"RAET1G",8,204,500.875,371.343137254902,3.6875,4.34313725490196,129.531862745098,-0.65563725490196,0.954180650861823,123.596797101462,-0.625596382611611,0.114824904045334,212,0.408220922210992
"SCYGR2",4,44,1111,872.659090909091,1.25,1.39772727272727,238.340909090909,-0.147727272727273,0.518046566408246,123.471689589165,-0.0765296064012181,0.521862482096025,48,0.723330724403648
"OR51E1",8,242,470.625,358.842975206612,4.625,4.05234159779614,111.782024793388,0.572658402203857,1.10204063125031,123.188333165743,0.631092827055529,0.132808685045568,250,0.430067670536538
"IGLV3-22",14,253,343.071428571429,233.102766798419,4.80357142857143,8.08827404479579,109.96866177301,-3.28470261622436,1.11920668036065,123.077660886674,-3.67626111107642,0.0679703375429683,267,0.328825022786563
"ARSF",4,33,1172.75,907.272727272727,1.125,1.41919191919192,265.477272727273,-0.294191919191919,0.462796767199974,122.862023583248,-0.136151069138376,0.0148194469464165,37,0.156964630325652
"IGKV1D-17",10,176,290.2,178.369318181818,7.45,18.8607954545455,111.830681818182,-11.4107954545455,1.0981924684878,122.811612518583,-12.5312496276367,0.126376110073551,186,0.423126287669434
"MAP3K5",3,47,1277.33333333333,1002.78723404255,0.833333333333333,1.03191489361702,274.54609929078,-0.198581560283688,0.446273191837906,122.522564037143,-0.088621626747953,0.569984615762527,50,0.757200307376017
"MYLPF",5,67,928.6,655.432835820896,1.9,2.24129353233831,273.167164179104,-0.341293532338308,0.447299558412798,122.18755191019,-0.152660446304069,0.258268551288753,72,0.545764744024251
"UGT3A1",2,104,643.5,501.5,4,1.78846153846154,142,2.21153846153846,0.860053359955467,122.127577113676,1.9020410845169,0.7913630087327,106,0.889281941196814
"PI3",4,24,593.5,472.208333333333,1,1.9375,121.291666666667,-0.9375,1.00632269764452,122.0585572018,-0.943427529041738,0.317095889700685,28,0.588261455545004
"MLXIP",5,34,1398,1078.61764705882,0.8,0.946078431372549,319.382352941177,-0.146078431372549,0.382044701575798,122.018335717988,-0.0558084907203861,0.231571077656732,39,0.532120774189937
"KATNA1",5,29,1404.8,1019.10344827586,0.8,1.09195402298851,385.696551724138,-0.291954022988506,0.31606842911718,121.906503219361,-0.0922774494204181,0.155033957787179,34,0.455526246557036
"FAM209B",4,20,1220.25,958.15,1,1.025,262.1,-0.0249999999999999,0.464877694565976,121.844443745742,-0.0116219423641494,0.0524014777124425,24,0.284892931889688
"PITPNA",3,45,1265,1051.53333333333,0.833333333333333,0.977777777777778,213.466666666667,-0.144444444444444,0.57006008038027,121.688825158508,-0.0823420116104834,0.466397038946319,48,0.688594078568766
"PF4",5,63,1160.8,934.714285714286,1,1.12169312169312,226.085714285714,-0.121693121693122,0.53799924237904,121.633942998438,-0.0654708072736397,0.0582449285811223,68,0.301095387594004
"ZP3",3,9,1273.33333333333,1094.44444444444,1,1.07407407407407,178.888888888889,-0.0740740740740742,0.679135861996167,121.489859757092,-0.0503063601478643,0.427420535648569,12,0.66458072391116
"PHKG2",6,51,1371,1086.90196078431,0.833333333333333,1.11764705882353,284.098039215686,-0.284313725490196,0.427616374897711,121.48497364496,-0.121577204627781,0.243867450203257,57,0.536046762025366
"VDAC2",5,65,1160.8,923.076923076923,1,1.33076923076923,237.723076923077,-0.330769230769231,0.510564847341033,121.373046478671,-0.168879141812803,0.049606430565471,70,0.27696369492152
"C5orf63",6,43,1104,915.162790697674,1,1.0968992248062,188.837209302326,-0.0968992248062015,0.641020826694667,121.048584017691,-0.0621144211913437,0.136758838778095,49,0.432690672808606
"CLTRN",10,107,749.9,594.261682242991,1.3,1.83177570093458,155.638317757009,-0.53177570093458,0.777635416095332,121.02986798935,-0.413527618465649,0.150586080655329,117,0.450102359108783
"OR5M11",4,96,559.25,448.916666666667,3,2.30208333333333,110.333333333333,0.697916666666667,1.09677718504715,121.011082750202,0.765459077064158,0.508849471854501,100,0.715532283506009
"CTAG1B",16,220,447.375,312.431818181818,2.125,4.90227272727272,134.943181818182,-2.77727272727272,0.896533183372018,120.981040369804,-2.4899171592741,0.0385550590322333,236,0.249046573640478
"APOBEC3C",4,53,925.25,720.433962264151,1.375,1.68553459119497,204.816037735849,-0.310534591194968,0.590577651201122,120.959774494358,-0.183394789484625,0.395437160262175,57,0.644267667514788
"PRMT1",4,47,1059,858.36170212766,1.125,1.69148936170213,200.63829787234,-0.566489361702128,0.602200756826014,120.824534827007,-0.341140322350907,0.259100553764111,51,0.547233516300945
"RGL3",4,25,1105.25,974.16,0.6875,0.973333333333333,131.09,-0.285833333333333,0.921537239429812,120.804316716854,-0.263406060937021,0.638568110357072,29,0.799911651720018
"SLC47A2",4,32,1220.25,1027.875,1,1.05729166666667,192.375,-0.0572916666666667,0.627878066461178,120.788043035469,-0.0359721808910051,0.127663048419795,36,0.424396960666632
"IQCF5",15,285,641.133333333333,518.421052631579,1.45,1.67543859649123,122.712280701754,-0.225438596491228,0.982942629518607,120.619131867208,-0.221593206830072,0.272185872083549,300,0.558896132455425
"TOR1A",5,74,1112.6,944.405405405405,1,1,168.194594594594,0,0.71246161112551,119.832191847467,0,0.213956083986699,79,0.520053839179349
"IFNA6",11,169,549.272727272727,413.597633136095,3.95454545454545,4.45167652859961,135.675094136633,-0.497131074054155,0.882824911992349,119.777353040726,-0.438879696700521,0.305351784442235,180,0.583256020827026
"UBE2V2",5,57,1232.4,957.947368421053,0.9,1.21929824561404,274.452631578947,-0.319298245614035,0.435802006833977,119.607007622971,-0.139150816217165,0.0514128515612054,62,0.280978809266633
"CT45A9",7,215,613.285714285714,489.544186046512,3.21428571428571,2.23178294573643,123.741528239203,0.98250276854928,0.965772680057908,119.506187362036,0.948874331946153,0.265445982402797,222,0.553508375054144
"SEPTIN12",6,71,903.5,676.859154929577,1.5,2.018779342723,226.640845070423,-0.518779342723005,0.525730481400792,119.152000583956,-0.272738113590552,0.000551631533450259,77,0.0155233775187833
"ZNF260",7,114,690,548.982456140351,1.64285714285714,2.10087719298246,141.017543859649,-0.458020050125314,0.844728734770455,119.121571404999,-0.386902697441856,0.268448475573224,121,0.556442575095835
"FKBP10",6,67,1222.66666666667,994.567164179104,0.916666666666667,0.965174129353234,228.099502487562,-0.0485074626865672,0.521121742811099,118.867610270663,-0.0252782934945683,0.113061688529702,73,0.405789093569228
"SRSF3",6,12,1104,935,1,1,169,0,0.703149155713278,118.832207315544,0,0.281221157957473,18,0.565840758911411
"STAT5A",10,153,853.6,724.281045751634,0.925,1.03921568627451,129.318954248366,-0.11421568627451,0.915895433690946,118.442639685767,-0.104609625514701,0.305189599354484,163,0.583256020827026
"ZMYM5",17,244,699.941176470588,580.004098360656,1.08333333333333,1.18715846994536,119.937078109933,-0.103825136612022,0.987126681708257,118.393089928442,-0.102488562581732,0.200867678211262,261,0.502571037733386
"FBXL2",5,72,1248.2,1080.44444444444,0.9,0.939814814814815,167.755555555556,-0.0398148148148147,0.704667163291043,118.211831459646,-0.0280561926125137,0.304394191667508,77,0.583256020827026
"RPL37",7,29,961.285714285714,800.068965517241,1.14285714285714,1.17241379310345,161.216748768473,-0.0295566502463054,0.731905466155404,117.995419659448,-0.0216326738765144,0.290085771428602,36,0.574138841454939
"ZNF879",9,94,780.777777777778,637.510638297872,1.03703703703704,2.03368794326241,143.267139479905,-0.996650906225375,0.823284368644153,117.949596474168,-0.82052711209038,0.30033520242076,103,0.580057742326417
"FAM104A",10,117,866.2,743.57264957265,1,1.16666666666667,122.62735042735,-0.166666666666667,0.961663059127726,117.926192944694,-0.160277176521288,0.35125828624667,127,0.612938040105542
"CLC",7,50,612,398.16,2.57142857142857,5.12333333333333,213.84,-2.55190476190476,0.55081079883759,117.78538122343,-1.40561670046221,0.074406205778291,57,0.343213512385281
"KRTAP9-3",3,124,661.666666666667,539.201612903226,2.16666666666667,2.35483870967742,122.465053763441,-0.188172043010753,0.961605809434095,117.763107151583,-0.180947329732222,0.414267897302936,127,0.655727008698317
"CYP3A43",14,233,511.214285714286,397.450643776824,2.22619047619048,3.7274678111588,113.763641937462,-1.50127733496832,1.03472901262254,117.714540894294,-1.55341521448437,0.0831359879327461,247,0.355464775625385
"SEPTIN6",6,82,878.333333333333,719.707317073171,1.58333333333333,1.80284552845528,158.626016260163,-0.219512195121951,0.74179358473072,117.667761233179,-0.162832738111621,0.146830037445164,88,0.446198971792046
"MTHFD1",4,75,1087,934.146666666667,1.25,1.18888888888889,152.853333333333,0.0611111111111111,0.769287229298599,117.588117289055,0.0470119973460255,0.429821903078533,79,0.666214397611537
"H3-3A",5,60,915.2,750,1.8,1.68611111111111,165.2,0.113888888888889,0.711573025847791,117.551863870055,0.0810402612771094,0.498325707292366,65,0.710420808540955
"TCEAL1",16,269,692.9375,575.003717472119,1.58854166666667,1.27137546468401,117.933782527881,0.317166201982652,0.99636737676657,117.505373529464,0.316014056668471,0.303206317637067,285,0.582786168964753
"ZNF846",6,60,472.833333333333,261.616666666667,3.83333333333333,22.4666666666667,211.216666666667,-18.6333333333333,0.555250809911002,117.278225233369,-10.346173424675,0.101162256132748,66,0.386880605771029
"CT45A3",7,231,612.428571428571,495.21645021645,3.07142857142857,2.12914862914863,117.212121212121,0.942279942279943,0.999084485901091,117.104811862589,0.941417271707667,0.267359313961867,238,0.555862548694912
"LGALS7",10,139,819.1,684.68345323741,0.991666666666667,1.15707434052758,134.41654676259,-0.165407673860911,0.870652819431039,117.030145417033,-0.144012657602532,0.31599697447587,149,0.587894994898269
"CD300A",8,70,962.75,819.214285714286,1,1.09285714285714,143.535714285714,-0.092857142857143,0.814691793624967,116.937368520669,-0.0756499522651756,0.569488621740483,78,0.757176418797839
"CENPVL1",2,6,1724.5,1370.5,0.75,1.13888888888889,354,-0.388888888888889,0.330308821317,116.929322746218,-0.128453430512167,0.676259527975991,8,0.818842300909905
"ZSCAN5C",4,38,1045,755.552631578947,1.5,2.42105263157895,289.447368421053,-0.921052631578947,0.403954000553392,116.923422423336,-0.372062895246546,0.220670518415743,42,0.524256475380089
"MMD2",5,72,1105.8,948.527777777778,1,1.15740740740741,157.272222222222,-0.157407407407407,0.741391702282426,116.600320555073,-0.116700545729641,0.2450446165977,77,0.536253169728591
"ZNF10",9,113,749,613.12389380531,1.28703703703704,1.91445427728614,135.87610619469,-0.627417240249099,0.857911237825364,116.569638456377,-0.538268301215078,0.543698456416635,122,0.737182179431288
"MOB1A",6,70,1142.33333333333,893.6,1.16666666666667,1.25,248.733333333333,-0.0833333333333333,0.467863706800009,116.373299338056,-0.038988642233334,0.160715221158098,76,0.461306714755382
"KRTAP5-4",8,74,643.5,487.135135135135,2.3125,3.17342342342342,156.364864864865,-0.860923423423424,0.744235064836945,116.372215340923,-0.640729399851176,0.00780613638084369,82,0.102948254052315
"KRTAP4-2",3,72,659.333333333333,545.583333333333,1.66666666666667,2.28240740740741,113.75,-0.615740740740741,1.02000190778177,116.025217010177,-0.628056730254519,0.329699042796929,75,0.595749240311692
"SIRPA",13,202,702.384615384615,585.519801980198,1.2948717948718,1.62128712871287,116.864813404417,-0.326415333841076,0.992047662159637,115.935464926574,-0.323819568830097,0.309471849093139,215,0.585812178577064
"DDIT4L",3,3,1273.33333333333,939,1,1.33333333333333,334.333333333333,-0.333333333333333,0.346755157738889,115.931807737368,-0.11558505257963,0.177231040513631,6,0.477258927904612
"TPSD1",10,130,617.6,488.307692307692,2.25,2.64487179487179,129.292307692308,-0.394871794871795,0.895200735728251,115.742568970157,-0.353489521287566,0.152760272436532,140,0.451864972023343
"TMEM230",16,255,563.5,442.145098039216,1.5,2.41372549019608,121.354901960784,-0.913725490196078,0.952564525901098,115.598374652049,-0.870382488372376,0.111465856649839,271,0.403457937656482
"RAB1A",4,16,1196.5,1069.75,1.125,1,126.75,0.125,0.911981485147355,115.593653242427,0.113997685643419,0.43476864695924,20,0.6673050510669
"ZNF785",4,32,891.25,609.21875,2.125,5.50520833333333,282.03125,-3.38020833333333,0.408682307238334,115.261181963311,-1.38143134061291,0.17946019108638,36,0.480001956881642
"PLPP2",6,38,858,724.526315789474,0.805555555555556,2.23684210526316,133.473684210526,-1.4312865497076,0.863464551910972,115.249794928749,-1.23586519929948,0.629273271998042,44,0.793241638771033
"CT45A5",6,219,607.833333333333,489.278538812785,3.41666666666667,2.22222222222222,118.554794520548,1.19444444444444,0.97178472420396,115.209738296208,1.1607428650214,0.339587529789446,225,0.603804236255652
"BSX",2,2,780.5,606,1,1,174.5,0,0.6597396172155,115.124563204105,0,0.412760905380727,4,0.655040737848048
"CKM",4,43,1482.25,1108.53488372093,0.75,1.01937984496124,373.71511627907,-0.26937984496124,0.307889052589345,115.06279308948,-0.082939105251781,0.253300283338864,47,0.540868283017005
"FAM32A",6,56,981,781.214285714286,1.33333333333333,1.89285714285714,199.785714285714,-0.55952380952381,0.575696458110372,115.015928095336,-0.322115875371279,0.133390830604489,62,0.431411561309125
"KRTAP6-3",5,155,828,693.716129032258,1.4,1.07741935483871,134.283870967742,0.32258064516129,0.85403772497725,114.683491662429,0.275496040315242,0.21543674817206,160,0.521418841510129
"SMIM27",18,301,691.333333333333,587.102990033223,0.958333333333333,1.06146179401993,104.230343300111,-0.1031284606866,1.10009240086519,114.663008604022,-0.113450835914253,0.254156172964842,319,0.541080483307144
"CFHR1",14,218,532.357142857143,410.146788990826,1.9047619047619,2.56574923547401,122.210353866317,-0.660987330712101,0.937832898683768,114.612890415617,-0.619895664354976,0.280640231790503,232,0.565840758911411
"KPNA2",5,41,1144,931.243902439024,1.3,1.38211382113821,212.756097560976,-0.0821138211382113,0.538692225404203,114.610055663436,-0.0442340770453857,0.534882906055791,46,0.730750623103671
"SPRR2B",12,102,585.083333333333,477.960784313725,2.58333333333333,2.47222222222222,107.122549019608,0.11111111111111,1.06975471888259,114.594852312457,0.118861635431398,0.459128411117178,114,0.684070518577272
"MAP2K2",5,55,1262.4,1031.21818181818,0.9,0.972727272727273,231.181818181818,-0.0727272727272728,0.495073501169505,114.451992134005,-0.0360053455396004,0.370905189125942,60,0.627909638292045
"SCAMP3",5,38,1105.8,930.078947368421,1,1.22368421052632,175.721052631579,-0.223684210526316,0.650782788958923,114.356236710377,-0.145569834372391,0.216902163418522,43,0.5220343781675
"LCE2B",11,53,799.727272727273,690.735849056604,1.63636363636364,2.11006289308176,108.991423670669,-0.473699256718125,1.04781430622351,114.202772977795,-0.496348858036696,0.536844114878817,64,0.731954442037815
"ZNF582",15,209,510.6,386.200956937799,2.18888888888889,5.56060606060606,124.399043062201,-3.37171717171717,0.917776545005856,114.170523943661,-3.0944829365955,0.261172214910618,224,0.549865211160605
"USP17L8",2,8,927.5,545.5,2.5,6.625,382,-4.125,0.29878680081302,114.136557910574,-1.23249555335371,0.517249469365649,10,0.721367724560633
"LILRB3",11,255,347.454545454545,232.619607843137,4.22727272727273,6.56993464052288,114.834937611408,-2.34266191325015,0.993812788403753,114.124429553765,-2.3281673682944,0.0622038519118851,266,0.3130561615112
"RBBP7",4,65,1139,968.815384615385,1.125,1.21282051282051,170.184615384615,-0.0878205128205127,0.669228543180329,113.892402225551,-0.0587719938562212,0.342222418399953,69,0.605901986675326
"PGLYRP1",3,16,735.333333333333,606.125,1,3.375,129.208333333333,-2.375,0.879768301745607,113.673395988047,-2.08944971664582,0.521302981289039,19,0.723330724403648
"CPT1A",4,55,1223.25,1016.61818181818,0.875,1.01515151515152,206.631818181818,-0.140151515151515,0.549533413990032,113.551088484422,-0.0770179405970879,0.533220399192213,59,0.729708464100029
"CTDSP2",4,24,1185.75,939.5,1,1.13888888888889,246.25,-0.138888888888889,0.461092522190212,113.54403358934,-0.0640406280819738,0.104292995498753,28,0.392134226101536
"ZNF267",4,103,437,280.776699029126,9,8.75404530744337,156.223300970874,0.245954692556632,0.724596991634268,113.19893390667,0.178218030304867,0.523957433260156,107,0.724662345494107
"GSTT4",5,62,1008.6,841.161290322581,1.3,1.29032258064516,167.438709677419,0.00967741935483879,0.675055836034138,113.030478145768,0.00653279841323365,0.27352750682215,67,0.560233683885859
"OR1J2",2,20,752.5,616.65,1.5,1.1,135.85,0.4,0.831917835694876,113.016037979149,0.33276713427795,0.231752089754075,22,0.532230661297289
"H2BW2",11,117,613.454545454545,474.803418803419,2.97727272727273,3.11538461538462,138.651126651127,-0.138111888111888,0.813681422739004,112.817845997855,-0.112379077616051,0.14011471438568,128,0.437208929513773
"LILRB5",10,242,334.5,227.619834710744,5.05,6.10055096418733,106.880165289256,-1.05055096418733,1.05293523732887,112.537892204592,-1.10616212880266,0.0418417293894262,252,0.257781583614306
"CXCL5",10,86,892.8,731.244186046512,0.858333333333333,1.51356589147287,161.555813953488,-0.655232558139535,0.694703564699736,112.233399851456,-0.455192393846862,0.180606296132102,96,0.481155821719483
"SLX1B",3,22,971,838.545454545455,1.66666666666667,1.09090909090909,132.454545454545,0.575757575757576,0.846813363675373,112.164279170456,0.487559209388851,0.210933780510591,25,0.515529900257077
"ZNF99",12,184,267,148.065217391304,8.56944444444444,13.5869565217391,118.934782608696,-5.01751207729469,0.942517491646813,112.098112973907,-4.72909289739938,0.134999969564353,196,0.432272100379346
"FCER2",2,8,992,854,1,0.9375,138,0.0625,0.81207193158988,112.065926559403,0.0507544957243675,0.351845609483422,10,0.613253460205884
"TM6SF2",5,25,1398,1082,0.8,1.12666666666667,316,-0.326666666666667,0.353437555596993,111.68626756865,-0.115456268161684,0.243046864565432,30,0.536046762025366
"C1S",4,55,1051.5,900.072727272727,0.875,1.28484848484848,151.427272727273,-0.409848484848485,0.733584885526847,111.084758529279,-0.300658653840927,0.568751145702325,59,0.757053953247779
"PSG5",6,124,502.5,389.548387096774,3.58333333333333,5.46908602150538,112.951612903226,-1.88575268817204,0.98262521696143,110.989103135176,-1.85298814435065,0.282951502984668,130,0.567607533095749
"STAT3",4,62,1124.25,930.241935483871,1.25,1.30645161290323,194.008064516129,-0.0564516129032258,0.571608213868246,110.8966032341,-0.0322682056215945,0.365319251953229,66,0.622788281060198
"ATP6V0A1",6,77,910.5,747.805194805195,1.75,1.75324675324675,162.694805194805,-0.00324675324675328,0.680637154970677,110.736129336301,-0.00220986089276196,0.304491057373888,83,0.583256020827026
"CCDC107",5,62,1160.8,954.548387096774,1,1.08333333333333,206.251612903226,-0.0833333333333333,0.534924054425992,110.328949006094,-0.0445770045354993,0.0776909256367699,67,0.348730473354228
"LGALS7B",10,137,819.1,690.802919708029,0.991666666666667,1.13503649635036,128.297080291971,-0.143369829683698,0.857133528013945,109.967729064545,-0.122887087927547,0.337791720796291,147,0.601486887585081
"IGKV4-1",10,141,464.6,360.602836879433,17.95,7.2966903073286,103.997163120567,10.6533096926714,1.05641348257667,109.864005270292,11.2542999934028,0.655310837997263,151,0.807284797197045
"BTF3",3,56,1180.33333333333,965.803571428571,1,1.02083333333333,214.529761904762,-0.0208333333333333,0.511825644224233,109.801833592176,-0.0106630342546715,0.154274602977988,59,0.454297209653678
"WFIKKN1",2,60,663.5,586.483333333333,0.666666666666667,1.90833333333333,77.0166666666667,-1.24166666666667,1.41854322047239,109.251470363382,-1.76135783208656,0.197846921164297,62,0.500060908901032
"IGHV3-15",16,235,191.8125,95.9957446808511,10.8020833333333,22.5914893617021,95.8167553191489,-11.7894060283688,1.13481260513932,108.73406171972,-13.3787665680983,0.0499453127785352,251,0.27719648592087
"PPIL3",4,21,1125,1009.42857142857,0.6875,1.04761904761905,115.571428571429,-0.360119047619048,0.940678332116575,108.715538668901,-0.338756185077695,0.785427848207745,25,0.88535110900935
"BTN2A2",5,68,975,809.779411764706,1.7,1.38235294117647,165.220588235294,0.317647058823529,0.656464990568155,108.461531897547,0.20852417347459,0.446028325053709,73,0.676227771177124
"H2AC1",10,88,850.9,722.704545454545,1.05,1.09848484848485,128.195454545454,-0.0484848484848484,0.845736385138589,108.419560318471,-0.0410054004915678,0.434883565755682,98,0.6673050510669
"FCGR2C",11,95,785,666.326315789474,1.03030303030303,1.23684210526316,118.673684210526,-0.206539074960128,0.913019753578354,108.35141791413,-0.188574255324397,0.435962049639102,106,0.668241024302973
"PLIN2",2,32,1188,984.65625,0.75,1.03125,203.34375,-0.28125,0.531528779897337,108.083055337249,-0.149492469346126,0.58104135661085,34,0.7617589439032
"TRAV25",8,111,536.125,443.936936936937,3.0625,3.83483483483483,92.188063063063,-0.772334834834834,1.16430657975347,107.335168399052,-0.899234529971006,0.52048178938042,119,0.722670337166142
"COX14",5,50,1398,1021.76,0.8,1.04,376.24,-0.24,0.285124827571178,107.27536512538,-0.0684299586170827,0.165372321494594,55,0.466028065368405
"ZNF425",2,45,902,665.377777777778,2.5,4.36296296296296,236.622222222222,-1.86296296296296,0.453180855696698,107.232661143521,-0.844259149686811,0.565575891871288,47,0.754856801575707
"OR9A2",2,62,623,492.854838709677,1.5,1.46774193548387,130.145161290323,0.032258064516129,0.822421058196025,107.034121267479,0.0265297115547105,0.0102017469349699,64,0.123909363988266
"ARSH",4,41,1130,852.146341463415,1.25,1.78861788617886,277.853658536585,-0.538617886178862,0.384769844260095,106.90970892222,-0.207243920180742,0.174696805173183,45,0.473580544052928
"NIPSNAP3A",5,87,671,571.287356321839,1,1.10536398467433,99.7126436781609,-0.10536398467433,1.07043243859688,106.735648331355,-0.112785027055227,0.48038252842804,92,0.6977857446741
"ZNF77",9,99,437.444444444444,296.59595959596,3.55555555555556,15.6195286195286,140.848484848485,-12.0639730639731,0.757197846130394,106.650169358002,-9.13481441981549,0.168175344337224,108,0.467930786493523
"RAB12",2,28,851.5,748.357142857143,1,1.05952380952381,103.142857142857,-0.0595238095238095,1.03273364899696,106.519099225115,-0.061472241011724,0.709747092070941,30,0.841088190959514
"GZMH",12,190,449.583333333333,349.889473684211,2.75,4.1719298245614,99.6938596491228,-1.4219298245614,1.06805911280572,106.47893528902,-1.51870510689304,0.373096548568749,202,0.628656664506201
"DCT",3,12,1151,1047.58333333333,0.666666666666667,0.958333333333333,103.416666666667,-0.291666666666667,1.02860426903049,106.374824822237,-0.300009578467228,0.824864164063945,15,0.908532855457421
"NIPSNAP1",5,45,1398,1090.6,0.8,0.977777777777778,307.4,-0.177777777777778,0.34574134177779,106.280888462493,-0.0614651274271626,0.240412988446606,50,0.534607847430516
"ZNF420",2,53,1021,883.867924528302,1.75,1.26100628930818,137.132075471698,0.488993710691824,0.77135498741847,105.77751035014,0.377187737558403,0.323661527355664,55,0.591781911080702
"PILRA",4,178,642,540.337078651685,1.5,2.38014981273408,101.662921348315,-0.88014981273408,1.03987970859811,105.717209026918,-0.915249930788593,0.525642200965837,182,0.725800357657044
"LETM1",5,35,996.6,845.742857142857,1.6,1,150.857142857143,0.6,0.700057022256638,105.608602214716,0.420034213353983,0.425213818514571,40,0.663685045305851
"CELA2B",3,52,913.333333333333,758.192307692308,0.833333333333333,2.0224358974359,155.141025641026,-1.18910256410256,0.679647994463159,105.441286935881,-0.808171172903308,0.646000278393193,55,0.803428917665484
"CT45A6",7,220,591.714285714286,483.727272727273,3.35714285714286,2.24166666666667,107.987012987013,1.11547619047619,0.975030049536997,105.29058262208,1.08762280525734,0.30666882425894,227,0.583269215487255
"OR4N4C",4,24,663,561.708333333333,2,1.35416666666667,101.291666666667,0.645833333333333,1.03806906420812,105.147745628748,0.670419603967747,0.446872774103396,28,0.676433394635764
"OR2V1",6,106,679.166666666667,567.11320754717,2.25,1.52201257861635,112.053459119497,0.727987421383648,0.937632862323515,105.065005607465,0.682584929647465,0.603701587556464,112,0.776937695290058
"LGALS13",6,53,568,378.018867924528,3.33333333333333,5.33647798742138,189.981132075472,-2.00314465408805,0.552136262017037,104.895472117916,-1.10600880158759,0.167022873988117,59,0.467383336454143
"CBX5",5,56,1105.8,875.446428571429,1,1.5625,230.353571428571,-0.5625,0.454837157943289,104.773363750658,-0.2558459013431,0.109494724550397,61,0.401172472724921
"RPL26L1",5,53,1003.6,782.943396226415,1.3,1.98427672955975,220.656603773585,-0.684276729559748,0.47449283106641,104.699976618027,-0.324684402641669,0.0105374794549241,58,0.126285178925548
"PAPOLG",4,49,1160,949.020408163265,1,1.05102040816327,210.979591836735,-0.0510204081632653,0.495002544034758,104.435434698599,-0.025255231838508,0.204377668924001,53,0.505532107201659
"OR52B6",2,9,699,575.222222222222,2,1.05555555555556,123.777777777778,0.944444444444444,0.84371117384367,104.43269418465,0.796838330852354,0.675166809240018,11,0.818421048019432
"SFT2D2",4,36,1401.25,1099.41666666667,0.75,1.08333333333333,301.833333333333,-0.333333333333333,0.345816671462556,104.378998669782,-0.115272223820852,0.371226028466792,40,0.627909638292045
"KRTAP10-11",4,42,1054,883.452380952381,0.875,1.1547619047619,170.547619047619,-0.279761904761905,0.611959842616616,104.368294111019,-0.17120305120822,0.592673490474127,46,0.769435759562901
"TIPIN",3,12,1026.33333333333,843.583333333333,1,0.958333333333333,182.75,0.0416666666666666,0.570337266396933,104.229135434039,0.0237640527665389,0.0735171460175913,15,0.341760985732707
"TNFRSF10A",7,57,813.571428571429,679.035087719298,1.11904761904762,1.76608187134503,134.53634085213,-0.64703425229741,0.77383892064065,104.109456791955,-0.500700287415358,0.654188556853235,64,0.807284797197045
"KRTAP4-7",11,240,516.909090909091,417.908333333333,3.5,2.52083333333333,99.0007575757575,0.979166666666667,1.05127948948434,104.077465882805,1.02937783345341,0.368285835524172,251,0.625976264889236
"ZNF519",10,155,368.3,238.174193548387,8.75,11.9086021505376,130.125806451613,-3.15860215053764,0.798063860519448,103.848703449981,-2.5207662261031,0.311051347758651,165,0.586473854446065
"BNIP1",2,10,1227.5,1102.7,0.75,0.9,124.8,-0.15,0.830437821857986,103.638640167877,-0.124565673278698,0.81519053693231,12,0.901605697642267
"IGF2BP1",5,49,1141.8,800.755102040816,1.1,1.76530612244898,341.044897959184,-0.66530612244898,0.303674756625908,103.566726386263,-0.20203667481642,0.0306414229597781,54,0.225201918812117
"KRT5",3,23,945,829.130434782609,1,0.927536231884058,115.869565217391,0.072463768115942,0.893039559470565,103.476105477785,0.064713011555838,0.353055594709969,26,0.614464353859336
"HLA-G",18,320,233.555555555556,140.840625,6.95833333333333,11.2411458333333,92.7149305555556,-4.2828125,1.11418887821315,103.301944469305,-4.77186205497227,0.0165628610189456,338,0.1632631906012
"TAS2R20",2,57,731.5,608.175438596491,2.5,1.92397660818713,123.324561403509,0.576023391812865,0.837523648912668,103.287236667221,0.482433212970163,0.772160427081867,59,0.876933780599134
"OR4N5",2,91,661,556.934065934066,2.5,1.70512820512821,104.065934065934,0.794871794871795,0.992018716790364,103.235354373679,0.788527697961571,0.756052002253303,93,0.867159529564925
"COMMD6",5,46,1105.8,956,1,1.02536231884058,149.8,-0.0253623188405796,0.68485428066263,102.591171243262,-0.0173694926255014,0.276677309030185,51,0.561833853341836
"SLC9A3",2,27,890,793.074074074074,0.666666666666667,0.981481481481482,96.925925925926,-0.314814814814815,1.05730702855327,102.480462730516,-0.332855916396401,0.721175521895839,29,0.846599258870847
"YAE1",3,7,1273.33333333333,1064.28571428571,1,0.857142857142857,209.047619047619,0.142857142857143,0.48910898646204,102.247069074684,0.06987271235172,0.421066531739583,10,0.65983602385544
"PGA4",3,64,721.333333333333,595.921875,3.66666666666667,2.29166666666667,125.411458333333,1.375,0.814871543934512,102.194228679162,1.12044837290995,0.680329124691552,67,0.821824420274317
"VPREB3",4,38,1295,1074,0.875,1.03508771929825,221,-0.160087719298246,0.46121925830168,101.929456084671,-0.0738355391579443,0.294624958597626,42,0.57634725970316
"BMERB1",2,21,1004,909.190476190476,1.25,0.928571428571429,94.8095238095239,0.321428571428571,1.07417148498719,101.841686981405,0.34526940588874,0.868297369297109,23,0.930717888334562
"CEACAM1",15,281,371.6,273.081850533808,3.51111111111111,6.72301304863582,98.5181494661922,-3.21190193752471,1.0334996671772,101.818474684223,-3.3194995834376,0.109629714768672,296,0.401172472724921
"RAB11B",6,65,1055.33333333333,882.230769230769,1.16666666666667,1.35384615384615,173.102564102564,-0.187179487179487,0.587318601426224,101.666355852011,-0.109933994625934,0.243158761690837,71,0.536046762025366
"H2BC7",13,95,707,581.578947368421,1.65384615384615,2.08245614035088,125.421052631579,-0.428609986504723,0.810486612328574,101.652084062052,-0.347382655972409,0.41341654308376,108,0.655534714801086
"FXYD3",14,200,763.928571428571,639.885,0.910714285714286,1.12666666666667,124.043571428571,-0.215952380952381,0.81946331317405,101.649156020799,-0.176965053583063,0.44491439023532,214,0.67507803080019
"CTAG1A",13,237,436.384615384615,325.413502109705,2.53846153846154,4.99085794655415,110.971113274911,-2.45239640809261,0.915958753626606,101.644962603844,-2.24629395735488,0.167642393580535,250,0.467815056882741
"DPPA3",5,33,911,777.727272727273,0.866666666666667,1.27777777777778,133.272727272727,-0.411111111111111,0.761206859313663,101.448114159439,-0.312940597717839,0.523524574529574,38,0.724378185533303
"ZNF8",5,81,660,506.111111111111,2.4,6.04320987654321,153.888888888889,-3.64320987654321,0.658376813473278,101.31687629561,-2.39860490933289,0.130081805398963,86,0.42612810318086
"KLRC3",10,197,513.1,411.426395939086,5.05,3.82402707275804,101.673604060914,1.22597292724196,0.995743017185408,101.240781275729,1.22075398155954,0.510308152511455,207,0.716763225812223
"TCP11X1",11,174,792.181818181818,683.942528735632,1.27272727272727,1.10153256704981,108.239289446186,0.171194705677464,0.933335597271431,101.023581863491,0.159782112873183,0.11385918397817,185,0.406282235152181
"SIN3B",5,70,1105.8,955.571428571429,1,1.16904761904762,150.228571428571,-0.169047619047619,0.671599243329625,100.893394897919,-0.113532253039055,0.263349374916411,75,0.551981085532553
"ZNF695",11,153,278.272727272727,151.62091503268,11.3030303030303,16.9705882352941,126.651812240048,-5.6675579322638,0.796233447924773,100.844409145814,-4.5126991937198,0.225611673231664,164,0.52910149573163
"TPSAB1",13,227,481.384615384615,381.911894273128,2.30769230769231,2.88839941262849,99.4727211114876,-0.58070710493618,1.01017653961111,100.485009198104,-0.586616693792016,0.209244043919218,240,0.513914689306204
"C18orf32",6,86,848.5,691.697674418605,1.66666666666667,1.93217054263566,156.802325581395,-0.265503875968992,0.64051294221701,100.433918904609,-0.170058668766919,0.0409540184396066,92,0.255715142703386
"KPNA6",4,41,1347.25,1095.19512195122,0.875,0.98780487804878,252.05487804878,-0.11280487804878,0.397324911273882,100.147682056881,-0.0448201881619928,0.429445160532198,45,0.665914963712326
"ZNF213",9,73,788,614.520547945206,1.61111111111111,3.48858447488585,173.479452054794,-1.87747336377473,0.576709818917894,100.047303380496,-1.0827573236457,0.119264814612399,82,0.414419303644477
"TXLNB",4,13,1304.25,1030.76923076923,0.875,0.961538461538462,273.480769230769,-0.0865384615384616,0.365698153830533,100.011412415846,-0.03164695561995,0.417701956663145,17,0.658177057896659
"TBX21",2,9,1128,923.111111111111,1.25,1.05555555555556,204.888888888889,0.194444444444444,0.487131854936992,99.8079045004236,0.094720082904415,0.248619128312999,11,0.538948041857232
"DPP9",4,65,1177.25,994.861538461538,1,1.1,182.388461538462,-0.1,0.547172372717194,99.7979272562386,-0.0547172372717194,0.200368779125352,69,0.502245134127921
"NAT1",2,88,623,536.863636363636,1.5,1.40340909090909,86.1363636363636,0.096590909090909,1.15850135762856,99.7890942139147,0.111900699316395,0.0327503025317481,90,0.231628688348434
"FAM187A",18,317,681.444444444444,592.678233438486,1,1.01735015772871,88.7662110059587,-0.0173501577287065,1.12354839385706,99.7331338045215,-0.0194937418492548,0.334272934688451,335,0.598819816909974
"HNRNPR",3,65,1216,1035.16923076923,1,1.07692307692308,180.830769230769,-0.0769230769230771,0.5513552033434,99.7019855399742,-0.0424119387187232,0.343207236850681,68,0.606301484014994
"OR1J1",2,7,752.5,556.142857142857,1.5,1.5,196.357142857143,0,0.507574164952099,99.6658128180943,0,0.124658431765699,9,0.42188529350969
"CYP4F11",15,244,471.6,374.360655737705,3.03333333333333,3.25,97.2393442622951,-0.216666666666667,1.02216367378538,99.3945253676284,-0.221468795986832,0.317646473310057,259,0.588595122145947
"TRAV26-2",9,93,581.333333333333,472.322580645161,3.27777777777778,3.52688172043011,109.010752688172,-0.249103942652329,0.909413073273847,99.1358036220458,-0.226538382052087,0.337916645391259,102,0.601486887585081
"H2BC1",11,181,741.545454545455,627.011049723757,1.5,1.29373848987109,114.534404821698,0.206261510128914,0.865076589284876,99.0810322789274,0.178432003683068,0.268743387388797,192,0.556442575095835
"P2RX3",4,45,1262.25,1091.37777777778,1,0.977777777777778,170.872222222222,0.0222222222222223,0.578479565752099,98.8460889102073,0.0128551014611578,0.138705396202837,49,0.434046199043617
"RAB25",6,59,1222.66666666667,991,0.916666666666667,1.16101694915254,231.666666666667,-0.244350282485876,0.426664275047581,98.8438903860231,-0.104255536134508,0.111191645788279,65,0.402830296074308
"LILRB2",9,217,333.555555555556,239.175115207373,4.61111111111111,6.94393241167435,94.3804403481823,-2.33282130056324,1.0470914491038,98.8249520512327,-2.44267723610696,0.0926342299293405,226,0.375041927859822
"TBP",5,50,1266.8,1049.64,0.9,0.98,217.16,-0.08,0.454626906516486,98.7267790191201,-0.0363701525213189,0.0491710247292519,55,0.27696369492152
"DEFB123",15,211,755.6,646.469194312796,0.977777777777778,1.09478672985782,109.130805687204,-0.117008952080042,0.902995150781162,98.5445883363863,-0.105658516326264,0.279968181412032,226,0.565840758911411
"OR6C75",4,126,537,442.071428571429,2.125,3.14021164021164,94.9285714285714,-1.01521164021164,1.0371952664534,98.4594649368975,-1.0529727076759,0.332876172986934,130,0.598368505288254
"CENPVL2",2,6,1724.5,1437.66666666667,0.75,0.805555555555556,286.833333333333,-0.0555555555555556,0.342570160698594,98.2605410937133,-0.0190316755943663,0.730833416847363,8,0.852923578773967
"ZNF223",19,263,361.052631578947,255.673003802281,4.45614035087719,4.97211660329531,105.379627776666,-0.515976252418118,0.932158035977538,98.230466860341,-0.480971410065123,0.213767038896034,282,0.519910582731924
"STAT4",4,31,1482.25,1128.45161290323,0.75,0.96236559139785,353.798387096774,-0.21236559139785,0.277638655705688,98.228108584389,-0.0589608973138424,0.274957526905791,35,0.561585375637094
"CDKL4",2,42,1227.5,1092.28571428571,0.75,0.932539682539683,135.214285714286,-0.182539682539683,0.724537990806283,97.9678868997353,-0.132256934829718,0.796221504616928,44,0.891798687334556
"NT5C3A",6,72,1104,975.402777777778,1,1.09259259259259,128.597222222222,-0.0925925925925926,0.761719613064602,97.9550263522937,-0.070529593802278,0.243897263808662,78,0.536046762025366
"RPS6KB1",5,51,1062.6,930.725490196078,1.7,1.2483660130719,131.874509803921,0.451633986928105,0.739731575411192,97.5517388938335,0.334087920659564,0.724531355550832,56,0.84854258405074
"TRGV8",4,118,568.25,468.110169491525,6,3.3361581920904,100.139830508475,2.6638418079096,0.973672026408547,97.5033516953948,2.59370825113915,0.68275686169468,122,0.823263856165342
"SLC7A3",2,75,732.5,601.253333333333,0.833333333333333,1.33777777777778,131.246666666667,-0.504444444444445,0.741476413451089,97.3163076774106,-0.374033657451994,0.607885229854126,77,0.778547939598212
"RHOD",4,43,1295,1049.18604651163,0.875,1.02325581395349,245.813953488372,-0.148255813953488,0.393045599034176,96.6160925997962,-0.0582712952056481,0.248207131606163,47,0.538748342150042
"SPACA6",2,9,949,827.333333333333,0.75,0.962962962962963,121.666666666667,-0.212962962962963,0.793264549788959,96.5138535576566,-0.168935968936538,0.851021704237286,11,0.922757360555406
"MRGPRX3",7,130,601.142857142857,498.469230769231,2.85714285714286,2.6474358974359,102.673626373626,0.20970695970696,0.938362113797954,96.3450410752574,0.196781065988765,0.301464663662515,137,0.580846884668924
"DLEC1",2,45,1009,915.644444444444,1,0.944444444444444,93.3555555555556,0.0555555555555556,1.03060011274061,96.2122460805175,0.0572555618189226,0.465038214771703,47,0.68800310381648
"SPATA31D3",10,177,518.5,423.237288135593,4.675,3.24858757062147,95.2627118644068,1.42641242937853,1.00960632557101,96.1778364893535,1.44011501157367,0.546035441118927,187,0.738626515399539
"ZNF485",3,63,525.666666666667,342.825396825397,4.16666666666667,20.2830687830688,182.84126984127,-16.1164021164021,0.52551874892582,96.0865153789923,-8.46947147739707,0.118446843529054,66,0.4137284735698
"RPL36",6,30,1079.83333333333,834.933333333333,1.25,1.67777777777778,244.9,-0.427777777777778,0.392327002681825,96.0808829567789,-0.167828773369447,0.141602035384381,36,0.439498679399699
"ZNF227",10,83,722.5,580.698795180723,1.56666666666667,2.85542168674699,141.801204819277,-1.28875502008032,0.677390570432246,96.05479902051,-0.87299049819963,0.390300211056502,93,0.641035611747547
"NLRP5",3,38,1198.66666666667,961.894736842105,1.16666666666667,1.34649122807018,236.771929824561,-0.179824561403509,0.405480390396611,96.0063745402223,-0.0729153333607942,0.0685937772691578,41,0.33024184815368
"CXCL3",14,237,581.428571428571,486.037974683544,1.63690476190476,1.84177215189873,95.3905967450272,-0.204867389993972,1.0049288493453,95.8607626253416,-0.205877150495017,0.193349647740929,251,0.495908339135272
"OR2T10",2,99,511,419.343434343434,10,4.43771043771044,91.6565656565656,5.56228956228956,1.04548383308411,95.8254575899519,5.81528381230624,0.859404565587351,101,0.927586491565758
"ASPHD1",2,22,1544,1231.68181818182,0.5,0.893939393939394,312.318181818182,-0.393939393939394,0.306679261004549,95.7815091982842,-0.120813042213913,0.0756200909206984,24,0.344166154121994
"TMSB15B",10,250,429.2,332.4,3.8,3.44,96.8,0.359999999999999,0.989251740338087,95.7595684647269,0.356130626521711,0.156554984506618,260,0.456637750429523
"KDELR2",5,71,925,759.746478873239,1.7,1.73474178403756,165.253521126761,-0.0347417840375586,0.576943859405278,95.3420042591849,-0.0200440589652537,0.331329025837583,76,0.59734540871341
"RAB19",5,56,965.4,707.517857142857,1.6,2.20833333333333,257.882142857143,-0.608333333333333,0.369678126522409,95.3333874350128,-0.224887526967799,0.144452880970913,61,0.443109852491173
"PDCD2",3,70,964,844.557142857143,1.16666666666667,1.08571428571429,119.442857142857,0.0809523809523811,0.796792148186435,95.1711307283826,0.0645022215198544,0.409505751573597,73,0.65243357473412
"ARMCX1",16,244,661.5625,558.106557377049,1.55208333333333,1.43510928961749,103.455942622951,0.116974043715847,0.918056608376354,94.978411800805,0.107388793841838,0.33413746034243,260,0.598819816909974
"GBP7",14,205,589.071428571429,494.112195121951,1.64880952380952,2.16666666666667,94.9592334494773,-0.517857142857143,0.999812775983542,94.9414548003911,-0.517760187562906,0.450254277570357,219,0.678537049211836
"KRTAP19-2",3,58,588.666666666667,471.689655172414,1.33333333333333,2.08620689655172,116.977011494253,-0.752873563218391,0.810894461606267,94.8560107559423,-0.610501002703569,0.525873381881638,61,0.725868750949577
"RSBN1",2,55,1227.5,1107.8,0.75,0.972727272727273,119.7,-0.222727272727273,0.792334742930173,94.8424687287417,-0.176474556379902,0.818330479615447,57,0.903508721943706
"STXBP3",5,41,1398,1146.75609756098,0.8,0.93089430894309,251.243902439024,-0.130894308943089,0.377125674508412,94.7505261734427,-0.049363604549475,0.33086474782862,46,0.596900917527389
"FXYD4",16,225,759.875,650.275555555556,0.921875,1.05703703703704,109.599444444444,-0.135162037037037,0.863388150617087,94.626861647549,-0.116697301191046,0.438511189827566,241,0.67034839883357
"BCL7B",5,65,1170.2,1032.75384615385,0.8,0.97948717948718,137.446153846154,-0.179487179487179,0.687838247169906,94.5407215417838,-0.123458146927932,0.691581777421151,70,0.830995562662729
"ZNF747",6,62,685.666666666667,476.435483870968,2.75,5.63709677419355,209.231182795699,-2.88709677419355,0.450582131071815,94.2758322307625,-1.30087421712669,0.0976927281403625,68,0.383079817132392
"ZCCHC10",6,44,900.333333333333,797.159090909091,1.25,1.05681818181818,103.174242424242,0.193181818181818,0.912376229975266,94.1337263335846,0.176254498972495,0.473383262325654,50,0.695210873242985
"CLEC6A",8,68,868.25,772.911764705882,1.75,1.18382352941176,95.3382352941177,0.566176470588235,0.986216179579508,94.024110179617,0.558372395791339,0.57083777486649,76,0.757668941110333
"ZNF84",3,69,855.666666666667,684.913043478261,2.16666666666667,2.23671497584541,170.753623188406,-0.0700483091787438,0.550278734970217,93.962087759697,-0.0385460949616818,0.260392520219483,72,0.548843696096641
"BECN1",2,10,1227.5,1070.7,0.75,1.06666666666667,156.8,-0.316666666666667,0.598955402642306,93.9162071343135,-0.18966921083673,0.768474819348697,12,0.874965567308781
"NUDT11",12,147,679.75,582.816326530612,1.44444444444444,1.41269841269841,96.9336734693877,0.0317460317460319,0.96694108707405,93.7291515985707,0.0306965424467953,0.472107616134246,159,0.69450129450591
"IPO8",4,70,1117,993.357142857143,1,0.971428571428571,123.642857142857,0.0285714285714286,0.757706637496693,93.6850135361982,0.0216487610713341,0.459854487285712,74,0.68423015147973
"CREB3L4",5,52,1053.2,901.538461538462,1.4,1.23076923076923,151.661538461538,0.169230769230769,0.617077239593462,93.5868835063439,0.104428455931201,0.448184860833303,57,0.677198097151899
"ZNF205",6,63,738,558.31746031746,1.75,4.42592592592593,179.68253968254,-2.67592592592593,0.520297320796871,93.4883439908028,-1.39227708991015,0.183358294965561,69,0.486197575768004
"ZDHHC20",5,31,1112.6,1016.25806451613,1,1.09677419354839,96.3419354838709,-0.096774193548387,0.969122298111406,93.3671179206298,-0.0937860288494908,0.483401188353345,36,0.699880850963756
"NLGN4X",3,23,1219.33333333333,1078.60869565217,1,0.869565217391304,140.724637681159,0.130434782608696,0.66281976847555,93.2750717666317,0.0864547524098544,0.39149412183248,26,0.642204643203033
"ZNF282",5,35,1185,994.885714285714,1.2,1.05238095238095,190.114285714286,0.147619047619048,0.49027117076391,93.2075534360874,0.0723733633032438,0.310952402455922,40,0.586473854446065
"COX7B",5,51,1164.8,911.960784313726,1.3,1.48039215686275,252.839215686274,-0.180392156862745,0.368324292698062,93.1268252839797,-0.0664428135847484,0.41174211205023,56,0.653943354432718
"SAA1",13,219,658.923076923077,564.228310502283,1.64102564102564,1.66666666666667,94.6947664207938,-0.0256410256410253,0.982485024444464,93.0361899016964,-0.0251919237037039,0.433778692157989,232,0.6673050510669
"ZNF354B",8,195,646.625,547.728205128205,1.25,3.06581196581197,98.8967948717949,-1.81581196581197,0.938502748825967,92.8149138372573,-1.70414452126561,0.426728631521925,203,0.664455865069125
"IGHV6-1",13,120,428.461538461538,338.4,3.87820512820513,8.6875,90.0615384615385,-4.80929487179487,1.02729169310072,92.5194703294097,-4.94054867146678,0.394784090090368,133,0.644163831768522
"CLTA",2,27,1227.5,1100.03703703704,0.75,1.05555555555556,127.462962962963,-0.305555555555556,0.72416466593151,92.3041739927146,-0.221272536812406,0.807372134571165,29,0.897179935969515
"ASB13",6,24,985.833333333333,854.083333333333,1.33333333333333,1.24305555555556,131.75,0.0902777777777777,0.700292282918493,92.2635082745115,0.0632208310968084,0.424524723672586,30,0.66317466606554
"ZNF30",6,76,514.666666666667,364.315789473684,2.80555555555556,13.1381578947368,150.350877192982,-10.3326023391813,0.613609741430197,92.2567628781892,-6.34018544964607,0.0880619091050583,82,0.3659731339228
"CFHR2",18,227,495.444444444444,397.784140969163,2.35185185185185,2.89941262848752,97.6603034752815,-0.547560776635667,0.942275131372018,92.022875287002,-0.515952902738537,0.393671411618651,245,0.642767239987086
"TARM1",2,51,692.5,592.411764705882,1,1.16013071895425,100.088235294118,-0.160130718954248,0.916084974992014,91.6893285264066,-0.146693345668656,0.735464898674397,53,0.857516045951937
"CUBN",5,17,1179.8,954.588235294118,0.8,1.16666666666667,225.211764705882,-0.366666666666667,0.406386032462108,91.5229155226133,-0.149008211902773,0.408777865667057,22,0.652271562847005
"TXNDC9",3,6,1145.66666666667,1037.33333333333,0.833333333333333,0.833333333333333,108.333333333333,0,0.84463484358003,91.5021080545033,0,0.717602634040572,9,0.844387551715585
"ZNF727",7,169,363.571428571429,249.355029585799,5.83333333333333,8.23570019723866,114.21639898563,-2.40236686390533,0.800111762107885,91.3858842540095,-1.92216198470888,0.186883138039785,176,0.490016417064947
"IFNA4",11,176,433.272727272727,338.806818181818,3.95454545454545,4.35511363636364,94.4659090909091,-0.400568181818181,0.965501315969151,91.2069595414948,-0.386749106680824,0.227371732310241,187,0.530711122845632
"AADACL2",3,84,854.666666666667,757.797619047619,1,1.1031746031746,96.8690476190476,-0.103174603174603,0.93986609259261,91.0439332788818,-0.0969703111405075,0.0934572653872851,87,0.376466968233459
"IRGM",2,10,525.5,372,2,1.55,153.5,0.45,0.588997911764778,90.4111794558934,0.26504906029415,0.694880927195724,12,0.832856684185397
"MT1E",15,243,483.4,401.432098765432,2.58888888888889,4.14060356652949,81.9679012345679,-1.5517146776406,1.10222992027489,90.3474732428776,-1.71034634542517,0.218519673371261,258,0.522251563870551
"AKR1C8P",3,69,624.333333333333,524.594202898551,3,2.80193236714976,99.7391304347826,0.198067632850242,0.905233310334892,90.2871832134019,0.179297418955221,0.701081992213875,72,0.835776742507948
"CCL13",3,37,1026.33333333333,923.864864864865,1,1.06306306306306,102.468468468468,-0.0630630630630631,0.880588259112624,90.2325302625853,-0.0555325929170123,0.319245778234497,40,0.589159263434654
"BTN1A1",3,66,932.666666666667,803.833333333333,1,1.31313131313131,128.833333333333,-0.313131313131313,0.700048795278081,90.1896197916594,-0.219207198521419,0.473949481572079,69,0.6952480644133
"ZNF3",6,100,407,284.52,5.5,14.9416666666667,122.48,-9.44166666666667,0.734649611497629,89.9798844162297,-6.93631674855679,0.305494207104846,106,0.583256020827026
"ZNF487",13,97,233.076923076923,104.072164948454,7.07692307692308,27.3848797250859,129.004758128469,-20.3079566481628,0.696039350857943,89.7923881053259,-14.1351369626385,0.0178504769452899,110,0.171880737044285
"ACSM5",6,18,1034.66666666667,888.277777777778,1.25,1.16666666666667,146.388888888889,0.0833333333333335,0.613105109692142,89.7517757799331,0.0510920924743453,0.321671939419026,24,0.59034919861614
"MS4A4E",11,87,752.454545454545,663.83908045977,2.90909090909091,1.81034482758621,88.6154649947754,1.0987460815047,1.01259754039421,89.7318018945986,1.11258757964943,0.570809337134446,98,0.757668941110333
"MOB3A",3,8,1603,1189.375,0.666666666666667,0.9375,413.625,-0.270833333333333,0.216916261602479,89.7219887053255,-0.0587481541840048,0.453620213705959,11,0.679882003466529
"ARSL",4,42,1162.75,925.452380952381,1.125,1.66269841269841,237.297619047619,-0.537698412698413,0.378002213683211,89.6990253017553,-0.203251190293949,0.039525132214415,46,0.252877141856063
"ARF4",6,64,958.666666666667,803.828125,1.41666666666667,1.66666666666667,154.838541666667,-0.25,0.57912186650171,89.6703852564027,-0.144780466625427,0.355690097060764,70,0.615271646121072
"OR51B6",2,25,731.5,661.84,1,1.14666666666667,69.66,-0.146666666666667,1.28672938659074,89.6335690699106,-0.188720310033308,0.651834215860579,27,0.80610754339786
"WNT8A",5,19,1033.6,850.21052631579,1.2,0.982456140350877,183.38947368421,0.217543859649123,0.488652955348269,89.6138082955531,0.106303449935413,0.316558707305728,24,0.588083958342022
"HLA-A",18,326,191.055555555556,112.303680981595,8.75,13.1605316973415,78.7518745739604,-4.41053169734151,1.13132413158186,89.0938961128295,-4.98974094230916,0.0160990876596939,344,0.162865707058574
"GALP",2,16,1206,1058.5625,0.75,1.02083333333333,147.4375,-0.270833333333333,0.602132554472901,88.7769185000984,-0.163077566836411,0.894930910113614,18,0.946961596715485
"TRGV2",6,91,698.5,596.164835164835,4,2.74725274725275,102.335164835165,1.25274725274725,0.866179485640578,88.6406204398669,1.08510397102226,0.493316117512981,97,0.707316543086427
"VN1R4",9,129,440,336.131782945736,5.66666666666667,4.68087855297158,103.868217054264,0.985788113695091,0.853200680804708,88.6204335046689,0.841075089733841,0.578622644569075,138,0.760226420409641
"C2orf92",10,77,771,669.649350649351,1.3,1.29004329004329,101.350649350649,0.00995670995670994,0.87362301185404,88.5422595390771,0.00869841094053805,0.580031781957708,87,0.760810347450205
"CCDC169",2,40,692.5,544.025,1,0.9875,148.475,0.0125,0.59558348948933,88.4292586019283,0.0074447936186166,0.629694918494715,42,0.793272665291576
"ZNF850",4,28,915.5,695.5,1.875,2.79166666666667,220,-0.916666666666667,0.401629564122715,88.3585041069973,-0.368160433779155,0.107613171083667,32,0.398168733009568
"SULT1A1",5,58,845.4,719.965517241379,2.3,1.95114942528736,125.434482758621,0.348850574712643,0.70438895011587,88.354663618672,0.245726490069157,0.531334634673042,63,0.728268605204227
"OPN1LW",5,11,1531.4,1201.09090909091,0.7,0.984848484848485,330.309090909091,-0.284848484848485,0.267289513641563,88.2881562604776,-0.0761370129766875,0.195290505705913,16,0.497146035680246
"RPS11",7,49,992.428571428571,843.897959183673,1,1.33333333333333,148.530612244898,-0.333333333333333,0.593713490636959,88.184628262363,-0.197904496878986,0.335582828881977,56,0.599458642920151
"TRIM64B",8,124,518.875,409.08064516129,1.46875,3.87231182795699,109.79435483871,-2.40356182795699,0.79906420605222,87.7327389782093,-1.92060022375387,0.374673375956505,132,0.629745433258401
"OR2T1",3,147,502,418.537414965986,5,3.91836734693878,83.4625850340136,1.08163265306122,1.04876260894354,87.5324384294445,1.13437588314302,0.658419352004123,150,0.807812014310248
"OR52I1",3,82,627,546.268292682927,1.33333333333333,1.34146341463415,80.7317073170732,-0.00813008130081294,1.08320543297529,87.4490239792244,-0.00880654823557136,0.608079435671244,85,0.778547939598212
"SLC47A1",4,50,1104.75,977.8,1,1.03666666666667,126.95,-0.0366666666666666,0.687516342442067,87.2801996730205,-0.0252089325562091,0.26507772408575,54,0.553422458436079
"COX6C",7,77,733.571428571429,575.272727272727,1.85714285714286,2.88744588744589,158.298701298701,-1.03030303030303,0.550632409531695,87.1643953218419,-0.567318240123564,0.217246889206528,84,0.5220343781675
"IFNA10",10,125,487.7,395.32,4.15,4.39866666666667,92.38,-0.248666666666666,0.943140170121707,87.1272889158433,-0.234527522303597,0.443567401156449,135,0.673952598867365
"IFNA2",8,110,635.125,520.790909090909,2.8125,2.73939393939394,114.334090909091,0.0731060606060603,0.761138081998901,87.0240306616334,0.0556438067521921,0.228656958822625,118,0.530919934605002
"LCE2A",4,49,756.25,686.040816326531,1.5,1.86734693877551,70.2091836734694,-0.36734693877551,1.23792125840099,86.9134410043672,-0.454746584718729,0.619007497674842,53,0.787692080564499
"AACS",5,8,1033.6,835.5,1.2,1.5625,198.1,-0.3625,0.438549408505917,86.8766378250221,-0.158974160583395,0.301816016478689,13,0.581232193662093
"ZNF225",18,266,167.611111111111,81.515037593985,21.1203703703704,29.3953634085213,86.0960735171262,-8.27499303815094,1.00072047897087,86.1581039275698,-8.28095499661903,0.203723566972153,284,0.505022020701894
"IGKV1D-43",11,171,240.727272727273,168.497076023392,9.72727272727273,20.6091617933723,72.2301967038809,-10.8818890660996,1.18872279048751,85.8616809832988,-12.9355495364294,0.273370626356122,182,0.560199498932853
"ZNF492",11,205,352.909090909091,259.409756097561,5.15151515151515,8.12764227642277,93.4993348115299,-2.97612712490762,0.917276321973255,85.7647259428661,-2.7299309428601,0.15210358910925,216,0.451631213990992
"DNAJB5",19,240,534.578947368421,438.175,2.57017543859649,2.90833333333333,96.403947368421,-0.338157894736843,0.889561917751469,85.7572802998643,-0.300812385344906,0.418807799209456,259,0.659399513648931
"PLOD3",2,16,1017,915.8125,0.375,1.15625,101.1875,-0.78125,0.846523342403549,85.6575807094591,-0.661346361252773,0.855625158434879,18,0.925826735203297
"SRSF12",6,51,1347.5,1070.29411764706,0.833333333333333,0.980392156862745,277.205882352941,-0.147058823529412,0.308821884850497,85.6072430798803,-0.0454149830662495,0.202905695982125,57,0.504022364420694
"EWSR1",3,53,1108,969.698113207547,1,1.08176100628931,138.301886792453,-0.0817610062893082,0.617355403039367,85.3814170618596,-0.0504755989906401,0.37871453915519,56,0.633463080144052
"CREB1",6,48,1222.66666666667,1065.39583333333,0.916666666666667,0.96875,157.270833333333,-0.0520833333333334,0.541721518064871,85.1969945806608,-0.0282146623992121,0.253106199825861,54,0.540868283017005
"OR1G1",2,64,682,597.71875,1,1.44791666666667,84.28125,-0.447916666666667,1.00928481352857,85.0637856902045,-0.452075489393004,0.78268329793927,66,0.884359347110909
"ZNF439",12,163,358.166666666667,263.300613496932,5.02777777777778,7.79141104294478,94.8660531697342,-2.76363326516701,0.893067909430911,84.7218277802561,-2.46811218255642,0.172003666806019,175,0.472714341510903
"HLA-F",18,320,221.777777777778,144.39375,7.84722222222222,10.9286458333333,77.3840277777778,-3.08142361111111,1.09373709192737,84.6377815032938,-3.37026729941301,0.0566214952158226,338,0.297406275599887
"TRGV5",5,62,739.8,626.258064516129,2.6,2.87096774193548,113.541935483871,-0.270967741935483,0.745176146274307,84.6087419243969,-0.201918697700134,0.546779303689379,67,0.738626515399539
"IGKV2D-28",14,247,283,204.85020242915,6.19642857142857,11.6255060728745,78.1497975708502,-5.42907750144593,1.08126841153024,84.5009074808432,-5.87029000606301,0.100502174636243,261,0.386160278698488
"MRPS31",5,16,922,793.4375,1.5,1.23958333333333,128.5625,0.260416666666667,0.653828528181651,84.0578301543535,0.170267845880638,0.503035428009093,21,0.711281686277586
"ZNF26",2,23,1128,980.478260869565,1.25,1.15217391304348,147.521739130435,0.0978260869565217,0.569233644161075,83.9743371581969,0.0556858999722791,0.20185366557896,25,0.502571037733386
"OR6T1",2,17,731.5,649.058823529412,1,1,82.4411764705883,0,1.01398556019504,83.5941625066673,0,0.552822338867404,19,0.744047849819517
"BDH2",2,9,731.5,601.111111111111,1,1.66666666666667,130.388888888889,-0.666666666666667,0.640727367041025,83.5437294691825,-0.42715157802735,0.360236675242058,11,0.619142259899898
"DUOXA2",12,189,784.166666666667,691.687830687831,0.979166666666667,0.980599647266314,92.478835978836,-0.00143298059964725,0.903181007996223,83.5251282976824,-0.00129424086242843,0.447463069703582,201,0.676783658794669
"OR8J1",7,171,555.714285714286,473.187134502924,3.21428571428571,3.69590643274854,82.5271512113617,-0.481620718462824,1.00976415592526,83.3329591838565,-0.486323338254729,0.520016329545806,178,0.722526165808429
"SLC34A2",5,28,708.4,625.928571428571,1.2,1.30357142857143,82.4714285714285,-0.103571428571429,1.0098456675434,83.2834148389725,-0.104591158424138,0.67068714907103,33,0.814969498560063
"PPP2CB",6,56,1064.5,862.089285714286,1.25,1.47916666666667,202.410714285714,-0.229166666666667,0.411138709349507,83.2188798299404,-0.094219287559262,0.0930139561105795,62,0.375438150119067
"EIF1AY",7,130,788.571428571429,692.115384615385,0.892857142857143,1.61025641025641,96.4560439560439,-0.717399267399267,0.861933842021794,83.138728553256,-0.618350706813071,0.6326711826168,137,0.794773399993651
"CPT1C",4,50,1223.25,1081.96,0.875,1,141.29,-0.125,0.588248582324032,83.1136421965625,-0.073531072790504,0.664501158106446,54,0.811984354862996
"ZNF729",4,38,872.25,753.736842105263,1.5,2.09210526315789,118.513157894737,-0.592105263157895,0.700658341188113,83.0372326194913,-0.414863491492962,0.639845580104256,42,0.800496695984496
"LCE3A",5,59,922,807.93220338983,1.2,1.28531073446328,114.067796610169,-0.0853107344632769,0.727127750888538,82.9418603979637,-0.0620318024769318,0.513818510575795,64,0.720113139805923
"H2AW",5,39,1106.8,937.794871794872,1.6,1.26495726495726,169.005128205128,0.335042735042735,0.489800273177246,82.7787579632273,0.164104023149983,0.577138979666976,44,0.759598662134865
"ZNF280C",16,272,684.5,604.224264705882,1.015625,1.05882352941176,80.2757352941177,-0.0431985294117647,1.02698368081916,82.4418701128171,-0.0443641847412687,0.417048484487483,288,0.658177057896659
"HLA-B",17,320,202.294117647059,126.509375,8.22058823529412,11.8427083333333,75.7847426470588,-3.62212009803921,1.08764186951771,82.4266591735655,-3.93956947504903,0.0606629006896882,337,0.308408334804063
"DHX15",2,5,1771,1283.2,0.5,0.866666666666667,487.8,-0.366666666666667,0.168866870908571,82.3732596292011,-0.0619178526664762,0.342880586685358,7,0.606044592864707
"DEFB108B",4,38,752.75,626.921052631579,2.625,1.58771929824561,125.828947368421,1.03728070175439,0.65297590132352,82.1632703204845,0.677319301153564,0.326999266362659,42,0.593410112799811
"DCAF8L2",5,43,1160.8,1021.23255813953,1,1.03100775193798,139.567441860465,-0.0310077519379846,0.587607111112708,82.0108213170187,-0.0182203755383786,0.224493120495196,48,0.527906686330573
"RPLP2",4,63,992.75,873.333333333333,1.5,1.17195767195767,119.416666666667,0.328042328042328,0.686451631672313,81.9737656822021,0.22518519134224,0.521813116738939,67,0.723330724403648
"SP140L",18,226,602.333333333333,516.800884955752,1.63888888888889,1.9122418879056,85.5324483775812,-0.273352999016714,0.957781189523429,81.921370149931,-0.261812360558025,0.494556353546522,244,0.707824924345237
"NLRP2",6,46,862.333333333333,632.54347826087,2.16666666666667,2.89130434782609,229.789855072464,-0.72463768115942,0.356466072935755,81.9122872381574,-0.25830874850417,0.264786891590647,52,0.553104244012663
"TNNC2",4,52,947.5,785.365384615385,1.25,1.79807692307692,162.134615384615,-0.548076923076923,0.504165076865581,81.742610827956,-0.276321244051328,0.565522284650595,56,0.754856801575707
"ULK4",4,4,948.75,712.5,2,1.5,236.25,0.5,0.345037908251406,81.5152058243947,0.172518954125703,0.472386015632398,8,0.69450129450591
"IGKV1D-13",10,214,269.4,200.345794392523,7.8,19.5381619937695,69.0542056074766,-11.7381619937695,1.17975656956243,81.4671527213354,-13.8481737267376,0.269284367867202,224,0.557169958881814
"LUC7L",4,75,1117,1001.97333333333,1,0.966666666666667,115.026666666667,0.0333333333333333,0.707978495171218,81.436406371228,0.0235992831723739,0.487286003114605,79,0.702704752236003
"FBXO32",3,18,1453.33333333333,1215.83333333333,0.833333333333333,0.925925925925926,237.5,-0.0925925925925926,0.342785716934703,81.411607771992,-0.0317394182346947,0.150610776644963,21,0.450102359108783
"CCNE1",6,51,1167.5,1006.86274509804,1.08333333333333,0.980392156862745,160.637254901961,0.102941176470588,0.506478976389061,81.3593924326938,0.0521375416871092,0.497725260627737,57,0.709818037640413
"MCCD1",4,31,969,805.645161290323,1.625,1.74731182795699,163.354838709677,-0.122311827956989,0.498018019987899,81.3536533296361,-0.0609134943802403,0.253545953384705,35,0.540868283017005
"UBE2Q2",5,70,857.4,754.342857142857,3.3,2.30714285714286,103.057142857143,0.992857142857143,0.788536599553668,81.264328988288,0.782904195271142,0.803257863799482,75,0.895109492404886
"PDE4DIP",11,146,657.636363636364,569.212328767123,1.78787878787879,1.7134703196347,88.4240348692404,0.0744084682440849,0.918542313003906,81.22121751393,0.0683473265279994,0.413972183943906,157,0.655661057090704
"FRAT2",2,32,1240,1053.96875,1,0.973958333333333,186.03125,0.0260416666666666,0.434932934982997,80.9111175610556,0.0113263785151822,0.405773579922646,34,0.651196800280289
"ZNF169",2,29,857,723.103448275862,2.25,1.40804597701149,133.896551724138,0.841954022988506,0.60408854177996,80.8853726803995,0.508614777992898,0.152278095518365,31,0.451700242701644
"DEFB130B",6,7,900,773.857142857143,1.83333333333333,0.904761904761905,126.142857142857,0.928571428571428,0.641095309950177,80.869594098001,0.595302787810879,0.588638907140995,13,0.765446521161065
"RPL14",6,64,900.166666666667,730.640625,1.75,2.0625,169.526041666667,-0.3125,0.474225461158315,80.3935652877188,-0.148195456611974,0.210425134353813,70,0.514902711137926
"TPRX1",5,80,852.8,747.675,1.63333333333333,1.22083333333333,105.125,0.4125,0.763865168129106,80.3013257995722,0.315094381853256,0.496323611072836,85,0.708840526793312
"KRCC1",12,235,735.25,650.489361702128,1.04166666666667,0.972340425531915,84.7606382978723,0.0693262411347518,0.947334631149976,80.2966880179514,0.0656751490744044,0.448579349173012,247,0.677446364057201
"IGHV3-35",17,213,189.529411764706,114.657276995305,8.17647058823529,20.8474178403756,74.8721347694007,-12.6709472521403,1.06930704048816,80.0613008452982,-13.5491331063677,0.0329817135678753,230,0.232033322917658
"GIPC3",6,51,1209.5,1033.37254901961,0.916666666666667,1.09150326797386,176.127450980392,-0.174836601307189,0.453953450674077,79.9536641309784,-0.0793676784675265,0.104851495776673,57,0.392820776134032
"FCGR1B",3,16,715.666666666667,637.625,1.33333333333333,1.75,78.0416666666666,-0.416666666666667,1.02304126984125,79.8398457671943,-0.426267195767188,0.584164214083292,19,0.763485209618036
"ATP2A1",4,62,950.75,809.258064516129,1.625,1.65322580645161,141.491935483871,-0.028225806451613,0.563738457619791,79.7644454753164,-0.0159119725941071,0.198918918801892,66,0.500554155876802
"MYH11",6,73,828.166666666667,719.808219178082,2.83333333333333,1.94292237442922,108.358447488584,0.89041095890411,0.736018482898036,79.7538201297345,0.655358923128388,0.747096607636585,79,0.862333346076197
"ZNF696",6,45,888.666666666667,659.222222222222,1.33333333333333,3.46296296296296,229.444444444444,-2.12962962962963,0.347376596423742,79.7036301794474,-0.739783492383894,0.136655065716457,51,0.432690672808606
"TMEM123",3,73,765.333333333333,677.958904109589,1,1.50684931506849,87.3744292237443,-0.506849315068493,0.910290909178103,79.536148617,-0.461380323829997,0.805871709095984,76,0.896392071214038
"CEACAM8",11,225,375.181818181818,296.866666666667,5.12121212121212,6.26592592592593,78.3151515151515,-1.1447138047138,1.01364505463877,79.3837660366192,-1.16033348712488,0.296010292692048,236,0.577168404677833
"RALGDS",12,202,357.25,269.851485148515,9.70833333333333,6.57590759075908,87.3985148514852,3.13242574257425,0.907660859377908,79.3282110984519,2.84318024144243,0.392312248006224,214,0.64245381846828
"UPK3BL1",3,13,990,871.538461538462,1.83333333333333,1,118.461538461538,0.833333333333333,0.669507775727633,79.310921124658,0.557923146439694,0.761868245050049,16,0.871759768759441
"XAGE5",10,169,365.3,267.597633136095,6.28333333333333,6.49211045364891,97.7023668639054,-0.208777120315581,0.805640990461,78.7130316106206,-0.16819940599664,0.277361395492974,179,0.562799173648021
"IGHV7-81",15,137,336,262.109489051095,5.87222222222222,10.3613138686131,73.8905109489051,-4.48909164639092,1.06458705389999,78.66288136226,-4.77902885051837,0.34340553721587,152,0.606301484014994
"PAPOLA",6,71,987.333333333333,883.464788732394,0.888888888888889,1.22535211267606,103.868544600939,-0.336463223787167,0.75695139509368,78.6234397420309,-0.254686306643414,0.348943144710595,77,0.611238329368831
"ZNF724",7,80,329,204.4,7.64285714285714,12.9583333333333,124.6,-5.31547619047619,0.630579064285286,78.5701514099466,-3.35182800242119,0.239403770596414,87,0.534311869916102
"ATCAY",3,37,1172,1003.75675675676,0.833333333333333,1.55405405405405,168.243243243243,-0.720720720720721,0.466876826098736,78.5488714179631,-0.336487802593684,0.563056651661243,40,0.752636616224707
"ZNF182",4,61,898,793.983606557377,1.375,1.77868852459016,104.016393442623,-0.403688524590164,0.754282021096945,78.4576954731167,-0.304494996221513,0.66998405486279,65,0.814969498560063
"XPNPEP1",2,37,780.5,692.324324324324,1,0.968468468468468,88.1756756756756,0.0315315315315315,0.889452415360962,78.4280677058145,0.0280457968807511,0.638466153083799,39,0.799911651720018
"GSTT2",3,42,1008,892.285714285714,1.33333333333333,1.1468253968254,115.714285714286,0.186507936507937,0.677679699231921,78.4172223396937,0.126392642317065,0.727845178032659,45,0.850747911890809
"ZNF573",8,108,644.875,543.555555555556,2.0625,2.43827160493827,101.319444444444,-0.375771604938271,0.77318176456162,78.3383468399586,-0.290539752578325,0.667702782724827,116,0.81469933428043
"CLDN3",4,38,1428,1119.73684210526,0.875,1.05263157894737,308.263157894737,-0.177631578947368,0.253735583041853,78.2173320987437,-0.0450714522508554,0.410540684105965,42,0.653333561803041
"IGHV3-7",19,250,139.947368421053,70.152,13.0833333333333,27.0926666666667,69.7953684210526,-14.0093333333333,1.11822431896905,78.0468783198255,-15.6655772258771,0.11235540671706,269,0.405367059981384
"UBA52",3,54,868,731.759259259259,1.5,2.34567901234568,136.240740740741,-0.845679012345679,0.571401378564543,77.8481470759138,-0.483222153477422,0.635681328643601,57,0.797045054678328
"CASP5",4,48,662,575.166666666667,2,1.25694444444444,86.8333333333334,0.743055555555556,0.896079907219257,77.8096052768722,0.665837153280976,0.618520738690001,52,0.787387343678
"HCK",6,76,729,589.973684210526,2.25,2.85964912280702,139.026315789474,-0.609649122807018,0.5590323017519,77.720201319876,-0.340813552383834,0.218101466616203,82,0.5220343781675
"IGLL5",8,116,629,548.491379310345,1.39583333333333,1.86206896551724,80.5086206896551,-0.466235632183908,0.964873288220573,77.6806175749304,-0.449858307510885,0.602183275089492,124,0.77598334964773
"ICAM3",4,40,1049.5,874.9,1.375,1.45,174.6,-0.075,0.444744774903117,77.6524376980842,-0.0333558581177337,0.0133689030211392,44,0.14676411118811
"MAP2K1",5,52,1262.4,1036.48076923077,0.9,1.00961538461538,225.919230769231,-0.109615384615385,0.342872686135955,77.4615335036148,-0.0375841213649027,0.380181003523856,57,0.634116524890796
"OR1C1",4,44,795.25,694.136363636364,1.75,1.65530303030303,101.113636363636,0.0946969696969697,0.765008993864696,77.3528412205462,0.0724440335099144,0.670779449640653,48,0.814969498560063
"GABPB1",6,68,1104,991.617647058824,1,1.0171568627451,112.382352941176,-0.017156862745098,0.688127573611082,77.333395846116,-0.0118061103315626,0.296689017904892,74,0.577481400656574
"ZNF98",7,103,299.571428571429,185.300970873786,8.78571428571429,13.4304207119741,114.270457697642,-4.64470642625982,0.676246150117344,77.2749570901773,-3.14096483918349,0.333987094153192,110,0.598819816909974
"IFNA16",9,89,502.888888888889,423.640449438202,3.61111111111111,3.812734082397,79.2484394506866,-0.201622971285893,0.974399875692089,77.2196695495411,-0.196461398157643,0.523261438521387,98,0.724274063934168
"PPP6C",5,81,884.6,779.283950617284,1.6,1.61522633744856,105.316049382716,-0.0152263374485597,0.731998197860649,77.0911583539512,-0.0111456515723638,0.490096560017164,86,0.704670028145126
"RTP1",12,223,765.166666666667,675.493273542601,1,1,89.6733931240657,0,0.857026022123687,76.8524313994516,0,0.480298133026782,235,0.6977857446741
"SYNGR2",4,16,1256.75,1131.0625,1,1.02083333333333,125.6875,-0.0208333333333333,0.611250606973855,76.8265606640264,-0.0127343876452886,0.702625699352963,20,0.836120397443252
"LGALS9B",8,59,638.5,562.050847457627,2.3125,2.08474576271186,76.4491525423729,0.227754237288136,1.00417833174728,76.7685824634932,0.228705870048374,0.289224184119878,67,0.573852949226929
"RAB13",4,65,851,698.661538461538,1.875,2.22051282051282,152.338461538462,-0.345512820512821,0.503524041232144,76.7060777889336,-0.173974011682132,0.295401002276468,69,0.576378127488655
"ZNF140",9,108,567.777777777778,479.777777777778,1.86111111111111,4.09567901234568,88.0000000000001,-2.23456790123457,0.871472738589816,76.6896009959038,-1.94736500845379,0.433781388235187,117,0.6673050510669
"ZNF675",6,88,375.333333333333,259.875,6.75,10.0378787878788,115.458333333333,-3.28787878787879,0.66400882031392,76.665351712078,-2.18318051527456,0.26363262195336,94,0.551981085532553
"HBG1",7,75,802.142857142857,727.413333333333,1.57142857142857,1.34444444444444,74.7295238095238,0.226984126984127,1.01935057800915,76.1755832895863,0.231376401040171,0.569217998187489,82,0.757176418797839
"ZSCAN12",9,88,525,442.034090909091,1.75925925925926,8.27840909090909,82.9659090909091,-6.51914983164983,0.917629370074424,76.1319548967428,-5.98216335343762,0.586567920659924,97,0.765238462604328
"PSG11",11,161,390.909090909091,313.192546583851,4.18181818181818,7.15734989648033,77.71654432524,-2.97553171466215,0.979419241818942,76.1170789198148,-2.91429301598262,0.20816268523882,172,0.511888055516506
"P2RX6",4,34,1115.75,953.882352941176,1.125,1.50980392156863,161.867647058824,-0.384803921568627,0.469280370553145,75.9613093923304,-0.180580926904029,0.409707088923184,38,0.65243357473412
"TCP11X2",11,192,759.363636363636,677.130208333333,1.36363636363636,1.09201388888889,82.233428030303,0.271622474747475,0.922454954244573,75.8566330910676,0.25055949751498,0.177359736721309,203,0.477258927904612
"OR6C3",4,184,349.25,283.179347826087,7.75,5.65398550724638,66.0706521739131,2.09601449275362,1.14763551946177,75.8250272287867,2.4054606811907,0.649198250228862,188,0.805150902518477
"PRSS1",10,128,488.1,426.1953125,3,2.41015625,61.9046875,0.58984375,1.22034391038182,75.5450084147147,0.719812228389277,0.301345144164851,138,0.580846884668924
"ZNF668",5,50,1005.6,782.86,1.8,2.17666666666667,222.74,-0.376666666666667,0.338959389751436,75.4998144732349,-0.127674703473041,0.503379531729983,55,0.711281686277586
"ATP6V1G1",2,45,1078,963.755555555556,1,1.19259259259259,114.244444444444,-0.192592592592593,0.660735902836672,75.485406144074,-0.127252840546322,0.0609889103100004,47,0.30949037544423
"ZSCAN9",13,113,558.615384615385,470.548672566372,2.12820512820513,3.86135693215339,88.066712049013,-1.73315180394826,0.856244581540459,75.4066450060512,-1.48400184111777,0.59980385519244,126,0.773915468307714
"RFPL4B",2,14,780.5,683.642857142857,1,2.38095238095238,96.8571428571429,-1.38095238095238,0.777522034399367,75.3085627603959,-1.07372090464675,0.815162426679883,16,0.901605697642267
"IGHV3-38",8,176,249.875,180.545454545455,8.125,13.6316287878788,69.3295454545455,-5.50662878787879,1.08392461368173,75.1480007735483,-5.96877048159022,0.274343214017438,184,0.56109477792527
"DUXA",4,30,1172.75,955.666666666667,1.125,1.3,217.083333333333,-0.175,0.346140951462746,75.1414315467044,-0.0605746665059805,0.0283682289555657,34,0.217163683728813
"FSHB",2,25,731.5,609.16,1,1.08,122.34,-0.0800000000000001,0.613562245921152,75.0632051659938,-0.0490849796736922,0.37162743624817,27,0.627909638292045
"NUMB",5,71,1112.6,1006.18309859155,1,1.11032863849765,106.416901408451,-0.110328638497653,0.705036184227132,75.0277661062889,-0.0777856822973595,0.413662221557071,76,0.655534714801086
"TRIM7",2,14,1365.5,1232.57142857143,0.75,0.821428571428571,132.928571428571,-0.0714285714285714,0.563927307559727,74.962051383475,-0.0402805219685519,0.884858300270389,16,0.942473956056814
"H2BC11",7,65,850.142857142857,731.553846153846,1.14285714285714,1.8,118.589010989011,-0.657142857142857,0.63129699513801,74.864886293751,-0.414852311090692,0.364316202629178,72,0.622284831290513
"IGHV3-30",18,237,155.666666666667,88.4050632911392,12.2592592592593,26.407876230661,67.2616033755274,-14.1486169714018,1.11173773852634,74.7772628263645,-15.7295514350616,0.192109792653501,255,0.495886406677629
"USP9Y",6,99,650.166666666667,562.858585858586,3.75,1.90909090909091,87.3080808080807,1.84090909090909,0.855449486007267,74.6876528515535,1.57480473560429,0.809187967047128,105,0.897450767782493
"SULT4A1",5,25,1287.8,1089.84,1.1,1.12,197.96,-0.02,0.377232460875436,74.6769379549012,-0.00754464921750872,0.502272384101642,30,0.710722537843542
"PDS5B",2,36,1154,1000.41666666667,1,1.04166666666667,153.583333333333,-0.0416666666666667,0.484857448815582,74.4660231805931,-0.0202023937006493,0.624848670739516,38,0.789906766300256
"SLC44A2",5,67,1105.8,987,1,1.03731343283582,118.8,-0.0373134328358209,0.626195721608386,74.3920517270762,-0.0233655120003129,0.364283562773556,72,0.622284831290513
"FCGR2A",4,87,678.75,611.252873563218,1.25,1.21072796934866,67.4971264367816,0.0392720306513408,1.10159261855217,74.3543362562409,0.0432617790810714,0.796338283369662,91,0.891798687334556
"LRP5L",6,64,930,781.71875,1.41666666666667,1.89583333333333,148.28125,-0.479166666666666,0.501116894069427,74.3062394487322,-0.2401185117416,0.076076669663972,70,0.345065121427051
"STK17A",4,33,1338.75,1091.75757575758,0.875,1.04545454545455,246.992424242424,-0.170454545454545,0.300742332690755,74.2810778236113,-0.0512628976177424,0.4388342146677,37,0.670484385556111
"AAMDC",2,39,1138.5,1051.28205128205,0.75,1.09401709401709,87.2179487179487,-0.344017094017094,0.85164176370671,74.2784476730353,-0.292979324693975,0.889518945652337,41,0.94491444093764
"NAT2",2,39,623,557.820512820513,1.5,1.32905982905983,65.1794871794872,0.170940170940171,1.13877655475683,74.2248718510733,0.194662658932791,0.225622860041716,41,0.52910149573163
"OR2M7",7,23,956.571428571429,849.565217391304,1.78571428571429,1.23913043478261,107.006211180124,0.546583850931677,0.692181112911987,74.0676783431534,0.378335018237608,0.59445472996252,30,0.770376684037424
"ARPP19",2,72,871.5,795.111111111111,1,1.1875,76.3888888888889,-0.1875,0.964576550102295,73.682930910592,-0.18085810314418,0.360499211018932,74,0.619327105430634
"SULT2B1",5,53,1085.4,978.792452830189,1.3,1.36792452830189,106.607547169811,-0.0679245283018868,0.68914573097381,73.4681360216646,-0.046809898707655,0.588642932814803,58,0.765446521161065
"H2AC17",10,67,781.2,685.65671641791,1.00833333333333,1.4228855721393,95.5432835820895,-0.41455223880597,0.768297702300868,73.4056852463997,-0.318499532558308,0.656963917050052,77,0.807284797197045
"SNRPF",5,61,940.6,810.131147540984,1.4,1.68306010928962,130.468852459016,-0.283060109289618,0.562081122961249,73.3340791016295,-0.159102744095042,0.185693782471961,66,0.488822368088246
"NLRP4",4,53,843.75,710.037735849057,2,2.07861635220126,133.712264150943,-0.0786163522012577,0.548279764665964,73.3117287216324,-0.0431037550838021,0.513954623304928,57,0.720113139805923
"SDCBP",10,181,612.1,526.812154696133,2.875,2.06813996316759,85.2878453038675,0.806860036832413,0.857945016969282,73.1722818865001,0.69224154799202,0.736730196895768,191,0.858064334298165
"SEC14L1",6,55,1104,1001.47272727273,1,1.08181818181818,102.527272727273,-0.0818181818181818,0.712636830965767,73.0647107239266,-0.05830664980629,0.342616093400064,61,0.606044592864707
"OR12D2",5,103,493.2,420.990291262136,4,2.84789644012945,72.209708737864,1.15210355987055,1.01096174406285,73.0012530839016,1.16473262422775,0.679233038123545,108,0.820996739365301
"CEACAM7",14,286,317.5,246.108391608392,4.58333333333333,8.38986013986014,71.3916083916084,-3.80652680652681,1.02210896211554,72.9700027569057,-3.89068516348408,0.195119401031727,300,0.497146035680246
"ZNF320",19,260,190.421052631579,116.992307692308,9.71052631578947,14.8467948717949,73.4287449392713,-5.13626855600539,0.992638550848826,72.8882029671663,-5.09845817620358,0.172498848392232,279,0.472773498345037
"BCL2L12",7,43,986.428571428571,887.581395348837,1.14285714285714,1.12403100775194,98.8471760797343,0.0188261351052048,0.737141602587295,72.8643657866439,0.0138775274019756,0.460989710658523,50,0.684546593753793
"HBA2",10,183,687.8,623.972677595628,1.13333333333333,1.29508196721311,63.8273224043716,-0.161748633879782,1.14045902379085,72.7924458004735,-0.18446768909404,0.583899023916751,193,0.763485209618036
"RAB3D",6,66,853.666666666667,698.030303030303,1.75,2.35353535353535,155.636363636364,-0.603535353535354,0.467369606120543,72.7397059707608,-0.282074080461641,0.19441412042592,72,0.497146035680246
"ARL2BP",4,25,1220.25,1090.16,1,1.02,130.09,-0.02,0.558988488924537,72.718812524193,-0.0111797697784908,0.336223226743835,29,0.600334233274516
"FPR1",3,52,995,855.576923076923,1.16666666666667,1.56089743589744,139.423076923077,-0.394230769230769,0.520985798875906,72.6374431125061,-0.205388632249155,0.575181411810749,55,0.759074892482254
"HCAR2",4,3,1214,929.666666666667,0.875,1,284.333333333333,-0.125,0.25488001629698,72.4708846337745,-0.0318600020371224,0.180745785267286,7,0.48118598129785
"SLC25A51",6,74,969.666666666667,870.391891891892,1.08333333333333,1.19594594594595,99.2747747747748,-0.112612612612613,0.729231227500298,72.3942658688247,-0.0821206337275112,0.492353906174633,80,0.706443881175524
"CT47A1",5,70,586.8,505.042857142857,2.15,2.62619047619048,81.7571428571428,-0.476190476190477,0.885420810248076,72.3894756721391,-0.421628957260989,0.435017431939258,75,0.6673050510669
"HPF1",2,9,1078,928.111111111111,1,0.888888888888889,149.888888888889,0.111111111111111,0.479293764535802,71.8408098176441,0.0532548627262002,0.31979140199944,11,0.589159263434654
"MEIS1",11,236,672.363636363636,609.377118644068,0.946969696969697,1.03460451977401,62.9865177195686,-0.0876348228043142,1.13481952609774,71.4783301890677,-0.0994497080844512,0.606952496244225,247,0.778450100036822
"MOB1B",6,81,1104,990.049382716049,1,0.979423868312757,113.950617283951,0.0205761316872428,0.626095536413186,71.3439728530087,0.0128826242060326,0.282848718317173,87,0.567607533095749
"EID1",7,97,655.142857142857,576.443298969072,1,1.56872852233677,78.6995581737849,-0.56872852233677,0.903415764895216,71.0984215444854,-0.513798313024599,0.608199171444377,104,0.778547939598212
"ZNF35",10,227,318.8,250.220264317181,7.58333333333333,6.57635829662261,68.5797356828194,1.00697503671072,1.03426543383202,70.9296500780764,1.04147947320163,0.553638042862954,237,0.744297520932342
"OR5M9",2,119,559.5,496.033613445378,2.5,1.97759103641457,63.4663865546219,0.522408963585434,1.1164211485108,70.8552161691416,0.583228415118389,0.354008136203152,121,0.615271646121072
"OR51M1",2,112,623,558.375,1.5,1.58333333333333,64.625,-0.0833333333333333,1.09357630335187,70.6723686041143,-0.0911313586126554,0.107016588030643,114,0.397064332191688
"SERPINB8",10,137,758.1,676.131386861314,1.5,1.51216545012165,81.9686131386861,-0.0121654501216542,0.86165927132213,70.6290154683658,-0.0104824728871302,0.516965956635117,147,0.72129747301464
"GYPB",6,31,624.5,540.677419354839,2.41666666666667,1.70967741935484,83.8225806451613,0.706989247311828,0.842574448518288,70.6267646604766,0.595691075162123,0.42717395329394,37,0.664455865069125
"FCAR",6,50,1028.5,913.28,1.33333333333333,1.35666666666667,115.22,-0.0233333333333334,0.610590089279392,70.3521900867716,-0.0142471020831859,0.577032837924989,56,0.759598662134865
"C22orf42",3,23,720,443.565217391304,2.66666666666667,6.48550724637681,276.434782608696,-3.81884057971015,0.254462040326933,70.342158799941,-0.971749965596333,0.121666480014644,26,0.418038911555044
"RTP2",10,185,775.9,695.989189189189,0.933333333333333,0.997297297297297,79.9108108108107,-0.063963963963964,0.880019948932416,70.3231076488776,-0.0562895643010825,0.585523487076105,195,0.764125360664962
"ABCC2",5,46,1180.4,958.478260869565,2.2,1.33695652173913,221.921739130435,0.86304347826087,0.31578008867642,70.078466461834,0.272531946096823,0.632621413493303,51,0.794773399993651
"UPF3B",2,14,1031.5,958.214285714286,2,0.928571428571429,73.2857142857143,1.07142857142857,0.954353262420992,69.9404605174242,1.02252135259392,0.870758901516258,16,0.932251480387751
"CXCL2",13,228,538.230769230769,469.706140350877,1.83974358974359,1.93713450292398,68.5246288798921,-0.0973909131803872,1.02032062428453,69.9170921175971,-0.0993699573358529,0.338553194485092,241,0.602341302387547
"MAGED4",14,231,621.071428571429,546.645021645022,1.30357142857143,1.44011544011544,74.4264069264069,-0.136544011544012,0.937210806311176,69.7532328463415,-0.127970523156126,0.446080181387112,245,0.676227771177124
"ZSCAN5A",6,38,815.5,669.605263157895,1.83333333333333,2.90350877192982,145.894736842105,-1.07017543859649,0.475311556068874,69.34545439068,-0.508666752985988,0.0755778369948753,44,0.344166154121994
"NR2C2",4,62,1185.75,1057.56451612903,1,0.991935483870968,128.185483870968,0.00806451612903225,0.540823798047363,69.3257602416359,0.00436148224231744,0.3286679410799,66,0.595314641234736
"ZNF506",13,233,217.615384615385,138.909871244635,10.9423076923077,14.9406294706724,78.7055133707494,-3.99832177836469,0.880329624022399,69.2867949941617,-3.51984110786836,0.28090132806738,246,0.565840758911411
"LEPROT",3,83,547.333333333333,452.084337349398,1,1.03614457831325,95.2489959839358,-0.036144578313253,0.726729123118568,69.2202193293297,-0.0262673177030808,0.661976879729038,86,0.809938644028548
"CTRB1",15,198,642.4,566.989898989899,0.983333333333333,1.31481481481481,75.410101010101,-0.331481481481482,0.917118286292963,69.1599826075631,-0.304007728234149,0.477511264173438,213,0.697384432819782
"TVP23C",6,80,936.5,827.9875,1.58333333333333,1.53333333333333,108.5125,0.0499999999999998,0.635162681822982,68.9230905113163,0.031758134091149,0.411412503999916,86,0.653679668383167
"RBAK",11,240,564.454545454545,490.633333333333,2.18181818181818,2.44375,73.8212121212122,-0.261931818181821,0.933445354237641,68.908067498737,-0.244499038808839,0.27520831219866,251,0.561585375637094
"SLC25A52",7,69,945.142857142857,845.608695652174,1.14285714285714,1.22705314009662,99.5341614906832,-0.0841959972394755,0.691480490644838,68.8259308235002,-0.058219889481484,0.398820333015816,76,0.647050771713846
"MAGEA2B",18,221,334.555555555556,254.864253393665,6.49537037037037,6.69834087481146,79.6913021618904,-0.202970504441091,0.862883502656134,68.7643099406803,-0.175139899808011,0.474285841739403,239,0.6952480644133
"H2BW1",10,127,523.4,439.677165354331,2.43333333333333,3.49212598425197,83.7228346456693,-1.05879265091863,0.821304028701397,68.7619013887891,-0.869590669758907,0.262737567385491,137,0.551417709701902
"CLK1",6,75,1104,977.853333333333,1,1.01777777777778,126.146666666667,-0.0177777777777777,0.544957580941675,68.7445823105225,-0.00968813477229639,0.239270986560112,81,0.534311869916102
"LUC7L2",4,70,1117,1025.04285714286,1,0.961904761904762,91.9571428571428,0.0380952380952381,0.74735462117926,68.7245956647271,0.0284706522354004,0.576566703463245,74,0.759598662134865
"GNB4",5,74,1105.8,1013.66216216216,1,1.02027027027027,92.1378378378378,-0.0202702702702702,0.745711894692787,68.7082816269507,-0.015115781649178,0.476048448203596,79,0.696659328633248
"MT1H",13,157,458.230769230769,398.070063694268,2.65384615384615,3.46072186836518,60.1607055365017,-0.806875714519025,1.14188301838014,68.6964880258996,-0.921357676352619,0.195325144148645,170,0.497146035680246
"NUDT10",13,156,656.846153846154,586.570512820513,1.41025641025641,1.38782051282051,70.275641025641,0.0224358974358976,0.972991367695814,68.3775920772385,0.021829934531637,0.57859916312244,169,0.760226420409641
"USP9X",7,110,688.714285714286,611.972727272727,3.5952380952381,1.5030303030303,76.7415584415584,2.09220779220779,0.88968902770196,68.2761225142032,1.86141431639982,0.80326892886985,117,0.895109492404886
"BEX1",16,292,508.5625,439.657534246575,2.25520833333333,2.1689497716895,68.9049657534247,0.0862585616438358,0.990143813475832,68.2258255585175,0.0854083811709677,0.460091695952461,308,0.68423015147973
"ZSCAN32",3,12,1248,1066.5,0.833333333333333,1.69444444444444,181.5,-0.861111111111111,0.375459863174436,68.14596516616,-0.323312659955764,0.789164145293245,15,0.88825998883863
"MTMR6",5,13,1303.2,1119.46153846154,0.9,0.923076923076923,183.738461538461,-0.0230769230769231,0.370030321332833,67.9888019642773,-0.00853916126152693,0.229462171686364,18,0.531271535568998
"CDKL1",2,40,1227.5,1066.675,0.75,0.995833333333333,160.825,-0.245833333333333,0.42174412529812,67.8269989510701,-0.103678764135788,0.760888821232195,42,0.871457722083852
"CEACAM4",12,266,305.833333333333,239.402255639098,4.70833333333333,8.16290726817043,66.4310776942356,-3.45457393483709,1.01897530436543,67.6916276128074,-3.52012552670352,0.144181961952478,278,0.443109852491173
"SAG",5,44,1111.6,933.704545454545,1.2,1.38257575757576,177.895454545454,-0.182575757575758,0.380436190508356,67.6778690360251,-0.0694584256912984,0.284048120530822,49,0.568522406849617
"VN1R2",3,10,657,547.9,1.33333333333333,1.55,109.1,-0.216666666666667,0.620289823273657,67.673619719156,-0.134396128375959,0.419889096682909,13,0.659641935447573
"OR5H1",2,177,415,351.785310734463,4,3.63747645951036,63.2146892655367,0.362523540489643,1.06918767438232,67.5883666026202,0.387605701164966,0.0234401349451883,179,0.201001672190928
"ZDHHC2",5,14,1112.6,992.714285714286,1,1.03571428571429,119.885714285714,-0.0357142857142858,0.563128175520532,67.51102355669,-0.0201117205543048,0.424504720077934,19,0.66317466606554
"BEX4",16,294,475,407.56462585034,2.484375,2.3968253968254,67.4353741496599,0.0875496031746033,0.998800412063607,67.3544794883438,0.087444579726799,0.4260204468364,310,0.664017342588304
"ZNF442",12,99,403,310.050505050505,4.52777777777778,6.51851851851852,92.949494949495,-1.99074074074074,0.723789163736232,67.2758372192001,-1.44087657595639,0.264527606613683,111,0.552961222251734
"TRIM73",6,10,1209.5,1077.3,0.916666666666667,1.05,132.2,-0.133333333333333,0.50579355731175,66.8659082766134,-0.0674391409749001,0.403687961840778,16,0.650373163651772
"APBA2",2,19,1188,1096.57894736842,0.75,1.03508771929825,91.421052631579,-0.285087719298246,0.730207686277615,66.7563553191693,-0.208173243894934,0.79110403911105,21,0.889281941196814
"KLK4",3,51,761,683.450980392157,1.33333333333333,1.94117647058824,77.5490196078431,-0.607843137254902,0.858835385095136,66.6018421186522,-0.522037194861749,0.773260639136193,54,0.87718587465798
"ZNF92",10,172,271.8,187.343023255814,10.3166666666667,13.6143410852713,84.456976744186,-3.29767441860464,0.788207225798492,66.5695993388627,-2.59925080507502,0.333555732398079,182,0.598819816909974
"OR6C65",2,22,644,588.136363636364,2,1.28030303030303,55.8636363636364,0.71969696969697,1.18877568638535,66.4093326621635,0.855558259140972,0.47643708361217,24,0.696867710876365
"SSX4",10,180,447.2,378.244444444444,3.35,4.15648148148148,68.9555555555555,-0.806481481481482,0.961675491401701,66.3128677737662,-0.775573475010077,0.4407527955355,190,0.67165854266837
"CSNK1G3",6,75,1104,1004.74666666667,1,1.05333333333333,99.2533333333333,-0.0533333333333332,0.665988011870769,66.1015301382133,-0.0355193606331076,0.348464659064796,81,0.611238329368831
"HSPA4",3,52,1216,1099.46153846154,1,1.00641025641026,116.538461538461,-0.00641025641025639,0.567101090632857,66.0890886391367,-0.00363526340149266,0.517847612597813,55,0.72151989537687
"TVP23B",6,63,1108.83333333333,979.031746031746,1.16666666666667,1.21693121693122,129.801587301587,-0.0502645502645502,0.508797036037267,66.0426628919802,-0.0255744541923494,0.322895527897129,69,0.591555638271486
"ZNF440",10,115,380.4,305.530434782609,4.56666666666667,6.71159420289855,74.8695652173913,-2.14492753623188,0.88073781707391,65.9404574348379,-1.88911879604259,0.187954514381725,125,0.492175958821579
"VCY1B",17,202,374.823529411765,295.10396039604,4.33823529411765,4.80280528052805,79.7195690157251,-0.464569986410407,0.825859614296102,65.8371725191782,-0.383669589790444,0.385487632527497,219,0.637863748089448
"PRDX2",5,34,1159.8,998.441176470588,1.2,1.27450980392157,161.358823529412,-0.0745098039215686,0.407051181411411,65.6812997488024,-0.0303293037130071,0.596096576324595,39,0.770376684037424
"RPL19",2,37,1078,973.675675675676,1,1.17567567567568,104.324324324324,-0.175675675675676,0.628515340977032,65.5694382749012,-0.110414857198668,0.0710464846766729,39,0.334986151892113
"CA13",4,26,1071.5,955.038461538462,1.875,1.07692307692308,116.461538461538,0.798076923076923,0.562832722949948,65.5483648112477,0.4491838077389,0.797840493405561,30,0.892794906650412
"H2BC4",6,52,1092.83333333333,992.211538461538,0.805555555555556,1.14423076923077,100.621794871795,-0.338675213675214,0.650703012121056,65.4749050081039,-0.220376981669204,0.453975885864678,58,0.679882003466529
"TRIM64",7,106,504.142857142857,420.867924528302,0.928571428571429,3.95911949685535,83.2749326145553,-3.03054806828392,0.78549195134862,65.4117893178319,-2.38047111581213,0.586973907622422,113,0.765446521161065
"COX6B1",5,56,841.6,699.642857142857,1.9,2.31547619047619,141.957142857143,-0.415476190476191,0.45877246395855,65.1260282050873,-0.190609035620874,0.475335184054128,61,0.696530764752584
"ZNF43",4,79,394.25,293.037974683544,5.875,7.57172995780591,101.212025316456,-1.69672995780591,0.6432325476686,65.1028688990026,-1.09139193346513,0.0629724969083012,83,0.315240796150602
"CCL18",18,255,524.666666666667,455.227450980392,1.82407407407407,2.05098039215686,69.4392156862745,-0.226906318082789,0.936855524621007,65.0545128410359,-0.212578437667272,0.389480566322973,273,0.64047915350889
"ENAH",4,43,1117,1040.04651162791,1,1.0077519379845,76.953488372093,-0.00775193798449614,0.84409737853226,64.9562378037965,-0.00654339053125784,0.645437780965322,47,0.80333264576724
"CTRB2",16,201,645.375,574.194029850746,1.125,1.41127694859038,71.1809701492538,-0.286276948590382,0.911990935626807,64.9163995652418,-0.26108198219333,0.495210921448329,217,0.708507999322421
"PUM2",5,78,1105.8,1006.80769230769,1,1,98.9923076923077,0,0.653974700195307,64.7384647447185,0,0.436779109684278,83,0.66872387827524
"GBP3",8,153,508.875,448.705882352941,1.64583333333333,2.25054466230937,60.1691176470588,-0.604711328976035,1.07533987191071,64.7022512635689,-0.650270203044047,0.435295700116504,161,0.667475678306044
"KRT86",16,262,419.5625,361.393129770992,2.34375,2.71119592875318,58.1693702290077,-0.36744592875318,1.11067125629932,64.607047510392,-0.408111631310364,0.18821389797665,278,0.492175958821579
"RRAGC",5,49,1160.8,1023.24489795918,1,0.989795918367347,137.555102040816,0.0102040816326531,0.468191444607602,64.402121937636,0.00477746372048574,0.201086922062728,54,0.502571037733386
"REEP2",4,68,989.25,895.941176470588,1.375,1.17647058823529,93.3088235294117,0.198529411764706,0.689769234838733,64.3615558095847,0.136939480445925,0.699550496351828,72,0.835322467413757
"RIDA",2,36,1188,1059.86111111111,0.75,1.07407407407407,128.138888888889,-0.324074074074074,0.502197067415888,64.3509742219303,-0.162749049625519,0.713327631023912,38,0.842333691953769
"SMR3B",8,104,651.5,590.394230769231,0.854166666666667,1.23878205128205,61.1057692307693,-0.384615384615385,1.05089217348241,64.2155746392378,-0.404189297493236,0.571025516415612,112,0.757668941110333
"OR52I2",2,60,668,609.1,2,1.35833333333333,58.9,0.641666666666667,1.08913013244112,64.1497648007818,0.698858501649717,0.766429651755477,62,0.873545756241968
"RAB3B",5,47,979.4,859.191489361702,1.4,1.11347517730496,120.208510638298,0.286524822695035,0.532654772271212,64.0296368591041,0.152618814182673,0.120013242124256,52,0.41579083690596
"FAM131C",2,26,1188,1087.88461538462,0.75,0.923076923076923,100.115384615385,-0.173076923076923,0.638273742793592,63.9010212496815,-0.110470455483506,0.77240051648528,28,0.876933780599134
"ZNF557",18,178,425.277777777778,345.438202247191,2.48611111111111,9.27902621722846,79.8395755305868,-6.79291510611734,0.799635770490293,63.8425804950187,-5.43185790475529,0.211348101905646,196,0.515903260980548
"GAGE12C",14,191,322.214285714286,242.79057591623,4.83333333333333,6.78970331588133,79.4237097980554,-1.95636998254799,0.801427764962674,63.6523662284995,-1.5678892225535,0.15597278514047,205,0.456271778492911
"TREML4",4,32,748.25,659.1875,1.25,0.953125,89.0625,0.296875,0.714316054697687,63.6187736215127,0.212062578738376,0.754559666571527,36,0.866193745366222
"KRTAP19-3",4,71,593.5,512.732394366197,1,1.85211267605634,80.7676056338029,-0.852112676056338,0.78731028564382,63.5891666623167,-0.670877074386635,0.446892933392997,75,0.676433394635764
"OR4D5",2,68,661,608.352941176471,2.5,1.42647058823529,52.6470588235294,1.07352941176471,1.2059153311085,63.487895373065,1.29458557604295,0.872225981675446,70,0.933176712925056
"ZNF280D",17,252,669.705882352941,605.940476190476,0.985294117647059,1.02248677248677,63.7654061624651,-0.0371926548397137,0.995490867561009,63.4778795010524,-0.0370249482332837,0.513587464427954,269,0.720113139805923
"SPATA31A7",11,163,519.909090909091,448.496932515337,2.36363636363636,2.66155419222904,71.4121583937534,-0.297917828592674,0.888042560677431,63.4170360034911,-0.264563711374898,0.497034634190379,174,0.709592853956682
"TUBA4A",2,20,1188,1052.1,0.75,0.975,135.9,-0.225,0.466181469212876,63.3540616660299,-0.104890830572897,0.698407144101511,22,0.834829478860197
"MED15",4,38,873.5,808.263157894737,1.25,1.32894736842105,65.2368421052631,-0.0789473684210527,0.970302066164543,63.2994426847869,-0.0766027946972008,0.835214594886965,42,0.913206541241766
"GLYAT",9,127,608,541.472440944882,1.38888888888889,1.46456692913386,66.5275590551181,-0.0756780402449695,0.951370941525867,63.2923864956854,-0.071997888400689,0.657096484678901,136,0.807284797197045
"IGHV4-39",19,165,248.473684210526,191.890909090909,10.7412280701754,14.389898989899,56.5827751196172,-3.64867091972355,1.11058950642331,62.8402362921566,-4.05217563583685,0.534896289433993,184,0.730750623103671
"ZNF486",6,156,275.666666666667,196.570512820513,13,11.607905982906,79.0961538461539,1.39209401709402,0.793851031558822,62.7905633231046,1.10511527149695,0.594411955764867,162,0.770376684037424
"TPPP2",2,13,472.5,396.615384615385,1.5,8.73076923076923,75.8846153846154,-7.23076923076923,0.826829964486773,62.743673843554,-5.97861666628898,0.740775174837191,15,0.859256196995477
"AKIRIN1",3,43,1216,1047.93023255814,1,0.988372093023256,168.06976744186,0.0116279069767442,0.37289494723104,62.6723670613656,0.00433598775850047,0.371560453831037,46,0.627909638292045
"CES1",11,157,547.181818181818,489.350318471338,2.03030303030303,2.66348195329087,57.8314997104806,-0.633178922987841,1.08369817028303,62.6718904209712,-0.686174840303701,0.594739751178991,168,0.770376684037424
"KRTAP10-5",4,25,1363.75,1119,0.875,1.22666666666667,244.75,-0.351666666666667,0.254780552292414,62.3575401735683,-0.0895978275561655,0.112622304824825,29,0.405367059981384
"TIA1",6,74,1104,997.162162162162,1,1,106.837837837838,0,0.583434071613886,62.3328347321538,0,0.31235160253752,80,0.586815704626201
"ERO1B",5,66,1112.6,994.075757575758,1,0.984848484848485,118.524242424242,0.0151515151515151,0.52359311635508,62.058477454534,0.00793322903568302,0.359060688029832,71,0.617918393353664
"ARF5",7,42,913,789.452380952381,1.64285714285714,1.54761904761905,123.547619047619,0.0952380952380951,0.501768017023457,61.9922438174933,0.0477874301927101,0.314600282205674,49,0.587732634155628
"PPBP",6,88,884.5,787.977272727273,1.66666666666667,1.45265151515151,96.5227272727273,0.214015151515152,0.641910308576886,61.9589336483189,0.13737853194922,0.568927182583354,94,0.757053953247779
"RUFY3",6,89,887.5,800.370786516854,1.75,1.49250936329588,87.129213483146,0.25749063670412,0.709794246767549,61.8438144557186,0.182765372529097,0.529359430943916,95,0.728268605204227
"DENND4C",5,60,1160.8,1070.08333333333,1,0.983333333333333,90.7166666666667,0.0166666666666667,0.680721442712027,61.7527802113594,0.0113453573785338,0.375147956271231,65,0.629870266075563
"ZNF534",10,113,323.3,243.044247787611,3.66666666666667,9.88053097345133,80.2557522123894,-6.21386430678466,0.769314604589819,61.7419222793328,-4.78041656214883,0.096893177705458,123,0.381463190257153
"LCE3C",11,226,482.636363636364,424.566371681416,2.86363636363636,2.33259587020649,58.0699919549477,0.531040493429874,1.0615903943122,61.6465456571591,0.563747486815964,0.191010510915385,237,0.495635065985635
"PLLP",2,22,803.5,724.545454545455,0.833333333333333,0.977272727272727,78.9545454545455,-0.143939393939394,0.779470811391823,61.5427636085271,-0.112196556185187,0.81269922452834,24,0.899631258262156
"CLIC4",2,8,1227.5,1075.25,0.75,0.9375,152.25,-0.1875,0.40312656189174,61.3760190480174,-0.0755862303547012,0.775149037987001,10,0.878671261594364
"HLA-C",17,323,186.588235294118,129.374613003096,8.46078431372549,11.733746130031,57.2136222910217,-3.27296181630547,1.06066272331383,60.684356429844,-3.47150859338474,0.0804670171977293,340,0.354125771720404
"ZNF558",18,201,433.888888888889,360.930348258706,2.80092592592593,7.318407960199,72.9585406301824,-4.51748203427308,0.826632446233132,60.309896914727,-3.73429722480538,0.44121713576188,219,0.67165854266837
"PPIL2",3,18,926.666666666667,867.055555555556,0.611111111111111,1.11111111111111,59.6111111111111,-0.5,1.01062765841695,60.244637637855,-0.505313829208476,0.847128736754624,21,0.920121346037368
"ZNF808",13,91,423.384615384615,340.186813186813,2.8974358974359,6.04212454212454,83.1978021978022,-3.14468864468865,0.72263183888019,60.1213807929881,-2.27245213801701,0.221178058133638,104,0.52452671828013
"SIGLEC10",11,151,672.818181818182,602.072847682119,1.93939393939394,1.51545253863135,70.7453341360626,0.423941400762593,0.848429938828306,60.0224595134477,0.359684576715793,0.448245487228922,162,0.677198097151899
"METTL8",4,47,1181.75,1080.42553191489,1.125,0.978723404255319,101.324468085106,0.146276595744681,0.58972541176448,59.7536136633063,0.0862630256570383,0.631745047857068,51,0.794602836398126
"H2BC6",6,48,895.333333333333,791.875,1.66666666666667,1.67708333333333,103.458333333333,-0.0104166666666667,0.575944365026322,59.5862440983482,-0.00599942046902423,0.515228609993477,54,0.72063476567516
"TRAPPC2L",6,46,1104,982.282608695652,1,1.01086956521739,121.717391304348,-0.0108695652173914,0.48933318790118,59.5603591099719,-0.00531883899892589,0.274369168184679,52,0.56109477792527
"B3GALT5",3,16,504.333333333333,454.25,1.66666666666667,2.5625,50.0833333333333,-0.895833333333333,1.18865484214553,59.5317966774552,-1.06483662942204,0.673965542577724,19,0.817597543454944
"ATP5MG",5,62,1070.2,946.048387096774,1.2,1.32795698924731,124.151612903226,-0.127956989247312,0.478923473443581,59.4591216852359,-0.0612816057417056,0.220822375918732,67,0.524305534266936
"UBAP2L",5,69,1105.8,1023.15942028986,1,1.07729468599034,82.6405797101448,-0.0772946859903381,0.716626782652138,59.2224527541886,-0.0553914421373632,0.528383437534318,74,0.727824962560198
"SH2B2",3,10,1042.66666666667,934.9,1.16666666666667,1,107.766666666667,0.166666666666667,0.548282917801515,59.0866224417433,0.0913804863002525,0.415864039956171,13,0.657354708728189
"ZNF57",11,80,373.545454545455,287.6375,3.42424242424242,9.94791666666666,85.9079545454546,-6.52367424242424,0.686867835028933,59.0074107504004,-4.48090200332795,0.150110118647075,91,0.450102359108783
"ZNF253",13,193,273.692307692308,203.647668393782,8.83333333333333,12.4766839378238,70.0446392985253,-3.64335060449049,0.840837500836092,58.8961594547375,-3.06346581694945,0.289373530720319,206,0.573864331890022
"SPATA31E1",8,120,532.625,463.9,2.375,2.63611111111111,68.725,-0.26111111111111,0.856777613914322,58.8820415162618,-0.223714154744294,0.495923568395642,128,0.708766301612656
"SEPTIN14",15,184,637.733333333333,566.211956521739,1.18888888888889,1.84873188405797,71.5213768115942,-0.659842995169083,0.82232291906313,58.8136673551242,-0.542604017910799,0.378324123849098,199,0.633075041415828
"ZNF268",4,61,641.75,554.016393442623,1.70833333333333,3.8224043715847,87.733606557377,-2.11407103825137,0.669166351770427,58.708377427662,-1.41466520405019,0.444184853526569,65,0.674634235914926
"GBP6",14,208,517,461.413461538462,1.89880952380952,2.37419871794872,55.5865384615385,-0.475389194139194,1.0558558050714,58.6913693184401,-0.501942440300084,0.420284236298518,222,0.659832987821179
"OR2Y1",3,63,349,298.968253968254,2.66666666666667,3.37566137566138,50.031746031746,-0.708994708994709,1.16933818294815,58.5040309944854,-0.829054584735728,0.737229640649463,66,0.858132724740826
"SSU72P3",3,33,619.333333333333,505.424242424242,3.83333333333333,2.37878787878788,113.909090909091,1.45454545454545,0.509087025026574,57.9896402143907,0.740490218220471,0.576933211452712,36,0.759598662134865
"CKMT1B",3,17,1216,1038.35294117647,1,1.08823529411765,177.64705882353,-0.088235294117647,0.325184228888685,57.7680218378723,-0.0286927260784134,0.369010206990875,20,0.62667436767341
"ITGAX",2,27,871.5,803.111111111111,1,0.981481481481482,68.3888888888889,0.0185185185185185,0.843936121722002,57.7158536577658,0.0156284466985556,0.529481286718381,29,0.728268605204227
"KLHL10",2,22,1223,1078.13636363636,1,1.09090909090909,144.863636363636,-0.0909090909090908,0.397550938603236,57.5906746058415,-0.036140994418476,0.528720502233792,24,0.728038293220618
"PAGE2B",11,197,336.454545454545,266.152284263959,4.93939393939394,6.08714043993232,70.302261190586,-1.14774650053838,0.81917140278784,57.5896019186495,-0.940201110890859,0.255892790729943,208,0.542619297390536
"SERPINB13",7,109,809.142857142857,734.91743119266,1.85714285714286,1.2737003058104,74.2254259501966,0.58344255133246,0.775794731654519,57.5836944069752,0.452631657546794,0.587120521003727,116,0.765446521161065
"MYO1F",5,60,1005,909.833333333333,1.3,1.38333333333333,95.1666666666666,-0.0833333333333335,0.605041853078013,57.5798163512575,-0.0504201544231678,0.576603013177379,65,0.759598662134865
"H1-5",5,34,1234.8,1106.76470588235,0.9,1.00490196078431,128.035294117647,-0.104901960784314,0.44825135301842,57.3919938223466,-0.0470224458558538,0.708132211925433,39,0.839744766620807
"ZNF543",13,158,442.461538461538,372.025316455696,2.57692307692308,4.35337552742616,70.4362220058422,-1.77645245050308,0.814411243079181,57.3640511215792,-1.44676284848527,0.41083021087651,171,0.65345373568238
"BRI3BP",5,10,1014.8,939,1,0.85,75.8,0.15,0.755705589244462,57.2824836647302,0.113355838386669,0.742151104318656,15,0.859781455912855
"MYO1E",3,44,1216,1052.63636363636,1,1.01136363636364,163.363636363636,-0.0113636363636365,0.350588190485386,57.2733616638399,-0.00398395671006124,0.383812455835561,47,0.636924656776952
"RPL35A",6,67,688.166666666667,563.791044776119,3.16666666666667,3.12686567164179,124.375621890547,0.0398009950248754,0.459926363773924,57.2036275182398,0.018305526916375,0.504226429080404,73,0.712226514883455
"ZNF382",12,190,504.166666666667,439.952631578947,1.84722222222222,7.11052631578947,64.2140350877193,-5.26330409356725,0.889572523012989,57.123041205827,-4.68209070189921,0.32684471057588,202,0.593410112799811
"SMIM10L2A",9,130,789.222222222222,730.430769230769,0.925925925925926,1.01923076923077,58.791452991453,-0.0933048433048432,0.971519145405811,57.1170221674223,-0.0906474416297444,0.667296766901466,139,0.81445262081193
"GAGE12J",15,201,320.266666666667,250.298507462687,4.64444444444444,6.86898839137645,69.9681592039801,-2.22454394693201,0.806660950136217,56.4405817827646,-1.79445273385194,0.131417064908309,216,0.427292588587146
"OR52B4",3,50,587,512.32,2,1.28,74.68,0.72,0.754583439958193,56.3522912960778,0.543300076769899,0.173459590487857,53,0.472773498345037
"ZNF235",19,317,119.210526315789,65.9400630914827,30.9649122807018,44.779705573081,53.2704632243068,-13.8147932923792,1.05409498053003,56.1521278952516,-14.5621042665569,0.161050438279759,336,0.461306714755382
"ZNF799",14,174,420.571428571429,359.942528735632,3.5952380952381,4.81704980842912,60.6288998357963,-1.22181171319102,0.924955521201485,56.0790356474916,-1.13012148998468,0.41745029527915,188,0.658177057896659
"ZNF418",19,299,176.105263157895,118.531772575251,10.6885964912281,13.458751393534,57.5734905826439,-2.77015490230594,0.973801632840945,56.0651591377314,-2.69758136708787,0.212612836142364,318,0.517733633896945
"FAM47A",3,36,872.333333333333,750.777777777778,2,2.0787037037037,121.555555555556,-0.0787037037037037,0.461155604307316,56.0560256791338,-0.0362946540427054,0.0957712371865475,39,0.379952355458355
"IGHG2",11,120,557.363636363636,505.783333333333,3.29545454545455,1.86666666666667,51.580303030303,1.42878787878788,1.08274959914752,55.8485524299681,1.54701950302441,0.631331443350117,131,0.794602836398126
"H2BC18",6,46,1024,907.239130434783,0.875,1.57608695652174,116.760869565217,-0.701086956521739,0.476473502346598,55.6334604587735,-0.33404935762343,0.42930595229073,52,0.665914963712326
"OR13C4",5,42,693.8,633.571428571429,1,1.1468253968254,60.2285714285714,-0.146825396825397,0.921048890581753,55.4734588956095,-0.135233368855257,0.658130092087531,47,0.807812014310248
"IGKV1D-16",11,209,213.090909090909,164.411483253589,9.31818181818182,19.2145135566188,48.6794258373206,-9.89633173843699,1.13052973703102,55.033538490687,-11.1880973178269,0.253600557691473,220,0.540868283017005
"FTH1",4,51,864,758.352941176471,1.625,2.19607843137255,105.647058823529,-0.571078431372549,0.520710063297174,55.0114866871603,-0.297366286147651,0.108216345914942,55,0.39863983269129
"IFNL1",7,56,705.428571428571,646.964285714286,1.57142857142857,1.1875,58.4642857142858,0.383928571428571,0.939519220551267,54.9283201443724,0.360708272175933,0.575109530514507,63,0.759074892482254
"ZSCAN31",9,66,745.555555555556,670.712121212121,0.972222222222222,2.00505050505051,74.8434343434343,-1.03282828282828,0.733832615592597,54.9225531841752,-0.757923080245889,0.642317661905127,75,0.801159554860876
"SUB1",9,67,862.333333333333,797.746268656716,1.11111111111111,1.12935323383085,64.5870646766169,-0.0182421227197347,0.849960398198316,54.8964472109977,-0.0155050818908483,0.588061796452685,76,0.765446521161065
"TNNT2",3,44,710.666666666667,638.977272727273,0.916666666666667,1.46969696969697,71.6893939393939,-0.553030303030303,0.765280844830518,54.8625199593272,-0.423223497519908,0.713081696132159,47,0.842333691953769
"USP17L7",2,7,927.5,578,2.5,7.38095238095238,349.5,-4.88095238095238,0.156503443280346,54.6979534264808,-0.763885854106449,0.546656409838729,9,0.738626515399539
"CAPZA1",4,59,1177.25,1045.72881355932,1,1.0593220338983,131.521186440678,-0.0593220338983049,0.415556773020394,54.6545198211017,-0.024651672975786,0.330605605974084,63,0.596900917527389
"C17orf99",2,4,1348,1190,0.75,0.875,158,-0.125,0.344870091461389,54.4894744508994,-0.0431087614326736,0.72293726403565,6,0.84761163769462
"HLA-DRB5",16,232,465,411.887931034483,3.484375,2.8426724137931,53.1120689655173,0.641702586206896,1.02457633237487,54.4173688255308,0.65747328225133,0.700840595649462,248,0.835738885438318
"NKIRAS1",4,44,1185.75,1063.54545454545,1,1.02272727272727,122.204545454545,-0.0227272727272727,0.444006622661707,54.2596275011819,-0.0100910596059479,0.350883132256695,48,0.612938040105542
"RPS25",3,29,1081.33333333333,972.620689655172,1.83333333333333,1.24712643678161,108.712643678161,0.586206896551724,0.4988159801491,54.2276039109216,0.29240936767361,0.738465290768087,32,0.858820518599906
"GLYATL1",4,16,1033,758.875,1.625,2.20833333333333,274.125,-0.583333333333333,0.197782034869815,54.217000308688,-0.115372853674059,0.219569064063642,20,0.522668560807893
"H3C2",3,52,959.666666666667,853.730769230769,1.66666666666667,1.40705128205128,105.935897435897,0.259615384615385,0.511589273473455,54.1956688039891,0.132816445997916,0.166627060013896,55,0.467383336454143
"H2BC9",9,37,953.555555555556,872.567567567568,0.962962962962963,1.03603603603604,80.9879879879879,-0.0730730730730731,0.6681942341793,54.1157066113559,-0.0488270061011901,0.680538298583357,46,0.821828661571198
"KDELR1",5,43,1112.6,1001.13953488372,1,1,111.460465116279,0,0.483273691535375,53.865910436994,0,0.406529768843935,48,0.651883208788268
"ZNF577",18,292,161.277777777778,106.585616438356,22.4907407407407,25.2842465753425,54.6921613394216,-2.79350583460172,0.982978024911259,53.7611927315526,-2.74595484787488,0.382031679702459,310,0.635817822611839
"ATP5MC3",4,31,1220.25,1081.1935483871,1,1.01075268817204,139.056451612903,-0.010752688172043,0.385982962533277,53.6734211529136,-0.00415035443584168,0.252253506674374,35,0.540868283017005
"NOS3",2,16,959.5,898.5625,0.75,1,60.9375,-0.25,0.88039972302521,53.6493581218487,-0.220099930756302,0.922272566576824,18,0.961567495508368
"KRTAP5-9",4,18,1167.25,1001.72222222222,1,1.49074074074074,165.527777777778,-0.490740740740741,0.323979947560909,53.6276807643183,-0.158990159451187,0.408219409686732,22,0.652237009639417
"ZNF561",13,212,223.076923076923,171.297169811321,11.2115384615385,15.0904088050314,51.7797532656023,-3.87887034349298,1.03129663236389,53.400285167449,-4.00026592262049,0.514749294759282,225,0.720449585072825
"OR4F3",4,54,557.25,491.722222222222,2.75,1.5462962962963,65.5277777777778,1.2037037037037,0.813527312563343,53.3086369538035,0.979245839196617,0.745143634677532,58,0.861074020870855
"KPNA3",6,47,962.5,823.127659574468,1.41666666666667,1.52482269503546,139.372340425532,-0.108156028368794,0.381933728350274,53.230997607627,-0.0413084351584516,0.281909115887591,53,0.566766431453033
"ZNF559",10,97,480.7,405.20618556701,3.7,4.97938144329897,75.4938144329897,-1.27938144329897,0.705031785450828,53.2255387801842,-0.902004583241732,0.389667875571053,107,0.640523583209349
"RPL27",5,61,873.4,724.622950819672,1.6,2.18032786885246,148.777049180328,-0.580327868852459,0.356187282576523,52.9924928572947,-0.206705406609982,0.254683359678265,66,0.541625707969318
"STAT2",3,58,1216,1120.60344827586,1,0.991379310344828,95.3965517241379,0.00862068965517238,0.554011939826333,52.8508286734327,0.00477596499850285,0.588131967848549,61,0.765446521161065
"FAM90A26",8,53,697.125,627.679245283019,3.8125,2.16037735849057,69.4457547169811,1.65212264150943,0.75928998054885,52.7294657482568,1.25444016833601,0.799142358095131,61,0.893251150475005
"MYO19",4,18,735.25,671.722222222222,0.875,1.02777777777778,63.5277777777778,-0.152777777777778,0.829901487592438,52.7217972812196,-0.126790505048845,0.840436669739308,22,0.915590221449912
"LILRA6",10,263,303.8,250.190114068441,4.51666666666667,6.02598225602028,53.609885931559,-1.50931558935361,0.978022813829483,52.4316914878609,-1.47614507965632,0.175682978289729,273,0.474344041382267
"ZNF497",2,27,996.5,826.222222222222,1.5,3.01234567901235,170.277777777778,-1.51234567901235,0.307533270728105,52.3660819323134,-0.465096613138183,0.168201456310906,29,0.467930786493523
"ZNF343",8,58,784.5,711.48275862069,2.875,1.72413793103448,73.0172413793103,1.15086206896552,0.716552114121438,52.3206586776602,0.824652648579414,0.771190357760938,66,0.876259208225571
"PAGE2",11,173,352.727272727273,287.566473988439,4.66666666666667,5.81984585741811,65.1607987388334,-1.15317919075145,0.802136921667877,52.2678825137879,-0.925007606200818,0.354975881981913,184,0.615271646121072
"UNC93B1",2,4,1152.5,1065.25,1.5,1,87.25,0.5,0.598461116283056,52.2157323956966,0.299230558141528,0.594130067216506,6,0.770376684037424
"ZNF93",14,245,238.571428571429,184.134693877551,7.20238095238095,9.9734693877551,54.4367346938776,-2.77108843537415,0.957819199882295,52.1405496686946,-2.65420170797315,0.454105372185227,259,0.679882003466529
"PRSS2",11,149,484,441.355704697987,3,2.63199105145414,42.6442953020134,0.368008948545862,1.22238401104882,52.1277047396255,0.449848254625349,0.454297088702276,160,0.67991429455217
"PPY",4,36,1079,968.583333333333,1,1.31018518518519,110.416666666667,-0.310185185185185,0.471600839200415,52.0725926617125,-0.146283593640869,0.409360309173395,40,0.65243357473412
"UBE2D1",6,62,1104,977.677419354839,1,1.05645161290323,126.322580645161,-0.0564516129032258,0.411642701495339,51.9997683566371,-0.023237894439253,0.238764198097855,68,0.534311869916102
"ZNF721",4,59,438,326.508474576271,8,7.8135593220339,111.491525423729,0.186440677966101,0.465962964535541,51.9509217070303,0.0868744510151006,0.64718607164894,63,0.804152842757825
"TBL1Y",3,39,836,770.948717948718,1.33333333333333,1.04700854700855,65.0512820512821,0.286324786324786,0.796680226054434,51.8250700897462,0.228109295494218,0.681389580510225,42,0.822183805745287
"REG3G",15,269,570.733333333333,520.42750929368,1.73333333333333,1.78686493184634,50.3058240396531,-0.0535315985130109,1.02967138128971,51.7984673258269,-0.0551199549835384,0.582502047240146,284,0.762423249515762
"SMIM10L2B",9,134,789.222222222222,737.791044776119,0.925925925925926,1.01865671641791,51.4311774461028,-0.0927307904919844,1.0050147845485,51.6890937200707,-0.0931958154273139,0.706385550043098,143,0.838596749249025
"OR52E2",2,44,752.5,704.204545454545,1.5,1.02651515151515,48.2954545454545,0.473484848484848,1.06229800322298,51.3041649283827,0.502982009101792,0.61194966631886,46,0.781511942029455
"CALCA",18,324,499.222222222222,448.521604938272,2.14351851851852,2.08127572016461,50.7006172839506,0.0622427983539104,1.01005051384561,51.2101845399442,0.0628683704605562,0.531803751247731,342,0.728268605204227
"FCN1",12,88,770.916666666667,704.863636363636,0.902777777777778,1.42992424242424,66.0530303030303,-0.527146464646465,0.774193047157114,51.1377968042642,-0.408113127762746,0.605341514108913,100,0.777295851664273
"XAGE3",14,219,287,224.712328767123,5.97619047619048,7.3447488584475,62.2876712328767,-1.36855838225702,0.817861895684662,50.9427128723035,-1.11929175286786,0.195310906529131,233,0.497146035680246
"EIF3C",2,4,662,597.25,3.25,0.875,64.75,2.375,0.786129057178389,50.9018564523007,1.86705651079867,0.684462463657955,6,0.824822679365859
"HEATR5A",5,55,1088.6,985.436363636364,1.2,1.01818181818182,103.163636363636,0.181818181818182,0.492330113755483,50.7905648263383,0.0895145661373605,0.47888460551989,60,0.697384432819782
"FGFR1",5,74,978.2,914.148648648649,1.8,1.13288288288288,64.0513513513514,0.667117117117117,0.792938477868531,50.7887810459631,0.528982831406889,0.742518970058875,79,0.859781455912855
"ZNF426",7,113,379.428571428571,319.017699115044,4.92857142857143,14.5457227138643,60.4108723135272,-9.61715128529288,0.836612533601649,50.5404929433057,-8.04582930281924,0.395653867888211,120,0.644267667514788
"ZNF595",4,81,250.25,168.111111111111,16,14.1954732510288,82.1388888888889,1.80452674897119,0.615119183477623,50.5252062650925,1.10999902039069,0.684757367390207,85,0.82492928552646
"SEC23IP",4,50,1185.75,1048.54,1,1.02,137.21,-0.02,0.368067282465942,50.502511827152,-0.00736134564931885,0.301219568137809,54,0.580846884668924
"NUTF2",5,53,979.4,879.283018867925,1.4,1.35849056603774,100.116981132075,0.0415094339622639,0.504297942839261,50.4887876281828,0.0209331221555919,0.120951179796321,58,0.417736313280985
"CYP4F3",14,195,427.142857142857,378.748717948718,2.53571428571429,3.37435897435897,48.3941391941392,-0.838644688644689,1.04145683055266,50.4004068224527,-0.873412239395723,0.334326078960498,209,0.598819816909974
"TCP11",12,195,726.5,674.435897435897,1.33333333333333,1.08888888888889,52.0641025641025,0.244444444444444,0.966794749644686,50.3353010039367,0.236327605468701,0.420846140307739,207,0.65983602385544
"SLC27A4",5,52,1140.2,993.269230769231,1,1.17307692307692,146.930769230769,-0.173076923076923,0.342507063783732,50.3248263487159,-0.0592800687317998,0.233526664725214,57,0.532761249789442
"CERCAM",6,70,1043.83333333333,952.642857142857,1.16666666666667,1.15714285714286,91.1904761904761,0.00952380952380971,0.551660102310795,50.3061474250082,0.00525390573629339,0.476120276901251,76,0.696659328633248
"PAGE4",13,189,345.153846153846,282.830687830688,3.87179487179487,5.48589065255732,62.3231583231583,-1.61409578076245,0.803173566782166,50.0563133635406,-1.29639906536302,0.349038587707236,202,0.611238329368831
"CLEC18A",2,9,914.5,855.666666666667,2.25,1,58.8333333333334,1.25,0.849660513636364,49.9883602189394,1.06207564204545,0.874793545039119,11,0.933923325133935
"ZMYM4",6,59,1004.33333333333,903.322033898305,1.41666666666667,1.29661016949153,101.011299435028,0.120056497175141,0.494176426817305,49.9174030229751,0.0593290907902131,0.433874205237276,65,0.6673050510669
"RPS6KB2",5,41,1113.4,980.951219512195,1.3,1.28861788617886,132.448780487805,0.0113821138211383,0.374765274323974,49.637203553388,0.00426562100856559,0.645794677611426,46,0.8034232664182
"LCE3B",10,145,633.4,584.579310344828,2.5,1.61724137931034,48.8206896551724,0.882758620689656,1.01600634785649,49.6021305963867,0.896888362245728,0.697008924187695,155,0.83440612973458
"C1QTNF9",5,23,1239.2,1094.91304347826,0.9,0.956521739130435,144.286956521739,-0.0565217391304348,0.342680721056982,49.444358299987,-0.019368910320612,0.253072232310606,28,0.540868283017005
"PCBD2",4,37,1072.25,989.189189189189,1.25,1.0990990990991,83.0608108108108,0.150900900900901,0.593573443508447,49.3026914935766,0.0895707673762746,0.362134770177167,41,0.620536252842179
"ARL17B",2,22,788,606.5,2.5,3.18181818181818,181.5,-0.681818181818182,0.268701193943175,48.7692667006863,-0.18320535950671,0.625251498705778,24,0.790166030622483
"KCNN4",5,23,1255,1109.08695652174,0.9,0.978260869565217,145.913043478261,-0.0782608695652174,0.334193271315158,48.7631573275509,-0.0261542560159689,0.3721765689363,28,0.627994014647681
"MAP3K10",6,28,1104,961.821428571429,1,1.25595238095238,142.178571428571,-0.255952380952381,0.341368447861379,48.5352782477196,-0.0873740670121386,0.252401708456125,34,0.540868283017005
"ZNF599",18,238,369.5,312.680672268908,3.55555555555556,4.56792717086835,56.8193277310924,-1.01237161531279,0.851831805364988,48.4005105208014,-0.862370340772166,0.479242845076273,256,0.697397818253746
"PRELID3A",3,54,1128.33333333333,1057.51851851852,0.833333333333333,1.01851851851852,70.8148148148148,-0.185185185185185,0.681948894728188,48.2920846933443,-0.126286832357072,0.872745717159917,57,0.933300398609385
"PSG2",9,143,393.444444444444,343.517482517483,5.33333333333333,6.35780885780886,49.926961926962,-1.02447552447553,0.964567445347052,48.1579221198292,-0.988175739463939,0.584037311918079,152,0.763485209618036
"SHC3",3,6,643,587.5,1,0.888888888888889,55.5,0.111111111111111,0.867566423493827,48.1499365039074,0.096396269277092,0.79045201294293,9,0.889258514560797
"H3-3B",12,201,589,544.452736318408,1.33333333333333,1.83416252072969,44.5472636815921,-0.500829187396352,1.08082255904269,48.1476875306878,-0.541307483964996,0.711969624378752,213,0.842333691953769
"CACNG7",4,35,1258.75,1101,1.125,1,157.75,0.125,0.30419320498593,47.9864780865305,0.0380241506232413,0.313110063027668,39,0.586903529110474
"ANP32B",3,35,1262,1081.94285714286,1,0.985714285714286,180.057142857143,0.0142857142857142,0.265999684049388,47.8951431108355,0.00379999548641981,0.206967891764906,38,0.509631358873707
"ZNF670",12,140,338,276.871428571429,4.70833333333333,7.15833333333333,61.1285714285714,-2.45,0.782085465278439,47.8077672275206,-1.91610938993218,0.4862717111121,152,0.702002080059231
"FAM209A",15,124,670.466666666667,614.25,1,1.02956989247312,56.2166666666667,-0.0295698924731183,0.849500765767613,47.756101382236,-0.0251196462995799,0.606654811335735,139,0.778450100036822
"GAGE12G",13,187,301.923076923077,242.176470588235,5.33333333333333,7.28520499108735,59.7466063348416,-1.95187165775401,0.798328334156475,47.6974087067968,-1.558234449022,0.30229142773915,200,0.581627022913069
"ZC3H7A",2,13,1092,971.846153846154,1.5,1.03846153846154,120.153846153846,0.461538461538461,0.394046858676533,47.3462456348266,0.181867780927631,0.75390159678142,15,0.865687005959354
"GLUD1",2,35,1076.5,1000.51428571429,1.25,1.2952380952381,75.9857142857143,-0.0452380952380953,0.619833814192944,47.0985151098895,-0.0280401011182523,0.87363748495724,37,0.933456243572295
"SFTPA1",6,47,869,760.191489361702,1.66666666666667,1.80496453900709,108.808510638298,-0.138297872340426,0.431651964298838,46.9674073494523,-0.0596965482540946,0.462043722284736,53,0.685807505614122
"RDH12",6,70,1104,1008.22857142857,1,0.983333333333333,95.7714285714286,0.0166666666666667,0.489624193439613,46.8920084688453,0.00816040322399358,0.358284135125124,76,0.616847653580351
"ZNF75A",12,224,529.25,477.625,1.73611111111111,2.13392857142857,51.625,-0.39781746031746,0.905476945313704,46.74524730182,-0.36021453876071,0.433807749966083,236,0.6673050510669
"GABRP",2,3,1592,1282.66666666667,0.75,0.833333333333333,309.333333333333,-0.0833333333333334,0.15101036754192,46.7125403596339,-0.01258419729516,0.657126953621149,5,0.807284797197045
"ZNF44",11,100,335.272727272727,271.96,4.96212121212121,7.15833333333333,63.3127272727273,-2.19621212121212,0.730946338658573,46.2782061904888,-1.60531320891758,0.318291373367132,111,0.588837957843961
"ACOT1",2,24,992,932.083333333333,1,1,59.9166666666666,0,0.77051259274045,46.1665461816986,0,0.622194248127868,26,0.787797279948974
"IER3IP1",6,55,1104,997.872727272727,1,1.07878787878788,106.127272727273,-0.0787878787878789,0.434369863370837,46.098488954465,-0.034223080144369,0.326155978470825,61,0.59297804169691
"RDH11",6,76,1104,1024.18421052632,1,0.978070175438597,79.8157894736842,0.0219298245614035,0.574835775854884,45.8809712675754,0.0126060477161159,0.440102163383199,82,0.671239788121856
"ZNF667",5,90,617.2,562.522222222222,0.616666666666667,3.16851851851852,54.6777777777778,-2.55185185185185,0.838349333784136,45.8390785727971,-2.13934329991581,0.655595547602051,95,0.807284797197045
"ZNF195",10,235,208.2,157.425531914894,14.0666666666667,14.3645390070922,50.7744680851064,-0.297872340425535,0.898557269556565,45.6237674057402,-0.267655356889192,0.509934298519576,245,0.716489963742695
"ZNF610",17,194,206.235294117647,158.226804123711,6.57843137254902,9.92096219931271,48.0084899939357,-3.34253082676369,0.945776723353658,45.4053123596214,-3.16128785304516,0.318141554658992,211,0.588834484676856
"CYP4F22",8,94,867.75,813.042553191489,1.29166666666667,1.14539007092199,54.7074468085107,0.146276595744681,0.829031897676895,45.3542184447174,0.121267963755929,0.705838216595499,102,0.838195992129454
"ATP5MF",3,76,831.333333333333,773.921052631579,0.666666666666667,1.375,57.4122807017544,-0.708333333333333,0.78808512030966,45.2457641440941,-0.558226960219342,0.900234953809962,79,0.94929710054118
"CCL14",10,73,617.5,578.109589041096,1.025,1.6324200913242,39.3904109589041,-0.607420091324201,1.1450918664797,45.1056392063341,-0.695551806111702,0.849325430975086,83,0.921620631965891
"CXorf51B",18,290,233.444444444444,187.227586206897,6.48611111111111,9.81436781609196,46.2168582375479,-3.32825670498085,0.972421819277409,44.9422813686424,-3.23646944007971,0.404589970633665,308,0.650600210322787
"NR2C1",6,71,1104,1026.67605633803,1,1.02112676056338,77.3239436619717,-0.0211267605633803,0.580709827473692,44.9027739835291,-0.0122685174818385,0.457319306544268,77,0.682392811408101
"PDK3",3,46,1216,1122.95652173913,1,0.978260869565217,93.0434782608695,0.0217391304347826,0.480829423765358,44.7380420372985,0.0104528135601165,0.595886535673239,49,0.770376684037424
"ZNF37A",8,66,714.375,655.015151515152,1.22916666666667,1.74747474747475,59.3598484848485,-0.518308080808081,0.752206256488526,44.650849414514,-0.389874581172399,0.800613454243702,74,0.893635488254784
"ZNF816",17,182,301.176470588235,250.450549450549,4.44117647058824,6.93772893772894,50.7259211376858,-2.4965524671407,0.879251240922444,44.6008291072443,-2.19509685476145,0.369686488925825,199,0.627289685667769
"IGHV3-66",19,235,126.631578947368,84.8085106382979,10.8508771929825,24.6475177304964,41.8230683090705,-13.796640537514,1.06590296379831,44.5793324657774,-14.705880039396,0.105484547436959,254,0.393411026212721
"ZNF112",12,102,790.333333333333,727.78431372549,1.13888888888889,1.33333333333333,62.5490196078432,-0.194444444444444,0.712247983362812,44.5504130770073,-0.138492663431658,0.71745087534357,114,0.844387551715585
"DDTL",3,13,1360.66666666667,1254.53846153846,1.16666666666667,0.897435897435897,106.128205128205,0.269230769230769,0.419136862248289,44.4822428934788,0.112844539836078,0.804643119313001,16,0.89610380516958
"ATP5MC1",6,76,748.833333333333,667.223684210526,2.16666666666667,2.23026315789474,81.609649122807,-0.0635964912280702,0.544513913610607,44.4375894322481,-0.0346291743304991,0.500267810047722,82,0.710722537843542
"CALCB",18,316,543.555555555556,499.724683544304,2.08796296296296,1.88132911392405,43.8308720112518,0.206633849038913,1.01053556170267,44.2926548678083,0.208810852705323,0.671301537656589,334,0.815355910174993
"CRKL",4,52,1185.75,1067.96153846154,1,0.967948717948718,117.788461538461,0.032051282051282,0.375048876104735,44.1764301181058,0.0120207973110492,0.364421471063402,56,0.622284831290513
"PDK1",4,56,1117,1045.35714285714,1,1,71.6428571428571,0,0.61618750812706,44.1454336179601,0,0.659869103576121,60,0.80884568646938
"LCE2C",9,68,743.555555555556,695.117647058824,1.61111111111111,1.70588235294118,48.437908496732,-0.0947712418300652,0.910370022744261,44.0964198598543,-0.0862768975803383,0.764239809484823,77,0.87294462686645
"IGHV3-43",19,227,142.315789473684,102.568281938326,9.59649122807017,23.147577092511,39.7475075353582,-13.5510858644408,1.10782323254797,44.0332122835453,-15.0122077468799,0.11084590040291,246,0.402830296074308
"CAMP",8,82,285.375,218.963414634146,2.55208333333333,6.40853658536586,66.4115853658537,-3.85645325203252,0.662611091138674,44.0050530435175,-2.55532869725456,0.518869956413313,90,0.721723249336132
"TAOK1",5,68,1112.6,1038.57352941176,1,1.10294117647059,74.0264705882353,-0.102941176470588,0.592732108506989,43.8778659970953,-0.0610165405816018,0.556607257285952,73,0.746877971831654
"ZNF256",18,253,248.388888888889,198.094861660079,8.97222222222222,7.10869565217391,50.2940272288098,1.86352657004831,0.871315854659706,43.821983319149,1.62372024606271,0.56592070044325,271,0.755064814347655
"ATL1",4,60,1117,1062.18333333333,1,1.01666666666667,54.8166666666666,-0.0166666666666666,0.794685472305311,43.5620086402028,-0.0132447578717551,0.736704706173155,64,0.858064334298165
"NDE1",3,15,1431.33333333333,1340.33333333333,0.833333333333333,0.811111111111111,91,0.0222222222222223,0.476877029368895,43.3958096725694,0.0105972673193088,0.835024204323549,18,0.913206541241766
"PPP1CC",5,28,1086,1033.60714285714,1.5,1.02380952380952,52.3928571428571,0.476190476190476,0.827775529842726,43.3695250814028,0.394178823734631,0.840312817441476,33,0.915590221449912
"DYNC1LI2",5,69,1085.6,1014.73913043478,0.866666666666667,1.01690821256039,70.8608695652173,-0.15024154589372,0.610057165750339,43.2291812495609,-0.0916559316658722,0.626350345924908,74,0.790338003059549
"MT1X",16,228,451,404.662280701754,2.70833333333333,3.36622807017544,46.3377192982456,-0.657894736842104,0.932681751301306,43.218345186396,-0.613606415329805,0.500787867927773,244,0.710722537843542
"CD24",3,50,946,884.08,1,1.26,61.92,-0.26,0.695188606105364,43.0460784900441,-0.180749037587395,0.548833531529392,53,0.739925368418168
"CBX1",5,66,897,806.818181818182,1.5,1.71464646464646,90.1818181818181,-0.214646464646465,0.477040109757821,43.0203444436144,-0.102394973054078,0.280885378518533,71,0.565840758911411
"ACTR2",4,30,974.75,935.366666666667,1,1.01111111111111,39.3833333333333,-0.0111111111111111,1.09142441630314,42.9839315954055,-0.0121269379589238,0.678240974746205,34,0.820045668709783
"SLC44A4",5,58,1105.8,1039.56896551724,1,0.982758620689655,66.2310344827586,0.0172413793103449,0.647945408623544,42.914094701491,0.0111714725624749,0.60295471248653,63,0.776384433780587
"XAGE1B",8,126,290.625,236.571428571429,12.0833333333333,8.95899470899471,54.0535714285714,3.12433862433863,0.793242137596002,42.8775705446982,2.47835704894412,0.641606262783252,134,0.800955522049946
"PLAC9",5,31,1056.8,995.838709677419,1,1.24731182795699,60.9612903225806,-0.247311827956989,0.703291429516855,42.8735530161597,-0.173932289020298,0.606540799940315,36,0.778450100036822
"EIF4A1",3,6,946,891,1,0.916666666666667,55,0.0833333333333334,0.77376526936484,42.5570898150662,0.0644804391137366,0.837713719114538,9,0.91461858513161
"ZNF746",3,57,932.666666666667,836.228070175439,1.33333333333333,1.66959064327485,96.438596491228,-0.33625730994152,0.440464037844878,42.4777336146192,-0.148109252491699,0.713687471055449,60,0.842509640867821
"YES1",6,69,782.666666666667,708.927536231884,1.83333333333333,1.95893719806763,73.7391304347826,-0.1256038647343,0.574515034696365,42.3642390802189,-0.0721613087058237,0.472325075077413,75,0.69450129450591
"PSPN",3,4,636,590.25,1,1,45.75,0,0.920442767799673,42.1102566268351,0,0.847406443469923,7,0.920172866333102
"RSU1",5,40,1075.2,1013,1.1,1.1125,62.2,-0.0125,0.67569807647007,42.0284203564384,-0.00844622595587584,0.675442671780218,45,0.818421048019432
"LSM2",6,32,1104,991.4375,1,1.01041666666667,112.5625,-0.0104166666666667,0.371495867614493,41.8165035983564,-0.00386974862098433,0.342029150779192,38,0.605828229837611
"ING4",4,44,1117,1041.47727272727,1,1.5,75.5227272727273,-0.5,0.552864511740211,41.7538357389255,-0.276432255870106,0.656041801018776,48,0.807284797197045
"ZNF777",5,44,1233.8,1071.54545454545,1,1.21969696969697,162.254545454545,-0.21969696969697,0.256392736518632,41.6008869216777,-0.0563287072654571,0.545355395520857,49,0.738224986619697
"SUPT20HL1",4,67,821,778.134328358209,1,0.942786069651741,42.8656716417911,0.0572139303482587,0.968456415251808,41.5135346955701,0.0554091978875413,0.787952550436086,71,0.8874459953615
"GABPB2",7,60,1038,980.516666666667,1,1.01666666666667,57.4833333333333,-0.0166666666666666,0.716517369198973,41.1878067727876,-0.0119419561533162,0.619460160992066,67,0.787692080564499
"GPX5",15,213,681.933333333333,638.352112676056,0.922222222222222,1.06572769953052,43.581220657277,-0.143505477308294,0.939570770247509,40.9476410612844,-0.134833551849291,0.648050393804953,228,0.804387834211365
"H2BC17",13,77,701.846153846154,648.818181818182,1.17948717948718,1.57792207792208,53.0279720279719,-0.398434898434898,0.767722562099656,40.7107705482635,-0.305887461056357,0.765250705468779,90,0.872992515762459
"ZNRF2",2,18,1154,1046.05555555556,1,1.19444444444444,107.944444444444,-0.194444444444444,0.376790416584775,40.6724321902343,-0.0732648032248173,0.723009545374827,20,0.84761163769462
"TXLNA",6,37,1228.83333333333,1100,0.916666666666667,0.972972972972973,128.833333333333,-0.0563063063063064,0.315318902136565,40.6235852252607,-0.0177544426878697,0.534126603009945,43,0.73019839398828
"ATF1",6,41,1148.16666666667,1042.41463414634,1.08333333333333,1.03658536585366,105.752032520325,0.0467479674796747,0.383956719305936,40.6042034664387,0.0179491962277165,0.482556890002279,47,0.699165095159213
"CYLC1",4,2,712,656,1,1,56,0,0.723489098971667,40.5153895424133,0,0.824821802182812,6,0.908532855457421
"ZFP14",12,131,490.833333333333,439.725190839695,2.19444444444444,4.19083969465649,51.1081424936386,-1.99639525021204,0.792172140192358,40.4864466204417,-1.58148869803033,0.401600202770003,143,0.649292886547941
"OR1L3",2,22,731.5,681.454545454545,1,1.13636363636364,50.0454545454545,-0.136363636363636,0.808752012332687,40.4743620717404,-0.110284365318094,0.691664474828888,24,0.830995562662729
"DEFB131B",4,6,733,687.5,3.25,1.5,45.5,1.75,0.88733292506354,40.3736480903911,1.5528326188612,0.859572767334334,10,0.927586491565758
"TEKT4",4,9,1275.25,1152.22222222222,0.875,1.55555555555556,123.027777777778,-0.680555555555556,0.32764505894471,40.3094435018367,-0.22298066511515,0.505613501528442,13,0.71292574174582
"RPL12",6,73,763,703.58904109589,2.08333333333333,1.89954337899543,59.4109589041096,0.1837899543379,0.677055559049697,40.2245199945005,0.124436010281965,0.574618687595265,79,0.759074892482254
"TAS2R46",5,54,617.8,563.925925925926,2.7,2.78395061728395,53.874074074074,-0.0839506172839508,0.745789701600061,40.1787296276832,-0.0626095058133386,0.741156086730058,59,0.859330177262805
"SFTPA2",6,45,918.333333333333,820.577777777778,1.5,1.67777777777778,97.7555555555556,-0.177777777777778,0.409644863610899,40.0450612227632,-0.0728257535308264,0.519529344197784,51,0.722100611970207
"MMD",5,61,1105.8,1029.29508196721,1,1.09562841530055,76.5049180327869,-0.0956284153005464,0.522536612411146,39.9766207016449,-0.0499693481813937,0.54875805389675,66,0.739925368418168
"ANKRD11",2,16,1247.5,1101.25,1.25,1.03125,146.25,0.21875,0.273031624788975,39.9308751253876,0.0597256679225883,0.4655861691148,18,0.688557487706418
"CLK4",6,63,1072.33333333333,977.698412698413,1.08333333333333,1.01587301587302,94.6349206349206,0.0674603174603174,0.421656996739814,39.9034764216313,0.0284451148594319,0.290634365519995,69,0.574138841454939
"HSPE1",6,68,768.833333333333,692.323529411765,1.91666666666667,2.26960784313725,76.5098039215686,-0.352941176470588,0.52051942124119,39.8248388565318,-0.183712736908655,0.340739742454283,74,0.604616345846943
"GAGE13",15,201,302.2,253.303482587065,5.01111111111111,6.98092868988392,48.8965174129353,-1.96981757877281,0.802179551967993,39.2237864311036,-1.58014738279865,0.315634192416911,216,0.587732634155628
"OR4N4",4,59,608,568.661016949153,2.5,1.2683615819209,39.3389830508474,1.2316384180791,0.993469062197418,39.0820625993255,1.22359466417535,0.770927710208606,63,0.876259208225571
"FRAT1",3,30,1134.33333333333,1055.2,1,0.983333333333333,79.1333333333332,0.0166666666666667,0.493669282131783,39.0656958593617,0.00822782136886308,0.624077915135428,33,0.789431892649943
"C8orf33",4,24,813.25,758.541666666667,0.875,1.01388888888889,54.7083333333334,-0.138888888888889,0.713247595599272,39.0205872092435,-0.0990621660554544,0.871029445832651,28,0.932251480387751
"TUBA3C",9,87,698.333333333333,648.310344827586,2.42592592592593,1.62835249042146,50.0229885057472,0.79757343550447,0.776248149941055,38.8302522821089,0.619114903752476,0.82436872944148,96,0.908487987547753
"CCL2",9,157,573.888888888889,538.987261146497,1.57407407407407,1.94055201698514,34.9016277423921,-0.366477942911064,1.11036136810679,38.7534191291963,-0.406922950071691,0.742495796677297,166,0.859781455912855
"ZNF852",9,147,711.666666666667,663.755102040816,1.01851851851852,1.27097505668934,47.9115646258502,-0.252456538170823,0.807264502323476,38.677305373226,-0.203799201644777,0.74743440177717,156,0.862474117672991
"CALR",3,55,932.666666666667,853.981818181818,1.33333333333333,1.58787878787879,78.6848484848484,-0.254545454545455,0.490838840257025,38.6215797761027,-0.124940795701788,0.763221782972588,58,0.87237821646409
"PI4K2A",5,60,1123.4,1034.9,1.1,0.975,88.5,0.125,0.434488207191134,38.4522063364153,0.0543110258988918,0.501143687293672,65,0.710722537843542
"KLK2",11,152,632.181818181818,592.776315789474,1.61363636363636,1.59758771929825,39.4055023923445,0.016048644338118,0.971461171406637,38.280915513934,0.0155906348281966,0.620969547642069,163,0.787797279948974
"CSAG2",3,45,612.333333333333,552.955555555556,2.44444444444444,3.83333333333333,59.3777777777779,-1.38888888888889,0.642588663440516,38.1554868602902,-0.892484254778494,0.710243436990017,48,0.841426852716308
"IGHV3-33",17,225,122.176470588235,86.9777777777778,13.2598039215686,25.3348148148148,35.1986928104575,-12.0750108932462,1.08082490889019,38.0436239499165,-13.0509725485408,0.238587613004665,242,0.534311869916102
"USP17L2",2,5,812.5,554,2.75,8.86666666666667,258.5,-6.11666666666667,0.146662743249633,37.91231913003,-0.89708711287692,0.538467640124755,7,0.733623146927555
"SLC27A1",5,48,1112.6,998.354166666667,1,1.375,114.245833333333,-0.375,0.331754120678499,37.9015259786823,-0.124407795254437,0.380069581824447,53,0.634116524890796
"TRGV3",4,44,723.5,670.840909090909,2.375,2.20833333333333,52.6590909090909,0.166666666666667,0.718563795993527,37.8389162572046,0.119760632665588,0.592636386162641,48,0.769435759562901
"KRTAP10-10",3,16,1277.33333333333,1174.125,0.833333333333333,1.125,103.208333333333,-0.291666666666667,0.366035918006039,37.7779570375399,-0.106760476085095,0.829422151793036,19,0.910791678638354
"ARMCX2",17,245,511,469.697959183673,1.92647058823529,1.99387755102041,41.3020408163266,-0.0674069627851139,0.914525720392112,37.7717786312155,-0.0616454012005006,0.53071837369362,262,0.728268605204227
"NPIPB4",5,41,479.8,426.756097560976,6,6.55691056910569,53.0439024390244,-0.556910569105691,0.708653952888866,37.589771140066,-0.394656876202336,0.778235486500482,46,0.880472537954679
"CYP4F2",13,246,394.461538461538,358.369918699187,3.46153846153846,3.6449864498645,36.0916197623515,-0.183447988326034,1.03644535881254,37.4069917947163,-0.190133816084015,0.657648314438144,259,0.807609915333381
"SRGAP3",2,26,1078,1043.61538461538,1,0.942307692307692,34.3846153846155,0.0576923076923077,1.08661078240202,37.3626938256696,0.0626890836001166,0.668584131563801,28,0.814969498560063
"ZNF682",14,249,210.642857142857,169.088353413655,9.96428571428571,12.5963855421687,41.5545037292025,-2.63209982788297,0.89759287384518,37.2990264235051,-2.36255404875688,0.611267543339738,263,0.781140103353244
"FAM83E",4,28,1051.25,974.392857142857,1.5,1.41071428571429,76.8571428571429,0.0892857142857142,0.484578877418765,37.243348007328,0.043265971198104,0.769537579265748,32,0.875091680918022
"GAGE12E",13,189,314,267.571428571429,5.14102564102564,6.95326278659612,46.4285714285714,-1.81223714557048,0.801628515769284,37.2184668035739,-1.45274097322563,0.418103415831381,202,0.658549960450216
"IGHV3-16",17,207,167.647058823529,134.275362318841,9.18627450980392,20.0861513687601,33.3716965046888,-10.8998768589561,1.11230829515181,37.119614845454,-12.1240234463502,0.354623566053547,224,0.615271646121072
"CASP1",6,34,955.333333333333,906.852941176471,1.41666666666667,1.26960784313725,48.4803921568628,0.147058823529412,0.763737112440388,37.02627471586,0.112314281241234,0.806703323898943,40,0.896686086870703
"DPY19L1",5,31,1039,994.129032258065,1.2,1.18817204301075,44.8709677419355,0.0118279569892472,0.822498297774874,36.9062945872532,0.00972847448981026,0.804833973161567,36,0.89610380516958
"PDCL3",4,51,1033.75,929.529411764706,1.25,1.42483660130719,104.220588235294,-0.17483660130719,0.354020904703695,36.8962669358101,-0.0618958117700904,0.540646220058398,55,0.735588115544215
"RRAGD",3,22,1119.33333333333,1029,1,1,90.3333333333333,0,0.404551908231936,36.5445223769515,0,0.55034030856594,25,0.741456464271577
"GTF2A2",6,51,1080.16666666667,1001.64705882353,1.08333333333333,1.12418300653595,78.5196078431374,-0.0408496732026145,0.461372026949046,36.2267506258325,-0.0188468965256964,0.523225021731193,57,0.724274063934168
"H2BC15",15,162,521.933333333333,483.802469135802,1.92777777777778,2.2716049382716,38.1308641975308,-0.343827160493827,0.943117031940451,35.9618674672997,-0.324269251105451,0.655087348177495,177,0.807284797197045
"GAGE12H",13,185,290.923076923077,245.643243243243,5.37179487179487,7.36306306306306,45.2798336798337,-1.99126819126819,0.792951004955242,35.9046896206303,-1.57897811340152,0.382990341875354,198,0.636088697478767
"ZNF433",7,102,299.285714285714,248.147058823529,6.21428571428571,9.83169934640523,51.1386554621849,-3.61741363211951,0.70153448158504,35.8755301486198,-2.53774039708762,0.459967456733768,109,0.68423015147973
"PI4K2B",6,74,1072.83333333333,1009.93243243243,1.08333333333333,0.986486486486487,62.9009009009009,0.0968468468468467,0.565284843978156,35.5569259518512,0.0547460547095962,0.59603704118601,80,0.770376684037424
"ZFP69B",6,55,515.333333333333,443.163636363636,1.91666666666667,11.1,72.169696969697,-9.18333333333333,0.489383618019508,35.3186674144018,-4.49417289214581,0.57729048576446,61,0.759598662134865
"ZNF302",9,122,646.444444444444,602.27868852459,1.28703703703704,1.68579234972678,44.1657559198543,-0.398755312689739,0.789178196406436,34.8546515997575,-0.314688998475972,0.740464429318594,131,0.859256196995477
"DCUN1D2",5,51,1112.6,1047.76470588235,1,0.980392156862745,64.835294117647,0.0196078431372549,0.534942542916532,34.6831571060353,0.0104890694689516,0.621825380205509,56,0.787797279948974
"OR13C9",3,22,636,601.090909090909,1,1.32575757575758,34.9090909090909,-0.325757575757576,0.992810629513741,34.6581165212069,-0.323415583856749,0.798857117667166,25,0.893251150475005
"ACTR3B",3,31,1047.33333333333,988.645161290323,1.5,1.29032258064516,58.6881720430107,0.209677419354839,0.590098444514516,34.6317990339809,0.123730319011108,0.642670323156873,34,0.801159554860876
"ZNF630",3,45,655.666666666667,603.488888888889,2,2.06296296296296,52.1777777777777,-0.0629629629629629,0.658979155469995,34.384067934301,-0.0414912801592218,0.742089990695435,48,0.859781455912855
"GAGE10",14,203,298.714285714286,256.192118226601,4.29761904761905,6.28489326765189,42.5221674876847,-1.98727422003284,0.8061004945565,34.277140241437,-1.60194273158785,0.326868103424866,217,0.593410112799811
"LCE1F",7,134,667.428571428571,631.39552238806,2.57142857142857,1.70273631840796,36.0330490405117,0.868692253020612,0.950478765261922,34.2486479606479,0.825673540043628,0.76664788967482,141,0.873545756241968
"LRIG2",3,6,872.333333333333,819.5,2,1.08333333333333,52.8333333333334,0.916666666666667,0.647088435859111,34.1878390278897,0.593164399537519,0.763110550490115,9,0.87237821646409
"ZNF845",13,120,353.384615384615,308.641666666667,3.6025641025641,6.44444444444445,44.7429487179487,-2.84188034188034,0.763931284139554,34.1805382702928,-2.1710012989436,0.148974506969798,133,0.448945799284551
"PTP4A2",4,73,809.75,769.780821917808,1.5,1.25114155251142,39.9691780821918,0.248858447488585,0.854554206177198,34.1558292475825,0.212663033044097,0.818187221293805,77,0.903508721943706
"IGKV2D-29",12,233,270.916666666667,239.257510729614,5.54166666666667,10.706008583691,31.659155937053,-5.16434191702433,1.07574729410509,34.0572513329358,-5.5555268430724,0.419257843211824,245,0.659588323415138
"IFNA8",12,225,350.833333333333,315.751111111111,4.66666666666667,3.9837037037037,35.0822222222222,0.682962962962964,0.967265053503896,33.9338075548133,0.660606206911551,0.478385911128247,237,0.697384432819782
"OR1D5",4,116,652,611.793103448276,1.5,1.34913793103448,40.2068965517242,0.150862068965517,0.843075244518202,33.8974391416629,0.127188075681625,0.81063361350201,120,0.898804639165936
"ZNF230",18,261,268.833333333333,233.63601532567,5.61574074074074,6.19604086845466,35.1973180076628,-0.580300127713921,0.962948965729735,33.8932209719395,-0.558799407794954,0.572802554693804,279,0.758740363348117
"ZNF134",19,290,236.473684210526,201.8,9.60526315789474,7.5683908045977,34.6736842105263,2.03687235329703,0.974158737851741,33.7776724471962,1.98423700085294,0.631652026563218,309,0.794602836398126
"SMAD9",5,39,1179.8,1071.79487179487,0.9,0.987179487179487,108.005128205128,-0.0871794871794872,0.312479906025814,33.7494323118444,-0.0272418379612248,0.752982996263988,44,0.865200530008964
"WFDC8",4,26,593.5,555.269230769231,1,1.05769230769231,38.2307692307693,-0.0576923076923077,0.875987160684947,33.489662989263,-0.050537720808747,0.717073813506607,30,0.844387551715585
"OR51B2",2,40,623,584.075,1.5,1.52916666666667,38.925,-0.0291666666666666,0.860178610018721,33.4824523949787,-0.0250885427922126,0.4910109932996,42,0.70553035930428
"ZNF878",7,95,296,247.157894736842,6.9047619047619,10.1421052631579,48.8421052631579,-3.23734335839599,0.685021851152969,33.4579093615766,-2.21765094018619,0.554125406600029,102,0.744297520932342
"MT1A",9,134,436.777777777778,406.917910447761,3.72222222222222,3.87810945273632,29.8598673300166,-0.155887230514098,1.11906382721209,33.4150974143737,-0.174447760792601,0.60701964757626,143,0.778450100036822
"STX10",3,33,1141.66666666667,1046.27272727273,1.33333333333333,1.06060606060606,95.3939393939395,0.272727272727273,0.34878848732908,33.2723078215741,0.0951241329079309,0.710881127566224,36,0.841932716584064
"H3C3",12,83,703.416666666667,657.89156626506,1.48611111111111,1.71686746987952,45.5251004016064,-0.230756358768407,0.728886793899365,33.1826444736736,-0.168195262514596,0.635642491645318,95,0.797045054678328
"SULT1C3",2,38,930,893.342105263158,1.5,1.19736842105263,36.6578947368421,0.302631578947369,0.903247394610839,33.111147912971,0.273351185211175,0.835506284979954,40,0.913206541241766
"TCEAL3",15,166,489,453.674698795181,2.46666666666667,2.06224899598394,35.3253012048193,0.404417670682731,0.93702207638775,33.1005870839624,0.37894828551103,0.633601537034995,181,0.795394266445839
"KRTAP5-11",5,36,853.8,809,1.4,1.42592592592593,44.8,-0.0259259259259261,0.738534312199284,33.0863371865279,-0.0191471858718334,0.800228871797393,41,0.893635488254784
"BTN3A2",5,58,716.2,669.620689655172,2.2,2.32758620689655,46.5793103448276,-0.127586206896551,0.709520331367622,33.0489677107374,-0.0905250077951791,0.817858586196892,63,0.903508721943706
"GSTA5",7,154,568,537.298701298701,3.5,2.29761904761905,30.7012987012987,1.20238095238095,1.07239306138131,32.9238597026677,1.28942499047038,0.746777607530256,161,0.862214192340625
"GYPA",5,17,610.8,568.705882352941,2.7,1.47058823529412,42.0941176470587,1.22941176470588,0.779326482370384,32.8050606343674,0.958113145973001,0.712681783780498,22,0.842333691953769
"ZNF564",10,79,449.5,404.177215189873,2.59166666666667,4.35021097046414,45.3227848101266,-1.75854430379747,0.721620498429136,32.70585056488,-1.26900161701605,0.66719352470639,89,0.81445262081193
"TOMM5",3,54,1002.66666666667,934.833333333333,1.33333333333333,1.26851851851852,67.8333333333333,0.0648148148148147,0.480980459706767,32.626507850109,0.0311746594254385,0.771222130963297,57,0.876259208225571
"SEC14L3",6,68,1043.83333333333,979.897058823529,1.16666666666667,1.14460784313725,63.9362745098039,0.0220588235294119,0.50690582829133,32.409670188254,0.0111817462123088,0.619548600904459,74,0.787692080564499
"ZNF709",16,223,336.5625,297.959641255605,5.390625,5.46860986547085,38.6028587443946,-0.0779848654708521,0.834939519474298,32.231052330379,-0.0651126461025011,0.622172020655993,239,0.787797279948974
"FBLIM1",3,60,1119.33333333333,1068.41666666667,1,1.00833333333333,50.9166666666665,-0.0083333333333333,0.632293136735206,32.1942588787675,-0.00526910947279336,0.72206536295,63,0.84714421325549
"TRIM5",11,242,414.818181818182,383.037190082645,3.72727272727273,2.91942148760331,31.7809917355372,0.807851239669421,1.01103967177103,32.1318434528553,0.816769652195191,0.533898786896411,253,0.73019839398828
"ZNF684",5,72,428,377.194444444444,3.6,12.2777777777778,50.8055555555555,-8.67777777777778,0.631450402697197,32.0811885148104,-5.47958627229456,0.502122492833464,77,0.710722537843542
"DKKL1",4,23,840.25,804.869565217391,0.875,1,35.3804347826087,-0.125,0.905533406313542,32.0381656255498,-0.113191675789193,0.888926679299562,27,0.94491444093764
"ANKRD13B",4,49,931.75,864.448979591837,1.5,1.42176870748299,67.3010204081633,0.0782312925170068,0.474854791207463,31.9582119939676,0.0371485040740532,0.753044905748543,53,0.865200530008964
"SULT1A2",4,86,622.5,582.162790697674,3.625,2.51550387596899,40.3372093023256,1.10949612403101,0.786219087119212,31.713883874611,0.872307029797964,0.7501638904733,90,0.864300151745127
"KRT34",3,31,972,921.548387096774,1.33333333333333,1.46236559139785,50.4516129032259,-0.129032258064516,0.627253053884683,31.6459282669563,-0.0809358779206045,0.57182318491096,34,0.758130539782414
"GAGE12D",14,187,291.142857142857,251.812834224599,5.08333333333333,7.19340463458111,39.3300229182582,-2.11007130124777,0.801845687650527,31.5366092722018,-1.69195157354067,0.416838226010586,201,0.658177057896659
"OR8A1",4,69,425.5,390.536231884058,3.5,3.08454106280193,34.963768115942,0.415458937198068,0.894160011019693,31.2632032838407,0.371486767863254,0.749152331267088,73,0.863957493721005
"SRPK2",5,66,1105.8,1063.86363636364,1,0.946969696969697,41.9363636363637,0.053030303030303,0.743723773634148,31.1890706161303,0.0394398970866593,0.738811436578143,71,0.858838326925975
"ZNF563",7,94,395.428571428571,351.329787234043,4.52380952380952,6.35283687943262,44.0987841945289,-1.8290273556231,0.706788185556153,31.1684996660834,-1.29273492601342,0.443408160707601,101,0.673952598867365
"SDHC",5,73,810.6,763.739726027397,1.9,1.85159817351598,46.8602739726027,0.0484018264840178,0.664322479724885,31.1303334060669,0.0321544213930763,0.460568659228097,78,0.684430034315908
"ROPN1B",4,27,1139,1023.48148148148,1.125,1.28395061728395,115.518518518518,-0.158950617283951,0.26924453254441,31.1027295187413,-0.0427965846482627,0.52439243207549,31,0.724826066611435
"TSN",7,59,998.857142857143,944.169491525424,1,1.33898305084746,54.6876513317192,-0.338983050847458,0.568471812413754,31.0883882691938,-0.192702309292798,0.63956715979789,66,0.800496695984496
"GAGE12F",12,186,274.666666666667,235.564516129032,6.09722222222222,7.31182795698925,39.1021505376344,-1.21460573476702,0.789508958701286,30.8714981539487,-0.958942108888524,0.492182896614542,198,0.706443881175524
"ATP2A3",6,50,1054.66666666667,1006.52,1.16666666666667,1.09,48.1466666666668,0.0766666666666667,0.636484085789188,30.6445871171302,0.0487971132438377,0.694042884995941,56,0.832431379962717
"ROPN1",4,27,1139,1025.59259259259,1.125,1.2716049382716,113.407407407407,-0.146604938271605,0.26924453254441,30.5343243944809,-0.0394725780736404,0.531638487443689,31,0.728268605204227
"IGHG4",10,124,533.5,505.685483870968,3.2,1.84274193548387,27.8145161290323,1.35725806451613,1.09689693311492,30.5096574380111,1.48877220841324,0.762842372276968,134,0.87237821646409
"TUBA3E",8,83,728.125,689.698795180723,1.72916666666667,1.45582329317269,38.4262048192771,0.273343373493976,0.792211587438429,30.4416847191137,0.216545787831438,0.85784084918621,91,0.926767989745497
"SLC6A16",2,12,543.5,506.833333333333,1,1.16666666666667,36.6666666666667,-0.166666666666667,0.825948718424561,30.2847863422339,-0.137658119737427,0.774678981867428,14,0.878438482276459
"ZNF611",19,153,257.315789473684,220.588235294118,4.93421052631579,9.56100217864924,36.7275541795666,-4.62679165233345,0.81912622514655,30.0845028139737,-3.78992638071547,0.432871597846565,172,0.6673050510669
"H2AC15",9,68,692.444444444444,651.720588235294,1.55555555555556,1.92647058823529,40.7238562091503,-0.370915032679739,0.735880850168675,29.9679059293364,-0.272949269588708,0.740553170793254,77,0.859256196995477
"TNFRSF10D",7,56,774.142857142857,734.392857142857,0.833333333333333,1.77380952380952,39.75,-0.94047619047619,0.753536209500276,29.953064327636,-0.708682863696688,0.83096791353394,63,0.911237042393421
"H3C1",5,46,824.6,755.130434782609,1.9,1.8695652173913,69.4695652173913,0.0304347826086957,0.428289230401572,29.7530666232884,0.0130348896209174,0.639686663181976,51,0.800496695984496
"PLA2G2A",4,84,436.25,409.47619047619,2.25,2.50992063492063,26.7738095238095,-0.259920634920635,1.11080981733224,29.740610466431,-0.28872239299707,0.760889887975615,88,0.871457722083852
"SPATA31D4",12,175,452,422.925714285714,3.92361111111111,3.3647619047619,29.0742857142857,0.558849206349207,1.00931081241961,29.3449909348056,0.564052546480373,0.724352369686379,187,0.84854258405074
"MT1M",11,207,426.818181818182,400.053140096618,3.71212121212121,4.39371980676329,26.7650417215635,-0.681598594642076,1.09469345459516,29.2995159845618,-0.746141520215937,0.698951481961036,218,0.835230299616119
"TGFBR1",2,57,1078,1039.56140350877,1,0.964912280701754,38.4385964912281,0.0350877192982456,0.761231968644793,29.2606884789604,0.0267098936366594,0.481542245480909,59,0.698962155082351
"STAT5B",6,50,980.166666666667,938.12,1,0.966666666666667,42.0466666666666,0.0333333333333333,0.695009987138737,29.2228532592267,0.0231669995712912,0.717304937388157,56,0.844387551715585
"TAOK3",5,55,1112.6,1047.81818181818,1,0.963636363636364,64.7818181818182,0.0363636363636364,0.450040205795825,29.1544227863732,0.0163650983925755,0.609715196970938,60,0.780154315432555
"RAB1B",4,56,1046.5,991.25,1.25,1.13690476190476,55.25,0.113095238095238,0.526911710897233,29.1118720270721,0.0595912053990919,0.605194234401796,60,0.777295851664273
"SCYGR7",7,60,657.285714285714,609.5,2.07142857142857,2.36111111111111,47.7857142857143,-0.28968253968254,0.60764597128088,29.0367967704935,-0.176024428188509,0.563181440863677,67,0.752636616224707
"MAGEB6",19,296,276.473684210526,247.121621621622,7.21052631578947,6.01013513513514,29.3520625889047,1.20039118065434,0.98321081836934,28.859265478865,1.18023759509449,0.693873882365591,315,0.832431379962717
"IFNA5",14,189,379,345.603174603175,3.92857142857143,5.07142857142857,33.3968253968254,-1.14285714285714,0.859218382429134,28.6951662957286,-0.981963865633293,0.585245091026644,203,0.764011559536906
"ARMCX3",11,166,675.090909090909,646.746987951807,1.27272727272727,1.05321285140562,28.3439211391019,0.21951442132165,1.0072057021733,28.5481589932538,0.221096176864439,0.829905656186079,177,0.910943507745583
"PPP3CB",6,72,958.833333333333,911.263888888889,1.29166666666667,1.26851851851852,47.5694444444445,0.0231481481481481,0.599463604562009,28.5161506336789,0.0138764723278243,0.849687483890975,78,0.921647987412686
"STATH",9,206,548.777777777778,516.728155339806,3,1.87216828478964,32.049622437972,1.12783171521036,0.888738378958039,28.4837294917404,1.00234733031352,0.681576347313284,215,0.822183805745287
"SCYGR9",5,50,886,818.3,1.7,1.64333333333333,67.7,0.0566666666666666,0.419323350707519,28.3881908428991,0.0237616565400928,0.568288408371597,55,0.756960159950967
"ZNF480",17,242,176.470588235294,146.45867768595,7.0735294117647,12.8911845730028,30.0119105493437,-5.81765516123804,0.94234876162738,28.2816867402457,-5.48226013676781,0.405644159737197,259,0.651196800280289
"NPIPB5",5,48,443.8,404.916666666667,6.2,6.36458333333333,38.8833333333333,-0.164583333333333,0.726921242685806,28.2651209864331,-0.119639121192038,0.833479848284842,53,0.912739236433606
"XAGE2",13,204,276.307692307692,241.563725490196,5.66666666666667,6.66993464052287,34.7439668174962,-1.00326797385621,0.800410791571876,27.8094459827391,-0.803026513112958,0.451574722246188,217,0.67933525829182
"CUX2",4,32,1185.75,1097.59375,1,1.02604166666667,88.15625,-0.0260416666666667,0.314642918217016,27.7377397590688,-0.00819382599523482,0.51610294231333,36,0.7209629145658
"ZNF324B",5,38,855.6,815.973684210526,1.3,1.90350877192982,39.6263157894737,-0.603508771929824,0.699118584036742,27.7034937853296,-0.421924198085332,0.846101527073474,43,0.919755631715343
"CT45A7",6,180,521,491.538888888889,4.08333333333333,2.34259259259259,29.4611111111111,1.74074074074074,0.939409600165919,27.6760506093326,1.63526856325178,0.796593983682464,186,0.891798687334556
"IGHV3-64",19,228,110.631578947368,85.4035087719298,11.7982456140351,25.3896198830409,25.2280701754386,-13.5913742690058,1.09545546241641,27.6362272799086,-14.8887451847282,0.215822513477916,247,0.521418841510129
"ZNF75D",17,252,561.117647058824,529.583333333333,1.77941176470588,1.73544973544974,31.5343137254902,0.0439620292561467,0.87564539916689,27.6128767296108,0.038495148656185,0.765878723242183,269,0.873416489176873
"H2AC18",12,135,657.833333333333,630.2,1.44444444444444,1.30864197530864,27.6333333333333,0.135802469135803,0.994037036257289,27.4685567685764,0.134992683936175,0.697954835930516,147,0.834829478860197
"GAGE2A",14,179,282.857142857143,248.374301675978,5.26190476190476,7.18621973929236,34.4828411811652,-1.9243149773876,0.79546849297809,27.4300137079843,-1.53073193507768,0.482529236561522,193,0.699165095159213
"COMMD4",6,43,695.666666666667,637.860465116279,2.5,3.53488372093023,57.8062015503875,-1.03488372093023,0.474240352089138,27.4140333761914,-0.49078362018527,0.478495038138398,49,0.697384432819782
"CCL4L2",15,193,520.933333333333,496.461139896373,1.46666666666667,1.92573402417962,24.4721934369602,-0.459067357512954,1.11786002218473,27.3564866983494,-0.513173046453717,0.715330684106307,208,0.843653734865961
"WWP1",6,39,1228.83333333333,1131.94871794872,0.916666666666667,0.957264957264957,96.8846153846152,-0.0405982905982907,0.280177566350702,27.1448957552853,-0.0113747302578277,0.640437421687296,45,0.800496695984496
"OR4F16",4,46,588.5,555.869565217391,2.5,1.47826086956522,32.6304347826087,1.02173913043478,0.831837058190654,27.1432048770473,0.849920472499147,0.869686933659792,50,0.931457782606414
"TSPAN3",2,24,949,921.708333333333,0.75,0.951388888888889,27.2916666666666,-0.201388888888889,0.991747902308172,27.0664531671605,-0.199727008103729,0.965735103714823,26,0.982195268375844
"IFNL2",16,209,593.5,566.315789473684,1.77604166666667,1.50956937799043,27.1842105263158,0.266472288676236,0.987743347114816,26.851023093937,0.263206230330411,0.743680284519908,225,0.860876714061864
"PAGE3",15,228,262.266666666667,229.736842105263,5.74444444444444,6.76315789473684,32.5298245614035,-1.0187134502924,0.822354074437429,26.7510337688049,-0.837743156532164,0.484982111787106,243,0.701153588531576
"VDAC1",6,59,910.333333333333,836.966101694915,1.5,1.56497175141243,73.3672316384182,-0.0649717514124293,0.363075346320703,26.6378330357099,-0.0235896411451304,0.495789383682302,65,0.708766301612656
"TEX19",5,88,583.8,557.363636363636,0.783333333333333,1.09659090909091,26.4363636363636,-0.313257575757576,1.0067244377556,26.6141333181208,-0.315364056827229,0.763689251520251,93,0.872662925100063
"TMEM50B",5,56,1105.8,1037,1,1.00595238095238,68.8,-0.00595238095238093,0.386153799085292,26.5673813770681,-0.00229853451836483,0.581371161245959,61,0.761941344814317
"ING5",5,53,1105.8,1064.90566037736,1,1.0125786163522,40.8943396226414,-0.0125786163522013,0.639781059712479,26.1634239400155,-0.00804756049952804,0.75229300585227,58,0.865200530008964
"XAGE1A",8,124,297.125,264.379032258065,8.375,8.00403225806452,32.7459677419355,0.370967741935482,0.79783150696614,26.125764790613,0.295969752584212,0.752929632787287,132,0.865200530008964
"ZNF793",5,78,753.2,719.5,1.45,1.91452991452991,33.7,-0.464529914529914,0.771220265114417,25.9901229343559,-0.358254883837338,0.852448343801427,83,0.923389423103958
"ATL3",4,50,1117,1075.52,1,1.04333333333333,41.48,-0.0433333333333332,0.619828755390446,25.7104967735957,-0.0268592460669193,0.798943343456594,54,0.893251150475005
"SAYSD1",5,25,1075.2,1020,1.1,0.96,55.2,0.14,0.465173686929567,25.6775875185121,0.0651243161701394,0.720367064701478,30,0.846599258870847
"CNBP",4,50,1117,1060.2,1,0.986666666666667,56.8,0.0133333333333333,0.451905135127204,25.6682116752252,0.00602540180169604,0.72719169121051,54,0.85066100646288
"PRODH",6,42,970.833333333333,937.928571428571,1.33333333333333,1.33730158730159,32.9047619047619,-0.00396825396825373,0.779583325170896,25.6520036996709,-0.00309358462369385,0.839141568150493,48,0.915177321596444
"APOBEC3A",10,103,590.7,560.417475728155,2.43333333333333,2.1747572815534,30.2825242718447,0.258576051779935,0.841448940138413,25.4811979532595,0.217578544715402,0.777761672086482,113,0.880185681579604
"EYS",2,3,1217.5,1142.66666666667,1,1,74.8333333333333,0,0.33798638075968,25.292647493516,0,0.78860415621182,5,0.887929616292598
"C1QTNF9B",5,27,1112.6,1053.14814814815,1,0.962962962962963,59.4518518518519,0.0370370370370371,0.424140830064391,25.2159577933096,0.0157089196320145,0.650515185268514,32,0.805783843872592
"ZNF154",19,299,127.263157894737,101.561872909699,11.5087719298246,14.58751393534,25.7012849850378,-3.07874200551545,0.975828571023504,25.0800482004173,-3.00432441179218,0.377449929244425,318,0.632406673903866
"IGHV3-21",18,238,116.111111111111,93.6260504201681,10.8703703703704,24.7612044817927,22.485060690943,-13.8908341114223,1.1149430708526,25.0695626150672,-15.4874892408933,0.247557605940239,256,0.537922889253504
"BET1",6,38,1116.5,1069.31578947368,1.16666666666667,1.03070175438596,47.1842105263158,0.135964912280702,0.530718952419893,25.041554781286,0.0721591558114767,0.744177058151474,44,0.861074020870855
"ZNF69",11,119,356.181818181818,324.655462184874,4.45454545454546,7.26330532212885,31.5263559969442,-2.80875986758339,0.793162351766176,25.005518665154,-2.2278025821189,0.701956363376231,130,0.836046430996469
"C17orf98",5,55,1047.8,980.854545454545,1,1.27575757575758,66.9454545454545,-0.275757575757576,0.373113787346254,24.978272091071,-0.102888953480331,0.518402447981904,60,0.721723249336132
"SNAPC3",4,6,593.5,559,1,1.08333333333333,34.5,-0.0833333333333333,0.72231438824072,24.9198463943048,-0.0601928656867266,0.833141191724955,10,0.912739236433606
"ZNF222",8,92,561.75,530.967391304348,3.3125,2.96195652173913,30.7826086956521,0.350543478260869,0.808125504148171,24.8762111711697,0.283283125095418,0.854736377846299,100,0.925366178779141
"TRIM74",6,5,1177.83333333333,1079,1,1,98.8333333333333,0,0.251436586805289,24.8503159959227,0,0.372119529722302,11,0.627994014647681
"OR4F29",2,17,574.5,544.176470588235,3,2.02941176470588,30.3235294117648,0.970588235294118,0.81445492424697,24.6971478499596,0.79050036765147,0.750747203880715,19,0.864300151745127
"ZNF443",9,96,563.333333333333,531.46875,1.75925925925926,2.82118055555556,31.8645833333334,-1.0619212962963,0.760037527511621,24.2182791318547,-0.807100036448973,0.717956442716944,105,0.844555179598737
"KRT24",2,31,841,805.225806451613,3.5,1.91397849462366,35.7741935483871,1.58602150537634,0.666325341851706,23.8372517455981,1.05680632175405,0.958317607770454,33,0.978230111827151
"LCN8",2,11,731.5,704.181818181818,1,1.22727272727273,27.3181818181819,-0.227272727272727,0.870497866093207,23.7804189782736,-0.197840424112093,0.851403000092037,13,0.922757360555406
"CFAP410",3,67,788,765.134328358209,0.833333333333333,1.4228855721393,22.8656716417911,-0.58955223880597,1.03848746227587,23.7457133165169,-0.612242608356669,0.951923773813309,70,0.976357135564164
"DUSP3",3,12,1198.66666666667,1104,1.16666666666667,1.29166666666667,94.6666666666667,-0.125,0.250773065381182,23.7398501894186,-0.0313466331726478,0.569851625385245,15,0.757200307376017
"LCN6",2,23,623,596.869565217391,1.5,1.28260869565217,26.1304347826087,0.217391304347826,0.903377003234266,23.6056338671215,0.196386305050927,0.714188080844725,25,0.842851615787219
"LRRC37A",5,48,534.8,508.791666666667,3.1,3.18055555555556,26.0083333333333,-0.0805555555555553,0.905120135581008,23.5406661929026,-0.0729124553662476,0.92013315632808,53,0.961351053163881
"ZNF844",3,36,722,685.305555555556,5.33333333333333,2.90740740740741,36.6944444444445,2.42592592592593,0.635661801603067,23.3252566643792,1.54206844462966,0.931271270734852,39,0.967045674037534
"ZNF460",9,119,538.111111111111,509.117647058824,2.55555555555556,4.00140056022409,28.9934640522875,-1.44584500466853,0.803145623937298,23.2859737763781,-1.16122408839114,0.785423230033152,128,0.88535110900935
"ZNF619",3,66,376.333333333333,336.242424242424,6.33333333333333,13.3030303030303,40.0909090909091,-6.96969696969697,0.580820239402254,23.2856114160358,-4.04814106250056,0.702354321535322,69,0.836046430996469
"PDE6C",4,28,1141.75,1088.64285714286,1,1.08928571428571,53.1071428571429,-0.0892857142857142,0.437937646223215,23.2576171404972,-0.0391015755556441,0.750559477214686,32,0.864300151745127
"NPIPB13",6,44,468,436.022727272727,5,6.23863636363636,31.9772727272727,-1.23863636363636,0.723787566264688,23.1447524030549,-0.896509599123306,0.838020448025104,50,0.91465760388923
"CELA1",4,58,831.5,779.120689655172,1.875,2.01724137931034,52.3793103448276,-0.142241379310345,0.44067192372679,23.0820914531377,-0.0626817822542416,0.80020000608135,62,0.893635488254784
"SPATA31A5",11,171,478.818181818182,452.859649122807,2.81818181818182,2.68421052631579,25.9585326953748,0.133971291866028,0.886346794542361,23.0082622455685,0.118745025106153,0.764995998521886,182,0.872992515762459
"H3C15",9,103,759.888888888889,736.116504854369,1.06481481481481,1.09870550161812,23.77238403452,-0.033890686803308,0.967254863886651,22.9939540835708,-0.0327809316509588,0.840104977999966,112,0.915590221449912
"ZNF728",13,162,245.923076923077,217,8.02564102564103,9.89711934156379,28.9230769230769,-1.87147831592277,0.79391726661816,22.962530172956,-1.48579894911256,0.573288421674213,175,0.758740363348117
"TMEM191C",5,25,749,725.08,2,2.06666666666667,23.92,-0.0666666666666669,0.959156378530456,22.9430205744485,-0.0639437585686972,0.813559176063862,30,0.900299769468621
"MMP10",2,59,753,729.745762711864,1,1.04237288135593,23.2542372881356,-0.0423728813559321,0.97568547094269,22.6888214598877,-0.0413426047009613,0.952190452041245,61,0.976380047820584
"H3C8",9,39,877.111111111111,848.076923076923,1.14814814814815,1.04700854700855,29.034188034188,0.101139601139601,0.77533154984989,22.5111220071801,0.0784167237027666,0.864708483411387,48,0.928737083015563
"MYL5",6,72,803.833333333333,775.111111111111,1.40277777777778,1.19212962962963,28.7222222222223,0.210648148148148,0.76943696857594,22.0999395974312,0.162080472547247,0.885397204964284,78,0.942473956056814
"ZNF136",14,232,296.142857142857,270.26724137931,5.72619047619048,6.34698275862069,25.8756157635468,-0.620792282430211,0.850515270840729,22.0076063493037,-0.527993316226966,0.691954189955914,246,0.831093761065174
"CLEC17A",10,48,693.9,664.25,0.883333333333333,1.00347222222222,29.65,-0.120138888888889,0.741376396599701,21.9818101591811,-0.0890681365359364,0.838436136898461,58,0.91465760388923
"H2BC13",9,62,682.111111111111,650.612903225806,1.72222222222222,1.89516129032258,31.4982078853046,-0.172939068100358,0.697608861495046,21.9734289420016,-0.120643826405505,0.796727055501593,71,0.891798687334556
"BEX2",18,294,411.722222222222,389.62925170068,2.60185185185185,2.4359410430839,22.0929705215419,0.165910808767952,0.989107595991361,21.8523249608703,0.164103641209451,0.716611393776028,312,0.844387551715585
"ZNF841",19,192,281.421052631579,254.901041666667,4.35087719298246,6.91666666666667,26.5200109649123,-2.56578947368421,0.818104869018437,21.6961500968171,-2.09908486129731,0.599155919288341,211,0.773329151639603
"CD33",9,103,611.888888888889,587.708737864078,2.72222222222222,2.01618122977346,24.1801510248113,0.706040992448759,0.890425267772744,21.530617451053,0.62867673975972,0.794386209845276,112,0.891425805824691
"STX6",3,31,1216,1122.83870967742,1,0.983870967741935,93.1612903225807,0.0161290322580645,0.230504897055862,21.4741336353977,0.00371782092025583,0.597381156050401,34,0.771287592755219
"OASL",4,37,1223.25,1149.2972972973,0.875,1.03603603603604,73.9527027027027,-0.161036036036036,0.288996580801406,21.372078222104,-0.0465388638002265,0.819172197097609,41,0.903508721943706
"USP12",5,32,1039.8,985.875,1.2,0.979166666666667,53.925,0.220833333333333,0.396161022690729,21.3629831485975,0.087485559177536,0.753557034435558,37,0.865540071746045
"FAM81A",2,2,1362.5,1200,1,1,162.5,0,0.13128453956875,21.3337376799219,0,0.0385269771579257,4,0.249046573640478
"RAB40AL",3,19,1273.33333333333,1178.31578947368,1,0.973684210526316,95.0175438596491,0.0263157894736842,0.22378327703561,21.263337340787,0.00588903360620024,0.430538510817161,22,0.666214397611537
"OR52N1",7,192,440.714285714286,422.171875,4.07142857142857,3.03298611111111,18.5424107142857,1.03844246031746,1.14562441943463,21.242638509472,1.18966504071746,0.694109448957902,199,0.832431379962717
"GAGE1",13,183,259,232.448087431694,6.08974358974359,7.70309653916211,26.551912568306,-1.61335294941852,0.794028102841558,21.082964763427,-1.28104758164062,0.566399361896555,196,0.755451218337328
"ZNF571",13,139,450.461538461538,424.863309352518,2.25641025641026,4.1462829736211,25.5982291090205,-1.88987271721085,0.823370815731684,21.0768347827807,-1.55606604079895,0.757647796980874,152,0.86874048686817
"ZNF25",13,120,433.615384615385,405.016666666667,2.33333333333333,5.70833333333333,28.598717948718,-3.375,0.736665024836803,21.0676752679931,-2.48624445882421,0.641544203796796,133,0.800955522049946
"RAB40A",3,20,1273.33333333333,1180.1,1,0.975,93.2333333333333,0.025,0.225402758001546,21.0150504710108,0.00563506895003866,0.434458735018987,23,0.6673050510669
"BRD3OS",10,128,724.7,699.7890625,0.95,0.9921875,24.9109375,-0.0421875,0.840137786433878,20.9286198892427,-0.0354433128651793,0.864451716279193,138,0.928737083015563
"IGKV6D-21",6,119,432.5,415.016806722689,4.33333333333333,5.85574229691877,17.4831932773109,-1.52240896358543,1.18408982660273,20.701671296193,-1.80266896571031,0.899728952206634,125,0.94929710054118
"NMT2",6,43,1104,1068.11627906977,1,1.11627906976744,35.8837209302326,-0.116279069767442,0.570724806467493,20.4797296832405,-0.0663633495892433,0.745090637117169,49,0.861074020870855
"CPHXL",2,2,535,499,1.5,1.5,36,0,0.56825654735425,20.457235704753,0,0.73083017371272,4,0.852923578773967
"TEAD3",5,51,1084,1042.17647058824,1.1,1.09150326797386,41.8235294117646,0.00849673202614376,0.48549405912779,20.3050750611681,0.00412511292069363,0.77554392883967,56,0.878671261594364
"KDELR3",7,74,998.428571428571,964.216216216216,1,1.0990990990991,34.2123552123552,-0.099099099099099,0.584482371388671,19.9965185053089,-0.0579216764439223,0.808833397251487,81,0.897450767782493
"COL11A2",7,60,977.285714285714,945.883333333333,1.14285714285714,1.20833333333333,31.402380952381,-0.0654761904761905,0.63626516315758,19.9802410402032,-0.0416602190162701,0.846615872534229,67,0.91997694753971
"IGLL1",12,191,559.666666666667,539.235602094241,2.29861111111111,1.76701570680628,20.4310645724258,0.531595404304829,0.976134403371127,19.9434650266419,0.518908562815927,0.840077351384718,203,0.915590221449912
"DCUN1D1",5,59,1112.6,1081.40677966102,1,1,31.1932203389829,0,0.636033502210177,19.839933177417,0,0.805254810357558,64,0.89629212631218
"H2AZ2",5,98,660.4,635.5,2.4,2.29931972789116,24.9,0.100680272108843,0.793484272218661,19.7577583782446,0.0798882124410621,0.692799499490997,103,0.831859014412868
"PLSCR4",10,53,750.5,725.660377358491,0.95,0.949685534591195,24.8396226415094,0.000314465408805087,0.79372111908682,19.7157330807132,0.000249597836190868,0.907569224266509,63,0.9538786481244
"MS4A6E",10,88,829.4,806.227272727273,1.5,1.16098484848485,23.1727272727272,0.339015151515152,0.845263655920637,19.5870641721973,0.286557186382186,0.864128662658265,98,0.928737083015563
"ETDA",15,211,530.733333333333,509.265402843602,1.93333333333333,2.50315955766193,21.4679304897314,-0.569826224328595,0.907869368017146,19.4900764863485,-0.517327774160798,0.798863024693762,226,0.893251150475005
"IFT20",4,32,1005.5,974.65625,1,1.03125,30.84375,-0.03125,0.631524617224433,19.4785874125161,-0.0197351442882635,0.918156807581804,36,0.96019661723049
"ATP6V1F",6,55,1104,1047.96363636364,1,0.984848484848485,56.0363636363636,0.0151515151515151,0.347214343976687,19.4566292388391,0.00526082339358616,0.587702678319448,61,0.765446521161065
"TCEAL2",18,253,403.666666666667,383.05138339921,2.95833333333333,2.79446640316205,20.6152832674572,0.163866930171279,0.943626793428939,19.4531336452999,0.154629225866568,0.746705386604212,271,0.862214192340625
"KRTAP10-9",4,25,1116,1073.76,1,1.00666666666667,42.24,-0.0066666666666666,0.449270694269094,18.9771941259265,-0.00299513796179393,0.715501127993179,29,0.843653734865961
"SPATA31A1",10,176,464.8,443.539772727273,2.65,2.71496212121212,21.2602272727273,-0.0649621212121203,0.885582754079626,18.8276906205406,-0.057529334213884,0.862683709668873,186,0.928737083015563
"FAM104B",17,197,653.235294117647,635.710659898477,1.13725490196078,1.51861252115059,17.5246342191699,-0.381357619189807,1.06281650701153,18.6254705274728,-0.405313172749543,0.86050887651003,214,0.927771031235505
"PAFAH1B2",6,86,777.166666666667,752.43023255814,1.91666666666667,1.45736434108527,24.7364341085271,0.459302325581395,0.750933505376466,18.5754171756302,0.3449055053764,0.826067171981404,92,0.908788898590415
"NKIRAS2",5,43,1112.6,1039.27906976744,1,1.17054263565891,73.3209302325581,-0.170542635658915,0.252563830967045,18.5182150296023,-0.0430729014052325,0.563278020419686,48,0.752636616224707
"ZNF317",6,73,746.166666666667,714.698630136986,1.22222222222222,1.90639269406393,31.4680365296804,-0.684170471841705,0.584264818035985,18.3856666369634,-0.399736736236188,0.844439639325211,79,0.918698828952775
"DEFB116",6,85,554.666666666667,529.329411764706,1.33333333333333,1.02745098039216,25.3372549019607,0.305882352941176,0.723954369721804,18.3430164030296,0.221444866032552,0.820007759599485,91,0.904180741545128
"TRAV41",3,119,327.666666666667,313.932773109244,8.33333333333333,4.18067226890756,13.733893557423,4.15266106442577,1.33046706242234,18.2724930169656,5.52497876762217,0.960859572370246,122,0.97880447042853
"PPIH",4,42,889.75,864.452380952381,1,1.56746031746032,25.297619047619,-0.567460317460317,0.718961506394947,18.1880142986817,-0.407982124660625,0.928551395435849,46,0.96526830805454
"ZNF530",18,244,237.222222222222,216.004098360656,6.77314814814815,7.12363387978142,21.2181238615665,-0.350485731633276,0.854494959991801,18.1307799001903,-0.299488291229673,0.730005090822431,262,0.852454805063248
"FAM24A",17,253,609.117647058824,591.628458498024,1.36274509803922,1.49604743083004,17.4891885607998,-0.133302332790824,1.02681414032057,17.9581461169619,-0.136876720247336,0.867970260330168,270,0.930717888334562
"RPL34",6,76,423.666666666667,388.894736842105,4.33333333333333,4.9890350877193,34.7719298245614,-0.655701754385965,0.513707192511156,17.8625904483704,-0.336838707370254,0.532705471056704,82,0.729253532834049
"HLA-DRB1",18,228,412.055555555556,394.644736842105,3.50925925925926,2.99415204678363,17.4108187134503,0.515107212475633,1.00495593702326,17.4971056345175,0.517660051380888,0.830955408390539,246,0.911237042393421
"ZNF248",13,135,514.076923076923,491.548148148148,1.93589743589744,2.78148148148148,22.528774928775,-0.845584045584047,0.769275040855564,17.3308242537592,-0.650486701213481,0.868226086845368,148,0.930717888334562
"NLRP7",5,34,773.8,709.705882352941,2.2,2.41176470588235,64.0941176470587,-0.211764705882353,0.270192559863925,17.3177537192784,-0.057217247971184,0.649924029212287,39,0.805748311590552
"ZSCAN5B",6,35,740.166666666667,694.371428571429,2.08333333333333,2.7952380952381,45.795238095238,-0.711904761904762,0.378100273674736,17.3151920568092,-0.269171385306538,0.371702048633834,41,0.627909638292045
"ZNF570",8,115,443.125,421.139130434783,3.3125,7.27971014492754,21.9858695652174,-3.96721014492754,0.774033833864716,17.0178069104148,-3.07075487822526,0.805451708104865,123,0.89629212631218
"GRAP",6,25,991.5,972,1.41666666666667,1.1,19.5,0.316666666666667,0.865273259295209,16.8728285562566,0.274003198776816,0.917160181654864,31,0.959919351988694
"HPS1",6,16,1104,1083.9375,1,0.96875,20.0625,0.03125,0.840762933936715,16.8678063621053,0.0262738416855223,0.884199374736195,22,0.94220285371889
"KANK1",3,13,959.666666666667,941.538461538462,1.66666666666667,0.923076923076923,18.1282051282051,0.743589743589744,0.925181408480117,16.7718783537293,0.687955406305728,0.894310747108271,16,0.946917261644052
"SND1",2,5,909,884,0.75,0.8,25,-0.05,0.659933700934939,16.4983425233735,-0.032996685046747,0.97197747183599,7,0.985292231724154
"ZNF678",8,156,229.5,208.455128205128,12.8125,11.5769230769231,21.0448717948718,1.23557692307693,0.783016723149668,16.4784865519254,0.967477393507048,0.805990168136145,164,0.896392071214038
"RHOXF2B",11,177,563.727272727273,547.169491525424,2.37878787878788,1.81450094161959,16.557781201849,0.564286937168293,0.989937018777115,16.3911605605222,0.558608528315249,0.865287327344079,188,0.928737083015563
"CYP4F8",15,236,386.266666666667,370.402542372881,3.13333333333333,3.46751412429379,15.8641242937853,-0.334180790960452,1.02712747172457,16.294477877,-0.343246270918125,0.758332747288415,251,0.869243875518623
"ZNF738",19,319,31.7368421052632,16.0626959247649,39.6359649122807,40.8662486938349,15.6741461804983,-1.2302837815542,1.03903756250491,16.2860266417306,-1.2783110615754,0.527087529537331,338,0.726540796147352
"CCAR2",3,29,1172,1121.96551724138,0.833333333333333,0.982758620689655,50.0344827586207,-0.149425287356322,0.324646975883618,16.2435435174872,-0.0485104676607705,0.858174279562154,32,0.926828221927126
"FAM90A10P",6,24,823.833333333333,799.791666666667,4.58333333333333,2.125,24.0416666666667,2.45833333333333,0.673935362239216,16.2025293338345,1.65675776550474,0.948395414423097,30,0.975286739610744
"OR4C6",3,51,519,502.843137254902,4,2.02941176470588,16.1568627450981,1.97058823529412,0.983775081998276,15.8947189718937,1.93861560276131,0.922585029474245,54,0.961567495508368
"SCML1",12,189,697.583333333333,680.174603174603,0.979166666666667,1.05643738977072,17.4087301587302,-0.0772707231040565,0.912599451548793,15.8871975950181,-0.0705172195255405,0.892469177150894,201,0.945820565204062
"G3BP1",6,40,1065.66666666667,1036,1.08333333333333,1.00833333333333,29.6666666666667,0.075,0.526908743834577,15.6316260670925,0.0395181557875932,0.772951003104876,46,0.87718587465798
"PAGE1",11,176,330.181818181818,311.079545454545,5.78787878787879,4.78598484848485,19.1022727272727,1.00189393939394,0.804620503973902,15.3700803088651,0.806144406443548,0.791082740383644,187,0.889281941196814
"C1GALT1",4,33,1047,1023.39393939394,1,1,23.6060606060606,0,0.640587001725023,15.1217355861755,0,0.911836533643351,37,0.956717593251504
"TNFRSF10C",12,104,558.083333333333,538.817307692308,1.78472222222222,2.66346153846154,19.2660256410256,-0.878739316239316,0.768600563503911,14.8078781641731,-0.67539953363458,0.796421727077173,116,0.891798687334556
"RASL10A",5,37,1160.8,1116.45945945946,1,0.959459459459459,44.3405405405406,0.0405405405405406,0.333692007891049,14.7960840039474,0.0135280543739614,0.669772550810428,42,0.814969498560063
"TCEAL5",16,208,479.5625,463.701923076923,2.03645833333333,1.96794871794872,15.8605769230769,0.0685096153846159,0.922691094797712,14.6344130852772,0.0632132120234014,0.818033514234469,224,0.903508721943706
"LCE3E",11,224,419.454545454545,405.303571428571,3.54545454545455,2.62053571428571,14.150974025974,0.924918831168832,1.03321345645834,14.6209767856288,0.95563858249536,0.721849798661578,235,0.847140028032794
"CRB3",5,28,777.2,760.178571428571,1.3,1.04166666666667,17.0214285714286,0.258333333333333,0.856702218478296,14.5822956188127,0.22131473977356,0.913555957518306,33,0.957652047807752
"TCEAL6",18,219,469.944444444444,454.529680365297,2.18055555555556,2.25190258751903,15.4147640791476,-0.0713470319634704,0.939075523147035,14.4756276418137,-0.0670002513660842,0.819054814552901,237,0.903508721943706
"ZNF669",19,325,34.6842105263158,20.7876923076923,35.5789473684211,41.5076923076923,13.8965182186235,-5.92874493927128,1.03105410186499,14.3280621109533,-6.11285678854697,0.389353935737685,344,0.64047915350889
"USP6",6,43,755.666666666667,730,2.58333333333333,1.65116279069767,25.6666666666666,0.932170542635659,0.557797890543899,14.31681252396,0.519962762309332,0.868886869446804,49,0.930850383460973
"SUMO2",6,72,456.5,432.041666666667,5.41666666666667,4.62268518518519,24.4583333333333,0.793981481481482,0.585245426911508,14.3141277332106,0.464674031089461,0.88083037335792,78,0.939113706493663
"TAF11L6",2,7,1042.5,960,1.5,2.76190476190476,82.5,-1.26190476190476,0.173264069356691,14.294285721927,-0.218642754188206,0.860985621129089,9,0.927858290731349
"SLC43A1",4,42,1117,1072.64285714286,1,0.964285714285714,44.3571428571429,0.0357142857142857,0.321576138417954,14.2641987112535,0.0114848620863555,0.783489243502433,46,0.884359347110909
"CD300LF",5,149,487.2,472.530201342282,2.4,1.99328859060403,14.6697986577181,0.406711409395973,0.94162524670183,13.81345278014,0.382969731208932,0.918386254017751,154,0.96019661723049
"ZNF613",18,144,424.444444444444,407.076388888889,2.44907407407407,3.67361111111111,17.3680555555555,-1.22453703703704,0.784436679514158,13.6241398296174,-0.960571767275437,0.725773090759738,162,0.849498907637936
"ZNF66",6,145,215.166666666667,197.4,12.75,11.6091954022989,17.7666666666667,1.14080459770114,0.765047084754505,13.5923365391384,0.872769231745795,0.845001829933787,151,0.918810153038208
"TIAL1",6,73,1022.16666666667,997.356164383562,1,0.993150684931507,24.8105022831049,0.00684931506849318,0.543895972067423,13.4943322567504,0.00372531487717415,0.882412059942194,79,0.940549104168847
"DENND5A",4,63,1044.5,1026.5873015873,1,1,17.9126984126983,0,0.752832121220701,13.4852547428184,0,0.890054543465785,67,0.94491444093764
"CNTNAP3",14,249,551.428571428571,537.369477911647,1.77380952380952,1.59973226238286,14.0590935169248,0.174077261426659,0.94098740476399,13.2294299218253,0.163804510458295,0.8567791650606,263,0.926767989745497
"PPP2CA",6,63,966.333333333333,936.174603174603,1.33333333333333,1.26190476190476,30.1587301587302,0.0714285714285714,0.43584567641661,13.1445521458978,0.0311318340297578,0.712140125892661,69,0.842333691953769
"TBL1X",3,42,836,819.333333333333,1.33333333333333,1.02777777777778,16.6666666666666,0.305555555555556,0.78757284438913,13.1262140731521,0.24064725800779,0.917013445546582,45,0.959919351988694
"ZNF699",12,121,542.583333333333,525.884297520661,8.44444444444445,2.65426997245179,16.6990358126723,5.79017447199266,0.784156614377033,13.0946593862259,4.54040361061009,0.903737394240449,133,0.951603327374133
"DCAF8L1",2,11,1362.5,1302.72727272727,1,0.939393939393939,59.7727272727273,0.0606060606060607,0.212362340698911,12.693476273594,0.0128704448908431,0.647414032529465,13,0.804186034811235
"PPP2R5A",6,63,968.333333333333,949.555555555556,1.33333333333333,1.28306878306878,18.7777777777778,0.0502645502645502,0.672213440078894,12.622674597037,0.0337885062473518,0.85721349602546,69,0.926767989745497
"H2AC6",4,35,1104.75,1079.85714285714,1,1.20952380952381,24.8928571428571,-0.209523809523809,0.498255557972416,12.4030044252419,-0.104396402622792,0.827410283044902,39,0.909708832397826
"SRSF10",10,157,652.2,638.751592356688,1.7,1.52653927813163,13.4484076433122,0.173460721868365,0.921404195874807,12.3914192303827,0.159827436948984,0.920789378824397,167,0.961567495508368
"SEC14L5",6,37,1104,1067.54054054054,1,1.01351351351351,36.4594594594594,-0.0135135135135136,0.337988931555697,12.3228937478009,-0.00456741799399593,0.727980486635021,43,0.850747911890809
"MT2A",14,141,417.214285714286,405.312056737589,3.2202380952381,4.39243498817967,11.9022289766971,-1.17219689294157,1.03523431151315,12.3215958201628,-1.21349844342222,0.827525426868393,155,0.909708832397826
"OR7G3",2,13,773.5,757.615384615385,3.25,1.19230769230769,15.8846153846154,2.05769230769231,0.773875042541493,12.2927074065245,1.59239672215269,0.97611193336986,15,0.986230919278372
"TUBGCP5",3,25,793,779.72,1,1.86,13.28,-0.86,0.91159743767407,12.1060139723116,-0.7839737963997,0.959589604993989,28,0.978230111827151
"ZNF540",16,186,368.875,354.05376344086,3.72395833333333,4.53136200716846,14.8212365591398,-0.807403673835126,0.81514548460762,12.0814640574842,-0.658151458982306,0.82879756372906,202,0.91037303540027
"ZNF383",17,195,403.823529411765,390.435897435897,2.81862745098039,6.96752136752136,13.3876319758672,-4.14889391654097,0.89635600487139,12.0000843125768,-3.71888597566588,0.801962768110415,212,0.89465193226388
"RPS27A",6,46,880.166666666667,852.065217391304,1.58333333333333,1.56521739130435,28.1014492753623,0.0181159420289854,0.425244150669124,11.9499769296729,0.00770369838168696,0.830199006790087,52,0.910943507745583
"REG1B",14,184,534,521.79347826087,2.08928571428571,1.72282608695652,12.2065217391304,0.366459627329193,0.968889486240324,11.8267705766074,0.355058880050803,0.894719901561303,198,0.946961596715485
"CTSV",18,299,458.166666666667,446.200668896321,2.125,2.78539576365663,11.9659977703456,-0.660395763656633,0.986607178997477,11.8057393040908,-0.651551201403155,0.819151516048755,317,0.903508721943706
"IKBKG",4,30,1001.5,988.766666666667,1.125,1.03888888888889,12.7333333333333,0.086111111111111,0.925983351886625,11.7908546806897,0.0797374553013482,0.958450746568916,34,0.978230111827151
"CHRNA5",5,59,694.2,669.491525423729,2.6,2.24576271186441,24.7084745762712,0.354237288135594,0.468523314940856,11.5764964156064,0.165968428512947,0.833972652302785,64,0.913028690027926
"DENND1C",3,23,946,933,1,0.942028985507246,13,0.0579710144927537,0.886541268744136,11.5250364936738,0.0513936967387905,0.92547689149486,26,0.963576252843528
"DYNC1LI1",5,48,1112.6,1085.125,1,0.958333333333333,27.4749999999999,0.0416666666666666,0.419259561955886,11.5191564647379,0.0174691484148286,0.832880398845804,53,0.912739236433606
"SAP30",5,53,1160.8,1121.58490566038,1,0.946540880503145,39.2150943396225,0.0534591194968553,0.292831020156928,11.4833960810219,0.0156544884989553,0.7127740996508,58,0.842333691953769
"PTP4A1",19,296,376.315789473684,365.297297297297,4.1578947368421,2.99268018018018,11.0184921763869,1.16521455666192,1.03090103771297,11.3589750186695,1.20122089562103,0.897570259455137,315,0.948251475289677
"ZNF720",19,329,27.2105263157895,16.2978723404255,36.1052631578947,41.0754812563323,10.9126539753639,-4.97021809843758,1.03688166014965,11.315130770614,-5.15352799321378,0.399396517076781,348,0.647459830522847
"DUOX2",6,59,1005,988.101694915254,1,1.03389830508475,16.8983050847457,-0.0338983050847457,0.665490024451634,11.2456534640386,-0.0225589838797163,0.912723116416738,65,0.957030063815608
"CD14",4,4,611,599,1.5,1,12,0.5,0.926993125887563,11.1239175106508,0.463496562943781,0.957662980913431,8,0.978226296454517
"USP32",4,9,937.75,907.555555555556,2.25,1,30.1944444444445,1.25,0.368016429475101,11.1120516344287,0.460020536843876,0.92252208864351,13,0.961567495508368
"SYCP3",9,233,455.222222222222,444.407725321888,3.11111111111111,2.84763948497854,10.8144969003338,0.263471626132572,1.01294298523515,10.9544687740404,0.266881735499486,0.890778427414526,242,0.945431765192151
"ZNF141",5,114,211.4,196.280701754386,14.5,14.0906432748538,15.119298245614,0.409356725146191,0.714675990574697,10.8053994504785,0.292557423042268,0.900596923961865,119,0.94929710054118
"SMURF2",6,51,964,927.058823529412,1.41666666666667,1.38235294117647,36.9411764705883,0.0343137254901962,0.291805443725301,10.7796363917347,0.0100129318925349,0.81748882664253,57,0.903508721943706
"UNK",2,23,1059,1034.5652173913,1.25,0.978260869565217,24.4347826086957,0.271739130434783,0.43616826798791,10.6576768090959,0.11852398586628,0.890025300905364,25,0.94491444093764
"SAFB2",5,57,964,945.350877192982,1,1.07894736842105,18.6491228070175,-0.0789473684210527,0.570631886731755,10.6417841332606,-0.0450498857946123,0.889012572439007,62,0.94491444093764
"BTBD1",4,14,974.75,937.857142857143,1,1.03571428571429,36.8928571428571,-0.0357142857142858,0.285908349344022,10.5479758882991,-0.0102110124765722,0.688209422488958,18,0.828089386409478
"ZNF224",12,156,434.833333333333,422.442307692308,3.16666666666667,3.60149572649573,12.3910256410256,-0.434829059829059,0.822215399721477,10.188092100395,-0.357523149237863,0.922215135353818,168,0.961567495508368
"ZNF479",14,255,171.642857142857,161.286274509804,11.3988095238095,12.9921568627451,10.3565826330532,-1.59334733893557,0.971287147704807,10.0592156056274,-1.54759779213777,0.80765898435976,269,0.897207952373134
"OR6C70",3,39,643,633.641025641026,1,1.04700854700855,9.35897435897436,-0.0470085470085471,1.0742182244544,10.0535808186117,-0.0504974379017027,0.940258473741209,42,0.971373542158705
"TCEAL9",17,283,528.294117647059,518.303886925795,1.95098039215686,1.56890459363958,9.99023072126374,0.382075798517287,1.00031120011316,9.99333968219473,0.382194700549023,0.901437477842149,300,0.94993253202986
"ZNF749",16,160,456.25,443.44375,3.171875,2.89583333333333,12.80625,0.276041666666666,0.778622835994861,9.97123869345917,0.214932345352748,0.905582971068849,176,0.95279880122334
"BEX3",18,289,368.166666666667,358.062283737024,2.80092592592593,2.68050749711649,10.1043829296424,0.120418428809432,0.978441492122719,9.88654751065868,0.117822387163374,0.833043971417664,307,0.912739236433606
"AKIRIN2",4,43,1117,1089.16279069767,1,0.961240310077519,27.8372093023256,0.0387596899224806,0.344484545133593,9.58948838430026,0.0133521141524648,0.864040852236226,47,0.928737083015563
"ZNF529",11,109,573,560.871559633028,1.63636363636364,1.84403669724771,12.1284403669724,-0.20767306088407,0.785571848181271,9.52776131463886,-0.16314211025616,0.891778048815681,120,0.945820565204062
"BCAP31",3,23,815.666666666667,807.782608695652,3.83333333333333,1.04347826086957,7.8840579710145,2.78985507246377,1.19225947754642,9.39984283746747,3.32623115112589,0.982068850898638,26,0.988932964544474
"OR2T5",6,131,445.666666666667,436.335877862595,3.16666666666667,2.4147582697201,9.33078880407129,0.751908396946566,0.987522088925945,9.2143600511233,0.742526150833631,0.933362320328479,137,0.96837755496581
"KEAP1",2,14,1223,1188.28571428571,1,1,34.7142857142858,0,0.2642299627585,9.17255442147366,0,0.872808706106925,16,0.933300398609385
"PRKAR2A",2,49,1131.5,1116.4693877551,1,1.01020408163265,15.0306122448981,-0.010204081632653,0.610061032071198,9.1695908187845,-0.00622511257215502,0.954449449307006,51,0.977692899110688
"ANKRD13A",5,40,1105.8,1084.575,1,0.945833333333333,21.2249999999999,0.0541666666666667,0.426168630089161,9.04542917364241,0.0230841341298296,0.873655242983079,45,0.933456243572295
"KRTAP10-1",5,28,1056.8,1037.67857142857,1,1.02380952380952,19.1214285714286,-0.0238095238095237,0.466117138607317,8.9128255717985,-0.011098027109698,0.863770784213751,33,0.928737083015563
"FAM240B",18,239,565.666666666667,555.259414225941,1.51388888888889,1.61227336122734,10.4072524407252,-0.0983844723384466,0.830058760760418,8.63863106386918,-0.0816648931873186,0.914243257759126,257,0.958121179650005
"ZNF138",17,305,57,48.5377049180328,18.4362745098039,22.7021857923497,8.46229508196721,-4.26591128254581,1.01161002381619,8.5605425294085,-4.31543861413393,0.563058416433886,322,0.752636616224707
"PSG3",8,154,357.5,349.01948051948,5.6875,6.16341991341991,8.48051948051949,-0.475919913419912,0.992010705378685,8.41276611184782,-0.47211764901545,0.920212156744706,162,0.961351053163881
"ESAM",7,111,601.285714285714,592.09009009009,0.928571428571429,0.981981981981982,9.19562419562419,-0.0534105534105533,0.910383563278237,8.37154512177992,-0.0486240899305621,0.933779661316112,118,0.96837755496581
"KLRC1",8,230,348,339.713043478261,8,4.7036231884058,8.28695652173911,3.2963768115942,1.00691013314163,8.34422049464321,3.31915521424729,0.956454359511723,238,0.978023316109585
"LIPG",4,34,1059,1045.58823529412,1.125,1.12745098039216,13.4117647058824,-0.00245098039215685,0.615223933150808,8.25123863284619,-0.00150790179693825,0.935881805747466,38,0.969106943707405
"ARSD",4,45,781.25,763.755555555556,2.375,1.96296296296296,17.4944444444444,0.412037037037037,0.455537959543374,7.96938352556712,0.187698511108149,0.894053189765636,49,0.946895453565725
"SPDYE21",14,90,389.142857142857,379.888888888889,5.5952380952381,5.67407407407407,9.25396825396825,-0.07883597883598,0.838944239633058,7.76356336041386,-0.0661389903202791,0.911946274448193,104,0.956717593251504
"ZNF587",15,199,272.933333333333,263.788944723618,4.78333333333333,7.2571189279732,9.14438860971524,-2.47378559463986,0.847179635834899,7.74693981231135,-2.09574077920062,0.842143960699,214,0.916700426846419
"AOX1",2,15,701,692.333333333333,0.75,1.52222222222222,8.66666666666663,-0.772222222222222,0.893592578277744,7.74446901174041,-0.690052046558924,0.975411308915716,17,0.986230919278372
"SIGLEC6",10,185,571.5,562.837837837838,3.35,1.8027027027027,8.66216216216219,1.5472972972973,0.879790547666219,7.62088839262227,1.36129753659165,0.934468570190976,195,0.96837755496581
"ZFP82",17,204,438.352941176471,429.397058823529,2.37254901960784,3.48366013071895,8.95588235294122,-1.11111111111111,0.846378431441322,7.5800656580554,-0.940420479379244,0.892422054960838,221,0.945820565204062
"ENSA",13,184,587.615384615385,581.277173913043,1.15384615384615,1.3695652173913,6.33821070234114,-0.21571906354515,1.16455980378119,7.38122541184221,-0.251217750314002,0.953995885353943,197,0.977478860993425
"ZNF398",3,47,1001.66666666667,986.787234042553,1.66666666666667,1.22340425531915,14.8794326241134,0.443262411347518,0.484908144061989,7.21515805845424,0.214941553218967,0.9344449294567,50,0.96837755496581
"ZNF680",7,149,203.428571428571,194.053691275168,11.4285714285714,13.2102908277405,9.37488015340364,-1.78171939916907,0.76681857797016,7.18883226787366,-1.36625553601267,0.885187958978522,156,0.942473956056814
"TMA7",5,67,592.4,576.701492537313,2.9,2.79850746268657,15.6985074626865,0.101492537313433,0.453595323826632,7.12076957613209,0.0460365403286731,0.874640640748016,72,0.933923325133935
"ZNF350",18,230,347.555555555556,339.404347826087,4.46759259259259,4.03115942028986,8.15120772946858,0.436433172302737,0.856960301695143,6.98526143502518,0.374005903006322,0.917857184066639,248,0.960184579319551
"PRAMEF14",9,73,407.111111111111,397.465753424658,3.26851851851852,3.98401826484018,9.64535768645356,-0.715499746321665,0.723116208200898,6.97471447696969,-0.517389463528827,0.936976014621855,82,0.969501919183242
"EVPLL",2,3,936.5,924.666666666667,2.25,1,11.8333333333334,1.25,0.57552814530752,6.81041638613901,0.7194101816344,0.97676783457986,5,0.986644152421921
"GIPC1",6,46,1104,1086.30434782609,1,0.992753623188406,17.695652173913,0.00724637681159424,0.384551767616935,6.8048943226127,0.00278660701171693,0.866760382198939,52,0.929818654299855
"SSU72P5",3,49,619.333333333333,608.69387755102,3.83333333333333,2.5578231292517,10.639455782313,1.27551020408163,0.637698237036487,6.78476219540866,0.813390608464906,0.957072575189043,52,0.978023316109585
"H4C1",7,58,846.714285714286,835.672413793103,1.26190476190476,1.42816091954023,11.0418719211822,-0.166256157635468,0.591323380900507,6.52931703590383,-0.0983111532285326,0.933914679499261,65,0.96837755496581
"DDHD2",4,51,1044.5,1027.3137254902,1,1.00980392156863,17.186274509804,-0.00980392156862742,0.377773216559679,6.49251420224626,-0.00370365898587919,0.892564902748879,55,0.945820565204062
"CT47A9",4,83,574.25,567.33734939759,3,2.67670682730924,6.9126506024096,0.323293172690764,0.907765125610986,6.27506314240121,0.293474267516806,0.957098077664602,87,0.978023316109585
"TRPA1",2,24,805,798.333333333333,2.5,1.10416666666667,6.66666666666663,1.39583333333333,0.914308335068077,6.09538890045381,1.27622205103252,0.968097905588753,26,0.983178846797708
"OR5M10",4,138,475.5,469.63768115942,2.5,2.58574879227053,5.86231884057969,-0.0857487922705316,1.0139979764201,5.94437944147722,-0.0869491018427864,0.949954603885741,142,0.975286739610744
"KRBOX4",19,300,91.8421052631579,85.8133333333333,18.1491228070175,20.8783333333333,6.02877192982456,-2.72921052631579,0.970489848344316,5.8508619558779,-2.64867110978393,0.863435123734552,319,0.928737083015563
"CCL11",12,81,690.333333333333,684.234567901235,1.26388888888889,1.28189300411523,6.09876543209884,-0.0180041152263375,0.956682527034663,5.83458232537197,-0.0172242224517558,0.95014796729345,93,0.975286739610744
"ZNF880",14,152,266.857142857143,260.296052631579,5.1547619047619,8.97697368421053,6.56109022556387,-3.82221177944862,0.87789165586233,5.75992636238242,-3.35548782811666,0.925155497408174,166,0.963492668137363
"RFPL3",3,41,705,694.073170731707,5.16666666666667,2.36991869918699,10.9268292682926,2.79674796747967,0.504471232082849,5.51227102373452,1.41087889297967,0.978041835850245,44,0.987182413755388
"SSX7",13,235,408.692307692308,403.459574468085,5.48717948717949,3.80567375886525,5.23273322422256,1.68150572831424,0.94635234918939,4.95200937942439,1.5912968961656,0.949650866640142,248,0.975286739610744
"IL22",3,11,529,525.181818181818,1.66666666666667,1.63636363636364,3.81818181818187,0.0303030303030303,1.28310298522087,4.8991204890252,0.0388819086430566,0.975841706329765,14,0.986230919278372
"GPX6",17,250,622.647058823529,617.528,1.30882352941176,1.19933333333333,5.11905882352937,0.109490196078431,0.945866177599156,4.84194460231696,0.103563073249288,0.94290908821024,267,0.972750542328497
"ZNF552",15,178,286.266666666667,280.241573033708,4.72777777777778,5.27808988764045,6.02509363295877,-0.550312109862673,0.794289631174542,4.7856693995149,-0.437107202773706,0.921990234742135,193,0.961567495508368
"KLK3",14,182,574.571428571429,569.538461538462,1.74404761904762,1.74084249084249,5.03296703296701,0.00320512820512886,0.944647561923841,4.75438003693535,0.00302771654462831,0.950090047326827,196,0.975286739610744
"SERPINA1",11,154,616.090909090909,611.792207792208,1.02272727272727,1.78138528138528,4.2987012987013,-0.758658008658008,1.05808636565346,4.54839723417268,-0.802725695154844,0.964583388216944,165,0.981281878644325
"OAZ1",2,5,1348,1336,0.75,0.833333333333333,12,-0.0833333333333334,0.377226516782122,4.52671820138547,-0.0314355430651769,0.978987164469842,7,0.987887047783204
"TMEM50A",4,55,1036,1025.03636363636,1,1.08787878787879,10.9636363636364,-0.0878787878787879,0.404042718198364,4.42977743770208,-0.0355067843265229,0.931471171013631,59,0.967045674037534
"REG3A",15,257,561.8,557.540856031128,1.73333333333333,1.64721141374838,4.25914396887151,0.0861219195849545,1.03807783192986,4.42132293708329,0.0894012555643876,0.961328536236683,272,0.978967591947448
"CRYGB",3,13,755.666666666667,750.230769230769,1.33333333333333,1.11538461538462,5.43589743589735,0.217948717948718,0.799993514084469,4.34868269194627,0.174357560762,0.987772198308894,16,0.991494022718498
"MAP1LC3B",5,37,1201,1189.91891891892,1.2,0.986486486486487,11.081081081081,0.213513513513513,0.37582402566351,4.16453650059564,0.0802435081822089,0.968416401650596,42,0.983178846797708
"GLYATL1B",4,11,1014.75,986.909090909091,1.75,1.59090909090909,27.8409090909091,0.159090909090909,0.145644802938684,4.05488371817929,0.0231707641038816,0.905180760074395,15,0.95279880122334
"H3C4",6,59,702.5,695.322033898305,2.41666666666667,1.99717514124294,7.17796610169489,0.419491525423729,0.55510005163791,3.984489353706,0.232859767424377,0.95189691406175,65,0.976357135564164
"H4C4",9,93,540.222222222222,534.752688172043,2.33333333333333,2.66845878136201,5.46953405017916,-0.335125448028674,0.682259016834358,3.73163892361728,-0.228642358688217,0.928026691838844,102,0.96526830805454
"MYL7",6,67,779,774.34328358209,1.29166666666667,1.17164179104478,4.6567164179105,0.120024875621891,0.790661174401818,3.68188487184135,0.0948990091166363,0.967646213046606,73,0.983146266802502
"SUMO3",6,52,1104,1098.28846153846,1,0.974358974358974,5.71153846153857,0.0256410256410257,0.623888377285305,3.5633624625719,0.0159971378791104,0.959038113757331,58,0.978230111827151
"ZNF700",11,123,354.818181818182,350.260162601626,4.8030303030303,6.29539295392954,4.55801921655581,-1.49236265089924,0.780462315133005,3.55736223017387,-1.16473280953885,0.947322893508058,134,0.975286739610744
"OR4D6",4,49,706.75,703.530612244898,1,1.22448979591837,3.21938775510205,-0.224489795918367,1.09676209653593,3.53090246384784,-0.246211899222352,0.979432847964783,53,0.988087265959928
"ZNF429",9,141,263.777777777778,259.695035460993,7.16666666666667,8.82624113475177,4.08274231678485,-1.65957446808511,0.798604370060053,3.26049585601348,-1.32534342265285,0.937163294902957,150,0.969501919183242
"SUSD2",2,13,1188,1176.38461538462,0.75,0.974358974358974,11.6153846153845,-0.224358974358974,0.259781373632871,3.01746057065871,-0.0582842825458365,0.972726243707268,15,0.985551234750061
"ZNF117",7,235,190.142857142857,186.96170212766,16.1428571428571,11.2141843971631,3.18115501519756,4.92867274569402,0.942709699523034,2.99890568851309,4.64630760314058,0.977361789937631,242,0.986745253307421
"ZNF528",11,86,330.727272727273,326.511627906977,4.13636363636364,7.21124031007752,4.21564482029601,-3.07487667371388,0.696066229966063,2.9343679969394,-2.14031781388261,0.94661595552034,97,0.975168176916545
"NMT1",6,39,1104,1098.38461538462,1,1.02564102564103,5.61538461538453,-0.0256410256410255,0.499717929466769,2.80610837315951,-0.0128132802427376,0.958757047127128,45,0.978230111827151
"ZNF468",19,200,217.789473684211,214.82,6.07894736842105,8.78833333333334,2.96947368421053,-2.70938596491228,0.93973862704616,2.7905291230497,-2.54611464680481,0.947714934741858,219,0.975286739610744
"SYNCRIP",6,68,1005.16666666667,1000.73529411765,1.16666666666667,1.04901960784314,4.43137254901956,0.117647058823529,0.598258246023606,2.6511051686536,0.0703833230616007,0.966659058270803,74,0.9826429908039
"ZNF33A",10,99,634.1,630.606060606061,1.69166666666667,1.70538720538721,3.4939393939394,-0.0137205387205388,0.725425438424857,2.53459251667837,-0.00995322781677208,0.974856751539229,109,0.986209513709052
"ZNF547",16,259,176.3125,173.625482625483,8.5625,8.21685971685972,2.68701737451738,0.345640283140282,0.907603854211353,2.43874732544485,0.313704453148823,0.956951940462053,275,0.978023316109585
"SCOC",10,168,626.8,624.321428571429,1.525,1.37003968253968,2.4785714285714,0.154960317460318,0.936418021971543,2.32097895445801,0.145107633960273,0.970761584789396,178,0.984559211375236
"PLAAT2",4,40,756.75,754.1,1.5,1.49166666666667,2.64999999999998,0.00833333333333353,0.872541818136487,2.31223581806167,0.00727118181780422,0.987351262485854,44,0.99132051379233
"VCX3A",15,203,229.866666666667,227.379310344828,5.7,6.92446633825944,2.48735632183909,-1.22446633825944,0.925529242300955,2.30212101188422,-1.13327940227229,0.947773310387233,218,0.975286739610744
"H4C14",7,66,721.142857142857,717.560606060606,2.14285714285714,1.77525252525252,3.5822510822511,0.367604617604618,0.625359427976917,2.24019448766624,0.229885013386897,0.960923407780561,73,0.97880447042853
"ZNF20",12,151,193.5,191.033112582781,7.34722222222222,10.8697571743929,2.46688741721854,-3.52253495217072,0.8486408588002,2.09350145631175,-2.98936708696388,0.934377860956453,163,0.96837755496581
"ZMYM2",5,65,962.6,959.676923076923,1.4,1.06410256410256,2.92307692307691,0.335897435897436,0.691981847844722,2.02271617062302,0.232434928378612,0.980566805980261,70,0.988482582416025
"HLA-DPB1",17,213,444.117647058824,442.211267605634,2.45098039215686,2.30438184663537,1.90637945318974,0.146598545521495,1.04061777012519,1.98381233559078,0.152553051544173,0.972442109273935,230,0.985513230702167
"ZNF283",16,156,406.5,404.26282051282,2.671875,3.4690170940171,2.2371794871795,-0.797142094017096,0.767520685084901,1.7170815326579,-0.611823046110014,0.974856179428461,172,0.986209513709052
"BANF1",2,27,633,631.481481481482,0.291666666666667,1.04320987654321,1.51851851851848,-0.751543209876543,1.06271097990295,1.61374630281555,-0.798673221007312,0.986670334896015,29,0.991288139023716
"TAF11L4",2,10,685,675.6,2.75,4.15,9.39999999999998,-1.4,0.168076061374819,1.5799149769233,-0.235306485924747,0.960728186343064,12,0.97880447042853
"SIGLEC8",13,248,417.076923076923,415.592741935484,3.16666666666667,2.7116935483871,1.48418114143925,0.45497311827957,1.01050612950846,1.49977414072522,0.459753124783082,0.971756634748387,261,0.985292231724154
"ZNF587B",15,180,310.466666666667,308.727777777778,5.37222222222222,4.36481481481481,1.73888888888888,1.00740740740741,0.789553058160355,1.37294504002328,0.795401599331913,0.982673769616413,195,0.989109416470324
"CSAG1",2,20,930,926.65,1.5,1.85,3.35000000000002,-0.35,0.395066730922145,1.32347354858919,-0.138273355822751,0.985837380462216,22,0.991147575247309
"FAM47C",3,9,1273.33333333333,1268.44444444444,1,0.962962962962963,4.88888888888891,0.037037037037037,0.233319808715361,1.14067462038622,0.00864147439686521,0.973949182369632,12,0.98604026672132
"SCYGR6",6,60,656,654.25,2,2.01388888888889,1.75,-0.0138888888888888,0.623008829473199,1.0902654515781,-0.00865290040934995,0.982203943659892,66,0.988932964544474
"ZNF211",19,281,166.894736842105,166.17793594306,10.8815789473684,8.75385527876631,0.716800899044756,2.12772366860211,0.91286990726263,0.654345970236756,1.94233490803731,0.986899081362145,300,0.991288139023716
"ZNF600",14,121,282.714285714286,281.942148760331,3.92857142857143,7.25068870523416,0.772136953955169,-3.32211727666273,0.77599384847044,0.599173526445914,-2.57794257058765,0.979847782537582,135,0.988205072725213
"EDDM3B",6,78,588.666666666667,588.128205128205,2,1.26923076923077,0.538461538461547,0.730769230769231,0.848528665523093,0.456900050666288,0.620078640189953,0.996202095137937,84,0.998200494526378
"TAF11L5",2,10,680,677.3,3,4.28333333333333,2.70000000000005,-1.28333333333333,0.168076061374819,0.45380536571202,-0.215697612097685,0.993317909589121,12,0.995560162206704
"SRPK1",5,57,1105.8,1105.35087719298,1,0.956140350877193,0.449122807017602,0.043859649122807,0.530540134180872,0.238277674298809,0.02326930413074,0.997126712745962,62,0.998626151411746
"P2RX1",4,68,637.75,637.235294117647,3.125,2.38970588235294,0.514705882352928,0.735294117647059,0.454130881957244,0.233743836301516,0.333919766145032,0.99790115356118,72,0.998901054516652
"ZNF177",15,207,404.933333333333,404.705314009662,3.61666666666667,3.13526570048309,0.228019323671504,0.481400966183574,0.851059581226689,0.194058030115463,0.409700904682316,0.997726982873701,222,0.998901054516652
"ARRB1",4,45,1117.75,1117.51111111111,0.833333333333333,0.962962962962963,0.238888888888823,-0.12962962962963,0.721210403898543,0.172289152042382,-0.0934902375424039,0.998953273528244,49,0.999605850619219
"SPATA31D1",8,108,569.75,569.648148148148,2.5625,2.20524691358025,0.101851851851848,0.357253086419753,0.95729015732389,0.0975017752829848,0.341994863303211,0.99935569900495,116,0.999605850619219
"VCY",15,195,297.333333333333,297.317948717949,5.34444444444444,4.57094017094017,0.0153846153846189,0.773504273504273,0.822212736506753,0.0126494267154914,0.635985065417616,0.99979529101091,210,0.99979529101091
"H4C8",7,76,739.714285714286,739.763157894737,2,1.67982456140351,-0.0488721804512124,0.320175438596491,0.510837226683074,-0.0249657291236521,0.163557533104668,0.999231063054884,83,0.999605850619219
"COLGALT1",6,46,1104,1104.41304347826,1,1,-0.413043478260761,0,0.367558316548111,-0.151817565530701,0,0.996856494782264,52,0.998605804249167
"COX8C",6,35,1104,1105.22857142857,1,1,-1.22857142857151,0,0.213213122332214,-0.261947550293881,0,0.990331036043623,41,0.993313960850983
"CHRNB3",7,56,763.142857142857,764.875,1.60714285714286,1.90178571428571,-1.73214285714289,-0.294642857142857,0.316493339962231,-0.548211678148874,-0.0932525019531572,0.984461894802154,63,0.990206921435815
"UGT2B15",11,234,278.181818181818,278.74358974359,6.54545454545455,5.26353276353276,-0.561771561771536,1.28192178192178,1.03750648348577,-0.582841637575898,1.33000216006549,0.989779336364204,245,0.993009848885604
"H4C5",5,69,707.8,709.173913043478,2.4,2,-1.3739130434783,0.4,0.483117411228646,-0.663761312818504,0.193246964491458,0.974241349477379,74,0.986086229106283
"H3Y2",3,14,1018.33333333333,1022.71428571429,1.5,2.42857142857143,-4.38095238095229,-0.928571428571428,0.248639533939211,-1.08927795820986,-0.230879567229267,0.982185440771391,17,0.988932964544474
"EHD1",5,38,1112.6,1114.92105263158,1,0.982456140350877,-2.32105263157905,0.0175438596491229,0.48018781484909,-1.11454119130768,0.00842434762893144,0.985938841743757,43,0.991147575247309
"ZNF124",18,266,162,163.225563909774,10.1944444444444,12.0213032581454,-1.22556390977442,-1.82685881370092,0.922369632198454,-1.13042293269433,-1.68503909207183,0.976050038918749,284,0.986230919278372
"S100A7A",10,104,633.2,634.625,5,2.03846153846154,-1.42499999999995,2.96153846153846,0.841738079900464,-1.19947676385812,2.49283969816676,0.993114926324755,114,0.995560162206704
"CARD17",8,97,534.375,535.752577319588,2.625,2.13573883161512,-1.37757731958766,0.48926116838488,0.903922922423083,-1.24522371658543,0.442254385154593,0.987070947241083,105,0.991288139023716
"TAF11L3",2,10,685,695,2.75,4.25,-10,-1.5,0.168076061374819,-1.68076061374819,-0.252114092062229,0.959140938726381,12,0.978230111827151
"SAA4",8,128,662.5,664.3984375,1.82291666666667,1.48307291666667,-1.8984375,0.33984375,0.911135730398404,-1.72973423817822,0.309643783377583,0.986271077738216,136,0.991232199859636
"ZNF585B",3,73,692,694.356164383562,2.66666666666667,1.53424657534247,-2.35616438356169,1.1324200913242,0.81757367130356,-1.92633796526322,0.92583685152184,0.976090307457137,76,0.986230919278372
"ZNF676",13,196,219.538461538462,221.887755102041,8.96794871794872,10.1232993197279,-2.34929356357927,-1.15535060177917,0.845668993097875,-1.9867247224034,-0.977044180081616,0.95541314652742,209,0.978023316109585
"IGHG1",10,116,491.3,493.189655172414,4.35,1.95977011494253,-1.88965517241377,2.39022988505747,1.13772854204186,-2.14991462427217,2.71943276227131,0.984507532248371,126,0.990206921435815
"ZNF823",13,168,234.846153846154,237.571428571429,6.11538461538461,8.2688492063492,-2.72527472527474,-2.15346459096459,0.796915043255723,-2.17181242557605,-1.71612832765821,0.963276847678701,181,0.980202262114614
"SAP30L",6,52,1104,1113.32692307692,1,0.958333333333333,-9.3269230769231,0.0416666666666666,0.262270229398925,-2.44617425497075,0.0109279262249552,0.929917589008031,58,0.966185825708813
"ATAD3C",2,41,778,784.585365853659,1.25,1.83739837398374,-6.58536585365857,-0.58739837398374,0.375114405316069,-2.47026559598388,-0.220341591740536,0.917894167417589,43,0.960184579319551
"MUC4",2,29,871.5,873.862068965517,1,1.01724137931034,-2.36206896551721,-0.0172413793103448,1.04930918305289,-2.47854065652145,-0.0180915376388429,0.981399462060168,31,0.988932964544474
"SSX5",15,261,391.4,394.080459770115,4.65555555555556,3.95721583652618,-2.68045977011496,0.698339719029375,0.965141011266463,-2.58702165318783,0.673996302631548,0.967051657376549,276,0.982792070924896
"ARHGAP20",5,90,415,418.055555555556,1.8,3.08333333333333,-3.05555555555554,-1.28333333333333,0.931652444405992,-2.84671580235163,-1.19562063698769,0.969867679705189,95,0.984152170670882
"CXorf51A",19,286,186.578947368421,189.611888111888,7.6359649122807,9.81468531468531,-3.03294074346707,-2.17872040240461,0.971059435934101,-2.94516572757268,-2.11566700501714,0.947957612221185,305,0.975286739610744
"ZNF415",18,241,187.777777777778,191.099585062241,9.59722222222222,8.42323651452282,-3.32180728446289,1.1739857076994,0.894022865177893,-2.96977166602431,1.04957006607531,0.953669802239976,259,0.977478860993425
"RBM8A",2,12,643.5,646,1,1.125,-2.5,-0.125,1.2396563682219,-3.09914092055474,-0.154957046027737,0.99150603811484,14,0.994242943113401
"CCNT2",3,51,1134.33333333333,1141.62745098039,1,0.977124183006536,-7.29411764705901,0.0228758169934641,0.427420878589245,-3.11765817323928,0.00977760179779319,0.963183736836667,54,0.980202262114614
"ZNF708",7,127,188.285714285714,192.669291338583,13.4285714285714,14.0944881889764,-4.38357705286839,-0.665916760404958,0.745259505936511,-3.26690246865532,-0.496280795854241,0.948717514283624,134,0.975286739610744
"UGT2B28",9,214,348.111111111111,351.18691588785,6.66666666666667,4.62305295950156,-3.0758047767394,2.04361370716511,1.06506687071911,-3.27593776850472,2.17658525604902,0.968277476889012,223,0.983178846797708
"DEFB125",5,48,592.4,602.041666666667,4.21666666666667,1.04166666666667,-9.64166666666665,3.175,0.345155219259409,-3.32787157235946,1.09586782114862,0.956231908162389,53,0.978023316109585
"UGT2B17",12,214,328.333333333333,331.630841121495,5.5,4.45404984423676,-3.29750778816202,1.04595015576324,1.03565408017528,-3.41507739521975,1.08324254647617,0.942893290469511,226,0.972750542328497
"SLC43A2",4,51,1117,1123.82352941176,1,0.941176470588235,-6.82352941176464,0.0588235294117647,0.501318962419821,-3.42076468474698,0.0294893507305777,0.96597282400327,55,0.982195268375844
"H2AC19",12,130,627.166666666667,630.869230769231,1.52777777777778,1.26538461538462,-3.70256410256411,0.262393162393162,1.00211093074518,-3.7103799589642,0.262947056186982,0.956339490977431,142,0.978023316109585
"CT47A8",4,87,574.25,578.48275862069,3,2.65134099616858,-4.23275862068965,0.348659003831418,0.89951113726057,-3.80741352064603,0.313622657052537,0.973719822812103,91,0.98604026672132
"FAM25G",6,36,726,734.027777777778,2.08333333333333,1.9212962962963,-8.02777777777783,0.162037037037037,0.491750629592661,-3.94766477645222,0.0796818149802924,0.887693274291283,42,0.944163514524346
"PSG4",6,78,454.166666666667,458.051282051282,3.16666666666667,4.15811965811966,-3.88461538461536,-0.99145299145299,1.01771592234666,-3.95343492911583,-1.00901749565993,0.939298747752748,84,0.970632996126191
"MEX3C",5,15,1239.2,1255.06666666667,0.9,0.966666666666667,-15.8666666666666,-0.0666666666666667,0.259347603983565,-4.11498198320587,-0.017289840265571,0.923876216842597,20,0.962662154498831
"NXF5",19,325,305.842105263158,309.953846153846,3.8421052631579,3.33641025641026,-4.11174089068822,0.505695006747638,1.01659175101943,-4.17996187180294,0.514085372391364,0.926667305515087,344,0.964313164801637
"OR1L8",3,93,423,427.344086021505,2.33333333333333,2.45161290322581,-4.3440860215054,-0.118279569892473,0.98366421890895,-4.2731219832174,-0.116347380731166,0.942930277904753,96,0.972750542328497
"KRTAP4-8",8,180,449.875,453.966666666667,3.875,2.42962962962963,-4.09166666666664,1.44537037037037,1.05968964379062,-4.33589679250991,1.53164401292329,0.949023783934242,188,0.975286739610744
"ZNF714",19,302,88,92.3741721854305,15.4122807017544,17.0601545253863,-4.37417218543047,-1.64787382363192,1.00355893227444,-4.38973956799516,-1.65373849496705,0.865278201288855,321,0.928737083015563
"DAZL",5,33,690.6,697.606060606061,2.8,2.31313131313131,-7.0060606060606,0.486868686868687,0.645199920135267,-4.52030974349314,0.314127637884039,0.973322360610333,38,0.985905235234192
"ZNF615",17,177,319.470588235294,324.751412429379,4.15686274509804,7.50094161958569,-5.2808241940844,-3.34407887448765,0.870863702061866,-4.59887810759821,-2.91223690862319,0.929640622774511,194,0.966149266217671
"SET",12,113,619.75,625.185840707965,1.34722222222222,1.59734513274336,-5.43584070796464,-0.25012291052114,0.934436786921985,-5.07944952537021,-0.23372404884295,0.958550100164773,125,0.978230111827151
"DECR2",2,14,1188,1195.35714285714,0.75,0.797619047619048,-7.35714285714289,-0.0476190476190477,0.762785487560848,-5.61192180134055,-0.0363231184552785,0.983064908343068,16,0.989253934459556
"NLRP12",4,44,672.5,687.818181818182,2.5,2.34848484848485,-15.3181818181819,0.151515151515151,0.37354826319263,-5.72208021345076,0.056598221695853,0.874303693286497,48,0.933899374063845
"IGHV3OR16-9",18,158,161.444444444444,167.620253164557,9.40277777777778,12.5443037974684,-6.17580872011251,-3.14152601969057,0.933708746761975,-5.76640662029793,-2.93327032276542,0.843417541149929,176,0.917836735957275
"ZNF679",16,302,57.4375,63.135761589404,20.6614583333333,21.5171081677704,-5.69826158940398,-0.855649834437088,1.01305602763025,-5.77265825015962,-0.866821222317316,0.792462985811527,318,0.889797209114096
"FAM24B",17,233,628.588235294118,634.309012875536,1.27450980392157,1.36766809728183,-5.72077758141882,-0.0931582933602624,1.02080653705706,-5.83980715216178,-0.0950965948432347,0.95721951684299,250,0.978023316109585
"ZNF614",16,178,414.4375,421.061797752809,3.1875,4.08426966292135,-6.62429775280901,-0.89676966292135,0.909583584321806,-6.02535249361491,-0.815686964311059,0.953802697095507,194,0.977478860993425
"KRTAP5-3",2,14,1078,1094.07142857143,1,1.10714285714286,-16.0714285714287,-0.107142857142857,0.376879779646555,-6.05699645860538,-0.0403799763907023,0.873182999193315,16,0.933450846649676
"ZNF432",16,145,465.1875,472.648275862069,2.52604166666667,3.03103448275862,-7.46077586206894,-0.504992816091954,0.841624557954699,-6.27917218691286,-0.425014355613689,0.941258066082804,161,0.972154880348123
"IFI27",8,140,498.25,505.035714285714,1.5,1.30952380952381,-6.78571428571428,0.190476190476191,0.929807611466595,-6.30940879209475,0.177106211707923,0.955064552268129,148,0.978023316109585
"RGL4",17,210,213.705882352941,221,9.41176470588235,8.55396825396825,-7.29411764705881,0.8577964519141,0.878136502291291,-6.4052309578894,0.753262375961727,0.840789244276296,227,0.915724671607544
"ADAM21",5,35,796,805.057142857143,1,1.09047619047619,-9.05714285714282,-0.0904761904761906,0.717100141906909,-6.49487842812826,-0.0648804890296728,0.969799966814551,40,0.984152170670882
"FRG2B",4,30,740.25,751.1,4,2.07777777777778,-10.85,1.92222222222222,0.605079573617664,-6.56511337375167,1.16309740262062,0.963101233286372,34,0.980202262114614
"TPM1",6,81,782.666666666667,792.851851851852,1.83333333333333,1.58641975308642,-10.1851851851852,0.246913580246914,0.675527135107285,-6.88036896868533,0.16679682348328,0.921441408659846,87,0.961567495508368
"ZNF705G",18,208,369.055555555556,377.581730769231,3.25462962962963,2.75641025641026,-8.52617521367523,0.498219373219373,0.810709265864826,-6.91224924811352,0.403911062302311,0.899661543240569,226,0.94929710054118
"DEFA1B",10,124,347.6,355.225806451613,5.8,5.59274193548387,-7.6258064516129,0.207258064516129,0.913586926493931,-6.96683707816662,0.189348258152371,0.899636322760234,134,0.94929710054118
"ZNF101",19,304,75.2631578947368,82.3552631578947,22.4912280701754,26.8470394736842,-7.0921052631579,-4.3558114035088,1.00222457556899,-7.10788218725906,-4.36550123514019,0.733687960403114,323,0.85575513420048
"ZNF548",19,312,82.0526315789474,89.1923076923077,17.75,15.9369658119658,-7.13967611336032,1.81303418803419,1.00805742061118,-7.19720348683326,1.82764256706963,0.768967944035541,331,0.874965567308781
"CTSG",13,180,334.923076923077,342.283333333333,2.59615384615385,3.79722222222222,-7.36025641025645,-1.20106837606838,1.00475889352182,-7.39528308680614,-1.20678413258251,0.90024700581335,193,0.94929710054118
"KRTAP4-9",10,219,392.7,399.977168949772,4.1,2.74809741248097,-7.27716894977169,1.35190258751903,1.02004476902363,-7.42303812051579,1.37900116262829,0.82623375089564,229,0.908788898590415
"TUBA3D",9,83,646.333333333333,655.686746987952,1.87037037037037,1.49397590361446,-9.35341365461841,0.376394466755913,0.798362004412852,-7.46741007340369,0.300499040929157,0.928349923925287,92,0.96526830805454
"H3C12",12,71,750.833333333333,761.211267605634,1.0625,1.30516431924883,-10.3779342723004,-0.242664319248826,0.725965885285152,-7.53402624142169,-0.176166017350593,0.937233712163379,83,0.969501919183242
"ATAD3A",2,35,915.5,930.8,1.25,1.47142857142857,-15.3,-0.221428571428572,0.504969947315118,-7.72604019392128,-0.111814774048348,0.946986663379327,37,0.975286739610744
"UGT2B10",10,238,247,254.483193277311,8.55,5.97198879551821,-7.48319327731093,2.57801120448179,1.05057859947299,-7.86168271286299,2.70840340063015,0.868807128352734,248,0.930850383460973
"CLEC18C",2,8,914.5,923.875,2.25,1,-9.375,1.25,0.84387878907636,-7.91136364759087,1.05484848634545,0.980044220022528,10,0.988205072725213
"SUZ12",2,14,1156,1164.21428571429,1,1.14285714285714,-8.21428571428578,-0.142857142857143,0.969188849555441,-7.96119412134833,-0.138455549936492,0.989144196774436,16,0.992621850906742
"DPRX",2,7,1078,1097.42857142857,1,0.904761904761905,-19.4285714285713,0.0952380952380952,0.412713956089531,-8.0184425754537,0.0393060910561458,0.938851409327556,9,0.970421684343744
"OR2F2",3,93,450,458.193548387097,2,1.5752688172043,-8.19354838709677,0.424731182795699,0.985583445227945,-8.07542564799671,0.418608022435525,0.934692750125908,96,0.96837755496581
"ZNF681",4,83,193,205.89156626506,11.875,12.0180722891566,-12.8915662650602,-0.143072289156622,0.6266655190598,-8.07870006498779,-0.0896584703474085,0.73683764388343,87,0.858064334298165
"NPIPB11",5,43,398.6,410.023255813953,6.8,6.19767441860465,-11.4232558139535,0.602325581395348,0.711674152257537,-8.12963589741631,0.428659547522563,0.951015951624484,48,0.975927001204786
"TCEAL8",18,314,322.277777777778,330.366242038217,3.53703703703704,2.98036093418259,-8.0884642604388,0.556676102854447,1.00808539873882,-8.15386271916917,0.561177051114399,0.863502112843136,332,0.928737083015563
"ZNF836",16,142,267.375,277.838028169014,4.36979166666667,6.34741784037559,-10.4630281690141,-1.97762617370892,0.795107224718076,-8.31922928961184,-1.57242485850753,0.823680330696668,158,0.907979752127968
"LYN",6,70,765.166666666667,779.085714285714,1.91666666666667,1.75714285714286,-13.9190476190477,0.15952380952381,0.598758585739125,-8.33414926721652,0.0955162505821939,0.890035972712199,76,0.94491444093764
"ZNF510",16,166,295.25,305.867469879518,4.421875,5.91867469879518,-10.6174698795181,-1.49679969879518,0.788909983860352,-8.37622799128838,-1.18084022621869,0.865094448271264,182,0.928737083015563
"IGHV1-69",12,107,234.666666666667,243.607476635514,8,11.0233644859813,-8.94080996884736,-3.02336448598131,0.959119984454115,-8.57530951832808,-2.89976929879352,0.865949159995061,119,0.929197863410383
"SLC16A1",9,136,545.777777777778,556.316176470588,0.925925925925926,0.988970588235294,-10.5383986928105,-0.0630446623093682,0.821375650780506,-8.65598408449162,-0.0517833505325945,0.897706539294507,145,0.948251475289677
"PRAMEF18",8,125,378.375,387.376,4.47916666666667,4.184,-9.00099999999998,0.295166666666665,0.963394150296053,-8.67151074681475,0.28436184002905,0.928258777013058,133,0.96526830805454
"GOLPH3",4,29,1117,1146.55172413793,1,1.05172413793103,-29.5517241379309,-0.0517241379310345,0.295653927198116,-8.73708329685463,-0.0152924445102474,0.857886585102251,33,0.926767989745497
"ABCC4",5,74,397,408.662162162162,0.866666666666667,9.67567567567568,-11.6621621621622,-8.80900900900901,0.750544405666682,-8.75297056878849,-6.61155243117911,0.906776141309628,79,0.953295832852742
"CLEC18B",2,11,914.5,925.090909090909,2.25,0.954545454545455,-10.5909090909091,1.29545454545455,0.84062062033884,-8.90293656995229,1.08898580362077,0.977244477366159,13,0.986745253307421
"ZNF107",5,95,198.2,211.673684210526,11.8,12.4561403508772,-13.4736842105263,-0.656140350877187,0.660940958212008,-8.90530975275128,-0.433670032230332,0.82587678497635,100,0.908788898590415
"OR2F1",4,142,486,494.211267605634,2.25,1.57746478873239,-8.21126760563379,0.672535211267606,1.08454622733742,-8.90549930334814,0.729395526131859,0.943045124866281,146,0.972750542328497
"GOLPH3L",4,25,1117,1139.4,1,0.98,-22.4000000000001,0.02,0.39784004810692,-8.91161707759505,0.00795680096213841,0.895267144156423,29,0.946961596715485
"TRO",10,165,573.1,582.478787878788,1.825,1.49393939393939,-9.37878787878788,0.331060606060606,0.97329212699033,-9.12830040313658,0.322218681435435,0.902341838219682,175,0.950634849861811
"EHD2",5,34,1022,1046,1.2,1.05392156862745,-24,0.146078431372549,0.381278198261591,-9.15067675827819,0.0556965211186049,0.833252810997708,39,0.912739236433606
"CTSL",19,298,433.894736842105,442.906040268456,2.19736842105263,3.33445190156599,-9.0113034263511,-1.13708348051336,1.02559201094308,-9.24192080224974,-1.16618373338986,0.864555919697117,317,0.928737083015563
"CA1",2,15,434,442,2.75,1.46666666666667,-8,1.28333333333333,1.1592360491689,-9.2738883933512,1.48768626310009,0.949314026743426,17,0.975286739610744
"CKMT1A",3,18,988.333333333333,1010.72222222222,1.5,1.08333333333333,-22.3888888888888,0.416666666666667,0.414710285675828,-9.28490250707544,0.172795952364928,0.844766143924833,21,0.918803895243232
"SPANXN2",14,135,339,351.051851851852,4.05357142857143,3.4320987654321,-12.0518518518518,0.62147266313933,0.789481976336466,-9.51471981851429,0.490641466334325,0.768028072931517,149,0.874868922301693
"DENR",13,52,683.538461538462,694.519230769231,1,1.9775641025641,-10.9807692307692,-0.977564102564103,0.868226342071002,-9.53379310235653,-0.848746904909153,0.932753612303552,65,0.968125567471427
"MT1F",13,190,412.076923076923,421.073684210526,3.17948717948718,3.86754385964912,-8.99676113360323,-0.688056680161945,1.06771665097011,-9.60599166714888,-0.734649574220124,0.857847271902859,203,0.926767989745497
"C5orf52",2,14,719,750.285714285714,2,1.82142857142857,-31.2857142857143,0.178571428571429,0.315856380549488,-9.88179247719115,0.0564029250981229,0.906724622028423,16,0.953295832852742
"OR10G9",3,73,738,748.534246575342,2,1.51826484018265,-10.5342465753424,0.481735159817352,0.951255150767506,-10.0207563142494,0.458253052082063,0.959625134725334,76,0.978230111827151
"LYZL1",5,41,1047.8,1078.0487804878,1,1.08130081300813,-30.2487804878049,-0.0813008130081301,0.333390085514316,-10.084643513533,-0.0271048850011639,0.778815491196156,46,0.880879338471508
"SPANXN5",18,233,145.555555555556,157.442060085837,8.47222222222222,8.67811158798283,-11.8865045302814,-0.205889365760608,0.857414965226824,-10.1916668684997,-0.176532623384205,0.604872540165182,251,0.777295851664273
"ZNF12",17,278,375.705882352941,386.28417266187,2.84313725490196,4.86330935251799,-10.5782903089294,-2.02017209761602,0.963632724222022,-10.193586708005,-1.94670394182305,0.836948041082442,295,0.914265456457273
"DEGS2",6,34,1104,1135,1,0.995098039215686,-31,0.00490196078431371,0.329542200826649,-10.2158082256261,0.00161540294522866,0.786417858645907,40,0.886217079286251
"CDRT15",4,29,275.5,311.793103448276,9.25,9.51724137931034,-36.2931034482759,-0.267241379310343,0.289059558363941,-10.4908684544155,-0.0772486750800184,0.596097274034963,33,0.770376684037424
"SPATA31A3",12,170,443.416666666667,455.488235294118,2.79166666666667,2.60294117647059,-12.071568627451,0.188725490196078,0.873677880869274,-10.5466624971994,0.164885286340524,0.871127884826792,182,0.932251480387751
"C10orf88",14,98,654.642857142857,667.34693877551,0.886904761904762,1.0391156462585,-12.7040816326531,-0.152210884353742,0.844501648308328,-10.7286178790191,-0.128542342727203,0.897102739485724,112,0.948251475289677
"ZNF394",12,233,287.583333333333,298.12017167382,5.48611111111111,9.4728183118741,-10.5368383404864,-3.98670720076299,1.02294862024791,-10.7786442421759,-4.07819663035291,0.803957033770831,245,0.895626514342972
"FLT3LG",9,95,610.555555555556,620.284210526316,1.5,1.61228070175439,-9.7286549707602,-0.112280701754386,1.11780968852046,-10.8747847825885,-0.125508456254929,0.897459234241384,104,0.948251475289677
"GNB1",4,46,1117,1147.95652173913,1,0.952898550724638,-30.9565217391305,0.0471014492753623,0.353811323729996,-10.9527679345982,0.0166650261177172,0.851338215661955,50,0.922757360555406
"ZNF416",19,289,182.789473684211,194.512110726644,10.6140350877193,7.37485582468282,-11.7226370424331,3.23917926303648,0.941253257797999,-11.0339703061737,3.04888803392481,0.802762412034025,308,0.895044251810258
"ZNF444",3,15,1029.33333333333,1061.53333333333,1,1.17777777777778,-32.2,-0.177777777777778,0.343179739969735,-11.0503876270255,-0.061009731550175,0.899945457822981,18,0.94929710054118
"ZNF773",18,286,144.833333333333,156.468531468531,10.5509259259259,8.65559440559441,-11.6351981351981,1.89533152033152,0.959955127773911,-11.1692681125489,1.81943321177376,0.762026244313496,304,0.871759768759441
"CNTNAP4",15,234,529.2,540.760683760684,1.73333333333333,1.47792022792023,-11.5606837606837,0.255413105413105,0.972962099671857,-11.2481071454371,0.248507271326444,0.891489874708802,249,0.945820565204062
"ZNF441",13,137,304.384615384615,318.839416058394,4.55769230769231,5.64476885644769,-14.4548006737788,-1.08707654875538,0.783323814792632,-11.3227896058515,-0.851532949142674,0.764372685036464,150,0.87294462686645
"CAPN12",2,29,990,1002,1,1.05747126436782,-12,-0.0574712643678161,0.944944273086554,-11.3393312770386,-0.0543071421314112,0.937520952579117,31,0.969548065865981
"ZNF792",19,287,103.473684210526,115.895470383275,12.6535087719298,11.9721254355401,-12.421786172749,0.681383336389759,0.934363825388302,-11.6064676465252,0.63665994074498,0.612999681730332,306,0.782103042207665
"ZNF155",15,194,455.8,469.907216494845,3.13333333333333,2.45876288659794,-14.1072164948454,0.674570446735395,0.831548423729661,-11.7308336395017,0.560937991677431,0.92005696288474,209,0.961351053163881
"KRT14",3,10,768.333333333333,783.3,2.5,1.35,-14.9666666666666,1.15,0.800877291426272,-11.9864634616798,0.921008885140213,0.936695795213965,13,0.969501919183242
"FCGR3B",2,11,831,845.272727272727,1.5,1.03030303030303,-14.2727272727273,0.46969696969697,0.856759705686438,-12.2282976175246,0.402417437519388,0.982250985054308,13,0.988932964544474
"ZNF766",16,165,174.625,189.387878787879,7.81770833333333,12.0888888888889,-14.7628787878788,-4.27118055555555,0.831295433418215,-12.2723137204703,-3.550612891138,0.672033431603918,181,0.815996837644866
"OR1E2",3,93,442.666666666667,453.763440860215,2.66666666666667,2.01433691756272,-11.0967741935484,0.652329749103942,1.1096069345525,-12.3130575963245,0.723829613220626,0.909001799144996,96,0.954665518096679
"LCE3D",10,238,393.4,405.323529411765,4.15,2.62254901960784,-11.9235294117647,1.52745098039216,1.04228229262711,-12.4276835715009,1.59203510971866,0.775377339812517,248,0.878671261594364
"MYL2",5,69,735.6,761.753623188406,2,1.83333333333333,-26.1536231884057,0.166666666666667,0.479865478948844,-12.5502209175519,0.0799775798248072,0.721086262495653,74,0.846599258870847
"ASS1",3,35,1045,1072.11428571429,1.33333333333333,0.985714285714286,-27.1142857142856,0.347619047619047,0.463799899669118,-12.5756029938855,0.161225679408788,0.902750052843587,38,0.950814235941743
"UGT2B11",10,203,331.3,343.453201970443,5.8,4.52380952380952,-12.1532019704433,1.27619047619048,1.04643855617976,-12.7175791229117,1.33545491931512,0.812729940522118,213,0.899631258262156
"H2BC8",17,102,576.529411764706,592.705882352941,1.7843137254902,2.17647058823529,-16.1764705882354,-0.392156862745098,0.814259652688481,-13.1718473229019,-0.319317510858228,0.847983594303169,119,0.920549427556496
"ZNF791",15,221,278.933333333333,294.900452488688,5.66666666666667,7.62669683257919,-15.9671191553545,-1.96003016591252,0.829576623176068,-13.2459487907489,-1.62599520636094,0.808989674659722,236,0.897450767782493
"FAM240A",19,243,617.052631578947,631.962962962963,1.19736842105263,1.15500685871056,-14.9103313840155,0.0423615623420694,0.890070592753593,-13.2712474931232,0.037704780903774,0.863687455361781,262,0.928737083015563
"KRTAP19-7",2,22,802,818.454545454545,0.666666666666667,1.03787878787879,-16.4545454545455,-0.371212121212121,0.81496933017891,-13.4099498874894,-0.302526493778535,0.924274196024193,24,0.962825778757215
"HMGN1",18,320,149.833333333333,162.45,11.2546296296296,9.05416666666667,-12.6166666666666,2.20046296296296,1.06690170106949,-13.4607431284934,2.3476776783256,0.783325815353123,338,0.884359347110909
"WDR70",3,3,947,983.666666666667,1.83333333333333,0.833333333333333,-36.6666666666666,1,0.367185939180278,-13.4634844366102,0.367185939180278,0.946085122949571,6,0.975114401543148
"KRTAP22-1",3,138,508.666666666667,525.398550724638,2.33333333333333,1.48550724637681,-16.7318840579709,0.847826086956522,0.805561036636295,-13.4785538666174,0.68297566149599,0.926199002622182,141,0.964076898796103
"OR6Q1",2,8,621,642.25,1,0.9375,-21.25,0.0625,0.63689607475144,-13.5340415884681,0.039806004671965,0.955689661341949,10,0.978023316109585
"CYLC2",7,47,854.571428571429,873.36170212766,1.14285714285714,0.957446808510638,-18.790273556231,0.185410334346504,0.720814884894069,-13.5443088705627,0.133646528810146,0.885327932303628,54,0.942473956056814
"CTU1",2,47,663.5,679.106382978723,0.666666666666667,0.99645390070922,-15.6063829787234,-0.329787234042553,0.869235557893744,-13.5656230152141,-0.286662790369213,0.795460579515875,49,0.891798687334556
"PDLIM1",3,26,1032.66666666667,1063.26923076923,0.833333333333333,1.03205128205128,-30.602564102564,-0.198717948717949,0.44901437046235,-13.7409910550465,-0.0892272146431592,0.930698297888935,29,0.96674561953839
"BNIP2",4,45,958.75,982.355555555556,1.375,1.21111111111111,-23.6055555555556,0.163888888888889,0.582670907901131,-13.7542704870662,0.0954932876837965,0.912286839615394,49,0.956823677454886
"AQP12B",3,4,1119.33333333333,1144.75,1,0.583333333333333,-25.4166666666667,0.416666666666667,0.545550488020245,-13.8660749038479,0.227312703341769,0.915646582797014,7,0.959088792885155
"NKX6-2",2,26,521,533.307692307692,1,1.46794871794872,-12.3076923076923,-0.467948717948718,1.1284477760266,-13.8885880126351,-0.528055690063732,0.943649446583645,28,0.972966121824581
"OR1D2",2,48,731.5,746.0625,1,1.05555555555556,-14.5625,-0.0555555555555556,0.968757248315041,-14.1075274285878,-0.0538198471286134,0.905588049811373,50,0.95279880122334
"SPDYE5",14,86,357.428571428571,374.453488372093,6.73809523809524,5.65116279069767,-17.0249169435216,1.08693244739757,0.828750068242232,-14.1094010787619,0.900795339955428,0.834317429499663,100,0.913155970495934
"DAZ2",5,33,627,647.787878787879,3.2,2.27272727272727,-20.7878787878788,0.927272727272728,0.680771510010062,-14.1517956323304,0.631260854736604,0.921467216238123,38,0.961567495508368
"HSPA4L",5,49,1105.8,1132.26530612245,1,0.976190476190476,-26.465306122449,0.0238095238095238,0.536025354034442,-14.1860750839156,0.0127625084293915,0.835338360420626,54,0.913206541241766
"LRRC37A3",6,47,597.833333333333,613.31914893617,2.13888888888889,2.36170212765957,-15.4858156028369,-0.222813238770686,0.92597360605352,-14.3394565164387,-0.206319178180956,0.94631973202811,53,0.975114401543148
"TVP23A",4,33,1006.5,1091.87878787879,1.375,1.03030303030303,-85.378787878788,0.34469696969697,0.1691668140729,-14.4432575348605,0.0583112881842193,0.1986002992614,37,0.50045581169905
"ZNF701",19,267,100.842105263158,115.925093632959,11.0745614035088,12.6136079900125,-15.0829883698009,-1.53904658650371,0.97545375541718,-14.712757648236,-1.50126877256703,0.452036735918204,286,0.67933525829182
"NXF2B",19,308,287.78947368421,302.756493506493,3.95614035087719,3.50974025974026,-14.967019822283,0.446400091136934,0.999606754279983,-14.9611341057964,0.446224546211679,0.670265478436729,327,0.814969498560063
"C6orf58",10,141,546.7,562.631205673759,1.13333333333333,1.09456264775414,-15.9312056737588,0.0387706855791963,0.942663075220206,-15.017759332391,0.0365476936964809,0.860166087931765,151,0.927771031235505
"ZFP30",17,204,363.294117647059,380.764705882353,2.79411764705882,4.79901960784313,-17.4705882352941,-2.00490196078431,0.866260500224682,-15.1340805039253,-1.73676737545046,0.752691497276109,221,0.865200530008964
"ZNF583",14,157,495.142857142857,513.191082802548,1.83333333333333,3.46072186836518,-18.0482256596906,-1.62738853503185,0.844471204874072,-15.241206868678,-1.37428275697659,0.855490629603664,171,0.925826735203297
"CT47A4",6,85,509,526.2,2.5,2.71372549019608,-17.2,-0.213725490196079,0.88922495545545,-15.2946692338338,-0.190050039499303,0.860663534619553,91,0.927771031235505
"ZNF705B",18,201,356.333333333333,375.34328358209,3.29166666666667,2.74212271973466,-19.0099502487562,0.549543946932006,0.807503880881474,-15.3506086012344,0.443758869862518,0.765102829773119,219,0.872992515762459
"SMURF1",6,69,990.166666666667,1012.72463768116,1.25,1.08937198067633,-22.5579710144928,0.160628019323672,0.681235390710988,-15.3672881977051,0.109425491503093,0.712192897057984,75,0.842333691953769
"LCE2D",8,61,687.875,704.819672131148,1.5625,1.95628415300546,-16.9446721311475,-0.393784153005464,0.913325937069573,-15.476008552517,-0.359653280546864,0.938030100414268,69,0.969823617401143
"ZNF705E",18,208,339.277777777778,358.899038461538,3.53703703703704,3.03926282051282,-19.6212606837607,0.497774216524216,0.807865704134988,-15.8513435783025,0.402134717932577,0.755880966716953,226,0.867159529564925
"TCEAL7",17,274,507.647058823529,524.474452554745,1.86764705882353,1.54440389294404,-16.8273937312151,0.323243165879491,0.981470653422726,-16.5155931207772,0.317253681230175,0.789342147238732,291,0.88825998883863
"DEFA3",10,122,330,348.426229508197,6.2,5.72131147540984,-18.4262295081967,0.478688524590162,0.897241692981816,-16.5327813592059,0.429499302214245,0.76135384782773,132,0.871739248114501
"PGAM1",4,19,892.25,924.157894736842,1.25,1,-31.9078947368421,0.25,0.523028005963501,-16.6887225587038,0.130757001490875,0.811615912411306,23,0.899389245284191
"CCL19",2,35,692.5,710.828571428571,1,1.34285714285714,-18.3285714285714,-0.342857142857143,0.91760270042428,-16.8183466377765,-0.314606640145468,0.949134801788693,37,0.975286739610744
"SGF29",3,11,673,701.272727272727,3,1.45454545454545,-28.2727272727273,1.54545454545455,0.603472120430888,-17.0618026776369,0.932638731575008,0.754981282905145,14,0.866428835867019
"ZNF555",17,200,271.705882352941,292.305,5.15686274509804,8.4425,-20.5991176470588,-3.28563725490196,0.834549817470735,-17.1909898724112,-2.74202797135348,0.745059397919068,217,0.861074020870855
"UGT1A8",3,68,582.333333333333,599.470588235294,2,2.15441176470588,-17.1372549019608,-0.154411764705882,1.03427576163883,-17.7246473661242,-0.159704345547172,0.858879870676432,71,0.927339627998655
"MAGEB18",19,267,159.947368421053,179.355805243446,8.87719298245614,8.7852684144819,-19.4084368223931,0.0919245679742389,0.913354425116886,-17.7267816563342,0.0839597109362291,0.612804349538584,286,0.782103042207665
"ERMAP",2,35,1078,1113.25714285714,1,0.952380952380952,-35.2571428571428,0.0476190476190477,0.503398434957096,-17.7483905353444,0.023971354045576,0.621488835275473,37,0.787797279948974
"H2AC7",15,107,587.266666666667,608.738317757009,1.55555555555556,1.898753894081,-21.4716510903427,-0.343198338525442,0.833620726569145,-17.8992133825706,-0.286097248318902,0.740693793765275,122,0.859256196995477
"ZNF525",19,281,100.842105263158,119.003558718861,11.890350877193,13.3268090154211,-18.1614534557033,-1.43645813822813,0.989930230038548,-17.9785717972388,-1.42199333521692,0.419121488691693,300,0.659588323415138
"TRAPPC2B",2,13,930,984.384615384615,1.5,1.52564102564103,-54.3846153846154,-0.0256410256410255,0.335085488604,-18.2234954186945,-0.00859193560523074,0.773354813918935,15,0.87718587465798
"ZNF430",7,106,189.428571428571,214.877358490566,11.8571428571429,11.7672955974843,-25.4487870619946,0.0898472596585869,0.731777511792512,-18.6228500743639,0.0657482041143364,0.723641527517693,113,0.847997520223079
"ZNF226",14,200,444.428571428571,466.135,2.71428571428571,2.58333333333333,-21.7064285714285,0.130952380952381,0.863416741516992,-18.7416938271142,0.113066478055797,0.806381163626692,214,0.896577387271079
"SULT1A4",5,87,632.2,655.551724137931,4,1.94061302681992,-23.351724137931,2.05938697318008,0.814132456323851,-19.0113965318107,1.67661377499644,0.916815562953793,92,0.959919351988694
"ZNF28",18,187,164.388888888889,186.31550802139,7.51388888888889,11.0508021390374,-21.9266191325015,-3.53691325014854,0.871814261053803,-19.11593925641,-3.08353141158965,0.490235905466329,205,0.704670028145126
"MAGEA3",17,227,238.294117647059,260.603524229075,6.91176470588235,6.25917767988253,-22.3094065820161,0.652587025999827,0.867501375619773,-19.3534408991598,0.566120142766466,0.610488031631425,244,0.780643255807736
"MAGEB4",15,150,395.466666666667,418.986666666667,5.74444444444444,3.50333333333333,-23.52,2.24111111111111,0.828484382839645,-19.4859526843885,1.85672555576396,0.791337520156398,165,0.889281941196814
"ZNF761",17,161,202.470588235294,226.27950310559,5.94607843137255,9.31573498964803,-23.808914870296,-3.36965655827548,0.82063546884121,-19.5384400171858,-2.76525968953426,0.432244143885221,178,0.6673050510669
"TEDDM1",4,52,593.5,617.711538461538,1,0.948717948717949,-24.2115384615385,0.0512820512820513,0.810284928123439,-19.6182447020656,0.0415530732370995,0.818930513434122,56,0.903508721943706
"DEFA1",11,124,321.818181818182,342.879032258065,5.72727272727273,5.51881720430108,-21.0608504398827,0.208455522971651,0.934440309106359,-19.6801075950868,0.194789243320557,0.694522148018153,135,0.832676418686031
"SNURF",5,16,555.4,582.25,0.9,1.09375,-26.85,-0.19375,0.739977801595229,-19.8684039728319,-0.143370699059076,0.91476900654706,21,0.958420804971697
"PIP4K2B",5,31,1112.6,1166.77419354839,1,0.967741935483871,-54.1741935483872,0.032258064516129,0.368149442236506,-19.9441991384513,0.0118757884592421,0.700624142135015,36,0.835738885438318
"PHKG1",7,56,779.142857142857,823.857142857143,1.64285714285714,1.91071428571429,-44.7142857142858,-0.267857142857143,0.446562583979381,-19.9677269693638,-0.11961497785162,0.727575038439443,63,0.850747911890809
"HEATR5B",6,54,945.5,990.407407407407,1.5,1.15432098765432,-44.9074074074074,0.345679012345679,0.454509291357819,-20.4108339174576,0.157114322938505,0.792347756974555,60,0.889797209114096
"MAD2L1",3,21,368.666666666667,389.714285714286,3.33333333333333,1.54761904761905,-21.047619047619,1.78571428571429,0.972024321119392,-20.4587976159415,1.73575771628463,0.769533618957939,24,0.875091680918022
"MAGEB2",19,283,229.105263157895,250.717314487633,8.28947368421053,6.80742049469965,-21.6120513297378,1.48205318951088,0.96960168659669,-20.955081420128,1.43700127217575,0.708193159037067,302,0.839744766620807
"ZNF596",15,183,367.266666666667,393.912568306011,3.53888888888889,3.48360655737705,-26.6459016393443,0.0552823315118394,0.796972194314586,-21.2360426989989,0.044058481051817,0.745051368249745,198,0.861074020870855
"MEX3D",4,23,1116,1214.65217391304,1,0.971014492753623,-98.6521739130435,0.0289855072463768,0.218645094250107,-21.5698138631953,0.00633753896377122,0.442005428468615,27,0.672346285557894
"MAGEA11",16,187,170.3125,193.385026737968,11.015625,8.89126559714795,-23.0725267379679,2.12435940285205,0.935872526235759,-21.5929438849041,1.98812960097983,0.716761356191046,203,0.844387551715585
"ZNF705D",18,191,362.611111111111,389.858638743456,3.21759259259259,2.6544502617801,-27.2475276323444,0.563142330812488,0.806894139205038,-21.985870354366,0.454396246270861,0.670381634206132,209,0.814969498560063
"SSX4B",12,245,376.416666666667,399.318367346939,5.45833333333333,4.00544217687075,-22.9017006802721,1.45289115646258,0.965697455306028,-22.1161140691191,1.40305329263255,0.77671301676055,257,0.879746376126746
"CEBPZOS",3,39,642,663.128205128205,1,1.43162393162393,-21.1282051282051,-0.431623931623931,1.05022841007763,-22.1894412795888,-0.453303715460856,0.935714593509632,42,0.969106943707405
"MAGED4B",18,281,402.277777777778,425.32384341637,2.51851851851852,2.12218268090154,-23.0460656385923,0.396335837616976,0.970366759989516,-22.3631360442265,0.384591122616116,0.633767603694582,299,0.795394266445839
"RPS23",6,68,753.333333333333,798.191176470588,2,1.79166666666667,-44.8578431372549,0.208333333333333,0.499634645519787,-22.4125325546646,0.104090551149956,0.651311795724004,74,0.806021039242217
"CLEC4C",13,175,508.538461538462,531.017142857143,2.23076923076923,1.94666666666667,-22.4786813186813,0.284102564102563,1.00004868156033,-22.4797756159621,0.284116394658678,0.772474201128366,188,0.876933780599134
"A1BG",3,9,380.333333333333,408.555555555556,1,1.77777777777778,-28.2222222222222,-0.777777777777778,0.799618132550071,-22.5670006297464,-0.621925214205611,0.5229796124998,12,0.724274063934168
"CARD18",4,44,706.25,756,2.75,2.28787878787879,-49.75,0.462121212121212,0.460196717406011,-22.8947866909491,0.212666664861869,0.634651317847599,48,0.796253270367034
"MBD3L4",3,41,715.333333333333,747.048780487805,3.5,1.2520325203252,-31.7154471544715,2.2479674796748,0.723669358577699,-22.9514972992813,1.62678518411979,0.909602874819628,44,0.95476046434968
"SUPT20HL2",2,19,1009,1041.05263157895,1,0.964912280701754,-32.0526315789473,0.0350877192982456,0.717988934208671,-23.0134347859516,0.0251925941827604,0.860672475673177,21,0.927771031235505
"CCNB1IP1",2,10,1078,1112.3,1,0.9,-34.3,0.1,0.673019452602097,-23.0845672242519,0.0673019452602097,0.651297310070717,12,0.806021039242217
"UBE2D4",6,70,707,746.9,2.16666666666667,1.76904761904762,-39.9,0.397619047619048,0.582725976784049,-23.2507664736835,0.231702947911753,0.641248721070666,76,0.800955522049946
"H2BC10",16,93,554.4375,583.47311827957,1.75520833333333,2.16666666666667,-29.0356182795699,-0.411458333333333,0.801247176315347,-23.2647071590757,-0.329679827754752,0.71164188250256,109,0.842333691953769
"OR5K3",4,99,410.5,433.747474747475,4.25,2.48316498316498,-23.2474747474748,1.76683501683502,1.00696881300723,-23.4094820518801,1.77914775968196,0.900517618871364,103,0.94929710054118
"SULT1A3",5,86,641.8,670.546511627907,3.9,1.90503875968992,-28.746511627907,1.99496124031008,0.816852871486416,-23.4816705684735,1.62958981765139,0.897353575701512,91,0.948251475289677
"TLE2",5,59,961.4,991.491525423729,1.5,1.12994350282486,-30.0915254237289,0.370056497175141,0.788363704532686,-23.7230664580904,0.291739110999384,0.887113473542755,64,0.943798040542292
"FRG2",4,29,729.75,770.344827586207,4.125,2.09770114942529,-40.5948275862069,2.02729885057471,0.58665773775398,-23.815269716237,1.1893305574294,0.865229577179772,33,0.928737083015563
"SPDYE17",16,99,386,412.888888888889,4.63541666666667,5.38888888888889,-26.8888888888889,-0.753472222222223,0.888029607249571,-23.8781294393774,-0.669105641573462,0.705247356289213,115,0.838195992129454
"NXF3",17,306,340.764705882353,364.761437908497,4.27450980392157,2.90686274509804,-23.9967320261438,1.36764705882353,1.00588622938238,-24.1379822952773,1.37569734312591,0.702208169486058,323,0.836046430996469
"RESP18",3,37,746.666666666667,772.189189189189,1.33333333333333,1.2972972972973,-25.5225225225225,0.0360360360360359,0.94795932941148,-24.1943133353399,0.0341606965553685,0.909034608698164,40,0.954665518096679
"GTSF1L",3,29,934.666666666667,999.620689655172,1,1.01724137931034,-64.9540229885058,-0.0172413793103448,0.373622057169635,-24.2682556904093,-0.00644175960637298,0.486247747969977,32,0.702002080059231
"ZNF763",15,170,271.666666666667,298.029411764706,5.38333333333333,6.20196078431373,-26.3627450980392,-0.818627450980395,0.923618948412218,-24.3491309047103,-0.756099825415887,0.704857077931042,185,0.838195992129454
"PIP4K2A",6,32,968.166666666667,990.25,1,0.9375,-22.0833333333334,0.0625,1.10279596280309,-24.353410845235,0.0689247476751932,0.909009462134199,38,0.954665518096679
"IGHV1-18",16,149,163.9375,188.409395973154,9.45833333333333,12.8948545861298,-24.4718959731544,-3.43652125279642,0.995697439838918,-24.3666041684741,-3.42173541336143,0.437505283464939,165,0.669579131645307
"MBD3L2B",5,90,673.8,705.2,2.6,1.25925925925926,-31.4000000000001,1.34074074074074,0.7954965373174,-24.9785912717664,1.06655461669963,0.737929622286537,95,0.858447385926347
"SPANXN4",17,243,150.529411764706,179.621399176955,8,8.70781893004115,-29.0919874122488,-0.70781893004115,0.858682260511091,-24.98077351391,-0.607791558880276,0.158544094113476,260,0.458756118810607
"ZNF417",18,245,265.555555555556,293.502040816327,4.92592592592593,4.86734693877551,-27.946485260771,0.0585789871504172,0.894474442022228,-24.9974168101106,0.0523974068455967,0.62435488680234,263,0.789532318880428
"LTF",18,153,687.944444444444,718.888888888889,1.01388888888889,1.12527233115468,-30.9444444444445,-0.111383442265795,0.812074662942418,-25.1291992921626,-0.0904516713353621,0.738910452445321,171,0.858838326925975
"LYZL2",5,39,1047.8,1133.87179487179,1,1.03846153846154,-86.071794871795,-0.0384615384615385,0.294412562720961,-25.340617706198,-0.0113235601046524,0.438169276281195,44,0.670338601845197
"KRTAP10-4",4,43,720.25,759.162790697674,2,1.74806201550388,-38.9127906976744,0.251937984496124,0.656550632786272,-25.5482173560379,0.165410043143828,0.650939430875967,47,0.806021039242217
"IGLJ5",7,148,408.285714285714,434.432432432432,2.42857142857143,3.0990990990991,-26.1467181467182,-0.670527670527671,0.979329012827269,-25.6062396712983,-0.656667201651232,0.765288484163137,155,0.872992515762459
"IPO7",3,44,1027.66666666667,1113.79545454545,1,0.965909090909091,-86.1287878787878,0.0340909090909091,0.297329353560498,-25.6086168229492,0.0101362279622897,0.646752945919291,47,0.804114739232572
"H4C2",7,66,742,783.863636363636,1.64285714285714,1.5479797979798,-41.8636363636364,0.0948773448773446,0.614298390882559,-25.7167644546744,0.0582830002893624,0.709385393521845,73,0.840908938746156
"ZNF160",18,191,191.611111111111,220.465968586387,6.88425925925926,8.95462478184992,-28.8548574752763,-2.07036552259066,0.891740850679239,-25.7310551512311,-1.84622951233196,0.499866590919045,209,0.710722537843542
"GGT1",5,10,724.6,811,6.8,1.9,-86.4,4.9,0.298200991501298,-25.7645656657121,1.46118485835636,0.68944526226146,15,0.829326691148945
"SPDYE13",16,94,429.6875,458.085106382979,3.61458333333333,3.70567375886525,-28.3976063829787,-0.0910904255319149,0.90917745035953,-25.8184633675901,-0.082817360837271,0.673509826661193,110,0.817292823364144
"SIGLEC9",14,262,350.857142857143,376.232824427481,3.94047619047619,2.97709923664122,-25.3756815703381,0.96337695383497,1.01956670583953,-25.8722000671024,0.98222706730324,0.543289772517708,276,0.737182179431288
"SPANXN3",16,199,188.8125,220.608040201005,6.36458333333333,6.3752093802345,-31.795540201005,-0.0106260469011703,0.820373654275246,-26.084223504354,-0.00871732892681324,0.162123562983835,215,0.461622494922968
"SPDYE14",16,89,427,456.483146067416,3.73958333333333,3.72097378277154,-29.4831460674157,0.0186095505617971,0.887110894523772,-26.1548200812402,0.0165087350455612,0.664664871060275,105,0.811984354862996
"ZNF627",14,176,205.285714285714,236.556818181818,5.86309523809524,11.21875,-31.2711038961039,-5.35565476190476,0.836449754462384,-26.1567071756638,-4.47973611058054,0.478769522160287,190,0.697384432819782
"CEACAM6",11,247,250.454545454545,276.275303643725,7.81818181818182,6.95344129554656,-25.8207581891792,0.864740522635257,1.02006173949361,-26.3387675134981,0.882088721729937,0.61825261096747,258,0.787296823908863
"SLC2A7",2,7,1167.5,1300.57142857143,1.25,0.833333333333333,-133.071428571429,0.416666666666667,0.198160818514914,-26.3695432066632,0.0825670077145473,0.828813088785331,9,0.91037303540027
"GTF2IRD1",4,50,866.75,898.92,1.625,1.30666666666667,-32.17,0.318333333333333,0.824585108649783,-26.5269029452635,0.262492926253514,0.89321011865166,54,0.946253349451758
"ORM2",5,34,377.8,403.823529411765,2.8,2.36764705882353,-26.0235294117647,0.43235294117647,1.02080846010523,-26.5650389853267,0.44134954010432,0.648180386927076,39,0.804387834211365
"ZNF776",16,209,238.8125,272.200956937799,5.61458333333333,4.70095693779904,-33.388456937799,0.91362639553429,0.79810300896199,-26.6474279466553,0.729167975343014,0.46302099646265,225,0.68679729096687
"ZNF814",13,122,443,478.754098360656,2.48717948717949,2.72950819672131,-35.7540983606557,-0.242328709541824,0.749331606548428,-26.7916759652807,-0.181584561233782,0.590306445573265,135,0.766861039177753
"SERF1B",4,61,750.25,785.393442622951,2,1.43715846994536,-35.1434426229508,0.562841530054645,0.764422373450077,-26.8644338210427,0.430248658280645,0.841570722797311,65,0.916326051307372
"ZNF772",19,306,107.105263157895,135.12091503268,14.7236842105263,11.1072984749455,-28.015651874785,3.61638573558078,0.970044504364616,-27.1764291373274,3.50805510846273,0.356663747048441,325,0.615403628093497
"ZNF722P",16,296,65.25,92.6114864864865,19.0416666666667,17.3507882882883,-27.3614864864865,1.69087837837839,1.00013103168976,-27.3650717082952,1.69109993702949,0.154458459825002,312,0.454503685906265
"GOLGA6L22",3,32,328.666666666667,402.75,8.33333333333333,8.265625,-74.0833333333333,0.0677083333333339,0.3705490222427,-27.4515067311467,0.0250892567143497,0.740266120947556,35,0.859256196995477
"ZNF765",19,205,174.315789473684,204.517073170732,6.69298245614035,9.8219512195122,-30.2012836970475,-3.12896876337185,0.921468631687521,-27.829535563525,-2.88324656497725,0.294847336672029,224,0.57634725970316
"TMSB4Y",8,90,649.375,688.944444444444,1.76041666666667,1.50925925925926,-39.5694444444445,0.251157407407407,0.704275548124202,-27.8677921750813,0.176884020767305,0.655344187015003,98,0.807284797197045
"PTPRU",10,93,667.2,698.268817204301,0.883333333333333,1.1326164874552,-31.068817204301,-0.249283154121864,0.896985433290431,-27.8682764618211,-0.223603358012005,0.809110201136621,103,0.897450767782493
"ZNF665",17,190,222.117647058824,254.863157894737,6.30392156862745,7.05087719298246,-32.7455108359133,-0.746955624355006,0.854636615858858,-27.9855125653745,-0.638375626995502,0.53067979845061,207,0.728268605204227
"TMEM185A",3,36,883.666666666667,913.416666666667,1.16666666666667,0.921296296296296,-29.75,0.24537037037037,0.941647092558914,-28.0140010036277,0.231052295859363,0.828574704470377,39,0.91037303540027
"TBC1D26",5,42,375.2,423.119047619048,6.7,6.44047619047619,-47.9190476190476,0.25952380952381,0.587425719962116,-28.148881047518,0.152450960656835,0.58460635620879,47,0.763676691536555
"NANOS3",3,7,992,1038.57142857143,1,0.904761904761905,-46.5714285714287,0.0952380952380952,0.60646601670014,-28.2439887777494,0.0577586682571562,0.750395452220985,10,0.864300151745127
"SSU72P7",3,34,692,734.382352941176,3.16666666666667,2.11274509803922,-42.3823529411765,1.05392156862745,0.669163398073736,-28.360719312478,0.705245738165947,0.825997793067658,37,0.908788898590415
"MADCAM1",7,140,436.142857142857,464.592857142857,2.42857142857143,2.90238095238095,-28.45,-0.473809523809525,0.998912773610696,-28.4190684092243,-0.473294385591735,0.556508988006915,147,0.746877971831654
"MIA3",3,42,562,594.5,1.33333333333333,1.50793650793651,-32.5,-0.174603174603175,0.875953648513304,-28.4684935766824,-0.152944287835656,0.877137402045534,45,0.935925516308132
"ANHX",9,56,768.777777777778,806.553571428571,3.94444444444444,1.44642857142857,-37.7757936507936,2.49801587301587,0.765791491353135,-28.9283813568895,1.91295930082063,0.849431628511105,65,0.921620631965891
"MAGEA1",19,275,135.526315789474,166.461818181818,9.89473684210526,9.97333333333333,-30.9355023923445,-0.0785964912280708,0.93523964223247,-28.932108189698,-0.0735065543368684,0.315175937412635,294,0.587732634155628
"SLPI",9,130,433.111111111111,468.369230769231,1.08333333333333,1.31538461538462,-35.2581196581197,-0.232051282051282,0.823732780593845,-29.0432689444935,-0.19114824780447,0.695711923404907,139,0.833352771560554
"ST8SIA4",3,35,691.666666666667,724.685714285714,0.777777777777778,0.971428571428571,-33.0190476190477,-0.193650793650794,0.883831637666226,-29.183278931322,-0.171154698087745,0.892269072626882,38,0.945820565204062
"OR4Q2",2,104,535,563.980769230769,1.5,1.99358974358974,-28.9807692307693,-0.493589743589743,1.00739895070145,-29.1951965135978,-0.497241789769305,0.752951734879926,106,0.865200530008964
"TBC1D28",5,41,336,386,7.4,6.64227642276423,-50,0.757723577235772,0.584162031906487,-29.2081015953243,0.442633344501501,0.526312166236809,46,0.725972874105036
"ZNF730",5,120,180.4,220.758333333333,11.8,11.3972222222222,-40.3583333333333,0.402777777777779,0.730988799619704,-29.5014896379852,0.29442604429127,0.367946875858184,125,0.625976264889236
"PTMA",16,261,324.25,352.551724137931,4.88020833333333,3.84035759897829,-28.301724137931,1.03985073435504,1.04250601371416,-29.5047176122724,1.08405064393022,0.57908811747549,277,0.760445651472908
"KRTAP5-8",2,6,1078,1170.16666666667,1,1.25,-92.1666666666667,-0.25,0.321824814269031,-29.6615203817957,-0.0804562035672578,0.605043773272213,8,0.777295851664273
"IFNA14",10,142,344.6,379.718309859155,4.95,4.73356807511737,-35.1183098591549,0.216431924882629,0.851690600418507,-29.9099344096268,0.18433303605302,0.584268711464453,152,0.763485209618036
"CDRT15L2",3,22,463,579.090909090909,5.83333333333333,3.75,-116.090909090909,2.08333333333333,0.259087964006746,-30.0777572760558,0.53976659168072,0.50113834509275,25,0.710722537843542
"CA5A",6,55,812,865.272727272727,2.16666666666667,1.4969696969697,-53.2727272727273,0.66969696969697,0.570832030087083,-30.4097790573664,0.382284480755289,0.648534550208765,61,0.804577479861604
"ZNF85",8,181,158,195.160220994475,14.3125,11.5690607734807,-37.1602209944751,2.74343922651934,0.820424398407342,-30.4871519540762,2.25078447698423,0.645520802191843,189,0.80333264576724
"PDS5A",3,29,1027.66666666667,1122.62068965517,1,1,-94.9540229885056,0,0.321437433652838,-30.5217774644378,0,0.620991005988793,32,0.787797279948974
"CAPZA2",6,57,984.166666666667,1063.52631578947,1,0.973684210526316,-79.3596491228071,0.0263157894736842,0.384902531491398,-30.5457298456376,0.0101290139866157,0.632756108990043,63,0.794773399993651
"ZNF780A",16,169,355.25,388.650887573964,3.6875,3.52465483234714,-33.4008875739645,0.162845167652859,0.91790035156927,-30.6586864468677,0.149475636639916,0.669009555935761,185,0.814969498560063
"PNMA6F",2,17,958,1006,1,0.980392156862745,-48,0.0196078431372549,0.643800787737751,-30.902437811412,0.012623544857603,0.808761156473872,19,0.897450767782493
"ZNF778",7,85,370.285714285714,420.341176470588,5.42857142857143,5.9843137254902,-50.0554621848739,-0.555742296918767,0.620086167440353,-31.038699705674,-0.344608110980857,0.574184985400076,92,0.759074892482254
"CFAP47",2,106,718.5,749.264150943396,1,1.2877358490566,-30.7641509433962,-0.287735849056604,1.00922435969151,-31.0479305373019,-0.290390028024443,0.943051952197346,108,0.972750542328497
"CLEC10A",3,187,483,513.700534759358,1.33333333333333,1.23529411764706,-30.7005347593583,0.0980392156862742,1.02360185099259,-31.4251242061415,0.100353122646332,0.675887205259728,190,0.818686047959343
"RHOXF2",15,215,471.066666666667,504.348837209302,2.58888888888889,1.97751937984496,-33.2821705426356,0.611369509043928,0.951587021087165,-31.6708815219816,0.581771289894634,0.613559405503372,230,0.782567310689906
"CHRNA3",7,70,679.285714285714,732.542857142857,1.96428571428571,1.94761904761905,-53.2571428571428,0.0166666666666668,0.597686415771796,-31.8310708285322,0.00996144026286337,0.544909200293111,77,0.737870946923508
"ADGRG1",2,12,844.5,872.666666666667,0.75,1.125,-28.1666666666666,-0.375,1.14694294741434,-32.305559685504,-0.430103605280379,0.970691868493638,14,0.984559211375236
"SPANXB1",18,204,181.444444444444,221.142156862745,6.45833333333333,5.91503267973856,-39.6977124183007,0.543300653594772,0.817539957054421,-32.4544661056163,0.444169993007509,0.0810983028127953,222,0.354187201461706
"FCN2",10,60,751.9,794.716666666667,1.15,1.375,-42.8166666666667,-0.225,0.759657692994463,-32.526010221713,-0.170922980923754,0.782332072986682,70,0.8843561424766
"OR7E24",12,256,206.666666666667,239.46484375,11.4583333333333,7.55989583333333,-32.7981770833333,3.8984375,0.996329384983924,-32.6777876020314,3.88412783677327,0.557596232600017,268,0.747452044773455
"KRTAP4-5",2,37,731.5,765.189189189189,1,1.18918918918919,-33.6891891891892,-0.189189189189189,0.971056734240172,-32.7141140332534,-0.1837134362076,0.800092911496077,39,0.893635488254784
"ZDHHC11",5,28,704,750.107142857143,2.8,1.69047619047619,-46.1071428571429,1.10952380952381,0.711821194504345,-32.820041503754,0.78978256342625,0.879055102213576,33,0.937721353028684
"CNTNAP3B",13,224,541.923076923077,577.464285714286,1.56410256410256,1.390625,-35.5412087912088,0.173477564102564,0.92722816520933,-32.9548098167942,0.160853283467805,0.647025079737434,237,0.804152842757825
"ZDHHC11B",5,25,757.8,798.68,2.1,1.01333333333333,-40.88,1.08666666666667,0.806628600186787,-32.9749771756358,0.876536412202975,0.895300528626402,30,0.946961596715485
"SPDYE1",15,91,347.733333333333,385.626373626374,7.20555555555555,5.2051282051282,-37.8930402930403,2.00042735042735,0.872823716119323,-33.0739442436306,1.74602043382673,0.629623890833333,106,0.793272665291576
"PRAMEF10",7,88,367.428571428571,406.977272727273,3.91666666666667,3.75757575757576,-39.5487012987013,0.159090909090909,0.840598031148246,-33.2445604461584,0.133731504955403,0.612317769126714,95,0.781732206207779
"CFH",5,112,439.8,473.303571428571,1.93333333333333,2.02827380952381,-33.5035714285714,-0.094940476190476,0.994650005278199,-33.3243274982671,-0.0944325451439717,0.781694481256777,117,0.883885440606135
"RPL41",12,39,720.333333333333,761.51282051282,0.958333333333333,1.15811965811966,-41.1794871794872,-0.199786324786325,0.811824844902704,-33.4305307926601,-0.16219150213334,0.834886644100493,51,0.913206541241766
"SSX2",14,230,381.642857142857,416.408695652174,5.48809523809524,3.63478260869565,-34.7658385093167,1.85331262939958,0.96516084259064,-33.5546259890222,1.78874477897518,0.643265402962443,244,0.801173973462772
"ZNF491",13,169,233.615384615385,271.662721893491,6.57692307692308,6.94970414201183,-38.0473372781065,-0.372781065088757,0.883499920709332,-33.6148194684083,-0.329352041447857,0.459935768232139,182,0.68423015147973
"H4C15",7,65,655.285714285714,713.261538461538,2.42857142857143,1.66666666666667,-57.9758241758241,0.761904761904761,0.581016913552065,-33.6849344232745,0.442679553182526,0.453318218531079,72,0.67972217682934
"BTF3L4",5,65,851,913.061538461538,1.6,1.38717948717949,-62.0615384615385,0.212820512820513,0.544200168719279,-33.7738997017473,0.115816958983847,0.533984205931834,70,0.73019839398828
"ZNF17",15,153,318.6,362.673202614379,4.54444444444444,3.49346405228758,-44.0732026143791,1.05098039215686,0.7695106130504,-33.9147971628853,0.808740565872577,0.553224299974863,168,0.744297520932342
"TAS2R19",2,42,437.5,483.952380952381,4,3.71428571428571,-46.452380952381,0.285714285714286,0.739351099186628,-34.3446189169789,0.21124317119618,0.7374447285106,44,0.858133120305287
"NXF1",18,319,273.444444444444,307.407523510972,4.43055555555556,3.46394984326019,-33.9630790665273,0.966605712295369,1.01955223944311,-34.6271333206614,0.985505018629249,0.354764467387259,337,0.615271646121072
"SLX1A",3,21,747.666666666667,789.238095238095,2.66666666666667,1.14285714285714,-41.5714285714286,1.52380952380952,0.835011751899476,-34.7126314003925,1.2723988600373,0.65718154286336,24,0.807284797197045
"NXF2",19,308,278.473684210526,313.253246753247,4.21052631578947,3.36796536796537,-34.7795625427204,0.842560947824107,0.999208705293641,-34.7520416589909,0.841894233806309,0.341339527451502,327,0.605143190637179
"MTA1",3,45,1027.66666666667,1083.84444444444,1,0.962962962962963,-56.1777777777777,0.0370370370370371,0.624243881393444,-35.0686340480583,0.0231201437553128,0.768988756853963,48,0.874965567308781
"ZNF723",5,138,193.4,239.420289855072,11.6,9.70772946859903,-46.0202898550725,1.89227053140097,0.763629377696262,-35.1424453034306,1.4449933683267,0.441082250137253,143,0.67165854266837
"HMGB1",4,28,683.5,723.142857142857,0.875,1.125,-39.6428571428571,-0.25,0.89357168747431,-35.4237347534458,-0.223392921868578,0.87963315853725,32,0.938087563788324
"EIF3CL",2,5,658,704.2,3.25,0.9,-46.2,2.35,0.770990587142612,-35.6197651259887,1.81182787978514,0.787854943579105,7,0.8874459953615
"RPL39",6,70,531,599.371428571429,3.58333333333333,2.89285714285714,-68.3714285714286,0.690476190476191,0.521139976249077,-35.6310846618298,0.359834745505315,0.541962237382053,76,0.736792374131732
"ZNF234",15,178,378.133333333333,421.915730337079,2.85555555555556,3.12078651685393,-43.7823970037453,-0.265230961298377,0.815739076723618,-35.7150121085821,-0.216359259488056,0.581962934750297,193,0.762216941088885
"LCK",6,76,497.166666666667,559.368421052632,3.75,3.39473684210526,-62.2017543859649,0.355263157894737,0.576134883642695,-35.8366005255293,0.204679498136221,0.508686047880058,82,0.715532283506009
"CDC42BPA",7,132,471.428571428571,512.068181818182,0.892857142857143,1.31565656565657,-40.6396103896104,-0.422799422799423,0.884685938213619,-35.9532918461684,-0.374044704035484,0.655038886198456,139,0.807284797197045
"KHDC1L",7,41,812.285714285714,872.512195121951,1.64285714285714,1.58943089430894,-60.2264808362369,0.0534262485481998,0.602270524148041,-36.2726341808323,0.0321770547163878,0.735626878259069,48,0.857516045951937
"MS4A6A",11,168,506.727272727273,546.970238095238,3.40909090909091,1.56150793650794,-40.2429653679653,1.84758297258297,0.903061859357039,-36.3418871312357,1.66848171453719,0.687986388182938,179,0.828070363608139
"ZNF718",4,92,78.5,135.152173913043,21.625,19.2898550724638,-56.6521739130435,2.33514492753622,0.642096265645813,-36.3761493102823,1.49938783771277,0.380533390062094,96,0.634116524890796
"VPS33B",4,16,974.75,1034.0625,1,0.90625,-59.3125,0.09375,0.613726798070976,-36.4016707105847,0.057536887319154,0.632436870434773,20,0.794773399993651
"ZIK1",19,303,137.368421052632,175.254125412541,12.0745614035088,8.51760176017602,-37.8857043599097,3.55695964333276,0.967444688496722,-36.6523234529517,3.44116171413947,0.340550036719335,322,0.604548177134812
"SEPTIN10",17,250,506.235294117647,546.808,1.82352941176471,1.532,-40.5727058823529,0.291529411764705,0.909609474252238,-36.9053176666377,0.265177914964358,0.455649887351399,267,0.681022150587003
"DHRS4L2",5,52,696.6,741.923076923077,1.4,1.63782051282051,-45.3230769230769,-0.237820512820513,0.815122977568163,-36.9438814140893,-0.193852964537044,0.792489556365633,57,0.889797209114096
"TRPM6",4,65,971,1023.49230769231,1,1.03076923076923,-52.4923076923077,-0.0307692307692307,0.710126745126874,-37.2761916057368,-0.0218500536962114,0.857526903936539,69,0.926767989745497
"UGT2B4",9,209,296.777777777778,332.650717703349,7.22222222222222,4.86044657097289,-35.8729399255715,2.36177565124934,1.04451582604827,-37.4698534791382,2.46691204530538,0.479531270636493,218,0.697563508359456
"SPRR2E",18,193,350.722222222222,386.917098445596,5.69444444444444,4.17443868739206,-36.1948762233736,1.52000575705239,1.03555397053763,-37.4817477862325,1.57404799695565,0.705502930937735,211,0.838195992129454
"TBC1D3L",3,32,215,273.1875,13.5,7.80729166666667,-58.1875,5.69270833333333,0.645005969414188,-37.531284845288,3.67183085713389,0.655099175254602,35,0.807284797197045
"H2BC14",12,60,686.833333333333,741.833333333333,1.30555555555556,1.60833333333333,-55,-0.302777777777778,0.683798012785604,-37.6088907032082,-0.207038842760086,0.683701217604249,72,0.82415386592657
"KRTAP6-2",2,185,559.5,599.659459459459,2.5,1.27117117117117,-40.1594594594594,1.22882882882883,0.937105330113243,-37.6336435139261,1.15154204529231,0.524092637256749,187,0.724662345494107
"ZNF18",5,45,642.2,699.622222222222,1.4,3.08888888888889,-57.4222222222222,-1.68888888888889,0.655704380235525,-37.6520026339688,-1.10741184217555,0.484306817648219,50,0.700628624161438
"ETDB",16,224,454.1875,495.915178571429,2.09375,2.69122023809524,-41.7276785714286,-0.597470238095236,0.903995297460348,-37.7216252025083,-0.540110285610608,0.462182085239947,240,0.685807505614122
"ZNF625",13,140,244,290.942857142857,5.38461538461538,7.00119047619047,-46.9428571428571,-1.61657509157509,0.807405565185686,-37.9019241028595,-1.30523172547829,0.184380997897543,153,0.487615134082451
"OR52E4",5,57,799,844.701754385965,1.8,1.28947368421053,-45.7017543859649,0.510526315789474,0.830641872313022,-37.9617908311478,0.424064534812438,0.784900834077953,62,0.885256486868614
"CEACAM5",9,134,320.555555555556,363.365671641791,5.11111111111111,4.16417910447761,-42.8101160862355,0.946932006633499,0.887022350966572,-37.9735298159645,0.839949854729539,0.134350036519557,143,0.431561692871504
"CBX3",4,60,750.25,831,2.25,1.58888888888889,-80.75,0.661111111111111,0.473284281695601,-38.2177057469197,0.312893497343203,0.529732830844918,64,0.728268605204227
"BTN3A1",8,56,557.25,604,1.25,1.95535714285714,-46.75,-0.705357142857143,0.818560371242328,-38.2676973555788,-0.577377404715571,0.777204357377395,64,0.879925239145401
"SH3BP2",2,22,968,1011.36363636364,0.5,1.08333333333333,-43.3636363636364,-0.583333333333333,0.888059460852944,-38.509487529714,-0.518034685497551,0.943747919967987,24,0.972966121824581
"ZNF550",17,234,246,292.089743589744,4.52450980392157,5.46866096866097,-46.0897435897436,-0.944151164739399,0.841900385381883,-38.8029728903573,-0.794881229452854,0.31760515669668,251,0.588595122145947
"S100A7",10,91,493.9,541.758241758242,4.9,2.27106227106227,-47.8582417582418,2.62893772893773,0.816759146074624,-39.0886566710945,2.14720893457054,0.659095531993642,101,0.808393414931428
"ZNF404",13,110,565.923076923077,617.309090909091,1.65384615384615,1.59393939393939,-51.386013986014,0.0599067599067595,0.760915493753399,-39.1004142041869,0.0455839817936183,0.547315593618127,123,0.738626515399539
"ZNF705A",18,201,359.111111111111,408.029850746269,3.06944444444444,2.57462686567164,-48.9187396351576,0.494817578772803,0.801066802766889,-39.1871783549216,0.396381935780382,0.427853512156086,219,0.664995190422295
"NPIPB3",4,42,565.25,624.071428571429,5,3.96428571428571,-58.8214285714286,1.03571428571429,0.6670907708111,-39.2392321259243,0.690915441197211,0.794910321038284,46,0.891763515684723
"IL3",11,53,485,536.698113207547,0.946969696969697,0.968553459119497,-51.6981132075472,-0.0215837621497998,0.764112541559027,-39.5031766768252,-0.0164924233526891,0.508894582013033,64,0.715532283506009
"SERF1A",4,57,750.25,804.578947368421,2,1.38011695906433,-54.328947368421,0.619883040935673,0.7316398653205,-39.7492237356361,0.453531144584638,0.758521870353713,61,0.869243875518623
"SEPTIN3",7,83,498.571428571429,557.289156626506,3.14285714285714,3.08232931726908,-58.7177280550775,0.0605278255880668,0.682496641824678,-40.0746522131651,0.0413100377008054,0.449650266921402,90,0.678537049211836
"OR5AP2",3,96,547,587.989583333333,3.33333333333333,2.01041666666667,-40.9895833333334,1.32291666666667,0.98362387265365,-40.3183326967929,1.30125241486472,0.851780444901525,99,0.922916121970307
"MRPL52",4,18,844.25,890.777777777778,0.791666666666667,0.981481481481482,-46.5277777777778,-0.189814814814815,0.870899432105715,-40.5210152438076,-0.165309614427474,0.885803421480325,22,0.942655252259755
"NBPF3",8,65,310.25,368.892307692308,6.6875,6.05128205128205,-58.6423076923077,0.636217948717948,0.692228867192604,-40.5938982234063,0.440408429928628,0.364601137887727,73,0.622284831290513
"SPANXD",18,191,163,212.837696335079,6.9537037037037,6.33246073298429,-49.8376963350785,0.62124297071941,0.817387136450877,-40.7366918946382,0.507796012876575,0.0244622245193824,209,0.203224634468715
"MAGEB17",18,246,116.888888888889,164.967479674797,11.8703703703704,9.91056910569106,-48.0785907859079,1.95980126467931,0.848422240975073,-40.7909457375034,1.662738980845,0.156730213034439,264,0.456815413045674
"RDM1",7,91,519.714285714286,559.010989010989,2.61904761904762,2.11904761904762,-39.2967032967033,0.5,1.03924422283258,-40.8388718774649,0.51962211141629,0.783220442540093,98,0.884359347110909
"IFNA1",12,195,283.25,327.405128205128,5.375,4.75726495726496,-44.1551282051282,0.617735042735042,0.926009215448212,-40.888055627246,0.572028342277944,0.335009432004762,207,0.599289779469703
"FAM47B",3,15,971,1141.8,1.66666666666667,1.16666666666667,-170.8,0.5,0.239583967956278,-40.9209417269322,0.119791983978139,0.125129122649001,18,0.42188529350969
"VCX3B",16,182,239.625,285.516483516484,5.9375,5.68772893772894,-45.8914835164835,0.249771062271062,0.89301157662664,-40.9816260487904,0.223048450114392,0.252940868637347,198,0.540868283017005
"ZKSCAN7",9,88,670.222222222222,725.954545454545,1,1.14772727272727,-55.7323232323233,-0.147727272727273,0.738029442565774,-41.1320954480471,-0.109027076742671,0.705553989892786,97,0.838195992129454
"CFHR3",7,76,448.285714285714,497.184210526316,2.14285714285714,1.70614035087719,-48.8984962406015,0.43671679197995,0.848498663713542,-41.490308717752,0.370553614416252,0.536876493897106,83,0.731954442037815
"PPIC",2,2,1544,1664.5,0.5,0.666666666666667,-120.5,-0.166666666666667,0.34562345196475,-41.6476259617524,-0.0576039086607916,0.90661652228464,4,0.953295832852742
"SPATA31A6",10,172,401.6,447.959302325581,2.75,2.71511627906977,-46.3593023255814,0.0348837209302331,0.900185358845113,-41.7319651997626,0.0314018148434346,0.502545971712277,182,0.710857947951242
"MAGEA4",19,290,132.894736842105,175.831034482759,10.0482456140351,9.5632183908046,-42.9362976406534,0.485027223230487,0.980522802261617,-42.1000188813523,0.475580252095128,0.153280612452125,309,0.452370256542609
"TAF11L2",3,13,563.333333333333,707.307692307692,4.33333333333333,4.12820512820513,-143.974358974359,0.205128205128204,0.292642695170039,-42.1330444456351,0.0600292708041104,0.52615765200451,16,0.725972874105036
"ZNF649",15,196,282.6,331.005102040816,4.72777777777778,6.55867346938776,-48.4051020408163,-1.83089569160998,0.874212826136308,-42.3163610545184,-1.60059249692315,0.531230278313612,211,0.728268605204227
"ZNF586",18,232,210.277777777778,261.155172413793,6.50925925925926,5.10919540229885,-50.8773946360153,1.40006385696041,0.833314767592784,-42.3968842868374,1.16669388757802,0.216405678839539,250,0.5220343781675
"CEACAM21",11,272,248.818181818182,289.845588235294,5.84848484848485,6.36213235294118,-41.0274064171123,-0.513647504456327,1.03338790135616,-42.3972254154659,-0.530797116666951,0.0868783919551331,283,0.363144408214134
"ZNF14",9,73,397.555555555556,463.698630136986,3.7962962962963,4.57305936073059,-66.1430745814308,-0.776763064434298,0.642203994085724,-42.4773466773048,-0.498840342437973,0.56042445681164,82,0.750236559269451
"TCEAL4",18,269,394.555555555556,439.579925650558,2.77777777777778,2.1183395291202,-45.0243700950021,0.65943824865758,0.946795749471558,-42.6288822285823,0.624353330867965,0.493732214087084,287,0.707411034294346
"TMEM176B",4,23,593.5,644.913043478261,1,1.17391304347826,-51.4130434782609,-0.173913043478261,0.830180473485877,-42.6821047781326,-0.144379212780153,0.656022950872329,27,0.807284797197045
"IGHV1-46",11,129,231.727272727273,274.62015503876,8.13636363636364,11.1395348837209,-42.8928823114869,-3.00317124735729,0.995413309760154,-42.69614594683,-2.98939663110845,0.384319267105624,140,0.637500951163999
"SPDYE15",16,92,423.5,471.79347826087,3.80208333333333,3.61050724637681,-48.2934782608696,0.191576086956522,0.884682836412612,-42.7244113280569,0.169484075997525,0.485397547845043,108,0.701500398259961
"MAGEA2",19,281,61,108.024911032028,14.5394736842105,12.8179122182681,-47.0249110320285,1.72156146594243,0.909146140174209,-42.7525163568043,1.56515096183422,0.000318024604302759,300,0.0100624900762763
"MT1G",18,325,239.388888888889,278.421538461538,5.09722222222222,4.79333333333333,-39.0326495726496,0.303888888888888,1.09600694916239,-42.7800551758444,0.333064333995459,0.162067975780788,343,0.461622494922968
"ZFP37",6,87,537.5,595.298850574713,2.58333333333333,2.90038314176245,-57.7988505747127,-0.317049808429118,0.742574487143392,-42.9199518229948,-0.235433098893163,0.473872497515597,93,0.6952480644133
"ZNF83",18,201,149.388888888889,200.597014925373,7.68055555555556,10.5331674958541,-51.2081260364843,-2.85261194029851,0.841707688147203,-43.1022733805197,-2.40106540144977,0.0648228101761028,219,0.320174170184427
"SLIRP",6,78,604.166666666667,659.602564102564,2.91666666666667,2.22649572649573,-55.4358974358975,0.69017094017094,0.779264782694578,-43.1992425688635,0.53782590771442,0.553905299056665,84,0.744297520932342
"SSX1",9,178,363.222222222222,407.85393258427,5.44444444444444,4.20786516853932,-44.6317103620474,1.23657927590512,0.970818740315993,-43.3293008318311,1.20049433493507,0.594493083910696,187,0.770376684037424
"CBR1",5,162,367,410.191358024691,2.6,2.35288065843621,-43.1913580246913,0.247119341563785,1.01006566933015,-43.6261079524879,0.24960676314105,0.5969082464867,167,0.771111853085556
"H3C6",9,81,488.888888888889,543.098765432099,2.46296296296296,2.63374485596708,-54.2098765432098,-0.170781893004116,0.806932424020165,-43.7437070848462,-0.137809446900564,0.449316220896181,90,0.67830284046133
"ZNF347",18,196,226.222222222222,276.59693877551,6.93518518518519,6.6343537414966,-50.374716553288,0.300831443688586,0.87136508010378,-43.894768924661,0.262134015027441,0.342909615732508,214,0.606044592864707
"IGHV1-24",12,150,152.833333333333,196.266666666667,11.5416666666667,12.4766666666667,-43.4333333333333,-0.935000000000002,1.01275945767686,-43.9875191117647,-0.946930092927862,0.233169719612558,162,0.532761249789442
"PLGRKT",3,9,530,587.555555555556,1.33333333333333,1,-57.5555555555555,0.333333333333333,0.771066156371611,-44.3791410000549,0.25702205212387,0.761972599536374,12,0.871759768759441
"PSMC1",2,35,871.5,921.914285714286,1,1.27619047619048,-50.4142857142857,-0.276190476190476,0.883108390083135,-44.521278694334,-0.243906126784866,0.601555355933671,37,0.775924855490945
"UGT2B7",9,218,258.111111111111,301.307339449541,8,4.9717125382263,-43.1962283384302,3.0282874617737,1.03151968426564,-44.557759817124,3.1237381264344,0.35688430199072,227,0.615498347326247
"ADH1C",7,70,700.285714285714,748.385714285714,1.64285714285714,1.43333333333333,-48.0999999999999,0.209523809523809,0.926783280950215,-44.5782758137053,0.194183163627664,0.783957846555246,77,0.884442562065151
"PFKFB1",2,61,523.5,567.868852459016,2,1.14207650273224,-44.3688524590164,0.85792349726776,1.0061768946204,-44.6429141850837,0.863222800302745,0.681247049141152,63,0.822183805745287
"TUBB8B",6,45,432.666666666667,615.866666666667,7.16666666666667,3.66296296296296,-183.2,3.5037037037037,0.246060335316015,-45.078253429894,0.862122508181298,0.260603349501798,51,0.548956765740213
"CEACAM3",11,243,238.818181818182,282.218106995885,6.95454545454545,9.24074074074074,-43.399925177703,-2.28619528619529,1.03986942931633,-45.1302554269095,-2.37734458756158,0.312919146078867,254,0.586903529110474
"MAGEA6",19,266,80.8947368421053,132.913533834586,12.5614035087719,9.52067669172932,-52.0187969924812,3.04072681704261,0.875312951405503,-45.5327267240525,2.66158756464343,0.000100901606915821,285,0.00401216866572565
"ACTG2",2,41,940.5,1024.58536585366,1,1.16260162601626,-84.0853658536585,-0.16260162601626,0.541616988264067,-45.5420626107407,-0.088067802969767,0.610093834125082,43,0.780388912024273
"IGBP1",2,5,461,526.8,0.833333333333333,1,-65.8,-0.166666666666667,0.69465446538533,-45.7082638223547,-0.115775744230888,0.698151014969038,7,0.834829478860197
"CT47A2",5,84,482.4,533.904761904762,2.8,2.69246031746032,-51.504761904762,0.107539682539682,0.889728329039073,-45.8252457470792,0.0956811020514234,0.651856326981807,89,0.80610754339786
"P2RX4",6,73,566,647.575342465753,2.58333333333333,2.15753424657534,-81.5753424657535,0.425799086757991,0.561856215939748,-45.8336132317973,0.239237863636445,0.397079937836113,79,0.645537604391012
"HAS2",3,47,416.666666666667,545.489361702128,0.777777777777778,1.02127659574468,-128.822695035461,-0.243498817966903,0.355921404209963,-45.8507545111331,-0.0866664412142463,0.446613170723917,50,0.676433394635764
"CT47A6",6,76,482.166666666667,534.723684210526,2.5,2.77412280701754,-52.5570175438597,-0.274122807017544,0.872863004765553,-45.8750762548493,-0.239271657008101,0.578730923645177,82,0.760226420409641
"ANKRD36",3,17,606,677.882352941176,4.16666666666667,3.05882352941176,-71.8823529411765,1.1078431372549,0.63880662330129,-45.9189231573045,0.707697533657311,0.679641044855837,20,0.821241492362843
"GOLGA6L1",2,27,470.5,577.259259259259,5.5,4.20987654320988,-106.759259259259,1.29012345679012,0.431595792189669,-46.0768470735823,0.556811855355808,0.723100118343583,29,0.84761163769462
"SSU72P2",3,48,592.333333333333,663.5625,4,2.22222222222222,-71.2291666666666,1.77777777777778,0.652637730805335,-46.4868417004883,1.16024485476504,0.72811758224889,51,0.850747911890809
"SLC16A11",4,38,942.75,1050.05263157895,1,0.960526315789474,-107.302631578947,0.0394736842105263,0.433541912513086,-46.5201881124239,0.0171134965465692,0.55741194319582,42,0.747452044773455
"C19orf18",8,35,467.5,531.057142857143,0.864583333333333,1.01428571428571,-63.5571428571428,-0.149702380952381,0.732511198645642,-46.556318896778,-0.109658670511535,0.546620077828261,43,0.738626515399539
"ZNF585A",7,83,598.714285714286,659.036144578313,2.32142857142857,1.88955823293173,-60.3218588640276,0.431870338496844,0.7731435184198,-46.6374541997569,0.3338977530066,0.577302586812709,90,0.759598662134865
"ZNF813",19,203,189.684210526316,241.172413793103,6.18859649122807,7.60180623973728,-51.4882032667877,-1.41320974850921,0.908400053501266,-46.771886602234,-1.28375981115427,0.131570932632477,222,0.427445078698682
"ABCC6",6,60,395.5,483.216666666667,4.75,5.98055555555556,-87.7166666666666,-1.23055555555556,0.538154917956738,-47.2051555534385,-0.662229524041208,0.157965625790947,66,0.458077387997549
"SPDYE6",12,59,378.416666666667,445.101694915254,5.41666666666667,5.01977401129944,-66.6850282485876,0.396892655367231,0.707918496524852,-47.2075649384574,0.280967651869326,0.388439171459278,71,0.640401695781213
"MAGEA9",19,308,89.6315789473684,137.237012987013,13.0964912280702,11.5633116883117,-47.6054340396445,1.53317953975849,0.993399976593047,-47.2912370606847,1.52306051890902,0.0434219209138888,327,0.261140720101413
"SLC6A3",2,7,478.5,558.857142857143,0.625,1.57142857142857,-80.3571428571429,-0.946428571428571,0.589779534649551,-47.3929983200532,-0.558184202436182,0.65648868298693,9,0.807284797197045
"TAAR6",2,7,571.5,616,1.5,1.14285714285714,-44.5,0.357142857142857,1.06914608404583,-47.5770007400393,0.381837887159224,0.889894248493202,9,0.94491444093764
"ELK1",2,30,621,687.3,1,0.983333333333333,-66.3,0.0166666666666667,0.723226164454863,-47.9498947033574,0.0120537694075811,0.861450076953663,32,0.928108521840614
"OR11L1",2,20,668,719.8,2,1.14166666666667,-51.8,0.858333333333333,0.925788232003636,-47.9558304177883,0.794634899136455,0.796005634872956,22,0.891798687334556
"ZNF569",11,107,511.909090909091,573.224299065421,1.62121212121212,3.22585669781931,-61.3152081563297,-1.60464457660719,0.782163710038664,-47.9585306933478,-1.2550947553325,0.388952681596848,118,0.640401695781213
"KRTAP5-7",4,10,886.5,969.1,2,1.01666666666667,-82.6,0.983333333333333,0.587697613090592,-48.5438228412829,0.577902652872415,0.749699411354912,14,0.864300151745127
"TPM3",6,92,518.5,581.195652173913,3.41666666666667,2.46920289855072,-62.695652173913,0.947463768115942,0.776340170706166,-48.67315331123,0.735554183477038,0.417599950546158,98,0.658177057896659
"FRG2C",4,23,740.25,841.04347826087,4,2.28985507246377,-100.79347826087,1.71014492753623,0.484063939306903,-48.7904881434012,0.827819490408906,0.687411262325542,27,0.827627419178326
"ZNF273",7,140,117,181.064285714286,13.7142857142857,11.4428571428572,-64.0642857142857,2.27142857142856,0.763026662982757,-48.8827581449453,1.73316056306083,0.0412929556549289,147,0.257019705291426
"OR6C2",2,95,402.5,447.126315789474,4,2.92280701754386,-44.6263157894737,1.07719298245614,1.09794171914864,-48.9970938771649,1.18269511501275,0.196974659948764,97,0.499869357098546
"PSG6",11,234,189.818181818182,237.24358974359,8.63636363636364,12.1559829059829,-47.4254079254079,-3.51961926961927,1.0333403100082,-49.0065857279062,-3.63696446717919,0.0859231954503084,245,0.361420093704666
"TUBB8",6,47,337.833333333333,534.297872340426,9,4.25531914893617,-196.464539007092,4.74468085106383,0.249863966528666,-49.089408998538,1.18552477735942,0.259759255360577,53,0.548045398321471
"FAM25C",6,33,660.833333333333,758.242424242424,2.33333333333333,1.83333333333333,-97.4090909090909,0.5,0.505624389473383,-49.2524121200664,0.252812194736692,0.237256836755277,39,0.53325581523633
"CT47A10",4,83,530.25,584.807228915663,3,2.61044176706827,-54.5572289156627,0.389558232931727,0.903403380136493,-49.2871850132901,0.351928224390522,0.675463617709732,87,0.818421048019432
"RGPD2",4,53,721,767.094339622642,2.375,0.893081761006289,-46.0943396226415,1.48191823899371,1.07360058881641,-49.4869101599716,1.59098829396143,0.643105934005819,57,0.801173973462772
"MCL1",8,64,468.75,512.734375,0.90625,1.76822916666667,-43.984375,-0.861979166666667,1.126517923796,-49.5491868044648,-0.971034981188742,0.589030199385859,72,0.765451927397039
"H2AC8",13,96,535.846153846154,599.802083333333,2.34615384615385,2.22569444444444,-63.9559294871796,0.120459401709402,0.777513343902773,-49.726588597987,0.0936587922276047,0.499812465500069,109,0.710722537843542
"RGPD1",4,73,639.25,685.232876712329,2.875,1.07077625570776,-45.9828767123288,1.80422374429224,1.08153993998029,-49.7323177195732,1.95134004011284,0.699604814636714,77,0.835322467413757
"KPNA1",3,29,946,1102.96551724138,1,0.988505747126437,-156.965517241379,0.0114942528735632,0.317001882255026,-49.7583644146509,0.00364369979603477,0.179985466335921,32,0.480430896876838
"RBBP4",5,64,997.8,1069.5,1,1.015625,-71.7,-0.015625,0.695677571871323,-49.8800819031739,-0.0108699620604894,0.748524031992055,69,0.863482110808387
"GPRASP2",2,33,648.5,707.636363636364,1,0.984848484848485,-59.1363636363636,0.0151515151515151,0.844490903665384,-49.9401211667575,0.0127953167222028,0.909547151904065,35,0.95476046434968
"NBPF4",8,101,247.625,310.732673267327,8.5625,5.76237623762376,-63.1076732673267,2.80012376237624,0.806933044237321,-50.9236669043382,2.25951239181552,0.360860709634347,109,0.619466288811342
"DUXB",2,27,731.5,825.703703703704,1,1.48148148148148,-94.2037037037037,-0.481481481481481,0.544800006710307,-51.3221784099135,-0.262311114342,0.469563083391863,29,0.691878348537568
"OR1F1",3,26,702,761.038461538462,1.16666666666667,2.15384615384615,-59.0384615384615,-0.987179487179487,0.872541133565346,-51.5134861547233,-0.861354708776047,0.837084309602932,29,0.914265456457273
"CCL3",19,303,390.842105263158,440.597359735974,2.41228070175439,2.12486248624863,-49.7552544728157,0.28741821550576,1.04075071983046,-51.7828169079305,0.299130714680006,0.304533635800611,322,0.583256020827026
"TF",16,122,678.125,745.352459016393,0.984375,1.07786885245902,-67.2274590163935,-0.0934938524590165,0.772051209037172,-51.9030410141035,-0.0721820418285267,0.525551021506731,138,0.725800357657044
"LETM2",5,66,978.2,1061.30303030303,1.8,0.962121212121212,-83.1030303030302,0.837878787878788,0.624889077879677,-51.9301759750674,0.523581303132517,0.670051337941852,71,0.814969498560063
"ANKRD30A",2,86,298.5,352.162790697674,8.75,4.87403100775194,-53.6627906976744,3.87596899224806,0.976730391753442,-52.4140785807225,3.78577671222264,0.572891893101282,88,0.758740363348117
"LINC00672",8,55,487.125,602.345454545455,0.9375,1.08181818181818,-115.220454545455,-0.144318181818182,0.455858477253686,-52.5242209575685,-0.065788666603657,0.518679064182976,63,0.721723249336132
"H2BC3",13,97,515.769230769231,581.59793814433,1.8974358974359,2.11512027491409,-65.8287073750992,-0.217684377478192,0.801169927198544,-52.7399806952824,-0.174402176856463,0.436502265806209,110,0.66872387827524
"IL10",5,26,450.6,522.038461538462,0.716666666666667,1.05769230769231,-71.4384615384615,-0.341025641025641,0.739150228861421,-52.8037551956617,-0.252069180611716,0.467407773255047,31,0.689210871559841
"SPDYE16",15,102,342.8,403.656862745098,5.67777777777778,5.45751633986928,-60.856862745098,0.220261437908497,0.867934708117614,-52.8197834036203,0.191172546820677,0.407470708594066,117,0.651934347186189
"NIPSNAP3B",2,19,415.5,474.315789473684,1,1.02631578947368,-58.8157894736842,-0.0263157894736843,0.898060084770803,-52.8201128805985,-0.0236331601255475,0.449953692337088,21,0.678537049211836
"ACSM4",3,35,814.333333333333,900.542857142857,1.33333333333333,1.19047619047619,-86.2095238095237,0.142857142857143,0.612745119250827,-52.8244649472236,0.0875350170358324,0.399048710014098,38,0.647158541078058
"KCTD13",2,50,871.5,971.84,1,0.986666666666667,-100.34,0.0133333333333333,0.52892227671773,-53.072061245857,0.00705229702290305,0.25079185910071,52,0.540833388540981
"MT1B",15,227,312.866666666667,365.171806167401,4.18333333333333,4.143906020558,-52.3051395007342,0.0394273127753326,1.01586466476913,-53.1349430046158,0.0400528138752608,0.201510751021824,242,0.502571037733386
"TBC1D3I",3,31,186.333333333333,268.709677419355,15,7.62365591397849,-82.3763440860215,7.37634408602151,0.64536757559003,-53.1630214687657,4.76045329951355,0.478366618916293,34,0.697384432819782
"CCNYL1",7,121,258.142857142857,320.528925619835,8.96428571428571,6.9793388429752,-62.3860684769775,1.98494687131051,0.853963325170761,-53.2754144809305,1.69507183051162,0.42606117777688,128,0.664017342588304
"ERO1A",7,57,710.571428571429,833.719298245614,2.19047619047619,1.57309941520468,-123.147869674185,0.617376775271512,0.434368726459662,-53.4915833165964,0.26816916362046,0.247146135904448,64,0.537613477993562
"MAGEB5",19,248,208.947368421053,265.08064516129,7.12719298245614,5.64516129032258,-56.1332767402377,1.48203169213356,0.958472550473809,-53.8022049236677,1.42048669584227,0.12531978062963,267,0.42188529350969
"ZNF732",6,130,114.666666666667,185.484615384615,15.75,16.0141025641026,-70.8179487179487,-0.264102564102554,0.759840247722194,-53.8103276970238,-0.200675757731751,0.319688293586269,136,0.589159263434654
"CROCC",5,27,793.8,937.888888888889,1.9,1.44444444444444,-144.088888888889,0.455555555555555,0.375960307172688,-54.1717029268379,0.171270806600891,0.292434718105148,32,0.575933530580666
"PAEP",5,77,476.6,551.896103896104,1,1.32034632034632,-75.2961038961039,-0.32034632034632,0.722993023796859,-54.4385578359666,-0.231608154809383,0.559510954234354,82,0.749644039332408
"RPS16",5,29,1064.2,1137.8275862069,0.85,0.931034482758621,-73.6275862068965,-0.0810344827586207,0.742679688562327,-54.6817127937338,-0.0601826644179817,0.807846399559193,34,0.897207952373134
"MAGEB16",19,290,125.368421052632,182.913793103448,10.5877192982456,8.00287356321839,-57.5453720508167,2.58484573502722,0.950262030534886,-54.6831820928945,2.45628075678641,0.055436772110286,309,0.294973823372441
"TMTC1",5,92,434.6,491.054347826087,1.46666666666667,1.66666666666667,-56.4543478260869,-0.2,0.973225011716774,-54.9427833245063,-0.194645002343355,0.580096478949286,97,0.760810347450205
"PVRIG",2,6,869,1055.16666666667,1.25,1,-186.166666666667,0.25,0.295184624092312,-54.9535375185189,0.0737961560230781,0.499514995663444,8,0.710722537843542
"CCT6B",5,49,890,958.387755102041,1.6,1.15986394557823,-68.3877551020408,0.440136054421769,0.804171994225232,-54.995517400995,0.353945088614779,0.726310187603798,54,0.849878626548983
"GOLGA8K",5,72,196.8,267.694444444444,11.1,9.75462962962963,-70.8944444444444,1.34537037037037,0.776228658620617,-55.0302995147649,1.04431503794052,0.0888799931358854,77,0.366905426209709
"ZNF737",6,134,148,221.373134328358,14,10.7512437810945,-73.3731343283582,3.24875621890546,0.750426363418508,-55.0611343666476,2.43795231498649,0.173507315101857,140,0.472773498345037
"ZBED9",4,4,593.5,674.25,1,0.875,-80.75,0.125,0.681939809721594,-55.0666396350187,0.0852424762151992,0.567170665286928,8,0.755723233906824
"POLR2K",15,153,501.466666666667,574.653594771242,1.61111111111111,1.5359477124183,-73.1869281045752,0.0751633986928104,0.752457164558234,-55.070028404296,0.0565572378589522,0.324611586270797,168,0.592304976592741
"ZNF133",7,84,707.428571428571,776.035714285714,0.976190476190476,1.34126984126984,-68.6071428571429,-0.365079365079365,0.803746431743939,-55.1427462635753,-0.293431236985882,0.80066170623189,91,0.893635488254784
"GBA",3,14,1135.66666666667,1201.92857142857,1,1.01190476190476,-66.2619047619046,-0.0119047619047619,0.833274407613661,-55.2143494378289,-0.00991993342397212,0.852794047787838,17,0.923513554189756
"AZGP1",2,61,800,875.295081967213,1.25,1.05191256830601,-75.2950819672132,0.198087431693989,0.73901650998023,-55.6443086940852,0.146389882441439,0.652528264326087,63,0.806527356711117
"FRMD8",2,21,1078,1129.2380952381,1,0.976190476190476,-51.2380952380952,0.0238095238095238,1.08719242210423,-55.7056688659121,0.0258855338596247,0.50225207682733,23,0.710722537843542
"ZNF304",18,259,129.722222222222,193.656370656371,10.3148148148148,7.11969111969112,-63.9341484341484,3.19512369512369,0.871998054513359,-55.7504530515457,2.7861416460774,0.0458320260384573,277,0.266974892200693
"CT47A12",5,81,505,564.901234567901,2.6,2.48353909465021,-59.9012345679013,0.116460905349794,0.931689096694082,-55.8093271254282,0.108505355705524,0.563347377159184,86,0.752636616224707
"SP110",14,78,620.928571428571,689.961538461538,1.73809523809524,1.52136752136752,-69.032967032967,0.216727716727716,0.810000246461169,-55.916720310649,0.175549503964417,0.426018598934286,92,0.664017342588304
"UBE2D3",13,158,555.076923076923,611.392405063291,1.63461538461538,1.41772151898734,-56.315481986368,0.216893865628043,0.993597419913461,-55.9549176028383,0.21550518528308,0.63819557672569,171,0.799911651720018
"SPDYE8",13,94,427,489.212765957447,3.58974358974359,3.55673758865248,-62.2127659574468,0.0330060010911075,0.901357960844917,-56.0759718619264,0.0297502218391258,0.457025430312379,107,0.682209047264949
"MAGEA9B",19,316,38.9473684210526,95.3417721518987,17.7456140350877,13.960970464135,-56.3944037308461,3.7846435709527,0.994864430149525,-56.1047863313104,3.76520726953492,2.64110691146809e-07,335,3.6392631786988e-05
"ESX1",13,209,445.538461538462,509.842105263158,2.44871794871795,1.8030303030303,-64.3036437246964,0.645687645687645,0.873252448418762,-56.1533143248389,0.563848317510482,0.45241913607989,222,0.67933525829182
"MBL2",14,175,654.142857142857,713.611428571429,1.21428571428571,1.08,-59.4685714285714,0.134285714285714,0.945088682265093,-56.2030738076161,0.126911908761312,0.501841379374395,189,0.710722537843542
"H4C11",11,54,574.272727272727,665.740740740741,2.16666666666667,2.20061728395062,-91.4680134680135,-0.033950617283951,0.614919222999519,-56.2454397710604,-0.0208768872006012,0.348750497599798,65,0.611238329368831
"ZNF671",18,228,169.722222222222,237.934210526316,9.52314814814815,5.66081871345029,-68.2119883040936,3.86232943469786,0.828116646632618,-56.4874830145293,3.19845929965244,0.0825449632662686,246,0.355441458202596
"CLEC4G",3,34,649.333333333333,708.176470588235,1.66666666666667,1.19117647058824,-58.8431372549019,0.475490196078432,0.972316929839641,-57.2141785578188,0.46232716761983,0.670699196804357,37,0.814969498560063
"MAGEC2",19,303,51.0526315789474,110.594059405941,16.1491228070175,12.4389438943894,-59.5414278269932,3.71017891262811,0.961729158308843,-57.2627272685609,3.56818724281705,1.69620996733442e-07,322,2.94698044759494e-05
"MAGEA10",19,321,60.1578947368421,117.283489096573,15.9736842105263,11.6863966770509,-57.1255943597311,4.28728753347543,1.00461159106236,-57.3890342401124,4.30705875034657,0.000165829735339425,340,0.00589191626786466
"IGHV2-26",10,102,284.8,336.490196078431,6.9,6.46732026143791,-51.6901960784314,0.432679738562091,1.11481085457978,-57.6247916635924,0.48235606910576,0.39603450844998,112,0.644624804792718
"ZNF551",17,255,216.294117647059,281.686274509804,7.4264705882353,5.6,-65.3921568627451,1.82647058823529,0.881430983723175,-57.6386731513096,1.60990776732968,0.355565668614435,272,0.615271646121072
"PPP2R3B",3,10,664.666666666667,750.2,2.44444444444444,1.15,-85.5333333333334,1.29444444444444,0.675406162418982,-57.7697404255703,0.874275754686794,0.642434491027835,13,0.801159554860876
"SLC16A13",5,38,918.2,1046.76315789474,1,0.986842105263158,-128.563157894737,0.0131578947368421,0.449967272797386,-57.8492135401144,0.00592062201049194,0.380269141182277,43,0.634116524890796
"TAF11L12",3,11,307.333333333333,642.545454545455,13.3333333333333,4.95454545454546,-335.212121212121,8.37878787878788,0.172823769408388,-57.9326223392602,1.44805370428543,0.226234553747892,14,0.529475488549335
"SIGLEC7",16,280,267.5625,324.982142857143,5.296875,3.71369047619048,-57.4196428571428,1.58318452380952,1.01244734417484,-58.1343649141819,1.60289096646966,0.128670967584933,296,0.424933211958176
"ZNF419",19,301,116.789473684211,176.604651162791,12.5,7.55426356589147,-59.8151774785802,4.94573643410853,0.972099744617745,-58.1463187511929,4.80774912454358,0.0835938152096789,320,0.35612034709795
"IFI27L1",12,126,509.416666666667,578.039682539683,1.52777777777778,1.77248677248677,-68.6230158730158,-0.244708994708995,0.848490733815045,-58.2259930946967,-0.207633314491777,0.477853558328508,138,0.697384432819782
"PLEKHM1",2,17,632,694.058823529412,1.5,1.03921568627451,-62.0588235294117,0.46078431372549,0.939411698587125,-58.2987848240833,0.432866174839165,0.800827998858954,19,0.893635488254784
"SEC14L2",6,76,733.333333333333,826.881578947368,2,1.54166666666667,-93.5482456140351,0.458333333333333,0.624731865964729,-58.4425700401829,0.286335438567167,0.263696669740151,82,0.551981085532553
"H4C13",10,66,610.6,689.227272727273,1.96666666666667,1.77272727272727,-78.6272727272727,0.193939393939394,0.74576177157926,-58.6372142035366,0.144632586003251,0.504918507958505,76,0.71270023235683
"SYCE1L",18,307,471.444444444444,530.309446254072,1.79166666666667,1.48099891422367,-58.8650018096272,0.310667752442996,1.00126033005493,-58.9391911405915,0.311059296348498,0.415003316056235,325,0.656253759778677
"COX7A2L",2,49,871.5,1008.5306122449,1,1.09183673469388,-137.030612244898,-0.0918367346938775,0.43023269806324,-58.9550500233801,-0.0395111661486649,0.136015901463207,51,0.432539684285808
"NDUFA4",5,69,426.8,553.782608695652,4.3,3.27294685990338,-126.982608695652,1.02705314009662,0.464512213717847,-58.9849726688845,0.477078727712146,0.0737930381885415,74,0.342438253801702
"CT47A7",3,82,492,556.646341463415,3.66666666666667,2.70121951219512,-64.6463414634146,0.965447154471546,0.916393439894009,-59.2414832302212,0.884729438922063,0.6230133067478,85,0.788584470625344
"H4C3",5,34,915.6,1040.79411764706,1.6,1.05392156862745,-125.194117647059,0.546078431372549,0.473821536516471,-59.3196691863532,0.258743721411445,0.362016538481926,39,0.620536252842179
"FAM90A8P",6,30,503.166666666667,586.3,8.41666666666667,3.22222222222222,-83.1333333333333,5.19444444444444,0.71367491124887,-59.3301742884894,3.70714467787608,0.702327066760973,36,0.836046430996469
"DUSP21",10,108,528.7,602.37962962963,1.025,1.04012345679012,-73.6796296296296,-0.0151234567901235,0.81582679718301,-60.1098162583712,-0.0123381213154221,0.380500738153242,118,0.634116524890796
"ADH1B",7,105,628.857142857143,694.161904761905,1.71428571428571,1.58095238095238,-65.3047619047619,0.133333333333333,0.92083949098352,-60.1352037111809,0.122778598797803,0.530422718193852,112,0.728268605204227
"TBC1D3H",4,30,172.75,272.366666666667,14.875,8.41666666666667,-99.6166666666667,6.45833333333333,0.60552801102904,-60.3206820320095,3.91070173789588,0.197026656952331,34,0.499869357098546
"PRAMEF5",11,156,278.818181818182,341.673076923077,5.60606060606061,5.5940170940171,-62.8548951048951,0.0120435120435101,0.963277076942696,-60.5466796281831,0.0116012390773965,0.402152125677216,167,0.649292886547941
"EDDM3A",4,42,685,759.095238095238,2.25,1.10714285714286,-74.0952380952381,1.14285714285714,0.819806237078752,-60.7437383283113,0.936921413804288,0.625611158757419,46,0.790170429538809
"ZNF658",9,52,693.555555555556,776.673076923077,1.55555555555556,1.30128205128205,-83.1175213675214,0.254273504273504,0.7317960706018,-60.8250755349132,0.1860763512855,0.721140314095288,61,0.846599258870847
"DEF8",4,29,898.5,964.344827586207,1.625,1.18390804597701,-65.8448275862069,0.441091954022989,0.926620422144294,-61.0131619339492,0.408724812641233,0.573422396724553,33,0.758740363348117
"PDE6A",5,37,958.2,1049.2972972973,1,0.918918918918919,-91.0972972972972,0.081081081081081,0.673069234662531,-61.3147881717169,0.0545731811888538,0.677140746069875,42,0.819459243275354
"KRTAP12-3",3,142,556,624.450704225352,1.52777777777778,1.54460093896714,-68.4507042253521,-0.0168231611893586,0.89627208577001,-61.3504554484823,-0.0150781297684315,0.501663468965387,145,0.710722537843542
"CFHR5",2,30,536,624.966666666667,2,1.1,-88.9666666666667,0.9,0.693857679198086,-61.7302048593231,0.624471911278277,0.700592476785215,32,0.835738885438318
"CT45A1",5,65,545,628.938461538462,3.5,2.23333333333333,-83.9384615384615,1.26666666666667,0.736143285667509,-61.7907348707989,0.932448161845511,0.434550806473885,70,0.6673050510669
"G3BP2",7,44,981.428571428571,1076.22727272727,1,0.950757575757576,-94.7987012987013,0.0492424242424242,0.655248407468094,-62.1166980560176,0.0322660200647167,0.566602824599189,51,0.755470432798918
"MUC2",8,148,573.375,643.452702702703,1.45833333333333,1.32995495495495,-70.0777027027027,0.128378378378378,0.887427411738759,-62.1888743300577,0.113926492047543,0.554002933522532,156,0.744297520932342
"GOLGA6L9",5,44,258.4,375.113636363636,9,6.87878787878788,-116.713636363636,2.12121212121212,0.533071306417483,-62.2166906130987,1.13075731664314,0.11579156553109,49,0.410381291125522
"PRR23C",2,44,413.5,548.954545454545,0.625,1.48106060606061,-135.454545454545,-0.856060606060606,0.459701165501063,-62.2686124178713,-0.393532058345607,0.565103767820177,46,0.754730834294594
"CT47A3",5,87,482.4,552.229885057471,2.8,2.63793103448276,-69.8298850574713,0.162068965517242,0.891897092882103,-62.28107147905,0.144548839191238,0.544510287865328,92,0.737619866175378
"VCX2",16,184,290.6875,366.190217391304,4.38020833333333,3.85960144927536,-75.5027173913044,0.52060688405797,0.834274740028075,-62.9900099230437,0.434329172854289,0.0581352150355967,200,0.301095387594004
"VDAC3",6,56,831.666666666667,988.821428571429,1.75,1.19047619047619,-157.154761904762,0.55952380952381,0.403525696237414,-63.4159847146441,0.225782234799505,0.204701987536536,62,0.505555712111247
"TEX28",2,7,915.5,1194.42857142857,1.25,1.07142857142857,-278.928571428571,0.178571428571429,0.227620404642815,-63.4898342950137,0.0406465008290741,0.324264958522204,9,0.592028090254003
"SIRPD",5,31,590,667.290322580645,1.4,1.15591397849462,-77.2903225806451,0.244086021505376,0.821600493767517,-63.5017671957087,0.200541195790566,0.595726622106913,36,0.770376684037424
"ZNF100",9,227,100.222222222222,171.779735682819,16.2222222222222,13.1637298091043,-71.5575134605972,3.05849241311796,0.888373635809951,-63.5698084025102,2.71708402513875,0.0810600083023615,236,0.354187201461706
"MAGEC3",19,304,100.210526315789,165.519736842105,11.609649122807,9.63651315789473,-65.3092105263158,1.97313596491228,0.973611358643517,-63.5857891924618,1.92106758758663,0.0052278869409791,323,0.0800407517860248
"IFNA17",10,139,312.8,381.10071942446,5.95,4.45563549160672,-68.3007194244604,1.49436450839328,0.931712002412504,-63.6366000611786,1.39231734844928,0.269395521497972,149,0.557169958881814
"SPDYE4",15,111,401.066666666667,469.306306306306,4.4,3.44444444444445,-68.2396396396396,0.955555555555555,0.936135121855359,-63.8815233694199,0.894529116439565,0.332397922540535,126,0.597777722084598
"TAS2R31",2,49,437.5,523.265306122449,4,3.3265306122449,-85.765306122449,0.673469387755102,0.745214699088796,-63.9135667942993,0.501879287141434,0.556876099746464,51,0.746987880022447
"H2AC14",15,59,616.466666666667,712.169491525424,1.3,1.90112994350282,-95.702824858757,-0.601129943502825,0.670549289306133,-64.1734611936288,-0.403087256396455,0.244107357772408,74,0.536046762025366
"GML",3,38,467,528.578947368421,1.33333333333333,1.18421052631579,-61.578947368421,0.149122807017544,1.04824380671671,-64.5497502030815,0.156317058896351,0.81202633511201,41,0.899389245284191
"MPV17L",3,27,757,1074.48148148148,3,1.5679012345679,-317.481481481482,1.4320987654321,0.20377448019146,-64.6946238593035,0.291825181508758,0.210548305805648,30,0.514902711137926
"SSX3",13,261,335.615384615385,402.23754789272,6.61538461538461,3.78033205619413,-66.6221632773357,2.83505255919049,0.97263873816208,-64.7992968236959,2.75748194379421,0.399913316420159,274,0.64767044506168
"RANBP2",2,5,812,955.6,2.5,2.1,-143.6,0.4,0.452083412359673,-64.9191780148491,0.180833364943869,0.837161487782072,7,0.914265456457273
"ZNF578",17,160,232.764705882353,309.5625,5.75490196078431,7.26458333333333,-76.7977941176471,-1.50968137254902,0.84607725574138,-64.9768668940503,-1.27730707273015,0.0881046433517851,177,0.3659731339228
"ZNF175",11,155,455.090909090909,529.735483870968,2.27272727272727,1.98387096774194,-74.6445747800587,0.288856304985337,0.872168010376094,-65.1026102712934,0.251931228803652,0.378237011378783,166,0.633075041415828
"RPP40",13,117,464.615384615385,550.179487179487,2.15384615384615,3.05555555555555,-85.5641025641025,-0.9017094017094,0.762901158484496,-65.27695297084,-0.687915147180463,0.331915072933669,130,0.597777722084598
"KRTAP12-4",2,50,530,627.28,1.5,1.14,-97.28,0.36,0.671984643381151,-65.3706661081184,0.241914471617214,0.640225015661896,52,0.800496695984496
"TMEM254",10,55,675.5,759.090909090909,1.63333333333333,1.28787878787879,-83.5909090909091,0.345454545454545,0.782194199842297,-65.3843242504538,0.270212541763703,0.500912715150275,65,0.710722537843542
"SLC14A2",2,6,575,665.666666666667,1,0.833333333333333,-90.6666666666666,0.166666666666667,0.721262053373563,-65.3944261725363,0.120210342228927,0.782827727939114,8,0.884359347110909
"RASL10B",7,43,992.428571428571,1142.81395348837,1,0.922480620155039,-150.385382059801,0.0775193798449613,0.435687942201976,-65.5210976468925,0.0337742590854245,0.33141010288229,50,0.59734540871341
"AP4S1",2,50,871.5,962.9,1,1.12666666666667,-91.4,-0.126666666666667,0.731455558753785,-66.855038070096,-0.0926510374421462,0.270284636501275,52,0.557360040718214
"TDG",2,16,854,919.1875,1,0.916666666666667,-65.1875,0.0833333333333334,1.02617589910404,-66.8938414228445,0.0855146582586699,0.922582010207147,18,0.961567495508368
"CHRNA6",6,69,556.833333333333,676.927536231884,2.625,2.23913043478261,-120.094202898551,0.385869565217392,0.557787924461914,-66.9870961746905,0.21523338389563,0.103061012998732,75,0.390732265600506
"TBC1D3C",3,29,162,269.413793103448,13.8333333333333,7.88505747126437,-107.413793103448,5.94827586206897,0.624398646885291,-67.0690270706097,3.7140953995763,0.0742913193859194,32,0.343213512385281
"GOLGA8M",5,69,185.8,274.782608695652,12.8,9.13526570048309,-88.9826086956522,3.66473429951691,0.754208106411164,-67.1114048078734,2.76397231653869,0.151533298945108,74,0.450931927311171
"DAZ3",4,33,620.75,712.545454545455,3.25,2.00505050505051,-91.7954545454545,1.24494949494949,0.732142868272015,-67.2073873852424,0.911480894086119,0.521739979401515,37,0.723330724403648
"ZNF431",8,161,179.75,259.409937888199,9.625,8.379917184265,-79.6599378881988,1.245082815735,0.848764496162976,-67.612527046051,1.05678208877849,0.0650604169644031,169,0.320174170184427
"FLYWCH2",4,60,551.5,629.116666666667,1,1.08333333333333,-77.6166666666667,-0.0833333333333333,0.873319004563032,-67.784110070834,-0.072776583713586,0.585134355062598,64,0.764011559536906
"SFXN2",3,6,913.666666666667,1000,0.833333333333333,0.805555555555556,-86.3333333333334,0.0277777777777778,0.785750165221185,-67.8364309307623,0.0218263934783663,0.826120573598029,9,0.908788898590415
"IGKV1D-33",10,249,90.4,147.710843373494,15.5,20.2369477911647,-57.310843373494,-4.73694779116466,1.18408249667848,-67.8607665084364,-5.60893696719789,0.00356866271553378,259,0.0617332303518311
"PSG9",8,136,275.75,344.933823529412,6.8125,5.72671568627451,-69.1838235294118,1.08578431372549,0.981953524861534,-67.9352993781042,1.06618973410211,0.138320832086796,144,0.434046199043617
"MAGEB1",18,285,192.944444444444,262.319298245614,8.66666666666667,5.91929824561404,-69.3748538011696,2.74736842105263,0.982503779015512,-68.1610560282978,2.69929985603209,0.135724657293243,303,0.432539684285808
"CXXC1",7,95,432,525.557894736842,0.964285714285714,1,-93.5578947368421,-0.0357142857142857,0.732616543379194,-68.5420614479398,-0.0261648765492569,0.319210224434126,102,0.589159263434654
"ZNF626",5,126,112.4,203.801587301587,16.5,12.1415343915344,-91.4015873015873,4.3584656084656,0.755674870999527,-69.069882693279,3.29358293643312,0.0744220575453414,131,0.343213512385281
"ZSCAN4",8,80,442.75,534.0125,1.125,1.2625,-91.2625,-0.1375,0.758207325383848,-69.1958960328435,-0.104253507240279,0.270450730468623,88,0.557360040718214
"H2AC12",13,74,675.384615384615,762.594594594595,1.2948717948718,1.18243243243243,-87.2099792099792,0.112439362439362,0.797337593737984,-69.5357949732245,0.0896521306888343,0.602101124100987,87,0.77598334964773
"PRR20G",4,45,624,803.555555555556,7.625,1.95555555555556,-179.555555555556,5.66944444444444,0.387617108273428,-69.5988052188732,2.19757366107241,0.545616268194368,49,0.738328008027326
"USP18",3,10,529.333333333333,653.6,2.66666666666667,2,-124.266666666667,0.666666666666667,0.560286285563361,-69.624909086007,0.373524190375574,0.246292138229866,13,0.536587458752049
"ZNF677",15,177,233.733333333333,320.960451977401,7.69444444444444,4.62429378531074,-87.2271186440678,3.07015065913371,0.79835859907202,-69.6385202417668,2.45108117916603,0.398061222726128,192,0.64686972184368
"NPIPB12",3,29,527.666666666667,639.689655172414,7.33333333333333,3.27586206896552,-112.022988505747,4.05747126436782,0.622209328657537,-69.701748472372,2.52459647144955,0.740180270614507,32,0.859256196995477
"MAGEB10",19,284,160.736842105263,233.549295774648,10.0043859649123,7.31631455399061,-72.8124536693847,2.68807141092167,0.960108080115373,-69.9078251010025,2.58083908155303,0.0695572116547009,303,0.333583083438719
"ADAMTS7",3,29,704.666666666667,885.48275862069,2.16666666666667,1.91954022988506,-180.816091954023,0.247126436781609,0.387159154256236,-70.0046052368374,0.095677262258725,0.0962098975984085,32,0.380271761427537
"ASNS",3,18,934.666666666667,998.666666666667,1,1.13888888888889,-64,-0.138888888888889,1.09710593982012,-70.2147801484875,-0.152375824975016,0.660917598474561,21,0.809209865006085
"FAM71B",4,7,453.75,549.285714285714,0.770833333333333,1.35714285714286,-95.5357142857143,-0.586309523809524,0.736084056471058,-70.3223161092886,-0.431573092633329,0.538389720970128,11,0.733623146927555
"AIDA",2,16,455.5,521.75,1,3.22916666666667,-66.25,-2.22916666666667,1.07456486093668,-71.189922037055,-2.39538416917135,0.434433846374921,18,0.6673050510669
"H3C10",7,68,593.142857142857,697.75,1.73809523809524,1.8578431372549,-104.607142857143,-0.119747899159664,0.681538022629457,-71.2937452957743,-0.081612746407309,0.169399052902498,75,0.469115907592104
"PTPN11",2,29,904.5,973.620689655172,1.5,0.919540229885057,-69.1206896551724,0.580459770114943,1.03247559113284,-71.3654249112341,0.599310544278261,0.429101977574663,31,0.665899612578
"HLA-DQB2",4,100,341.25,416.94,4,2.26666666666667,-75.69,1.73333333333333,0.944164200978718,-71.4637883720792,1.63655128169645,0.368999352034405,104,0.62667436767341
"ZNF132",17,191,267.117647058824,357.638743455497,5.35294117647059,3.58202443280977,-90.5210963966738,1.77091674366082,0.791415674554721,-71.6398145662065,1.40153126926457,0.22361037122908,208,0.527166397304662
"CTPS1",7,56,942.857142857143,1051.03571428571,1.42857142857143,0.973214285714286,-108.178571428571,0.455357142857143,0.66259177328408,-71.6782314741956,0.301715896763287,0.701526285454248,63,0.836046430996469
"TAF11L13",3,9,184.666666666667,598.888888888889,25.1666666666667,4.87037037037037,-414.222222222222,20.2962962962963,0.173507260234431,-71.8705629059952,3.52155476327659,0.125920524912319,12,0.422839006344223
"TP53TG3D",3,51,433.666666666667,564.137254901961,4,3.87254901960784,-130.470588235294,0.127450980392157,0.55222809156401,-72.0495239464102,0.0703820116699228,0.429999634691434,54,0.666214397611537
"TNNT3",3,42,688,799.238095238095,2.16666666666667,1.86111111111111,-111.238095238095,0.305555555555555,0.647778668415257,-72.0576652103828,0.197932370904662,0.660976226071036,45,0.809209865006085
"ZNF888",14,145,195.5,280.393103448276,6.2202380952381,8.22528735632184,-84.8931034482758,-2.00504926108374,0.85060323782806,-72.2103486623758,-1.70550139348259,0.0318128246882292,159,0.228516893759987
"TBC1D3F",3,33,149.666666666667,280.272727272727,14.8333333333333,7.72727272727273,-130.606060606061,7.10606060606061,0.554125413922929,-72.3721373941765,3.93764877469475,0.0927448902315478,36,0.375109900167272
"POLR2J",2,3,954.5,1054.66666666667,1.75,1,-100.166666666667,0.75,0.72325106386048,-72.4456482300248,0.54243829789536,0.707535059873556,5,0.839546015630162
"MAGEA8",19,296,116,189.793918918919,10.890350877193,8.56306306306306,-73.7939189189189,2.32728781412992,0.98220280502688,-72.4805941560883,2.28586861914329,0.01064756102486,315,0.126652954943581
"TXLNG",4,71,619.75,709.56338028169,0.833333333333333,0.953051643192488,-89.8133802816901,-0.119718309859155,0.807207822672436,-72.4980631440346,-0.0966375562354326,0.654128333491609,75,0.807284797197045
"CCL3L1",18,278,344.444444444444,414.212230215827,2.73611111111111,2.38609112709832,-69.7677857713829,0.350019984012792,1.04014003059361,-72.5682668266949,0.364069796879442,0.116967795295184,296,0.411446575703834
"RPS20",6,62,577.5,734.370967741935,3.16666666666667,1.86827956989247,-156.870967741935,1.29838709677419,0.463356781952439,-72.6872267946681,0.60161646688986,0.234184720947263,68,0.532761249789442
"TBC1D3",3,30,142.666666666667,261.866666666667,15.1666666666667,8.53888888888889,-119.2,6.62777777777778,0.616192636770531,-73.4501623030473,4.08398786481802,0.0920713322877385,33,0.373899434778255
"ZNF90",4,83,65.25,179.674698795181,21.375,14.9939759036145,-114.424698795181,6.38102409638554,0.643998146568186,-73.6892939457194,4.10936769127922,0.00111355286446306,87,0.0260067508357331
"OR2M5",4,24,729,822.75,1.75,1.33333333333333,-93.75,0.416666666666667,0.787058387523964,-73.7867238303717,0.327940994801652,0.560068520896102,28,0.75001133026167
"H2BC12",12,77,610.25,707.714285714286,1.36111111111111,1.56493506493507,-97.4642857142857,-0.203823953823954,0.757999239878881,-73.8778544867666,-0.154498402067665,0.373350953762116,89,0.628656664506201
"PLGLB1",5,39,815.2,925.897435897436,2,0.978632478632479,-110.697435897436,1.02136752136752,0.669304252736348,-74.0902646131631,0.683605625658065,0.306233194411732,44,0.583269215487255
"MYL12B",6,30,417.666666666667,513.533333333333,1,1.06666666666667,-95.8666666666666,-0.0666666666666667,0.774001225301336,-74.2009174655547,-0.0516000816867557,0.419677387592912,36,0.659641935447573
"UBE2D2",11,135,462.636363636364,533.888888888889,2.28030303030303,2.32469135802469,-71.2525252525253,-0.0443883277216606,1.04191348670196,-74.2389670221782,-0.0462487973053447,0.244129354637667,146,0.536046762025366
"MYL10",5,68,831,963.014705882353,1.7,1.30882352941176,-132.014705882353,0.391176470588235,0.565355539241063,-74.635245231868,0.221153784467828,0.212164503710788,73,0.516956924895311
"OR6C68",2,19,581.5,652.473684210526,2.5,1.1140350877193,-70.9736842105264,1.3859649122807,1.05177632019224,-74.6484404094332,1.45772507535415,0.621627898510041,21,0.787797279948974
"TP53TG3C",4,50,375.5,508.66,3.75,4.02666666666667,-133.16,-0.276666666666666,0.56378108095974,-75.073088740599,-0.155979432398861,0.31898910228003,54,0.589159263434654
"GTF2IRD2B",6,46,772,860.695652173913,1.58333333333333,1.23550724637681,-88.695652173913,0.347826086956522,0.847342929633245,-75.1556337587747,0.294727975524607,0.458570730010046,52,0.683887700106408
"TPM4",6,82,569,689.280487804878,3,2.05487804878049,-120.280487804878,0.945121951219512,0.631060346421113,-75.9042463018468,0.596428985946784,0.16816916321633,88,0.467930786493523
"MAGEC1",17,249,152.647058823529,237.136546184739,7.91176470588235,6.74832663989291,-84.4894873612095,1.16343806598945,0.900015574803208,-76.0418545322274,1.04711237970942,0.000237990456917057,266,0.00779516283475869
"ZNF254",7,163,131.428571428571,227.423312883436,16.5,11.6319018404908,-95.9947414548642,4.86809815950921,0.796669045280591,-76.4760390268038,3.8782631130684,0.114599701809709,170,0.407979656371561
"RPS15A",6,75,487.666666666667,609.413333333333,4,2.77111111111111,-121.746666666667,1.22888888888889,0.628813246663184,-76.555916737087,0.772741612010534,0.29946196644081,81,0.57973365763286
"ANXA4",3,49,963.333333333333,1109.16326530612,0.833333333333333,1.03061224489796,-145.829931972789,-0.197278911564626,0.527469626886028,-76.9208598065019,-0.104058633875475,0.689876780090772,52,0.829596031670997
"SPANXC",17,184,132.705882352941,227.967391304348,8.14705882352941,5.70833333333333,-95.2615089514066,2.43872549019608,0.807872043104665,-76.9591098658062,1.97017814433613,2.68545902334617e-05,201,0.00147001291195771
"RARRES2",2,9,1131.5,1298.22222222222,1,1.22222222222222,-166.722222222222,-0.222222222222222,0.464073051299174,-77.3712903860455,-0.10312734473315,0.625731829526078,11,0.790170429538809
"IL1RN",2,15,632,713.266666666667,1.5,1.46666666666667,-81.2666666666667,0.0333333333333334,0.952854821996,-77.4353352008749,0.0317618273998668,0.746749609960994,17,0.862214192340625
"KIF15",2,6,370.5,477.5,1,1.66666666666667,-107,-0.666666666666667,0.724294574048678,-77.4995194232086,-0.482863049365785,0.571095808464545,8,0.757668941110333
"UBA1",2,65,504,588.861538461538,0.666666666666667,1.2974358974359,-84.8615384615384,-0.630769230769231,0.914753338006306,-77.6273755760428,-0.576998259357824,0.721041261441456,67,0.846599258870847
"MAGEB3",19,284,147.526315789474,228.718309859155,9.86842105263158,7.18838028169014,-81.1919940696813,2.68004077094144,0.956644537797427,-77.6718776396417,2.56384636459554,0.0143839709268472,303,0.153685421988453
"OR10A5",3,60,465.333333333333,558.633333333333,1,1.3,-93.3,-0.3,0.833903790052142,-77.8032236118649,-0.250171137015643,0.656912684483596,63,0.807284797197045
"BOLA3",4,24,829.25,951.166666666667,2,1.15277777777778,-121.916666666667,0.847222222222222,0.63866494185662,-77.8639008280196,0.541091131295192,0.215244680475228,28,0.521418841510129
"C12orf45",5,70,719,821.928571428571,2.4,1.37380952380952,-102.928571428571,1.02619047619048,0.770045914032713,-79.2597258657957,0.79021378320976,0.395605926677051,75,0.644267667514788
"ZNF208",3,56,334.333333333333,464.321428571429,7.66666666666667,4.44047619047619,-129.988095238095,3.22619047619048,0.610090825670055,-79.3045443510873,1.96826921138792,0.125094326754749,59,0.42188529350969
"SIGLEC11",7,28,740.714285714286,844.392857142857,2.5,1.36309523809524,-103.678571428571,1.13690476190476,0.766398879885404,-79.459141010976,0.871322536060191,0.70084109236832,35,0.835738885438318
"H4C12",11,92,505.636363636364,606.25,2.04545454545455,1.95652173913043,-100.613636363636,0.0889328063241106,0.798076838865047,-80.2974128558083,0.0709752129425437,0.110313587306355,103,0.402162540743519
"ABCC1",6,79,524.333333333333,644.73417721519,3.75,2.69831223628692,-120.400843881857,1.05168776371308,0.667899116285903,-80.415617228769,0.702421327992664,0.234931966997831,85,0.532761249789442
"GTF2IRD2",18,226,480.111111111111,568.769911504425,1.96296296296296,1.49852507374631,-88.6588003933136,0.46443788921665,0.908495888954882,-80.5461556769969,0.421939913028209,0.0986293400458105,244,0.383079817132392
"SAGE1",4,26,399.25,584.807692307692,4.75,3.85897435897436,-185.557692307692,0.891025641025641,0.434159924602127,-80.5617137016523,0.386847625126254,0.0255114013412277,30,0.206649720343207
"IFNL3",16,224,434.75,516.928571428571,2.484375,1.71056547619048,-82.1785714285714,0.773809523809524,0.982459898086495,-80.737150910608,0.760236825900264,0.0815580042784271,240,0.354689379344657
"GBP5",4,112,428.75,498.696428571429,2.5,1.55952380952381,-69.9464285714286,0.94047619047619,1.15464683758909,-80.7634225506515,1.08591785916117,0.705630524094032,116,0.838195992129454
"MAGEA12",17,184,268.705882352941,365.108695652174,4.72058823529412,4.3106884057971,-96.4028132992328,0.409899829497016,0.837787181713571,-80.7650412632238,0.343408822939179,0.0457092605360519,201,0.266974892200693
"ZNF616",16,141,265.375,367.297872340426,4.546875,4.31796690307329,-101.922872340426,0.228908096926713,0.793089896931333,-80.8340003194135,0.181544698998354,0.056349045725055,157,0.296667703184874
"NOMO1",3,26,689.666666666667,771.884615384615,3.16666666666667,1.38461538461538,-82.2179487179487,1.78205128205128,0.983185140594276,-80.8354654696294,1.7520863402898,0.539752658257804,29,0.734622487192842
"SYF2",9,63,424.777777777778,546.603174603175,0.907407407407407,0.984126984126984,-121.825396825397,-0.0767195767195766,0.665522192133858,-81.0775051528153,-0.0510585808779944,0.140270230118132,72,0.437208929513773
"SPANXA1",18,178,153.722222222222,254.870786516854,7.24537037037037,5.47003745318352,-101.148564294632,1.77533291718685,0.80367911140986,-81.2909882726927,1.4267979813414,0.000378171408559056,196,0.0114482799136514
"MRPL57",5,41,400.8,640.073170731707,11,2.96747967479675,-239.273170731707,8.03252032520325,0.339909369221012,-81.3311925349262,2.7303289169948,0.248892718175063,46,0.538948041857232
"HEATR6",4,34,941,1033.32352941176,0.833333333333333,1.11274509803922,-92.3235294117646,-0.279411764705882,0.881528220162837,-81.3857965615042,-0.246309355633734,0.497700034314774,38,0.709818037640413
"NUTM2D",13,208,371.230769230769,458.432692307692,5.35897435897436,2.60416666666667,-87.2019230769231,2.75480769230769,0.934637191024929,-81.5021604365873,2.57474572335233,0.32023329014387,221,0.589701487287974
"OR5K2",2,5,731.5,824.8,1,0.766666666666667,-93.3,0.233333333333333,0.875024151607265,-81.6397533449578,0.204172302041695,0.830244308110464,7,0.910943507745583
"ZNF490",7,92,432.285714285714,529.95652173913,4.33333333333333,2.67572463768116,-97.6708074534161,1.65760869565217,0.837098112643921,-81.7600485796625,1.38758111063259,0.475640554694739,99,0.696659328633248
"OR8K5",3,81,460,528.728395061728,5,2.00205761316872,-68.7283950617284,2.99794238683128,1.1902844302571,-81.8063385585342,3.56840414585307,0.793998095090445,84,0.891240558421746
"POLR2J3",2,6,857,956.166666666667,2.25,0.916666666666667,-99.1666666666666,1.33333333333333,0.830058645839312,-82.3141490457318,1.10674486111908,0.517387007448119,8,0.721367724560633
"DENND5B",3,68,946,1057.94117647059,1,0.997549019607843,-111.941176470588,0.00245098039215685,0.73573286365899,-82.3588023260623,0.0018032668226936,0.300022323319508,71,0.57973365763286
"RPL26",4,57,688,885.122807017544,2.125,1.7953216374269,-197.122807017544,0.329678362573099,0.418278259865803,-82.4521846991607,0.137897291812483,0.166954928269825,61,0.467383336454143
"RPS10",6,54,418.5,667.481481481482,5,2.67592592592593,-248.981481481482,2.32407407407407,0.331492553239764,-82.5355070057154,0.770413248733156,0.045392434458986,60,0.266974892200693
"NUPR2",5,50,401,655.74,5.5,3.13333333333333,-254.74,2.36666666666667,0.324273484108784,-82.6054273418715,0.767447245724121,0.00200118339280664,55,0.0410915040665703
"SPDYE2B",15,103,303.8,395.533980582524,6.14444444444444,5.38349514563107,-91.7339805825243,0.760949298813375,0.901104682787819,-82.6619194736795,0.685694976524839,0.14740485282582,118,0.446198971792046
"RFPL1",4,42,487.5,653.142857142857,5,2.71031746031746,-165.642857142857,2.28968253968254,0.499115448407051,-82.6749089182823,1.14281592750345,0.373795854571255,46,0.628656664506201
"SPANXN1",12,118,320.5,424.64406779661,4.97222222222222,3.3502824858757,-104.14406779661,1.62193973634652,0.794588252835425,-82.7516528736825,1.28877426130793,0.0381251801848735,130,0.248935000030644
"FGF7",3,2,865.333333333333,1077.5,2.5,1,-212.166666666667,1.5,0.3905089152064,-82.8529748429579,0.5857633728096,0.417218276452973,5,0.658177057896659
"CDK2AP1",2,95,434.5,509.610526315789,0.833333333333333,1.38245614035088,-75.1105263157895,-0.549122807017544,1.10348274742539,-82.8831699395143,-0.605947543761661,0.620905078089932,97,0.787797279948974
"SPIN2A",4,102,411.25,502.725490196078,1.25,1.31862745098039,-91.4754901960785,-0.0686274509803924,0.906384592815817,-82.9119749339999,-0.0622028642128504,0.337922438095222,106,0.601486887585081
"LEUTX",2,19,731.5,833.315789473684,1,1.56140350877193,-101.815789473684,-0.56140350877193,0.814453480411927,-82.9242240977301,-0.457237041634766,0.54213175662657,21,0.736792374131732
"PRKAR2B",4,42,829.75,1079.64285714286,1,0.964285714285714,-249.892857142857,0.0357142857142857,0.333238211669989,-83.2738488233898,0.0119013647024996,0.355341698963668,46,0.615271646121072
"XCL2",14,91,698.928571428571,798.945054945055,0.994047619047619,1.17948717948718,-100.016483516484,-0.18543956043956,0.834613843263606,-83.4751416974034,-0.154770424231575,0.468988475243508,105,0.691286590583938
"APOBEC3G",4,18,941.25,1229.72222222222,1.75,1.14814814814815,-288.472222222222,0.601851851851852,0.29003536778007,-83.6671470665564,0.174558323200968,0.0454895827993318,22,0.266974892200693
"CST4",6,58,557.5,704.603448275862,3.25,2.40229885057471,-147.103448275862,0.847701149425288,0.570550973880801,-83.9300156750172,0.483656716364473,0.0942573673865282,64,0.377029469546113
"SPDYE9",13,85,401.384615384615,496.611764705882,3.96153846153846,3.52745098039216,-95.227149321267,0.434087481146305,0.881763762892201,-83.9678495150179,0.382762610799963,0.189101415042264,98,0.493565809607373
"FAM25A",6,37,572.833333333333,757.945945945946,3,2.01801801801802,-185.112612612613,0.981981981981982,0.454915226853612,-84.2105461601314,0.446718556099493,0.0300750047800984,43,0.224152917054415
"TBC1D3B",4,37,176.25,308.27027027027,14.375,7.44144144144144,-132.02027027027,6.93355855855856,0.63909556823466,-84.3735696468718,4.43120654687027,0.134151208051168,41,0.431561692871504
"FGD1",2,7,731.5,837.857142857143,1,1.21428571428571,-106.357142857143,-0.214285714285714,0.79409154574321,-84.45730797226,-0.170162474087831,0.505381307389957,9,0.712861099989177
"GOLGA6L10",5,54,196,321.462962962963,10.3,9.08024691358025,-125.462962962963,1.21975308641975,0.674182473600185,-84.5849307155787,0.822336152983929,0.0231675025389719,59,0.200097798872893
"ANKRD36B",5,147,191,281.115646258503,11.4,6.58049886621315,-90.1156462585034,4.81950113378685,0.939775342014237,-84.688462283419,4.52924832634254,0.0531615769226283,152,0.287072515382193
"TAF11L10",4,8,144,645.125,28.125,6.20833333333333,-501.125,21.9166666666667,0.169110292977458,-84.7453955683288,3.7063339210893,0.0996569288324514,12,0.385056268244847
"OR8K1",3,55,680,760.945454545455,1.66666666666667,1.16060606060606,-80.9454545454546,0.506060606060606,1.05167291044326,-85.1281417689705,0.532210230436436,0.605079772620166,58,0.777295851664273
"FAHD2A",4,10,1007,1337.9,1.625,0.933333333333333,-330.9,0.691666666666667,0.257517250908378,-85.2124583255821,0.178116098544961,0.308968566916323,14,0.585592348864623
"AK6",6,29,815.833333333333,905.344827586207,1.83333333333333,1.1551724137931,-89.5114942528735,0.67816091954023,0.953375289183011,-85.3380467185367,0.646541862779283,0.38724280806225,35,0.639695023156987
"NCR2",6,55,437.666666666667,562.363636363636,1.33333333333333,1.13636363636364,-124.69696969697,0.196969696969697,0.685278279082207,-85.4521248007055,0.134979054970738,0.135003899217574,61,0.432272100379346
"ZNF397",4,36,738,863.777777777778,1.5,1.77314814814815,-125.777777777778,-0.273148148148148,0.679540034064144,-85.4710353956234,-0.18561510189715,0.647896038786867,40,0.804387834211365
"PROKR1",3,10,610,746.5,1,1,-136.5,0,0.626919754373941,-85.5745464720429,0,0.479720717518397,13,0.697585148181774
"PPIE",8,72,735.125,841.944444444444,1.0625,1.25231481481481,-106.819444444444,-0.189814814814815,0.802488499463501,-85.7213756857471,-0.152324205916683,0.630502954091174,80,0.794040278773505
"PCDHB6",7,114,371.285714285714,444.245614035088,1.58333333333333,2.09795321637427,-72.9598997493734,-0.514619883040936,1.18374393849394,-86.3658390814465,-0.609178167178169,0.217178370360971,121,0.5220343781675
"KHDC1",8,53,664.375,792.641509433962,1.875,2.02201257861635,-128.266509433962,-0.147012578616352,0.673533195227514,-86.3917519397366,-0.0990178518141078,0.382880596791006,61,0.636088697478767
"PYCARD",7,11,322.285714285714,461.363636363636,1,1.09090909090909,-139.077922077922,-0.0909090909090908,0.621930050194165,-86.4967390588222,-0.0565390954721968,0.0243589643812618,18,0.202788378474005
"PGM5",3,5,747,983.2,3,1.06666666666667,-236.2,1.93333333333333,0.367033243843656,-86.6932521958716,0.709597604764402,0.313443620622314,8,0.586903529110474
"GRK3",3,6,664.333333333333,761.666666666667,0.694444444444444,0.833333333333333,-97.3333333333333,-0.138888888888889,0.890798863063111,-86.7044226714761,-0.123722064314321,0.669158333846763,9,0.814969498560063
"GOLGA8R",5,66,169.2,280.5,12,10.0277777777778,-111.3,1.97222222222222,0.779226581224669,-86.7279184903057,1.53680797963754,0.006301302077276,71,0.0898527343652226
"RNPS1",3,9,890.333333333333,983.444444444444,1,0.944444444444444,-93.1111111111111,0.0555555555555556,0.938672050939944,-87.4007976319637,0.0521484472744414,0.81775213546728,12,0.903508721943706
"GOLGA8J",5,70,162,275.657142857143,12.6,9.81190476190476,-113.657142857143,2.78809523809524,0.769588985599324,-87.469285277546,2.14568738604002,0.00771019736878856,75,0.102405647222346
"SPANXA2",18,187,145.333333333333,252.497326203209,7.85648148148148,5.64260249554367,-107.163992869875,2.21387898593781,0.817214804689802,-87.5760015029344,1.80921468310002,0.000201210493981077,205,0.00687211225596909
"OR6F1",2,70,461,546.642857142857,2.5,2.04285714285714,-85.6428571428571,0.457142857142857,1.02524615012758,-87.8050095716408,0.468683954344038,0.0650159476301904,72,0.320174170184427
"TNFRSF10B",6,76,503,617.407894736842,1.06944444444444,2.10087719298246,-114.407894736842,-1.03143274853801,0.768023254235552,-87.867923626028,-0.792164336057284,0.13644948255652,82,0.432539684285808
"SYCE1",16,296,453.6875,540.706081081081,1.734375,1.4222972972973,-87.018581081081,0.312077702702703,1.01048181367244,-87.9306936340131,0.315348843033756,0.282710349436809,312,0.567607533095749
"ANKRD18A",7,180,155.857142857143,246.111111111111,15.2142857142857,7.32962962962963,-90.2539682539683,7.88465608465609,0.974562433804431,-87.9581269620952,7.68408962357335,0.204565920256527,187,0.505532107201659
"ELOC",6,64,518.166666666667,661.984375,3.83333333333333,2.32291666666667,-143.817708333333,1.51041666666667,0.611798791267616,-87.9875001212118,0.924071090977128,0.308299328822593,70,0.584700578061263
"SUGT1",6,31,844.166666666667,958.225806451613,1.66666666666667,1.45698924731183,-114.059139784946,0.209677419354839,0.772274827496932,-88.0850025018679,0.16192859286226,0.292771419761246,37,0.576022919305946
"OR5A2",2,22,870,976.818181818182,1,0.962121212121212,-106.818181818182,0.0378787878787878,0.824683497850506,-88.0911918158495,0.0312380112822161,0.345540322880662,24,0.607624820948157
"ZNF568",15,231,296.866666666667,392.251082251082,3.55,4.53030303030303,-95.3844155844156,-0.98030303030303,0.925904898579958,-88.3168976377969,-0.907667377850352,0.0822638119737235,246,0.355441458202596
"SPDYE11",13,90,403.461538461538,500.977777777778,3.78205128205128,3.41481481481481,-97.5162393162393,0.367236467236467,0.911961917521866,-88.9310965963588,0.334905672844925,0.182640833797903,103,0.484938718841475
"ADGRE1",5,79,664.8,754.962025316456,1.5,1.30168776371308,-90.1620253164557,0.19831223628692,0.987322197096553,-89.0189689301181,0.195798072841933,0.69409502417383,84,0.832431379962717
"RASA4",5,51,858.8,1004.25490196078,2.8,1.17320261437909,-145.454901960784,1.62679738562091,0.613763326823099,-89.2748845301787,0.998468575465813,0.573324974102792,56,0.758740363348117
"ZNF584",17,201,179.647058823529,290.119402985075,7.76960784313725,6.03814262023217,-110.472344161545,1.73146522290509,0.811723689627684,-89.6730188046287,1.40547133919854,0.0312535665435491,218,0.226659259361202
"ELOF1",9,86,413.222222222222,496.244186046512,1,1.3062015503876,-83.0219638242894,-0.306201550387597,1.08658084942452,-90.2100759730884,-0.332712740715261,0.269630951077996,95,0.557169958881814
"MTRNR2L10",18,291,54.4444444444444,138.704467353952,26.4907407407407,13.9295532646048,-84.2600229095074,12.5611874761359,1.07431735678607,-90.5220050948757,13.4947017274566,0.00429018434795386,309,0.0705496981663523
"SRI",2,34,633,713.352941176471,1,1.13235294117647,-80.3529411764706,-0.132352941176471,1.12876235416813,-90.6993750466861,-0.149395017463429,0.7444470855818,36,0.861074020870855
"KRTAP12-1",4,14,920.5,1120.5,1.375,1.14285714285714,-200,0.232142857142857,0.454206616162068,-90.8413232324136,0.105440821609052,0.650444561434133,18,0.805783843872592
"RPL30",6,91,436.166666666667,569.879120879121,4.16666666666667,2.55860805860806,-133.712454212454,1.60805860805861,0.68037371792837,-90.9744396058544,1.09408081381156,0.0407635603067101,97,0.255715142703386
"PRAMEF13",4,90,245,337.577777777778,10.5,5.29444444444444,-92.5777777777778,5.20555555555556,0.986224584444079,-91.3024804176452,5.13384686457835,0.419722763862956,94,0.659641935447573
"ANKRD26",6,195,94.8333333333333,183.651282051282,18.0833333333333,8.47179487179487,-88.8179487179487,9.61153846153846,1.02835493123935,-91.3363755466667,9.8840729737198,0.0600196771792764,201,0.306224921934245
"FAM90A16P",6,30,467.333333333333,600.166666666667,8.25,3.68888888888889,-132.833333333333,4.56111111111111,0.690257371740898,-91.6891875462493,3.14834056777376,0.505389263330665,36,0.712861099989177
"AP1S2",10,66,512,608.484848484848,1.45833333333333,1.43939393939394,-96.4848484848485,0.0189393939393938,0.954243787519089,-92.0700672563873,0.0180727990060432,0.173524271257859,76,0.472773498345037
"BICDL1",2,20,311,574.65,1,0.975,-263.65,0.025,0.350295865539616,-92.3555049495198,0.00875739663849041,0.0784649837438308,22,0.349974134624456
"TMC2",2,11,643.5,776.363636363636,1,0.878787878787879,-132.863636363636,0.121212121212121,0.695920029055905,-92.4624656786551,0.0843539429158673,0.627254174289476,13,0.791195606206043
"TMC3",2,34,503.5,642.5,1,1.33823529411765,-139,-0.338235294117647,0.665608060017802,-92.5195203424745,-0.225132137947198,0.490025148747124,36,0.704670028145126
"SPRR1A",3,75,562.666666666667,659.4,2,1.33555555555556,-96.7333333333333,0.664444444444444,0.962269276394863,-93.0835146699298,0.639374474760142,0.736956154982808,78,0.858064334298165
"DPEP2NB",6,75,415.833333333333,509.973333333333,5.23611111111111,2.12888888888889,-94.14,3.10722222222222,0.991685307823953,-93.357254878547,3.08138662592187,0.665795103302901,81,0.81311651369144
"S100A7L2",10,88,500.2,610.204545454545,4.3,2.09659090909091,-110.004545454546,2.20340909090909,0.84879315735016,-93.3711054592329,1.87023855920677,0.312521645814882,98,0.586859255956893
"RGS3",2,10,731.5,816.3,1,0.9,-84.8,0.1,1.10306512369429,-93.5399224892759,0.110306512369429,0.546837125053469,12,0.738626515399539
"SSU72P8",2,29,624.5,767.206896551724,4,1.66091954022988,-142.706896551724,2.33908045977012,0.655683332116937,-93.5705334471015,1.53369606995169,0.712954460486392,31,0.842333691953769
"DUSP18",13,174,465.692307692308,573.879310344828,1.36538461538462,1.3544061302682,-108.18700265252,0.0109784851164161,0.865501774855848,-93.6360428120902,0.00950189835348663,0.138245136887401,187,0.434046199043617
"NPIPA1",7,45,464.142857142857,586.866666666667,5.07142857142857,2.67777777777778,-122.72380952381,2.39365079365079,0.763762624813908,-93.7318588890669,1.82818101304663,0.284881073148952,52,0.568817029640328
"GOLGA8O",5,69,154.4,275.202898550725,12.8,9.35990338164251,-120.802898550725,3.44009661835749,0.777204879141059,-93.8886021680055,2.6736598765041,0.000952364111017007,74,0.0234497486036033
"KRTAP21-1",10,138,309.2,417.224637681159,2.25,2.56763285024155,-108.024637681159,-0.317632850241547,0.870948461024418,-94.0838919411262,-0.276641842088674,0.146051838475215,148,0.444703916725302
"UBAP2",6,65,935.5,1062.95384615385,1.16666666666667,0.969230769230769,-127.453846153846,0.197435897435898,0.744629351664479,-94.9058748286827,0.147016564302987,0.446566805250762,71,0.676433394635764
"DGCR6L",6,38,771.5,945.657894736842,1.91666666666667,1.42105263157895,-174.157894736842,0.495614035087719,0.545913726057806,-95.0751852381727,0.270562504581281,0.249657627391772,44,0.538948041857232
"ZNF546",17,132,301.529411764706,423.515151515152,3.31372549019608,3.30176767676768,-121.985739750446,0.0119578134284004,0.780568104514884,-95.2181776548513,0.00933388776194914,0.0225298420584874,149,0.197123805460744
"ANKRD30BL",6,222,109.5,196.761261261261,17.8333333333333,9.27102102102102,-87.2612612612613,8.56231231231231,1.0920489935026,-95.293572532128,9.3504645427156,0.0891397694474063,228,0.3672190914555
"CSAG3",2,20,749.5,985.35,2,1.6,-235.85,0.4,0.404555283428004,-95.4143635964948,0.161822113371202,0.0413951595527932,22,0.257255143970391
"MTRNR2L8",18,207,129.611111111111,222.657004830918,12.7453703703704,8.36795491143317,-93.0458937198068,4.3774154589372,1.02752007344888,-95.6065235490926,4.49788225388342,0.0355389129636358,225,0.240700841021506
"MALL",7,50,706.714285714286,897.4,2.14285714285714,1.43333333333333,-190.685714285714,0.70952380952381,0.502406649061376,-95.8017707381607,0.35646947957212,0.00722222112860094,57,0.097730869154386
"LCN12",2,41,384,485.414634146341,1,2,-101.414634146341,-1,0.945050526210066,-95.8419533654014,-0.945050526210066,0.295355761410774,43,0.576378127488655
"ZNF300",4,26,656.5,783.961538461538,1.25,0.948717948717949,-127.461538461538,0.301282051282051,0.752341190297693,-95.894565563329,0.226666897076869,0.450320384011459,30,0.678537049211836
"RPL36AL",6,64,386.333333333333,583.609375,5.08333333333333,3.30989583333333,-197.276041666667,1.7734375,0.486460089835401,-95.966920951539,0.862706565567468,0.0406011479072798,70,0.255097778360834
"GOLGA8T",5,70,165,285.257142857143,13.3,9.53333333333333,-120.257142857143,3.76666666666667,0.806351298566758,-96.9695033047853,3.03725655793479,0.0271072858406752,75,0.213229752400272
"H4C9",14,83,604.642857142857,725.963855421687,1.36309523809524,1.36947791164659,-121.32099827883,-0.00638267355134814,0.799333661085042,-96.975957720709,-0.00510188581730978,0.182335488969329,97,0.484758839526219
"GGTLC1",6,29,651.666666666667,849.965517241379,8.75,1.4367816091954,-198.298850574713,7.3132183908046,0.492791218839415,-97.7199322691677,3.60388980444342,0.386765418784139,35,0.639435090385361
"MRFAP1",17,168,413,526.869047619048,2.75490196078431,1.87003968253968,-113.869047619048,0.884862278244631,0.863368735343687,-98.3109756376472,0.763962426121401,0.144063577767848,185,0.443109852491173
"GOLGA8A",5,55,198.8,323.490909090909,10.2,9.48484848484849,-124.690909090909,0.715151515151513,0.788894430738836,-98.3679637455807,0.564179047437469,0.00667624524019301,60,0.0932780955502362
"CCT6A",6,46,857.333333333333,1054.47826086957,1.75,1.18840579710145,-197.144927536232,0.561594202898551,0.499156473920625,-98.4061668803226,0.280323382093105,0.0332306896483674,52,0.23263721525163
"RASA4B",5,60,839.6,970.783333333333,2.7,1.08888888888889,-131.183333333333,1.61111111111111,0.750871240817609,-98.50179227459,1.20973699909504,0.608264931788193,65,0.778547939598212
"PRR20D",4,26,338.5,805,18.875,2.37179487179487,-466.5,16.5032051282051,0.211305771013056,-98.5741421775904,3.487222483802,0.149802764258184,30,0.450084094718575
"TP53TG3B",4,51,329.5,505.137254901961,4.25,3.99673202614379,-175.637254901961,0.253267973856209,0.562071970883147,-98.7207780232507,0.142354829226941,0.0910205959826711,55,0.370762794645009
"CCDC144A",5,111,119,223.504504504504,17,8.11261261261261,-104.504504504504,8.88738738738739,0.947168556125982,-98.9833806401927,8.41785387944397,0.0700142988350414,116,0.333583083438719
"TAF11L9",3,13,120.333333333333,627.615384615385,26.1666666666667,4.94871794871795,-507.282051282051,21.2179487179487,0.195391142695242,-99.1184196687865,4.14579924564905,0.0180012841876865,16,0.172501514661859
"CT47A5",6,86,439.666666666667,550.558139534884,2.83333333333333,2.61240310077519,-110.891472868217,0.22093023255814,0.895250687295428,-99.2756673004735,0.197787942542013,0.130771695780534,92,0.42612810318086
"VPS35",3,25,704.333333333333,879.6,1.66666666666667,1.32,-175.266666666667,0.346666666666667,0.567222833131506,-99.415255220182,0.196637248818922,0.0129329276728955,28,0.144761845884847
"MTRNR2L11",18,290,57.1111111111111,149.268965517241,24.4768518518519,14.0942528735632,-92.1578544061303,10.3825989782886,1.08100966515636,-99.6235313330996,11.2236898449726,0.00222363503439214,308,0.0439362313675594
"TAF11L7",4,13,93.25,606.461538461538,29.375,5.30769230769231,-513.211538461538,24.0673076923077,0.194387538106118,-99.7619274891915,4.67838469115012,0.00309785885291472,17,0.0555114079652342
"FMN2",2,11,370.5,479.909090909091,1,1.5,-109.409090909091,-0.5,0.912034598727565,-99.7848763244204,-0.456017299363782,0.0334831465160616,13,0.233452190172659
"FAM90A19P",6,29,464.166666666667,598.758620689655,8.58333333333333,3.06896551724138,-134.591954022988,5.51436781609195,0.74217364561821,-99.8906011881199,4.0926184653487,0.504483594706026,35,0.712337966235082
"SPRR2D",18,186,319.166666666667,416.370967741935,5.03240740740741,3.7921146953405,-97.2043010752688,1.24029271206691,1.02836817673971,-99.9618098680322,1.2754775549318,0.179102429863573,204,0.479687204916112
"TP53TG3",4,46,314.5,491.152173913043,5.25,4.31521739130435,-176.652173913043,0.934782608695652,0.565998611231511,-99.98488510581,0.529085658325108,0.124908982212023,50,0.42188529350969
"ZNF257",5,127,56.2,193.047244094488,21,14.0406824146982,-136.847244094488,6.95931758530183,0.730669001320807,-99.9900391760244,5.08495762992682,2.74211501334007e-05,132,0.00148074210720364
"DPP8",6,69,848.333333333333,977.028985507246,0.875,1.08454106280193,-128.695652173913,-0.209541062801933,0.784179242681479,-100.920459058138,-0.164317751938692,0.417195043714363,75,0.658177057896659
"PRAMEF25",15,186,242.866666666667,354.36559139785,6.17222222222222,5.24462365591398,-111.498924731183,0.927598566308247,0.905830540302456,-100.99913123239,0.840247110502783,0.123185150071367,201,0.421291460972805
"RPL22",10,57,636.6,807.666666666667,1.1,1.67543859649123,-171.066666666667,-0.575438596491228,0.591737082510541,-101.226490248136,-0.34050835625168,0.377315454839808,67,0.632406673903866
"GOLGA8Q",5,69,146.8,279.913043478261,14.2,9.52415458937198,-133.113043478261,4.67584541062802,0.764592467671418,-101.777230392296,3.57511618096215,0.0108646167610699,74,0.127691201697751
"C4BPA",4,51,577.75,671.607843137255,0.833333333333333,1.08496732026144,-93.8578431372549,-0.251633986928105,1.08476184531964,-101.81340711929,-0.272962948005269,0.658335551893967,55,0.807812014310248
"OR5D18",6,80,398.166666666667,492.875,8,2.18958333333333,-94.7083333333333,5.81041666666667,1.07839846651203,-102.133321432577,6.26594442312928,0.656038687737623,86,0.807284797197045
"MTRNR2L4",18,244,96.4444444444444,192.885245901639,16.6898148148148,9.18852459016394,-96.4408014571949,7.50129022465088,1.06095790771406,-102.319630932293,7.95855318190156,0.00250491238096825,262,0.0474390041438346
"MAP4K3",4,50,722,828.74,1.25,1.45666666666667,-106.74,-0.206666666666667,0.962240625566987,-102.70956437302,-0.198863062617177,0.573204808902941,54,0.758740363348117
"NBPF6",9,95,189.888888888889,314.526315789474,7.83333333333333,5.31052631578947,-124.637426900585,2.52280701754386,0.825621388318704,-102.903325434132,2.08288343228473,0.000813489000856741,104,0.0210274453066845
"SPRR2F",18,184,263,363.711956521739,6.33796296296296,4.1893115942029,-100.711956521739,2.14865136876007,1.02251849609839,-102.979838321735,2.19703576622428,0.0830861627356972,202,0.355464775625385
"FGFR3",7,75,649,767.986666666667,3.14285714285714,1.73333333333333,-118.986666666667,1.40952380952381,0.868788890820427,-103.374294155753,1.22457862706117,0.393536100334053,82,0.642767239987086
"LAMTOR3",2,38,871.5,1031.05263157895,1,1.00438596491228,-159.552631578947,-0.0043859649122806,0.649812132319456,-103.679235743496,-0.00285005321192738,0.094967037977146,40,0.37873082211245
"TAF11L11",3,12,253,773.583333333333,19.5,3.88888888888889,-520.583333333333,15.6111111111111,0.199272994841636,-103.738199897975,3.11087286391664,0.125217750242235,15,0.42188529350969
"SPDYE2",16,106,295.375,410.981132075472,6.19791666666667,4.9874213836478,-115.606132075472,1.21049528301887,0.897774728596583,-103.788263848157,1.08675207417971,0.0626633378787738,122,0.314181553530213
"H2AC16",10,77,526.6,653.155844155844,1.925,1.55194805194805,-126.555844155844,0.373051948051948,0.821951710667882,-104.022792598914,0.306630686869285,0.0479349557182351,87,0.274201923022144
"OOEP",8,46,400.75,535.54347826087,1.0625,1.29347826086957,-134.79347826087,-0.230978260869565,0.774244441376715,-104.363101277311,-0.178833634557122,0.0350183230771585,54,0.238732933019873
"AKR7A2",2,64,575,677.796875,1.5,1.34114583333333,-102.796875,0.158854166666667,1.01891789105151,-104.741575081685,0.161859352484745,0.508430268273196,66,0.715532283506009
"CGB5",3,14,620,965.071428571429,4.5,1.69047619047619,-345.071428571429,2.80952380952381,0.30403848483301,-104.914994302019,0.854203362149886,0.253493060253585,17,0.540868283017005
"TP53TG3E",4,51,325.25,518.705882352941,4.5,4.03921568627451,-193.455882352941,0.46078431372549,0.54386615199953,-105.214106316968,0.250604991607627,0.07783357488928,55,0.348730473354228
"MTRNR2L1",18,298,51,147.493288590604,26.4212962962963,13.5564876957494,-96.493288590604,12.8648086005469,1.09042499459874,-105.218693690224,14.0281088487652,0.00043351647483125,316,0.0127377340693064
"MTRNR2L3",18,287,58.9444444444444,158.348432055749,23.3333333333333,12.9146341463415,-99.4039876113047,10.4186991869919,1.0603038510309,-105.398430872094,11.0469868707,0.00102400184166837,305,0.0249506790201635
"ZNF805",16,184,400.1875,526.945652173913,2.64583333333333,2.01811594202899,-126.758152173913,0.627717391304348,0.831649041528183,-105.418295761318,0.522040566828832,0.124272241715268,200,0.42188529350969
"TRBJ2-5",4,46,362.75,610.347826086957,1,1.15942028985507,-247.597826086957,-0.159420289855073,0.426305742043965,-105.552374978473,-0.0679617849635306,9.03332224852105e-06,50,0.000591756650903117
"IQCF2",8,66,639.25,783.848484848485,2,1.15909090909091,-144.598484848485,0.840909090909091,0.730573328328123,-105.639796346961,0.61434575336683,0.0359542863804815,74,0.241569301682203
"SSX2B",9,195,303.111111111111,412.441025641026,6.67592592592593,3.91623931623932,-109.329914529915,2.75968660968661,0.967072186688875,-105.729919514952,2.66881616420564,0.179791845687956,204,0.480430896876838
"MTRNR2L13",17,244,89.5294117647059,193.262295081967,17.7941176470588,9.95013661202186,-103.732883317261,7.84398103503697,1.02108523755195,-105.920115803955,8.00937323851371,0.0222380513797187,261,0.196166122104538
"TUBB4B",5,53,300,609.603773584906,6.9,3.4937106918239,-309.603773584906,3.4062893081761,0.343303936303877,-106.288194166232,1.16939252768667,5.34147614087569e-05,58,0.00246950758843392
"FAM91A1",3,34,795,914.882352941176,1,1.06372549019608,-119.882352941176,-0.0637254901960784,0.88860845843596,-106.528472840734,-0.0566270096062131,0.310078275152611,37,0.586390781102746
"FAM90A17P",6,33,464.166666666667,614.636363636364,8.58333333333333,3.4040404040404,-150.469696969697,5.17929292929293,0.709208665995108,-106.714413060567,3.67319942918174,0.453798442240603,39,0.679882003466529
"GOLGA8B",5,71,210,339.816901408451,9.8,8.43661971830986,-129.816901408451,1.36338028169014,0.824502034444196,-107.034299316509,1.12410981597462,0.00309231743732365,76,0.0555114079652342
"IL10RB",3,3,389,561,0.777777777777778,1,-172,-0.222222222222222,0.622450315888167,-107.061454332765,-0.138322292419593,0.414514649267913,6,0.655740514043778
"MTRNR2L5",17,235,94.5882352941177,200.412765957447,17.156862745098,9.98368794326241,-105.824530663329,7.17317480183563,1.01585108610537,-107.501964410934,7.28687741326841,0.0199310505547213,252,0.184362217631172
"MRPL32",2,5,871.5,1145.2,1,1,-273.7,0,0.392793864462857,-107.507680703484,0,0.0282957104244389,7,0.217024297228518
"PRR20E",4,27,341,825.148148148148,18.5,2.27777777777778,-484.148148148148,16.2222222222222,0.222521737494691,-107.733487130763,3.60979707491388,0.137936309629445,31,0.434046199043617
"IL16",2,24,909,1017.04166666667,0.75,1.00694444444444,-108.041666666667,-0.256944444444444,0.999341311084954,-107.97050081847,-0.256775197987106,0.875544545655626,26,0.934475428536293
"SPPL3",3,3,475.333333333333,672,0.777777777777778,1,-196.666666666667,-0.222222222222222,0.550547436575917,-108.274329193264,-0.122343874794648,0.201290334253011,6,0.502571037733386
"OR2T11",3,31,441.333333333333,555.387096774194,3,1.96774193548387,-114.05376344086,1.03225806451613,0.950073629264612,-108.359472963546,0.980721165692503,0.122864439024826,34,0.421171645976059
"ZNF229",3,4,643,829.25,1,1.125,-186.25,-0.125,0.583076364833959,-108.597972950325,-0.0728845456042449,0.236214369536244,7,0.53325581523633
"OR2L8",5,58,477.8,611.551724137931,5,1.79022988505747,-133.751724137931,3.20977011494253,0.812732743365285,-108.704405688457,2.60868527108915,0.39218591714902,63,0.64245381846828
"IGHV4-34",19,178,132.736842105263,231.820224719101,13.4561403508772,14.0852059925094,-99.083382613838,-0.629065641632165,1.09999896481062,-108.991618305156,-0.691971554593309,0.0153918099058411,197,0.158519774184899
"OR4X2",3,84,441.333333333333,540.25,3,1.82936507936508,-98.9166666666667,1.17063492063492,1.10566334690074,-109.368532730932,1.29432812434809,0.0211358270898133,87,0.192528782697866
"ZNF221",7,123,427.285714285714,564.674796747967,3.04761904761905,1.99728997289973,-137.389082462253,1.05032907471932,0.797982842972035,-109.634130616548,0.838144581100709,0.141660235001705,130,0.439498679399699
"SPRR2A",17,184,240.058823529412,347.875,5.30392156862745,4.4411231884058,-107.816176470588,0.862798380221653,1.0172477571977,-109.675763704337,0.877679717194286,0.0273046543598042,201,0.214360312027068
"HSFY2",2,19,308.5,462.578947368421,5,3.10526315789474,-154.078947368421,1.89473684210526,0.712034666603601,-109.709551920107,1.34911831566998,0.204558935937173,21,0.505532107201659
"TUBA8",2,23,731.5,850.347826086957,1,0.978260869565217,-118.847826086957,0.0217391304347826,0.923533824156544,-109.759987318779,0.0200768222642727,0.3885006619266,25,0.640401695781213
"RPS29",8,100,284.375,427.12,6.25,4.40833333333333,-142.745,1.84166666666667,0.769738493723042,-109.876321286496,1.41760172593993,0.00804596544554243,108,0.105070842877084
"OR52E8",2,41,560.5,675.463414634146,2,1.17886178861789,-114.963414634146,0.821138211382114,0.961146388416218,-110.496670775606,0.789234026260472,0.357742612405512,43,0.616180809988115
"APOC1",2,58,697,868.862068965517,3,1.37931034482759,-171.862068965517,1.62068965517241,0.643461769734271,-110.586671046745,1.04285183370727,0.719180698696017,60,0.84574634255129
"TSEN15",10,121,524,642.685950413223,1.05833333333333,1.19283746556474,-118.685950413223,-0.134504132231405,0.932886797162353,-110.720556149162,-0.125477129122457,0.218298159639112,131,0.5220343781675
"TP53TG3F",4,49,317.25,510.897959183673,5,3.9421768707483,-193.647959183673,1.0578231292517,0.571899072393359,-110.74708822801,0.604968066375288,0.0941399446153463,53,0.377029469546113
"GRAPL",5,25,836.6,965.08,1.8,0.92,-128.48,0.88,0.862997803889291,-110.877957843696,0.759438067422576,0.229589607236501,30,0.531271535568998
"PLAAT4",3,116,481,612.76724137931,2.66666666666667,2.32902298850575,-131.76724137931,0.33764367816092,0.842690483559537,-111.039000355237,0.284529114420246,0.245022730338958,119,0.536253169728591
"LY9",2,8,731.5,832.25,1,0.875,-100.75,0.125,1.10379039641294,-111.206882438604,0.137973799551617,0.615767180506134,10,0.784381783010045
"FIZ1",2,18,875,1086.72222222222,1,1.12037037037037,-211.722222222222,-0.12037037037037,0.52587751675217,-111.339956463473,-0.0633000714609094,0.750183299610231,20,0.864300151745127
"TAF11L8",3,9,155.333333333333,702.222222222222,23.6666666666667,5.2037037037037,-546.888888888889,18.462962962963,0.20360086307425,-111.347049783495,3.75907519416717,0.0375091973497027,12,0.247746698527954
"ATP6V1B2",2,2,362,519.5,1.16666666666667,1,-157.5,0.166666666666667,0.707826903720537,-111.482737335985,0.11797115062009,0.6548255492733,4,0.807284797197045
"ZRSR2",4,41,466.75,602.756097560976,0.708333333333333,0.955284552845528,-136.006097560976,-0.246951219512195,0.820727135919526,-111.623894918811,-0.202679567102078,0.193311816730069,45,0.495908339135272
"AFG3L2",3,41,791.333333333333,975.292682926829,1.66666666666667,1.22357723577236,-183.959349593496,0.443089430894309,0.607507031433048,-111.756598375899,0.26917994482196,0.396370411760339,44,0.644908862131236
"MAGEB6B",6,114,324,460.412280701754,3.75,3.25584795321637,-136.412280701754,0.494152046783626,0.822528182697787,-112.202945343274,0.406453985017328,0.0380800344978436,120,0.248935000030644
"NUTM2G",14,229,360.285714285714,484.03056768559,5.05952380952381,2.3551673944687,-123.744853399875,2.70435641505511,0.907721553561369,-112.325870573359,2.45480260645747,0.136459955632081,243,0.432539684285808
"TLCD4",3,5,365.666666666667,500.6,3,3.7,-134.933333333333,-0.7,0.834414027193688,-112.590266069335,-0.584089819035581,0.593317224668388,8,0.770021315289015
"GOLGA8S",5,70,144.6,287.257142857143,14,9.34047619047619,-142.657142857143,4.65952380952381,0.789664427530848,-112.651271047472,3.67946020161398,0.00675753640888973,75,0.093760817673345
"TRPM7",4,58,862,1071.77586206897,1,1.04310344827586,-209.775862068966,-0.0431034482758621,0.540026964407788,-113.28462199913,-0.0232770243279219,0.374916012442877,62,0.629745433258401
"GIT2",3,62,814.333333333333,961.774193548387,1.33333333333333,1.09408602150538,-147.440860215054,0.239247311827957,0.77168199319497,-113.777456889134,0.184622842457936,0.130323893330686,65,0.42612810318086
"PPIB",4,81,419.25,545.271604938272,5.5,3.08230452674897,-126.021604938272,2.41769547325103,0.907553211053666,-114.371312223865,2.19418729009888,0.325850398280052,85,0.59297804169691
"PIFO",4,63,376.25,537.412698412698,0.8125,1.06084656084656,-161.162698412698,-0.248346560846561,0.709716250394831,-114.379786020973,-0.176255589962473,0.110504121555652,67,0.402162540743519
"TRAPPC2",6,75,480.166666666667,639.76,7.05555555555556,2.41111111111111,-159.593333333333,4.64444444444444,0.716868157121975,-114.40737875562,3.32945432974429,0.362849090162846,81,0.621227491127135
"NPIPB2",7,53,411.857142857143,570,6.57142857142857,4.9811320754717,-158.142857142857,1.59029649595688,0.725054372787008,-114.66217009646,1.15305142842139,0.214663286755965,60,0.520953456254122
"VCX",10,114,206.4,353.771929824561,6.3,3.86988304093567,-147.371929824561,2.43011695906433,0.780112770165796,-114.966724420118,1.89576527276255,0.0013951068541158,124,0.0306310274123447
"FAM236C",10,100,572.8,700.5,1.48333333333333,1.71166666666667,-127.7,-0.228333333333333,0.903716241203868,-115.404564001734,-0.20634854174155,0.299374941253895,110,0.57973365763286
"OTULINL",3,4,416,616.5,0.833333333333333,1,-200.5,-0.166666666666667,0.577419457529306,-115.772601234626,-0.0962365762548843,0.406735116653961,7,0.651934347186189
"ANKRD20A3P",6,184,98,213.559782608696,15.6666666666667,8.6286231884058,-115.559782608696,7.03804347826087,1.00277873205969,-115.880892281441,7.05760031531141,1.95977487818652e-07,190,3.01202323585897e-05
"ZNF549",17,198,236.647058823529,381.343434343434,5.97549019607843,3.40656565656566,-144.696375519905,2.56892453951277,0.801166178704843,-115.925842247723,2.05813545670255,0.0095810343100327,215,0.119130635175093
"GOLGA8G",4,70,130.5,274.885714285714,15.25,10.0285714285714,-144.385714285714,5.22142857142857,0.805156389596756,-116.253080423634,4.20406657710877,0.000226660110200738,74,0.00754778166968459
"LGALS8",7,36,500.571428571429,635.055555555556,0.904761904761905,0.986111111111111,-134.484126984127,-0.0813492063492064,0.868968968137008,-116.862533056203,-0.0706899359000344,0.20047071795146,43,0.502245134127921
"TRIM43",14,92,348.357142857143,474.271739130435,4.29166666666667,2.66123188405797,-125.914596273292,1.6304347826087,0.934428823098762,-117.658228006608,1.52352525505233,0.052882233194704,106,0.286246616787536
"RRN3",6,20,729.166666666667,860.15,1.88888888888889,1.05,-130.983333333333,0.838888888888889,0.898999337869592,-117.753929938619,0.754160555657269,0.277523241927347,26,0.562799173648021
"SH2B1",4,21,861.25,1068.33333333333,2.125,1,-207.083333333333,1.125,0.570133657897306,-118.0651783229,0.641400365134469,0.266292606740089,25,0.55451029522324
"HINT1",12,65,693.833333333333,858.8,0.958333333333333,1.23076923076923,-164.966666666667,-0.272435897435897,0.716338646705783,-118.171998751564,-0.195156362083306,0.235124556846129,77,0.532761249789442
"ESRRA",2,12,871.5,1009,1,1.125,-137.5,-0.125,0.859526859264847,-118.184943148916,-0.107440857408106,0.336597289506586,14,0.600356699685186
"HLA-DPA1",5,36,643.6,774.694444444444,1.2,1.13425925925926,-131.094444444444,0.0657407407407407,0.902074473519919,-118.256951953608,0.0593030440925131,0.347144923455033,41,0.609754335879698
"NPIPA7",6,48,494.333333333333,650.333333333333,4.83333333333333,2.49652777777778,-156,2.33680555555556,0.758555699176721,-118.334689071568,1.77259717203449,0.268196950699896,54,0.556442575095835
"FAM90A9P",6,34,464.166666666667,615.882352941176,8.58333333333333,2.70098039215686,-151.71568627451,5.88235294117647,0.782220677611582,-118.675146921953,4.60129810359754,0.447836058174787,40,0.677091520418634
"ZNF716",6,163,54.8333333333333,202.852760736196,23,15.5224948875256,-148.019427402863,7.47750511247444,0.808887374620687,-119.731046024759,6.04845947914222,0.00380115381549841,169,0.0651906036340414
"GGTLC3",6,45,648.833333333333,836.733333333333,8.66666666666667,1.27777777777778,-187.9,7.38888888888889,0.638690263154055,-120.009900446647,4.71921138886052,0.408119288611729,51,0.652237009639417
"PSMA5",3,3,968.333333333333,1147.33333333333,2,1,-179,1,0.671590633962667,-120.214723479317,0.671590633962667,0.515911626517077,6,0.7209629145658
"YY1AP1",5,104,599.2,718.346153846154,1.2,1.05448717948718,-119.146153846154,0.14551282051282,1.01262410484283,-120.650267383927,0.14734978961495,0.286743867157179,109,0.570347682010995
"OR4S1",3,27,655.333333333333,773.888888888889,1.66666666666667,1.40740740740741,-118.555555555556,0.259259259259259,1.01807326196625,-120.698241168666,0.263944919769028,0.498919453642099,30,0.710722537843542
"PYHIN1",8,109,408.25,524.660550458716,2.75,1.94495412844037,-116.410550458716,0.805045871559634,1.04008297135834,-121.076631218561,0.837314502171511,0.17480763325277,117,0.473580544052928
"GABRQ",2,39,575.5,705.923076923077,0.666666666666667,1.07264957264957,-130.423076923077,-0.405982905982906,0.929729339535053,-121.258161167822,-0.377454219042009,0.422227137411029,41,0.660629792257466
"CDC14B",4,40,837,949.5,2.125,1.12916666666667,-112.5,0.995833333333333,1.08144305563464,-121.662343758897,1.07693704290283,0.305026238326114,44,0.583256020827026
"COX16",4,17,404,574.470588235294,1,0.970588235294118,-170.470588235294,0.0294117647058824,0.714848071179456,-121.860571192827,0.021024943269984,0.0766385884130875,21,0.345849829647279
"HSFY1",2,21,308.5,479.380952380952,5,2.95238095238095,-170.880952380952,2.04761904761905,0.714007099980636,-122.010213251453,1.46201453805559,0.157801099084104,23,0.458077387997549
"MPHOSPH10",3,28,632,920.214285714286,1.33333333333333,1.33928571428571,-288.214285714286,-0.00595238095238093,0.423619379843217,-122.093156976242,-0.00252154392763819,0.175639787826696,31,0.474344041382267
"RPL23A",5,69,199.2,407.884057971014,9.5,6.29951690821256,-208.684057971015,3.20048309178744,0.585185646940907,-122.118915470022,1.87287676859107,0.000387148752455997,74,0.0116319279309336
"CDK11B",2,37,800,955.486486486486,1.25,1.16216216216216,-155.486486486486,0.0878378378378379,0.787068545912048,-122.378522827892,0.0691343993030853,0.403503085492352,39,0.650373163651772
"AMY2B",3,109,483,589.733944954128,1.83333333333333,1.54281345565749,-106.733944954128,0.290519877675841,1.14716175125963,-122.441099212427,0.333273291650352,0.0248102822835059,112,0.203995654331049
"TPTE2",5,82,539.8,680.951219512195,7.6,1.95731707317073,-141.151219512195,5.64268292682927,0.869069319814771,-122.670194332489,4.90388261314993,0.455719026694105,87,0.681022150587003
"RPL35",2,6,871.5,1009.83333333333,1,0.805555555555556,-138.333333333333,0.194444444444444,0.895505739670313,-123.878293987727,0.174126116047005,0.508350049290181,8,0.715532283506009
"FAHD2B",5,17,956.8,1232.94117647059,1.9,0.911764705882353,-276.141176470588,0.988235294117647,0.450912931233231,-124.515627316546,0.445608073218723,0.430791616857757,22,0.666214397611537
"C16orf72",5,14,341,500.642857142857,0.95,1.11904761904762,-159.642857142857,-0.169047619047619,0.783399384904819,-125.064116090162,-0.132431800781529,0.0242002168195946,19,0.202682580547829
"FAM90A14P",8,48,427.25,591.020833333333,6.8125,2.8125,-163.770833333333,4,0.76438297397827,-125.183636634233,3.05753189591308,0.238845762948586,56,0.534311869916102
"CCDC200",5,15,565.6,702.533333333333,0.716666666666667,1.13333333333333,-136.933333333333,-0.416666666666667,0.91661484141162,-125.515125617298,-0.381922850588175,0.344945235504066,20,0.607576868560232
"OR2C3",2,12,480,661.25,2,1.16666666666667,-181.25,0.833333333333333,0.693835947171092,-125.75776542476,0.578196622642577,0.0269077125341959,14,0.212791200837055
"ARL17A",6,54,424.5,587.388888888889,3,2.62345679012346,-162.888888888889,0.376543209876543,0.772157644121435,-125.775900698003,0.290750717848194,0.102507829539068,60,0.389744326201824
"OR2A2",4,23,655.75,785.608695652174,2,1.01449275362319,-129.858695652174,0.985507246376812,0.968582660534535,-125.778880928327,0.954545230671715,0.439620718928678,27,0.671239788121856
"ZNF45",15,116,449.133333333333,615.362068965517,1.91111111111111,1.48850574712644,-166.228735632184,0.422605363984675,0.757731753058444,-125.956791259263,0.320221503304009,0.0856191614901915,131,0.360849878950854
"JMJD7",3,3,429,639.666666666667,6.5,0.833333333333333,-210.666666666667,5.66666666666667,0.599217857073167,-126.235228556747,3.39556785674795,0.351700950330925,6,0.613253460205884
"MTRNR2L6",18,227,96.3888888888889,219.515418502203,15.4768518518519,9.15271659324523,-123.126529613314,6.32413525860662,1.02643475890428,-126.381349738363,6.49131224944597,0.000846513962035158,245,0.0215182068965566
"XCL1",14,78,698.928571428571,842.935897435897,0.994047619047619,1.17735042735043,-144.007326007326,-0.183302808302808,0.879249289574964,-126.618339085532,-0.16116886397734,0.307606215153776,92,0.584337825332158
"PCTP",7,75,332.857142857143,507.4,1.0952380952381,1.94,-174.542857142857,-0.844761904761904,0.725453586918168,-126.622741785231,-0.612835553901348,0.00829525172474341,82,0.106928470619596
"ANKRD20A1",6,181,66,193.602209944751,19.4166666666667,9.19613259668508,-127.602209944751,10.2205340699816,0.993906285671349,-126.824638529643,10.1582530550729,9.6683856642596e-05,187,0.00398279803979627
"AMACR",2,32,659.5,779.09375,1.66666666666667,0.979166666666667,-119.59375,0.6875,1.062853954199,-127.110690084986,0.73071209351181,0.140484550924846,34,0.437208929513773
"GOLGA8H",5,68,119,282.720588235294,15.6,9.70588235294118,-163.720588235294,5.89411764705882,0.778033676585962,-127.380131197522,4.58582202317137,0.000831053567852957,73,0.0212877567765411
"SSU72P4",3,40,514,701.325,4.33333333333333,2.04583333333333,-187.325,2.2875,0.681129462758964,-127.592576611323,1.55808364606113,0.197145672369196,43,0.499869357098546
"EML4",5,62,873.4,1046.32258064516,1.6,1.12365591397849,-172.922580645161,0.476344086021506,0.742901177754507,-128.464388821639,0.353876582521771,0.198056970019098,67,0.500275380655067
"PPFIA1",3,94,531.666666666667,685.872340425532,1.22222222222222,4.56382978723404,-154.205673758865,-3.34160756501182,0.836607997729708,-129.009699961965,-2.79561561416298,0.231352811044604,97,0.531925105255603
"YWHAE",5,61,583.2,819.114754098361,2.9,1.8551912568306,-235.914754098361,1.0448087431694,0.550106639721475,-129.778272637767,0.574756226856536,0.0263985800932966,66,0.212250957852743
"ETDC",5,48,672.6,910.229166666667,2.8,1.46875,-237.629166666667,1.33125,0.547208029324997,-130.032588001808,0.728470689038902,0.019809942705872,53,0.183667125412215
"PRR20B",4,30,336.5,840.133333333333,18.75,2.01111111111111,-503.633333333333,16.7388888888889,0.259554053644919,-130.720073217369,4.344646464623,0.129777401639924,34,0.42612810318086
"SRP14",7,15,325,489.2,1,1.13333333333333,-164.2,-0.133333333333333,0.80065489247681,-131.467533344692,-0.106753985663575,0.0014745489271569,22,0.0318502568265891
"GGTLC2",6,35,645.666666666667,993.942857142857,8.91666666666667,1.52857142857143,-348.276190476191,7.38809523809524,0.378075384572764,-131.674654651823,2.79325694840306,0.160355677142293,41,0.461306714755382
"POTEC",6,114,56.8333333333333,192.175438596491,21.5,10.0526315789474,-135.342105263158,11.4473684210526,0.974555501219102,-131.898393230785,11.1560958692187,9.76762282032119e-05,120,0.00398279803979627
"POTEB3",6,108,47.6666666666667,184.222222222222,22.4166666666667,11.0246913580247,-136.555555555556,11.391975308642,0.967073152997837,-132.059211670482,11.0168734806019,1.14776128648641e-05,114,0.000705608323199952
"PRAMEF1",11,125,272.636363636364,434.368,4.36363636363636,4.36266666666666,-161.731636363636,0.000969696969698397,0.816837493484939,-132.10846446449,0.000792084842168379,0.00200521603928459,136,0.0410915040665703
"NUTM2F",14,247,334.285714285714,473.356275303644,5.5,2.33265856950068,-139.070561017929,3.16734143049932,0.957527852577076,-133.163935648187,3.03281763832442,0.102374815068744,261,0.389609296204476
"NBPF11",2,24,371,628.833333333333,5.75,4.03472222222222,-257.833333333333,1.71527777777778,0.519783195298848,-134.017433854553,0.89157256415844,0.0383988354993206,26,0.249046573640478
"ANKRD20A2P",6,182,72.3333333333333,206.032967032967,18.25,9.01007326007326,-133.699633699634,9.23992673992674,1.00364515368379,-134.186989411936,9.27360769292076,1.20153293328379e-06,188,0.000106696124475601
"STN1",8,116,426.625,588.948275862069,1.04166666666667,1.00862068965517,-162.323275862069,0.0330459770114944,0.829578441246437,-134.659890167671,0.0274142300986611,0.109565377356337,124,0.401172472724921
"OR5W2",5,130,284.2,407.223076923077,5.8,3.5974358974359,-123.023076923077,2.2025641025641,1.10149430236023,-135.509218289593,2.42611180955752,0.185478922964154,135,0.488578626344602
"RFPL4AL1",8,36,454.875,735.083333333333,4.6875,2.53703703703704,-280.208333333333,2.15046296296296,0.484437044578168,-135.743296866174,1.04176392225259,0.0448127801568112,44,0.266080043843414
"DEFB131A",4,5,733,901.8,3.25,1.4,-168.8,1.85,0.80475682529521,-135.842952109831,1.48880012679614,0.574916520807234,9,0.759074892482254
"CAMK2N2",10,64,547.2,675.265625,0.891666666666667,0.966145833333333,-128.065625,-0.0744791666666665,1.06226971013846,-136.04023434745,-0.0791169627863536,0.229702956552229,74,0.531271535568998
"GOLGA6L4",6,67,120,306.835820895522,15,9.09950248756219,-186.835820895522,5.90049751243781,0.729114025044452,-136.224617395619,4.30213549105831,8.43893591654722e-05,73,0.0035402626869207
"GOLGA6A",6,101,93.1666666666667,251.50495049505,20.5833333333333,10.4339933993399,-158.338283828383,10.1493399339934,0.862741362182575,-136.60498667575,8.75625535990747,0.00105575959950038,107,0.0253366120545437
"PYGO2",4,8,467,595,0.729166666666667,0.9375,-128,-0.208333333333333,1.06893922856245,-136.824221255993,-0.222695672617176,0.519497332906036,12,0.722100611970207
"FAM90A18P",6,30,476.833333333333,665.233333333333,7.58333333333333,3.18888888888889,-188.4,4.39444444444444,0.726873996703747,-136.943060978986,3.19420739662591,0.348529371851675,36,0.611238329368831
"RBMX",5,16,612.4,1055,3.4,1.14583333333333,-442.6,2.25416666666667,0.309553762224109,-137.008495160391,0.697785772346845,0.00440001926708427,21,0.0712735755502549
"H3C7",12,76,543.166666666667,735.105263157895,1.52777777777778,1.50877192982456,-191.938596491228,0.0190058479532165,0.714436567931406,-137.127952130764,0.0135784727823221,0.024730718014341,88,0.203760719969704
"PSPH",3,27,654.333333333333,994.518518518518,2.16666666666667,1.22222222222222,-340.185185185185,0.944444444444444,0.403217756521864,-137.168707172345,0.380816770048427,0.270445586329536,30,0.557360040718214
"ABCC5",2,14,873,1002.14285714286,0.666666666666667,1,-129.142857142857,-0.333333333333333,1.06242574633187,-137.204696383431,-0.354141915443958,0.615580852002523,16,0.784381783010045
"ANP32E",2,62,689,880.145161290323,2.5,1.19086021505376,-191.145161290323,1.30913978494624,0.718173249334527,-137.275341578443,0.940189173187943,4.17595005710775e-05,64,0.00208588705352532
"SMIM24",5,29,431,652.137931034483,0.783333333333333,0.982758620689655,-221.137931034483,-0.199425287356322,0.622541640440023,-137.66757034972,-0.124150545536028,0.0241654804988686,34,0.202682580547829
"MTRNR2L7",17,205,101.176470588235,233.941463414634,13.5343137254902,8.32926829268293,-132.764992826399,5.20504543280727,1.03740306968558,-137.73081110489,5.39973010984716,0.000269121221125085,222,0.00867264838399872
"RP9",7,96,535.714285714286,690.458333333333,1.02380952380952,1.18576388888889,-154.744047619048,-0.161954365079365,0.891019450487869,-137.879956275792,-0.144304489377127,0.0979234566603973,103,0.383079817132392
"LIF",4,7,215,384.714285714286,6.5,2.85714285714286,-169.714285714286,3.64285714285714,0.816091152406215,-138.502327008369,2.9729034837655,0.290754529776166,11,0.574138841454939
"ZNF264",13,116,502,676.103448275862,1.9551282051282,1.71408045977012,-174.103448275862,0.24104774535809,0.796831160178539,-138.731052680739,0.192074354592108,0.123245675144447,129,0.421291460972805
"PRR20C",4,25,335.75,945.88,19.75,1.86666666666667,-610.13,17.8833333333333,0.228293554503933,-139.288746409485,4.08264973304534,0.0824581910379158,29,0.355441458202596
"GTF2I",13,116,364.923076923077,533.974137931035,4.98717948717949,2.75431034482759,-169.051061007958,2.2328691423519,0.825690418377031,-139.583841290742,1.8436586563297,0.0252617438810468,129,0.206060564129585
"FAM90A7P",7,47,330.857142857143,511.404255319149,7.28571428571429,3.0886524822695,-180.547112462006,4.19706180344478,0.773949811312532,-139.734403622992,3.24831519084312,0.106033809882742,54,0.394516856882157
"KRTAP20-2",2,39,577.5,708.871794871795,1.5,1.2051282051282,-131.371794871795,0.294871794871795,1.06862282674843,-140.386898790912,0.31510673096428,0.766445187200447,41,0.873545756241968
"GOLGA6C",6,98,73.5,234.520408163265,21.3333333333333,10.8044217687075,-161.020408163265,10.5289115646258,0.873526395550601,-140.655576752944,9.19728216811866,0.000136907257625648,104,0.00501909542634945
"CAPN11",2,12,897.5,1112.25,1.5,0.986111111111111,-214.75,0.513888888888889,0.656513123330561,-140.986193235238,0.337374799489316,0.474280621141593,14,0.6952480644133
"DYRK4",3,52,513.666666666667,666.692307692308,1,1.11858974358974,-153.025641025641,-0.118589743589744,0.924920737625296,-141.53658877302,-0.10968611311582,0.538757416380859,55,0.733767769549391
"IFI27L2",10,163,437.8,597.877300613497,1.20833333333333,1.42126789366053,-160.077300613497,-0.212934560327199,0.884874314948182,-141.648291719122,-0.188420323198322,0.137400076957249,173,0.433347046188767
"CCL8",10,76,572.5,729.276315789474,2.2,1.32894736842105,-156.776315789474,0.871052631578948,0.904365223135514,-141.783047811311,0.787749707520672,0.0232208416964409,86,0.200097798872893
"PLG",6,46,619.166666666667,844.45652173913,3,1.3768115942029,-225.289855072464,1.6231884057971,0.629632389480278,-141.849789774941,1.02201199451871,0.139939108005054,52,0.437208929513773
"PRAME",17,267,157.529411764706,301.479400749064,11.8088235294118,7.68789013732832,-143.949988984358,4.12093339208344,0.987140164156062,-142.098815756282,4.06793886513745,0.0240637508467733,284,0.202682580547829
"OR8S1",5,66,349,541.242424242424,3.6,1.29545454545455,-192.242424242424,2.30454545454545,0.741322091649545,-142.513556043173,1.70841045666509,0.0925676711395102,71,0.375041927859822
"LRSAM1",3,29,475.333333333333,601.931034482759,0.777777777777778,1.61494252873563,-126.597701149425,-0.837164750957854,1.12578868952805,-142.522260074275,-0.942470607899918,0.372301756932021,32,0.627994014647681
"ZNF782",12,114,294.916666666667,484.482456140351,3.11111111111111,2.4327485380117,-189.565789473684,0.678362573099415,0.752247552833901,-142.600401232606,0.510296585548143,0.101111737235572,126,0.386880605771029
"PPIA",5,42,530.8,827.904761904762,3.3,1.86904761904762,-297.104761904762,1.43095238095238,0.481759040344828,-143.132904977117,0.689374245826765,0.000529058312963327,47,0.0149937377205777
"E2F5",2,17,743,871.823529411765,2,0.970588235294118,-128.823529411765,1.02941176470588,1.11150035432428,-143.18739858648,1.14419154121617,0.777311334880697,19,0.879925239145401
"PRAMEF26",15,202,195.066666666667,350.638613861386,7.80555555555556,5.21782178217822,-155.57194719472,2.58773377337734,0.921239500086523,-143.31902286115,2.38392256774315,0.023654408277286,217,0.201972255290673
"POTEB2",6,113,29.1666666666667,178.840707964602,26.75,11.5855457227139,-149.674041297935,15.1644542772861,0.960662215721349,-143.786196149243,14.5679182462228,8.60248711111782e-07,119,8.18465202286352e-05
"HP",5,31,786.8,977.935483870968,1.9,1.12903225806452,-191.135483870968,0.770967741935484,0.753119044118599,-143.947772910049,0.580630488852726,0.236761710094552,36,0.53325581523633
"ANKRD20A4P",6,177,66.5,210.435028248588,18.9166666666667,8.70527306967985,-143.935028248588,10.2113935969868,1.00030209795436,-143.978510726182,10.2144784381036,4.56128955852804e-11,183,6.07563769195935e-08
"HLA-DOB",2,23,642,780.826086956522,1,1.03623188405797,-138.826086956522,-0.036231884057971,1.04485935429521,-145.053735576722,-0.0378572229817105,0.705505379646802,25,0.838195992129454
"AK3",11,122,516.363636363636,675.590163934426,1.54545454545455,1.18306010928962,-159.22652757079,0.362394436164928,0.911773454179681,-145.178521040255,0.330421626837594,0.071136070258365,133,0.334986151892113
"ABCC3",5,57,428.2,766.070175438596,4.6,2.62280701754386,-337.870175438597,1.97719298245614,0.431996447992505,-145.958715672078,0.854140345416759,4.5319698594556e-05,62,0.00218471210211129
"PRAMEF7",15,218,184.333333333333,337.467889908257,8.39444444444444,6.33715596330276,-153.134556574924,2.05728848114169,0.956000807796737,-146.396759787222,1.96676944984237,0.0230165157204385,233,0.199943471345375
"POTEB",6,109,27.6666666666667,180.284403669725,27.3333333333333,11.6146788990826,-152.617737003058,15.7186544342508,0.959687651648816,-146.465357624421,15.0849985610854,8.48768864784076e-07,115,8.18465202286352e-05
"RAB5B",13,93,493.461538461538,680.516129032258,1.78846153846154,1.62186379928315,-187.05459057072,0.166597739178385,0.784131723557558,-146.675438503572,0.130634572362739,0.0522561852554478,106,0.284490076676798
"CST1",7,66,504.571428571429,721.393939393939,3.71428571428571,1.94191919191919,-216.822510822511,1.77236652236652,0.678239372034067,-147.05756358311,1.20208875714407,0.0415107860416779,73,0.257573138233765
"TRIM51GP",14,97,276.571428571429,456.216494845361,5.08333333333333,2.93470790378007,-179.645066273932,2.14862542955326,0.820140939973824,-147.334273515563,1.76217567944547,0.000415180313899985,111,0.0122893372914395
"RGPD6",4,2,612.5,949,3.125,0.666666666666667,-336.5,2.45833333333333,0.437873776649722,-147.344525842631,1.07643970093057,0.18409357803784,6,0.487615134082451
"NPIPA3",7,56,280.857142857143,471.821428571429,8.85714285714286,4.0625,-190.964285714286,4.79464285714286,0.777411918681173,-148.457911756723,3.72741250296241,0.0677801247191798,63,0.328536923385843
"HSPBAP1",4,14,312.75,452.5,1,1.10714285714286,-139.75,-0.107142857142857,1.06257996750795,-148.495550459236,-0.113847853661566,0.00962834496053258,18,0.119130635175093
"RFX2",3,14,643,786,1,0.892857142857143,-143,0.107142857142857,1.038987713109,-148.575242974587,0.111320112118821,0.379612662754987,17,0.634116524890796
"LDLR",2,44,752,990.477272727273,1.5,1.27272727272727,-238.477272727273,0.227272727272727,0.623017180436883,-148.575438052823,0.141594813735655,0.579924223797659,46,0.760810347450205
"ALKBH7",3,2,636,819,1,1,-183,0,0.81297334670816,-148.774122447593,0,0.69675641089641,5,0.834353796206789
"FBXO27",6,67,393.666666666667,618.134328358209,1.38888888888889,1.77363184079602,-224.467661691542,-0.384742951907131,0.6647578632267,-149.216643149563,-0.255760902601317,0.110453903719701,73,0.402162540743519
"POTED",4,109,37.25,187.816513761468,25.75,10.4159021406728,-150.566513761468,15.3340978593272,0.99526606277745,-149.853741337503,15.2615072026967,1.14599639085146e-05,113,0.000705608323199952
"FUNDC1",3,6,342.666666666667,587.166666666667,1,1.08333333333333,-244.5,-0.0833333333333333,0.616188750740514,-150.658149556056,-0.0513490625617094,0.170252296405402,9,0.470317497896752
"SNRPC",4,53,684.75,992.584905660377,2.625,1.08805031446541,-307.834905660377,1.53694968553459,0.489763410321543,-150.766273212237,0.752741719480044,0.0632801678243326,57,0.315689826000041
"SPDYE3",3,18,475.666666666667,887.166666666667,5.16666666666667,2.37962962962963,-411.5,2.78703703703704,0.36666543988868,-150.882828514192,1.02191016117123,0.0220268545781914,21,0.195940870838231
"KIF11",2,47,370.5,580.957446808511,1,1.95744680851064,-210.457446808511,-0.957446808510638,0.719919304650656,-151.512378764935,-0.689284440622969,0.000194385849329906,49,0.00669625736139919
"OR8D4",2,31,401.5,565.387096774194,3,1.80645161290323,-163.887096774194,1.19354838709677,0.926101885209194,-151.776149284042,1.10534741137872,0.217573468432506,33,0.5220343781675
"PRAMEF9",13,158,176.153846153846,345.430379746835,7.24358974358974,5.7542194092827,-169.276533592989,1.48937033430704,0.900911888422953,-152.503241544951,1.34179144044168,0.00189372208209991,171,0.0392088779278302
"ESPN",2,9,1060.5,1209.55555555556,1.25,1,-149.055555555556,0.25,1.02704064814879,-153.086114387956,0.256760162037198,0.72849895500718,11,0.850944701610257
"LACRT",2,15,753,947.866666666667,1,1.06666666666667,-194.866666666667,-0.0666666666666667,0.786051624957024,-153.175259983292,-0.0524034416638016,0.643385205415925,17,0.801173973462772
"CD46",7,156,217.857142857143,402.576923076923,1.89285714285714,3.29059829059829,-184.71978021978,-1.39774114774115,0.831482694319974,-153.591300551336,-1.1621975754857,1.13771740937046e-06,163,0.000103822872250735
"DBT",5,15,1126.2,1348.93333333333,1.2,0.9,-222.733333333333,0.3,0.692052799740285,-154.14322692882,0.207615839922085,0.230934524219064,20,0.531818799135771
"TRIM43B",12,127,296.916666666667,466.913385826772,5.94444444444444,3.31758530183727,-169.996719160105,2.62685914260717,0.907278000393452,-154.234283433027,2.38329151021989,0.0151775365917852,139,0.158298883934002
"PRAMEF4",15,207,174.133333333333,335.51690821256,8.10555555555556,5.512077294686,-161.383574879227,2.59347826086956,0.958083535592302,-154.618946006815,2.48476882165568,0.0140617983479656,222,0.15212984044171
"GOLGA8F",4,78,93.75,273.807692307692,19,12.3162393162393,-180.057692307692,6.68376068376068,0.859829789480368,-154.818967671244,5.74689654165511,0.00205990588949417,82,0.0417836747940036
"SLC9B2",3,21,486.333333333333,644.52380952381,2,1.66666666666667,-158.190476190476,0.333333333333333,0.983002579497964,-155.501646147249,0.327667526499321,0.385495733642647,24,0.637863748089448
"NBPF15",2,17,142,479.529411764706,13.5,5.04901960784314,-337.529411764706,8.45098039215686,0.46080986114503,-155.536881367658,3.89429510104918,0.00221922931626993,19,0.0439362313675594
"TRIM49",13,93,271.230769230769,460.591397849462,6.41666666666667,3.18996415770609,-189.360628618693,3.22670250896057,0.821472261902063,-155.554503906594,2.6506466085209,0.00257709843067074,106,0.048347818445823
"HRAS",7,83,334.428571428571,534.602409638554,1.57142857142857,1.51204819277108,-200.173838209983,0.0593803786574871,0.77724957578421,-155.585030831806,0.0461533741214376,0.0219030915612375,90,0.195804818520593
"PHYHD1",2,19,620.5,785.736842105263,1.5,1.06140350877193,-165.236842105263,0.43859649122807,0.942133715744562,-155.675200030529,0.413216541993229,0.678002136080678,21,0.820005004775541
"CD36",5,81,386,582.851851851852,0.983333333333333,1.46913580246914,-196.851851851852,-0.485802469135802,0.792294560782211,-155.964651502128,-0.384898653910864,0.0663111320548996,86,0.323316296362013
"GOLGA8N",5,80,124,306.475,15.1,10.0916666666667,-182.475,5.00833333333333,0.855125108942955,-156.038954254366,4.2827515872893,0.000126327674639169,85,0.00476231497979358
"ATP9A",2,23,871.5,1013.21739130435,1,0.978260869565217,-141.717391304348,0.0217391304347826,1.10145078320047,-156.094731645302,0.0239445822434885,0.171899319155649,25,0.472714341510903
"GBP2",3,80,451.333333333333,595.4125,2,1.3625,-144.079166666667,0.6375,1.08411421234057,-156.198272285519,0.691122810367115,0.521706578087333,83,0.723330724403648
"OR6C74",2,61,423.5,563.081967213115,2.5,1.26775956284153,-139.581967213115,1.23224043715847,1.12279780520508,-156.722326433092,1.38355685832647,0.00520090679561961,63,0.0799339367511383
"OR1L6",3,80,353.333333333333,520.225,4,1.51875,-166.891666666667,2.48125,0.939478286625788,-156.791097052122,2.33108049869024,0.00224118984829175,83,0.0439362313675594
"NUTM2E",9,157,374.888888888889,541.821656050955,4.27777777777778,2.36836518046709,-166.932767162067,1.90941259731069,0.940321374258621,-156.970449026629,1.79546147752991,0.121163687881471,166,0.41774814216942
"ACSM1",9,68,444.555555555556,639.558823529412,2.39814814814815,1.88725490196078,-195.003267973856,0.510893246187363,0.806047999773808,-157.181994099683,0.411804479187272,0.00503170369554223,77,0.0785073751051478
"B2M",4,35,405.5,622.457142857143,1.04166666666667,1.17142857142857,-216.957142857143,-0.129761904761905,0.724856876779458,-157.262876966423,-0.0940588090106678,0.04534498774964,39,0.266974892200693
"PRAMEF19",11,131,265.090909090909,433.488549618321,3.95454545454545,4.24809160305343,-168.397640527412,-0.293546148507978,0.938175589415859,-157.986555658044,-0.275397830897228,0.0383458853243969,142,0.249046573640478
"TPTE",6,90,429,604.711111111111,7.75,2.21111111111111,-175.711111111111,5.53888888888889,0.899203467145366,-158.000040327076,4.98058809302183,0.173272895552334,96,0.472773498345037
"ANKRD18B",6,184,65.8333333333333,228.260869565217,22,7.69836956521739,-162.427536231884,14.3016304347826,0.975516768673708,-158.450785288559,13.9514803085047,0.00538910385871532,190,0.0821941183947573
"TRBJ2-2",5,49,333.6,543.469387755102,1.2,1.25170068027211,-209.869387755102,-0.0517006802721089,0.755365796294578,-158.528157199488,-0.039052925522713,0.000867667502288766,54,0.021806285151861
"POTEH",6,195,47.3333333333333,189.723076923077,23.1666666666667,9.44188034188035,-142.389743589744,13.7247863247863,1.11767577254882,-159.145566669695,15.339861158623,0.000129251073664328,201,0.00480724835132638
"HEXA",2,36,642,807.972222222222,1,1.06944444444444,-165.972222222222,-0.0694444444444444,0.958873708383682,-159.146400210903,-0.066588451971089,0.655619356466136,38,0.807284797197045
"FAM236B",10,117,439.9,611.059829059829,2.475,1.75641025641026,-171.159829059829,0.718589743589743,0.931998135047583,-159.520641478824,0.669724300889962,0.0464832219677919,127,0.269198485483038
"GHRL",5,27,320,620.296296296296,1.15,1.03703703703704,-300.296296296296,0.112962962962963,0.531535286066287,-159.618077756498,0.0600438008334139,3.76058704960295e-05,32,0.00195159816236538
"MBD3L3",5,48,526.4,746.729166666667,4.9,1.34027777777778,-220.329166666667,3.55972222222222,0.725884228581188,-159.933467179769,2.58394621924109,0.141944216358479,53,0.439696967882544
"TXNL4A",3,7,577.333333333333,746.857142857143,1,1,-169.52380952381,0,0.94667993946722,-160.484789738253,0,0.344988597241184,10,0.607576868560232
"TNFRSF13B",6,77,171.333333333333,445.077922077922,12.4166666666667,5.42207792207792,-273.744588744589,6.99458874458874,0.586487663149803,-160.547824152718,4.10224000750777,0.000211251915257661,83,0.0070938038098287
"ACYP2",3,52,577.333333333333,717.384615384615,0.888888888888889,1.24038461538462,-140.051282051282,-0.351495726495726,1.14796862614686,-160.774477846516,-0.403506066241791,0.407444125640772,55,0.651934347186189
"FAM236A",9,93,475.777777777778,643.591397849462,1.75,1.83870967741935,-167.813620071685,-0.0887096774193545,0.961612544159445,-161.371682141739,-0.0853043385947892,0.134080831991826,102,0.431561692871504
"PLA2G10",6,12,486.166666666667,690.166666666667,2.83333333333333,1.20833333333333,-204,1.625,0.79369740066266,-161.914269735183,1.28975827607682,0.0807894760380253,18,0.354187201461706
"ELAC2",2,17,571.5,741.058823529412,1.5,1.26470588235294,-169.558823529412,0.235294117647059,0.954998610599103,-161.928440885407,0.224705555435083,0.619909027766811,19,0.787755396572775
"TMEM42",7,35,230.142857142857,544.028571428571,1.71428571428571,1.27142857142857,-313.885714285714,0.442857142857143,0.51675826166815,-162.203036076751,0.228850087310181,5.6065039606828e-10,42,3.73393163781474e-07
"TRIM48",16,135,246.9375,440.088888888889,5.44791666666667,2.93827160493827,-193.151388888889,2.5096450617284,0.843707932877061,-162.963359051778,2.11740744728599,4.23129474218483e-06,151,0.000307422796177647
"GOLGA6B",6,98,60.5,252.683673469388,24.3333333333333,10.7585034013605,-192.183673469388,13.5748299319728,0.849117907987511,-163.186598765682,11.526631193123,7.80469165566263e-07,104,7.79688696400697e-05
"CSTF2",6,10,709.833333333333,883.9,0.791666666666667,1,-174.066666666667,-0.208333333333333,0.938763685038297,-163.407465442333,-0.195575767716312,0.650083222364349,16,0.805748311590552
"PRAMEF17",6,96,289.666666666667,465,10.5,3.67881944444445,-175.333333333333,6.82118055555555,0.936472506511144,-164.194846141621,6.38784805222619,0.164696383811165,102,0.465107243610895
"HNRNPDL",3,8,393.666666666667,637.875,0.805555555555556,1,-244.208333333333,-0.194444444444444,0.673368784137686,-164.442268492957,-0.130932819137883,0.0797924292664494,11,0.353033228940526
"GTF2F1",2,4,643.5,864.5,1,0.875,-221,0.125,0.744282184714722,-164.486362821954,0.0930352730893403,0.447167482037764,6,0.676592676343394
"PRAMEF8",14,195,214.285714285714,382.733333333333,6.99404761904762,6.11111111111112,-168.447619047619,0.882936507936499,0.978703558689429,-164.860284214666,0.864133102414269,0.0385481219929893,209,0.249046573640478
"EIF4A3",2,19,753,1034.15789473684,2.75,1,-281.157894736842,1.75,0.586450111472744,-164.885078709863,1.0262876950773,0.0959468506659818,21,0.379983761408586
"FAM236D",12,97,481.75,671.60824742268,2,1.60309278350515,-189.85824742268,0.396907216494845,0.868509354615765,-164.893663937552,0.344717630440278,0.0828398751005118,109,0.355464775625385
"KRBOX1",6,50,619.5,829.84,1.25,1.45,-210.34,-0.2,0.785517885740823,-165.225832086725,-0.157103577148165,0.169459719208769,56,0.469115907592104
"WFDC2",7,48,187.571428571429,434.916666666667,2.46428571428571,2.34375,-247.345238095238,0.120535714285714,0.668093041805076,-165.249632495048,0.0805290720032905,8.35581700283324e-06,55,0.000575686978333131
"ACAD10",4,44,351,626.340909090909,0.916666666666667,1.27272727272727,-275.340909090909,-0.356060606060606,0.604130958545693,-166.341967335933,-0.215107235239754,0.0184930570847932,48,0.175530299550674
"NUTM2A",10,148,349.8,527.222972972973,4.55,2.51914414414414,-177.422972972973,2.03085585585585,0.938323381988996,-166.480124042542,1.90559953499882,0.0698465430053954,158,0.333583083438719
"SPG11",2,42,473,619.690476190476,0.625,1.54761904761905,-146.690476190476,-0.922619047619048,1.13593691812853,-166.631127442616,-1.04803703755906,0.377678523155532,44,0.632524467112114
"CGB2",2,13,436.5,956.384615384615,5.5,1.69230769230769,-519.884615384615,3.80769230769231,0.325046952529084,-168.986909897524,1.23767878078382,0.000815629134768795,15,0.0210274453066845
"SMC6",2,5,525,730,0.666666666666667,0.8,-205,-0.133333333333333,0.824962112291592,-169.117233019776,-0.109994948305546,0.458813147444887,7,0.683887700106408
"TM2D3",2,31,633,816.41935483871,0.291666666666667,1.17204301075269,-183.41935483871,-0.880376344086022,0.924074546410167,-169.493157125426,-0.813533370831532,0.124047022268821,33,0.42188529350969
"MMP17",2,38,683,884.315789473684,0.833333333333333,1.09649122807018,-201.315789473684,-0.263157894736842,0.842869335470981,-169.6829056935,-0.221807719860785,0.344992971662454,40,0.607576868560232
"POTEI",2,20,112,375.8,14.5,6.36666666666667,-263.8,8.13333333333333,0.643635588602136,-169.791068273244,5.23490278729737,6.15511830130812e-06,22,0.00043150618828118
"FAM90A1",8,49,412,639.775510204082,6.6875,2.37414965986395,-227.775510204082,4.31335034013605,0.747027976403157,-170.154678461952,3.2221933761097,0.105139450038791,57,0.393018935785791
"OR11H6",3,90,482.333333333333,657.111111111111,4,1.81481481481481,-174.777777777778,2.18518518518519,0.974106638136995,-170.252193532166,2.12860339444751,0.518714443250444,93,0.721723249336132
"CFAP221",2,44,564.5,734.590909090909,1.5,1.14772727272727,-170.090909090909,0.352272727272727,1.00213587203304,-170.454201506711,0.353025136738912,0.357707200862648,46,0.616180809988115
"ZNF484",5,67,356.6,606.432835820896,1.18333333333333,4.58208955223881,-249.832835820896,-3.39875621890547,0.683212278046453,-170.688860892,-2.32207197884296,0.0159678304332474,72,0.161947843683392
"NCOR1",5,37,462.4,617.945945945946,4.3,1.45945945945946,-155.545945945946,2.84054054054054,1.0986677962644,-170.893321650294,3.12081041587536,0.149128537255093,42,0.449047107115097
"BET1L",12,115,389.583333333333,604.834782608696,5.05555555555555,2.29130434782609,-215.251449275362,2.76425120772947,0.795273081681088,-171.183683401538,2.19833457651168,0.0157175072620854,127,0.159934625111037
"BCO2",3,33,712,899,1.11111111111111,1.2020202020202,-187,-0.0909090909090908,0.923830039997329,-172.7562174795,-0.0839845490906662,0.247098249963627,36,0.537613477993562
"GSTP1",10,136,494.5,691.507352941176,1.15,1.04411764705882,-197.007352941176,0.105882352941176,0.877182583287697,-172.811418779612,0.0928781558775207,0.082471707741237,146,0.355441458202596
"NPIPA8",8,49,407.25,636.265306122449,6.75,2.41156462585034,-229.015306122449,4.33843537414966,0.757837913885378,-173.556481839658,3.28783081347211,0.0542988035460504,57,0.291245663047003
"ARPC5",2,118,455.5,621.118644067797,1,1.31779661016949,-165.618644067797,-0.317796610169492,1.04948365737626,-173.814060305968,-0.333522348742455,2.20515116577177e-06,120,0.000180746863065265
"PRR20A",5,39,297,859.641025641026,16.9,1.85470085470085,-562.641025641026,15.0452991452991,0.310832584311509,-174.887164039678,4.67656921507307,0.0418916412679726,44,0.257781583614306
"SPINK2",6,81,346.666666666667,586.62962962963,1.25,1.440329218107,-239.962962962963,-0.190329218106996,0.736791092098665,-176.802573544713,-0.140232872467339,0.0163442260386736,87,0.16293841691089
"PRAMEF2",14,154,161.571428571429,357.48051948052,7.58928571428571,5.62987012987013,-195.909090909091,1.95941558441558,0.903070211425611,-176.919664147472,1.76948984608882,8.08504914163907e-08,168,1.46853892590862e-05
"INSL4",11,55,374.909090909091,625.981818181818,2.12121212121212,2.56060606060606,-251.072727272727,-0.43939393939394,0.708118784991699,-177.789314580916,-0.311143102496353,0.00515990135172826,66,0.0796099065695218
"CYP19A1",3,13,238.333333333333,512.769230769231,1.66666666666667,1.30769230769231,-274.435897435897,0.358974358974359,0.64899529144266,-178.107605238738,0.232972668723006,0.00347640058536707,16,0.0606624311752262
"MLLT10",3,26,883.666666666667,1061.61538461538,1.16666666666667,0.942307692307692,-177.948717948718,0.224358974358974,1.00861264543929,-179.481327162787,0.226291298656251,0.239315698955672,29,0.534311869916102
"PRAMEF11",15,221,186.8,370.045248868778,7.53333333333333,4.64705882352941,-183.245248868778,2.88627450980393,0.980818246575589,-179.730283688783,2.8309107038417,0.00625165321183198,236,0.0897680644672169
"PADI3",2,27,493.5,830.962962962963,2,1.46913580246914,-337.462962962963,0.530864197530864,0.533013482770449,-179.872309194924,0.282957774804066,0.00499501611845109,29,0.0782748408209041
"ZNF19",4,79,461.25,668.215189873418,1.54166666666667,1.35864978902954,-206.965189873418,0.183016877637131,0.870349588944488,-180.132067932147,0.159288664221381,0.243602086719893,83,0.536046762025366
"OR2W3",2,13,560.5,752.230769230769,2,1.12820512820513,-191.730769230769,0.871794871794872,0.940219942389173,-180.269092800386,0.819678924134151,0.175899982584858,15,0.474609271039224
"HNRNPA3",8,87,487.875,677.862068965517,1.875,1.47892720306513,-189.987068965517,0.396072796934866,0.951144847382328,-180.705221715823,0.376722599992905,0.068377504500297,95,0.329934730299849
"HSBP1L1",2,11,731.5,939.727272727273,1,0.924242424242424,-208.227272727273,0.0757575757575758,0.870168713529397,-181.192858030826,0.0659218722370755,0.306103913506996,13,0.583269215487255
"NUTM2B",9,143,351.111111111111,539.699300699301,4.59259259259259,2.32400932400932,-188.58818958819,2.26858326858327,0.963475975737257,-181.700189976004,2.18572547823948,0.0842248118989518,152,0.356962184301897
"UPK3B",3,15,647.333333333333,948.133333333333,4.33333333333333,0.9,-300.8,3.43333333333333,0.606256385831667,-182.361920858165,2.08148025802206,0.317989344175873,18,0.588825495517511
"PRAMEF20",15,181,199,395.154696132597,7.67222222222222,5.0414364640884,-196.154696132597,2.63078575813383,0.929982955921471,-182.42052412727,2.44658591574541,0.00504914799850425,196,0.0785073751051478
"RGPD3",4,39,683.75,851.102564102564,2.875,0.914529914529915,-167.352564102564,1.96047008547009,1.09806446048646,-183.763903012307,2.15272252670155,0.408881263391027,43,0.652271562847005
"MAN1B1",5,63,488.2,722.507936507937,1.06666666666667,1.04232804232804,-234.307936507937,0.0243386243386243,0.78454099254394,-183.824181068859,0.0190946484957784,0.164401448740532,68,0.464715907567544
"USP41",2,19,475.5,918.894736842105,3.5,1.71052631578947,-443.394736842105,1.78947368421053,0.414897132353315,-183.963204816342,0.742447500000669,0.00179197741084535,21,0.0376881143880947
"ADH1A",5,77,528.8,727.701298701299,2.2,1.42424242424242,-198.901298701299,0.775757575757576,0.926665283649875,-184.314928379368,0.718867613982934,0.0954616848935233,82,0.379404371061566
"OR10A6",2,152,203,374.480263157895,10.5,3.75767543859649,-171.480263157895,6.74232456140351,1.07536189686,-184.403341063526,7.25043892959665,0.325849808865294,154,0.59297804169691
"OR2T34",2,33,312.5,523.757575757576,4.5,1.73232323232323,-211.257575757576,2.76767676767677,0.873370773159922,-184.506192275285,2.41720799844261,0.0474195221268267,35,0.272645194847194
"RFPL4A",7,55,331.714285714286,664.127272727273,5.71428571428571,2.43939393939394,-332.412987012987,3.27489177489178,0.555515923915864,-184.660707602152,1.81925453005347,0.001077503626946,62,0.0255329655366762
"USP22",2,27,871.5,1146.37037037037,1,0.981481481481482,-274.87037037037,0.0185185185185185,0.672406677910559,-184.824672596786,0.0124519755168622,0.0163067320522145,29,0.16293841691089
"NOTCH2NLR",3,2,514.666666666667,821,4.33333333333333,1,-306.333333333333,3.33333333333333,0.60643278743968,-185.770577219022,2.02144262479893,0.543847113354213,5,0.737182179431288
"POTEF",2,24,170,429.041666666667,11,6.1875,-259.041666666667,4.8125,0.718510528792219,-186.124164895884,3.45783191981255,0.00136152160753582,26,0.0304159899452778
"OR5L2",3,75,387,562.333333333333,4,2.00444444444444,-175.333333333333,1.99555555555556,1.07452389454395,-188.399856176706,2.14427212733437,0.0110152465816828,78,0.128704460059662
"PHOSPHO2",2,4,311,597.5,1,1,-286.5,0,0.658655748583806,-188.70487196926,0,0.251795976404839,6,0.540868283017005
"CNOT6",2,25,718.5,1063.88,1,0.92,-345.38,0.08,0.546763003952852,-188.841006305236,0.0437410403162281,0.492646304634003,27,0.706609703272604
"PRAMEF27",14,184,142,344.711956521739,7.94047619047619,5.47282608695652,-202.711956521739,2.46765010351967,0.93267863556911,-189.06511102224,2.3015245316127,5.94305573325579e-07,198,6.24959229212899e-05
"GDF15",3,11,517.666666666667,719.272727272727,1,1.22727272727273,-201.606060606061,-0.227272727272727,0.938824663017714,-189.272741910814,-0.213369241594935,0.111813183869446,14,0.404348853160458
"PRAMEF33",6,89,258.833333333333,477.584269662921,11.4166666666667,3.7059925093633,-218.750936329588,7.71067415730337,0.86589833291335,-189.416071091025,6.67665989844703,0.0831576532046714,95,0.355464775625385
"PLAC8",4,6,454,705.333333333333,1.75,1.75,-251.333333333333,0,0.75616538967888,-190.049567939292,0,0.201903260330869,10,0.502571037733386
"TRIM77",13,128,272.846153846154,509.5390625,4.05128205128205,2.02473958333333,-236.692908653846,2.02654246794872,0.804788239510826,-190.487669260226,1.63093754507437,0.00114313970893972,141,0.0262527946949605
"NSD1",2,28,765,934.107142857143,7,1.03571428571429,-169.107142857143,5.96428571428571,1.13178245525375,-191.392497343804,6.75027392954916,0.846765568831595,30,0.91997694753971
"PRAMEF6",14,180,122.214285714286,337.166666666667,8.68452380952381,5.41388888888889,-214.952380952381,3.27063492063492,0.891315891486845,-191.590473055791,2.91516888001372,1.02102155103637e-09,194,5.6218872687611e-07
"C5orf46",8,10,333,615.2,0.96875,1.03333333333333,-282.2,-0.0645833333333332,0.681894111392301,-192.430518234907,-0.044038994694086,0.0174888837649043,18,0.170037906385785
"POTEM",6,180,65.6666666666667,249.466666666667,21.4166666666667,6.89537037037037,-183.8,14.5212962962963,1.05272335690903,-193.490552999879,15.2869077837077,0.00103698555833473,186,0.0251139047945792
"H4C7",14,59,495.571428571429,781.135593220339,1.79761904761905,1.54802259887006,-285.56416464891,0.249596448748991,0.677691098993046,-193.524292573951,0.169149291657465,0.00105886241569289,73,0.0253366120545437
"NUDT4B",6,57,454.5,684.456140350877,1.27777777777778,1.19590643274854,-229.956140350877,0.0818713450292397,0.84374707312136,-194.024820367337,0.06907870774093,0.0276683674007195,63,0.215942961197803
"CCL7",7,106,487,696.952830188679,2.21428571428571,1.44182389937107,-209.952830188679,0.772461814914645,0.925494847192014,-194.310262493003,0.714909429356095,0.000683651867610534,113,0.0182124857531446
"OR2M4",2,15,644,876.2,2,1.32222222222222,-232.2,0.677777777777778,0.840167879182394,-195.086981546152,0.569447118112512,0.156343123345651,17,0.456352900576494
"MYEF2",2,10,802,1002.3,0.666666666666667,0.95,-200.3,-0.283333333333333,0.975206475419625,-195.333857026551,-0.276308501368894,0.289076833496319,12,0.573845517462142
"POLN",2,2,530.5,832,0.666666666666667,1,-301.5,-0.333333333333333,0.648390678431162,-195.489789546995,-0.216130226143721,0.62805652263642,4,0.791957672595499
"PLEKHB2",7,55,584,803.963636363636,1.53571428571429,1.12727272727273,-219.963636363636,0.408441558441559,0.891806627904022,-196.165028806961,0.36425088892963,0.232499197408007,62,0.532312298805072
"FOSB",2,43,424,686.720930232558,0.75,0.965116279069767,-262.720930232558,-0.215116279069767,0.74691517135924,-196.23024862431,-0.160673612443557,0.0318826335749892,45,0.228516893759987
"NFYA",2,37,361.5,580.297297297297,1,1,-218.797297297297,0,0.903112913796126,-197.598664692879,0,0.0114389344285212,39,0.131729054686948
"RAB6A",5,39,677.6,849.717948717949,2.3,1.05128205128205,-172.117948717949,1.24871794871795,1.15133773686401,-198.165889550599,1.43769609705839,0.0700390908421134,44,0.333583083438719
"ZC4H2",2,18,633,824.888888888889,0.291666666666667,1.11111111111111,-191.888888888889,-0.819444444444445,1.03398378000122,-198.409998673567,-0.847292264167666,0.089341382961551,20,0.367252876597776
"NUTM1",5,29,483,715.137931034483,1.53333333333333,1.31609195402299,-232.137931034483,0.217241379310345,0.856233774701415,-198.764336941032,0.186009406228238,0.0463647108735828,34,0.269198485483038
"TSPY2",2,34,202,470.852941176471,7.16666666666667,7.56372549019608,-268.852941176471,-0.397058823529413,0.741268917315799,-199.292328623051,-0.294327364228333,0.00235580194207109,36,0.0450420313900291
"PRAMEF15",13,162,177.153846153846,391.691358024691,7.49358974358974,5.03497942386831,-214.537511870845,2.45861031972143,0.930159803629165,-199.554169912875,2.28690049219273,7.95451186472612e-05,175,0.00341787413026297
"GOLGA6D",6,114,53.5,262.456140350877,24.8333333333333,11.0219298245614,-208.956140350877,13.8114035087719,0.955231082625934,-199.601400168705,13.1930819262678,5.52354960528405e-08,120,1.10360521113575e-05
"OR10S1",2,12,316.5,538.333333333333,4.5,1.16666666666667,-221.833333333333,3.33333333333333,0.900002823821173,-199.650626417664,3.00000941273724,0.152375357147602,14,0.451700242701644
"GPAT2",2,18,717.5,983.166666666667,2.25,0.953703703703704,-265.666666666667,1.2962962962963,0.75228429818381,-199.856861884166,0.975183349497531,0.607595018257628,20,0.778547939598212
"PDE8B",2,37,530.5,708.108108108108,0.666666666666667,1.47297297297297,-177.608108108108,-0.806306306306306,1.12732592926229,-200.222225517491,-0.908970006026804,0.440935116800209,39,0.67165854266837
"MS4A7",5,12,820.4,1067.08333333333,1.1,0.930555555555556,-246.683333333333,0.169444444444445,0.814330525293702,-200.881768414535,0.137983783452544,0.373582263279587,17,0.628656664506201
"OAS1",7,102,414.428571428571,608.392156862745,1.14285714285714,1.35947712418301,-193.963585434174,-0.216619981325864,1.041059889327,-201.927708785569,-0.225514373785121,0.140939582575063,109,0.437942901998406
"TNXB",2,9,525,741.555555555556,0.666666666666667,0.944444444444444,-216.555555555556,-0.277777777777778,0.935321657337851,-202.549101127941,-0.259811571482736,0.386009543846979,11,0.638449560104524
"TRIM51",7,52,301.571428571429,565.038461538462,6.92857142857143,2.81730769230769,-263.467032967033,4.11126373626374,0.769267680702512,-202.676673392122,3.16266231915195,0.00972221126432096,59,0.119538326806851
"NDUFA10",2,29,663.5,868.034482758621,0.666666666666667,1.23563218390805,-204.534482758621,-0.568965517241379,0.994983037319834,-203.508340891814,-0.566111038475078,0.0705268317714248,31,0.334986151892113
"LHB",6,19,552.833333333333,845.631578947368,12.5,1.32456140350877,-292.798245614035,11.1754385964912,0.695503019808454,-203.642064019179,7.7725512915436,0.128504295860999,25,0.424733801704343
"ANKRD62",6,221,42.5,244.83257918552,23.5833333333333,6.85294117647059,-202.33257918552,16.7303921568627,1.01167477933447,-204.694767399686,16.9257157934733,1.90710588560351e-07,227,3.01202323585897e-05
"UQCRC2",4,15,767.25,957,0.958333333333333,0.9,-189.75,0.0583333333333332,1.08283800703776,-205.468511835415,0.0631655504105359,0.51157530618345,19,0.718038259047793
"RNF14",4,15,593.5,789.066666666667,1,0.9,-195.566666666667,0.1,1.05235650038849,-205.805852925975,0.105235650038849,0.228496745145549,19,0.530919934605002
"AADAT",2,39,421,629.25641025641,1,1.23076923076923,-208.25641025641,-0.230769230769231,0.988678604312224,-205.898657031382,-0.228156600995129,0.0267756042061801,41,0.212292290491856
"PCLAF",6,75,336.166666666667,574.426666666667,0.916666666666667,1.29333333333333,-238.26,-0.376666666666667,0.864219976681052,-205.909051644027,-0.325522857883197,0.000316923758937265,81,0.0100624900762763
"LYRM2",14,99,395.857142857143,641.787878787879,2.07142857142857,2.01683501683502,-245.930735930736,0.0545935545935552,0.838873917438498,-206.304879868749,0.0457971090087882,4.97832385499621e-07,113,5.68382346416139e-05
"NPIPA2",8,69,258.5,535.724637681159,7.8125,3.51207729468599,-277.224637681159,4.30042270531401,0.750446350625297,-208.042217651246,3.22723652534906,5.61273333265231e-05,77,0.00254869118150894
"POTEG",6,185,63.6666666666667,254.427027027027,21.75,6.88018018018018,-190.76036036036,14.8698198198198,1.091759414559,-208.264419348091,16.2342657810843,0.000850819992406391,191,0.0215182068965566
"NPIPA9",4,58,300,594.620689655172,14.125,2.47413793103448,-294.620689655172,11.6508620689655,0.707275825991784,-208.378091630131,8.24037309334393,0.162143860755759,62,0.461622494922968
"SEPTIN7",4,46,604.25,825.195652173913,2,1.4963768115942,-220.945652173913,0.503623188405797,0.944213270946316,-208.619816940497,0.475527698049051,0.355050881069462,50,0.615271646121072
"CCDC3",6,37,464.833333333333,689,0.680555555555556,2.01351351351351,-224.166666666667,-1.33295795795796,0.931386606557932,-208.78583097007,-1.24149918914685,0.0652619739714736,43,0.320771030738018
"H2AC11",11,63,598.363636363636,881.428571428571,1.09848484848485,1.03174603174603,-283.064935064935,0.0667388167388165,0.73967855455043,-209.377062012743,0.0493652714977739,0.0396360230551458,74,0.253012057713039
"ZFYVE28",2,60,410.5,613.75,1,1.40277777777778,-203.25,-0.402777777777778,1.03046905114688,-209.442834645603,-0.415050034489715,0.0086840130698196,62,0.109814291857592
"MBD3L5",4,72,403,675.958333333333,6.75,1.21527777777778,-272.958333333333,5.53472222222222,0.767545393475986,-209.507911360883,4.24815054583584,0.0494138325050527,76,0.27696369492152
"PPP4R3A",2,17,890,1150.41176470588,0.666666666666667,0.88235294117647,-260.411764705882,-0.215686274509804,0.804604328600299,-209.528433100796,-0.173542110090261,0.400107779242667,19,0.64767044506168
"OR4D11",2,25,663,890.88,1.5,1.04,-227.88,0.46,0.92087495719239,-209.848985245002,0.423602480308499,0.0186013176166355,27,0.176139490985961
"CBFB",3,14,972.666666666667,1181.28571428571,2.5,0.964285714285714,-208.619047619048,1.53571428571429,1.00919974804988,-210.538290295549,1.54984247021946,0.547209110242406,17,0.738626515399539
"FAM90A23P",5,30,297.4,590.333333333333,10.3,3.26666666666667,-292.933333333333,7.03333333333333,0.721208274734818,-211.265943945653,5.07249819896822,0.064332869642968,35,0.319346766575528
"LINC02218",4,18,421.25,1118.66666666667,12.875,2.58333333333333,-697.416666666667,10.2916666666667,0.303368956571409,-211.574566462177,3.12217217804742,0.0102535801081469,22,0.124161533673196
"TMEM80",4,7,562.25,846.714285714286,0.9375,0.928571428571429,-284.464285714286,0.0089285714285714,0.743952830000264,-211.628010391147,0.0066424359821452,0.315553006943023,11,0.587732634155628
"OR5AC2",2,68,277.5,464.352941176471,6,2.6078431372549,-186.852941176471,3.3921568627451,1.13504079489049,-212.085710880567,3.85023642188342,0.0596564478323346,70,0.304842922682876
"GOLGA2",6,99,84.8333333333333,316.515151515152,20.75,8.12626262626262,-231.681818181818,12.6237373737374,0.91819593562394,-212.72930381251,11.5910643489497,1.8180220372758e-05,105,0.00103783086585058
"OR2G2",2,6,523.5,801.833333333333,2,1.33333333333333,-278.333333333333,0.666666666666667,0.768037492143844,-213.77043531337,0.512024994762563,0.207891295980865,8,0.511535479519418
"H4C6",17,83,454.764705882353,750.975903614458,1.90686274509804,1.4718875502008,-296.211197732105,0.434975194897236,0.724879782661779,-214.717508634033,0.315304724740373,0.000118180570325615,100,0.00454789187832753
"NAALAD2",3,29,564,778.137931034483,1.11111111111111,2.16091954022989,-214.137931034483,-1.04980842911877,1.00315792473737,-214.814162504107,-1.05312364512659,0.21660798934577,32,0.5220343781675
"DGCR6",4,37,641.5,1080.35135135135,2.375,1.18468468468468,-438.851351351351,1.19031531531532,0.494171760692683,-216.86794497966,0.588220215148836,0.0142036990458666,41,0.152575218783018
"TRAV21",3,171,280,453.298245614035,3.22222222222222,3.58187134502924,-173.298245614035,-0.359649122807017,1.25895623905549,-218.17490753316,-0.452782507028728,0.0162387391466394,174,0.16293841691089
"POTEE",2,16,177,458.625,10.5,4.33333333333333,-281.625,6.16666666666667,0.77723398209287,-218.888520206905,4.7929428895727,0.000332371567965223,18,0.0103762248874143
"LRRC37A2",5,49,299.4,537.428571428571,3.73333333333333,3,-238.028571428571,0.733333333333333,0.919853263472944,-218.951358228374,0.674559059880159,0.0013789853401873,54,0.0304443393336378
"OR2T33",3,24,370.333333333333,642.833333333333,4.33333333333333,1.18055555555556,-272.5,3.15277777777778,0.806017887094595,-219.639874233277,2.54119528292324,0.0683748202018207,27,0.329934730299849
"CST5",6,51,478.333333333333,775.745098039216,4.41666666666667,1.86601307189542,-297.411764705882,2.55065359477124,0.739768601544663,-220.015885259401,1.88689344282879,0.0302424164892733,57,0.224625829537428
"OR9K2",5,102,364.4,589.941176470588,3.4,1.56209150326797,-225.541176470588,1.83790849673203,0.976024927829182,-220.133810487215,1.79384450787952,0.0486508780083997,107,0.275757317051866
"SLC37A3",2,20,851.5,1062.9,1,0.975,-211.4,0.025,1.04361071814633,-220.619305816135,0.0260902679536584,0.485946765317964,22,0.702002080059231
"WDR77",5,10,327.8,622.5,1,0.866666666666667,-294.7,0.133333333333333,0.74921760778267,-220.794429013553,0.0998956810376893,0.0221855100961807,15,0.196166122104538
"ABITRAM",4,7,370,619.142857142857,0.916666666666667,1.57142857142857,-249.142857142857,-0.654761904761905,0.888046975730876,-221.250560810664,-0.581459329347597,0.246405902605108,11,0.536587458752049
"OR8I2",3,56,417.666666666667,608.446428571429,2.33333333333333,1.55952380952381,-190.779761904762,0.773809523809524,1.17390595739664,-223.957499050713,0.90837960989026,0.176205060238385,59,0.475111619914027
"VMA21",8,41,411.125,636.487804878049,1.15625,1.19918699186992,-225.362804878049,-0.0429369918699187,0.993977496099821,-224.005556506715,-0.0426784036689202,0.038121521026165,49,0.248935000030644
"TRIM49D1",8,82,225.75,503.158536585366,9,2.91260162601626,-277.408536585366,6.08739837398374,0.807590466859047,-224.032489571661,4.91612489480254,2.90734408894923e-05,90,0.00154903293059215
"PABPC1",3,58,337,622.965517241379,0.916666666666667,1.04310344827586,-285.965517241379,-0.126436781609195,0.789822799754285,-225.862085460769,-0.0998626528424959,0.00211388376555352,61,0.0426620178138983
"PRAMEF12",14,204,124.571428571429,380.323529411765,7.80357142857143,5.67401960784313,-255.752100840336,2.1295518207283,0.883631805103272,-225.9906905245,1.8817397194111,4.30958550216071e-17,218,8.6105518333171e-14
"HIGD1A",15,71,447.066666666667,775.225352112676,1.83888888888889,1.46009389671362,-328.158685446009,0.378794992175274,0.689079840154676,-226.127534512505,0.261019992659529,0.000121651566443866,86,0.00462971104294943
"GABBR1",2,31,455.5,665.935483870968,1,1.32258064516129,-210.435483870968,-0.32258064516129,1.07941846877655,-227.147947776252,-0.348199506056951,0.00061630484297352,33,0.0168681791268643
"PLA2G4B",4,2,435.75,806.5,5.33333333333333,1,-370.75,4.33333333333333,0.6148486911355,-227.955152238487,2.66434432825383,0.588393336988757,6,0.765446521161065
"BBIP1",3,59,611.333333333333,960,1,1.09039548022599,-348.666666666667,-0.0903954802259888,0.657838632464416,-229.366403185926,-0.0594656390928286,0.143030428576196,62,0.442033714300447
"ABHD17A",6,10,401.333333333333,838.3,6.91666666666667,1.35,-436.966666666667,5.56666666666667,0.525708162950016,-229.716943603725,2.92644210708842,0.0392574762771564,16,0.25220719486096
"OR5L1",3,52,402,616.211538461538,5.33333333333333,1.64102564102564,-214.211538461538,3.69230769230769,1.07341889688818,-229.938713316105,3.96339285004867,0.275046401957898,55,0.561585375637094
"OR4C15",4,86,198.5,396.511627906977,10,3.23837209302326,-198.011627906977,6.76162790697674,1.16229120552625,-230.147173708215,7.85898065131992,0.113872898741352,90,0.406282235152181
"OR51B4",4,32,454,671.53125,1.75,1.125,-217.53125,0.625,1.06915823180125,-232.575326611516,0.668223894875781,0.0342400375533484,36,0.236309481974405
"KCTD10",13,49,626.769230769231,1022.73469387755,1,1.0578231292517,-395.96546310832,-0.0578231292517006,0.587925967644898,-232.79837805192,-0.0339957192175621,0.00723932364106563,62,0.097730869154386
"GGT2",3,15,292.666666666667,1065.66666666667,13.5,1.36666666666667,-773,12.1333333333333,0.303040135306247,-234.250024591729,3.67688697504913,0.00798298094456223,18,0.104590137227773
"OR10D3",2,29,500,715.827586206897,4,1.09770114942529,-215.827586206897,2.90229885057471,1.08778558648177,-234.774137441014,3.15707885731779,0.439926011331208,31,0.671239788121856
"TRIM49C",8,48,355.375,667.270833333333,6.1875,2.26388888888889,-311.895833333333,3.92361111111111,0.757981751663313,-236.411350086489,2.97402562284564,0.0225439387126026,56,0.197123805460744
"RGPD8",4,42,612.5,822.47619047619,3.125,0.904761904761905,-209.97619047619,2.2202380952381,1.12790532047609,-236.833262411397,2.50421836034275,0.193240364929599,46,0.495908339135272
"TRIM49D2",8,46,344,654.195652173913,6,2.23913043478261,-310.195652173913,3.76086956521739,0.767346691313884,-238.027607355604,2.88589081733265,0.00227877611973759,54,0.0442038319149098
"NPIPA5",3,57,268.333333333333,586.877192982456,8,3.52046783625731,-318.543859649123,4.47953216374269,0.74885693108694,-238.543777153431,3.35452870884559,0.0389815967611646,60,0.250838100897929
"DTX2",4,23,760.75,1037.91304347826,3.25,0.891304347826087,-277.163043478261,2.35869565217391,0.860996408001112,-238.636384865439,2.03082848408958,0.245980213716211,27,0.536587458752049
"FMO5",5,24,311.4,616.666666666667,1.2,2.20833333333333,-305.266666666667,-1.00833333333333,0.78975314374546,-241.085309680697,-0.796334419943339,0.00126559688210343,29,0.0285724584230808
"GOLT1B",5,22,339.4,616.363636363636,1,1,-276.963636363636,0,0.871954969792819,-241.499819179164,0,0.00449374860058342,27,0.0724073363223038
"PLSCR2",8,165,324.625,552.327272727273,1.75,1.36060606060606,-227.702272727273,0.38939393939394,1.07191387296532,-244.077225042097,0.417396765684982,0.0709304009618255,173,0.334986151892113
"ZCCHC12",5,77,473.4,740.220779220779,1,0.96969696969697,-266.820779220779,0.0303030303030303,0.915182688192119,-244.189757992789,0.0277328087330945,0.149512226731252,82,0.449549178343177
"PLSCR1",6,107,283.5,497.093457943925,1.44444444444444,1.31308411214953,-213.593457943925,0.131360332294912,1.14519442187828,-244.606036587077,0.15043311980021,0.00010140866747705,113,0.00401216866572565
"ZMAT1",2,22,384.5,618.909090909091,1.5,0.977272727272727,-234.409090909091,0.522727272727273,1.04511204801603,-244.983765073575,0.546308570553833,0.115843367464862,24,0.410381291125522
"POTEJ",2,20,153,482.85,12,4.325,-329.85,7.675,0.74395789353364,-245.394511182071,5.70987683287069,0.000234174285072591,22,0.00773355738140558
"FAM76A",5,26,513,732.423076923077,0.9,1.30769230769231,-219.423076923077,-0.407692307692308,1.1195671147052,-245.658861130507,-0.456438900610584,0.235026305832898,31,0.532761249789442
"CST2",5,40,342.2,798.075,5.9,1.69166666666667,-455.875,4.20833333333333,0.541664950555419,-246.931509334452,2.27950666692072,2.25641668129914e-06,45,0.000180746863065265
"NOMO3",3,31,543,775.774193548387,4.5,1.45161290322581,-232.774193548387,3.04838709677419,1.06418614133571,-247.71507083479,3.24405130181369,0.0709547445125257,34,0.334986151892113
"FAR2",5,35,533.6,911.857142857143,3.4,1.30952380952381,-378.257142857143,2.09047619047619,0.665380848320005,-251.685058597387,1.39096282101182,2.26159738570152e-06,40,0.000180746863065265
"TMEM176A",4,12,593.5,898.833333333333,1,0.972222222222222,-305.333333333333,0.0277777777777778,0.824695858345648,-251.807135414871,0.0229082182873791,0.0933491761080583,16,0.376411006788901
"OR1L4",3,70,361.333333333333,612.6,4,1.38095238095238,-251.266666666667,2.61904761904762,1.00905158314109,-253.541027790584,2.64275414632189,0.0250713251256244,73,0.20529716229917
"RXRB",2,15,572,864.133333333333,1,0.9,-292.133333333333,0.1,0.868429778576014,-253.69728598134,0.0868429778576014,0.432922705993823,17,0.6673050510669
"CR1",2,16,332,727.5625,3,1.69791666666667,-395.5625,1.30208333333333,0.641389227695455,-253.709526380283,0.83514222356179,0.044577944569169,18,0.265389312480653
"VPS45",2,32,530.5,746.65625,0.666666666666667,1.265625,-216.15625,-0.598958333333333,1.18297423890178,-255.707275327614,-0.708552278508881,0.366788454104301,34,0.624493678142645
"TRIM49B",11,76,257.818181818182,562.631578947368,5.74242424242424,2.37061403508772,-304.813397129187,3.37181020733652,0.846926484060562,-258.154538725178,2.85567536381904,2.57598669834032e-07,87,3.6392631786988e-05
"AKR1A1",4,22,593.5,911.409090909091,1,1.02272727272727,-317.909090909091,-0.0227272727272727,0.813754152510414,-258.699842848083,-0.0184944125570549,0.0245387765332951,26,0.203437657732463
"EIF2S3",2,93,349.5,618.94623655914,1,0.953405017921147,-269.44623655914,0.046594982078853,0.962074497840162,-259.227352732556,0.0448278439853839,0.000634682127692609,95,0.0171364174477004
"TPGS2",5,38,348,593.973684210526,0.95,1.27631578947368,-245.973684210526,-0.326315789473684,1.05511949991252,-259.53163067585,-0.344302152603031,8.3496352877198e-05,43,0.0035402626869207
"MEAF6",2,31,537,780,0.541666666666667,1.16129032258065,-243,-0.619623655913979,1.06930277315362,-259.840573876329,-0.6625652935804,0.310959641091365,33,0.586473854446065
"FRG1",5,31,360,894.612903225806,7.6,1.96774193548387,-534.612903225806,5.63225806451613,0.487659580198709,-260.70910395591,2.74662460331273,0.00591496097818257,36,0.0878668552744146
"OR8D2",2,92,185,421.54347826087,12,2.84057971014493,-236.54347826087,9.15942028985507,1.10381380488999,-261.099956761043,10.1102945607315,0.192678920446952,94,0.495886406677629
"CLEC12A",5,89,406.2,684.303370786517,1.2,1.05992509363296,-278.103370786517,0.140074906367041,0.94500166361595,-262.808148050462,0.132371019547702,0.00840407151210115,94,0.107636762058834
"PMM2",2,40,713,1134.75,1,1.01666666666667,-421.75,-0.0166666666666668,0.624298020084339,-263.29768997057,-0.0104049670014058,0.433549345500261,42,0.6673050510669
"RPP21",3,12,474.333333333333,751.166666666667,1.66666666666667,1.16666666666667,-276.833333333333,0.5,0.95291781155843,-263.799414166425,0.476458905779215,0.0832005230624847,15,0.355464775625385
"ATP2C2",2,20,713,952.3,1,0.95,-239.3,0.05,1.10303087245902,-263.955287779444,0.0551515436229512,0.615268035566678,22,0.784245955382598
"RASEF",3,15,355.666666666667,610.066666666667,1,1,-254.4,0,1.03892207180199,-264.301775066427,0,0.0347007679101564,18,0.237846086739254
"RPS9",2,13,632,889.923076923077,1.5,0.948717948717949,-257.923076923077,0.551282051282051,1.0315085161197,-266.04985034995,0.568652130681372,0.371669013531603,15,0.627909638292045
"PAK1",4,36,373,639.638888888889,1.25,1.375,-266.638888888889,-0.125,0.99832454405394,-266.192147177049,-0.124790568006742,0.0700156178967809,40,0.333583083438719
"OR5T1",3,81,287.666666666667,522.456790123457,6,1.83127572016461,-234.79012345679,4.16872427983539,1.13386606281862,-266.220552872648,4.72677498615334,0.0266176145644107,84,0.212252993261512
"FAM86B2",6,7,461.833333333333,692.571428571429,5.08333333333333,1,-230.738095238095,4.08333333333333,1.15433056446476,-266.348035719713,4.71351647156443,0.393045564418157,13,0.64245381846828
"RETSAT",2,10,455.5,678.3,1,1.15,-222.8,-0.15,1.1973674167131,-266.773460443678,-0.179605112506964,0.170420077118432,12,0.470317497896752
"DNAH8",3,44,392.666666666667,632.454545454545,1.66666666666667,1.35606060606061,-239.787878787879,0.310606060606061,1.11429205785163,-267.193728902422,0.346105866453914,0.218236057827866,47,0.5220343781675
"SLC41A3",7,44,367.857142857143,644.636363636364,0.880952380952381,1.18181818181818,-276.779220779221,-0.300865800865801,0.965521681788273,-267.236338730801,-0.290492454044524,0.000164141156258593,51,0.00589191626786466
"CDH5",2,9,731.5,948.222222222222,1,1,-216.722222222222,0,1.23423956157372,-267.487140538838,0,0.229407040719989,11,0.531271535568998
"CCDC77",2,15,871.5,1120.33333333333,1,0.877777777777778,-248.833333333333,0.122222222222222,1.07533111862101,-267.578226683528,0.131429358942568,0.0823599193490941,17,0.355441458202596
"FAM90A22P",4,27,285,659.740740740741,12.5,2.66049382716049,-374.740740740741,9.83950617283951,0.71936431501158,-269.575116269895,7.0781896180769,0.10498813536315,31,0.392820776134032
"DDT",11,64,550.272727272727,885.71875,1.40909090909091,1.14322916666667,-335.446022727273,0.265861742424242,0.81187166363696,-272.339120531992,0.215845615119391,0.00591138279042052,75,0.0878668552744146
"PCDHGA10",2,22,503.5,743.136363636364,1,1,-239.636363636364,0,1.1388749889407,-272.915860986153,0,0.283659901256223,24,0.56845785627877
"PCDHGA2",2,11,349.5,632.545454545455,1,1,-283.045454545455,0,0.969804051484511,-274.498628572457,0,0.0464588535490318,13,0.269198485483038
"WFDC12",2,23,643.5,1099.04347826087,1,0.920289855072464,-455.54347826087,0.0797101449275363,0.605025355929702,-275.615355076237,0.0482266588059908,0.172800349213275,25,0.472773498345037
"JPT2",7,124,227.285714285714,454.951612903226,1.78571428571429,1.5497311827957,-227.665898617512,0.235983102918587,1.21160900309693,-275.84205246313,0.285919252074909,5.27505554395971e-07,131,5.85531165379527e-05
"MBD3L2",4,70,382.25,748,7.125,1.27857142857143,-365.75,5.84642857142857,0.756989351278127,-276.868855229975,4.42568417157962,0.0215462921359311,74,0.194149621851002
"MCF2L2",2,19,455,740.526315789474,0.625,1,-285.526315789474,-0.375,0.976659179138041,-278.861897201256,-0.366247192176765,0.187594179043085,21,0.491558255381093
"GIMAP1",2,69,497.5,806.231884057971,0.666666666666667,1.10869565217391,-308.731884057971,-0.442028985507246,0.908425838434665,-280.460020626876,-0.401550551771845,0.33079024313015,71,0.596900917527389
"CDV3",6,83,365.833333333333,627.44578313253,1.88888888888889,1.56425702811245,-261.612449799197,0.324631860776439,1.07623288992624,-281.555922888073,0.349379485685559,0.0786844428239097,89,0.350137008379001
"ZDHHC24",4,19,374.25,666.526315789474,0.916666666666667,0.894736842105263,-292.276315789474,0.0219298245614036,0.967281137132462,-282.713367093729,0.0212123056388699,0.0163917026021466,23,0.16293841691089
"OR5D14",3,29,473.333333333333,759.827586206897,4,1.28735632183908,-286.494252873563,2.71264367816092,0.987215086272807,-282.831448567238,2.67796276276302,0.0972130416063809,32,0.381969827196753
"GRPEL1",3,7,384.666666666667,769.857142857143,0.916666666666667,1,-385.190476190476,-0.0833333333333334,0.73443883152468,-282.898843247768,-0.06120323596039,0.00926448421610227,10,0.116052911998573
"SMYD1",8,45,392.625,640.955555555556,0.822916666666667,0.977777777777778,-248.330555555556,-0.154861111111111,1.13987536489229,-283.065882627795,-0.176522365535404,0.0045238368427983,53,0.0725994057181607
"SEM1",5,58,522,883.086206896552,1,1.06034482758621,-361.086206896552,-0.0603448275862069,0.786825428341015,-284.111809409412,-0.0474808448136819,0.0162644859029484,63,0.16293841691089
"FTHL17",2,29,384.5,761.103448275862,1.5,1.09195402298851,-376.603448275862,0.408045977011494,0.755649597136466,-284.580243969859,0.308339778141891,0.0301226517663216,31,0.224152917054415
"CBWD5",2,21,497.5,785.857142857143,5.25,1.23809523809524,-288.357142857143,4.01190476190476,0.990897050602668,-285.732242377355,3.97538459587023,0.155409192361928,23,0.455958247194026
"FAM205C",3,38,402,658.236842105263,5,1.37719298245614,-256.236842105263,3.62280701754386,1.11667311568719,-286.13279282753,4.04549119981411,0.156305018407055,41,0.456352900576494
"KRTAP5-2",2,9,749.5,1400.33333333333,2,0.851851851851852,-650.833333333333,1.14814814814815,0.440339216088264,-286.587439804112,0.505574655508748,0.0421149022101718,11,0.257885209779007
"REXO1",2,47,523.5,969.617021276596,1.375,1.73404255319149,-446.117021276596,-0.359042553191489,0.642591503292105,-286.671007346324,-0.230717694001155,0.00224299079053607,49,0.0439362313675594
"POLE3",5,19,482.6,812.21052631579,0.9,0.964912280701754,-329.610526315789,-0.0649122807017544,0.877766070562958,-289.320936500399,-0.0569777975628587,0.0602978896051616,24,0.306943142499651
"TNN",3,40,547.333333333333,823.125,0.527777777777778,1.0125,-275.791666666667,-0.484722222222222,1.05134842547649,-289.953134509538,-0.5096119451268,0.0614149645176299,43,0.310258151975283
"NOS2",6,57,434,800.59649122807,4.66666666666667,1.74853801169591,-366.59649122807,2.91812865497076,0.792120280694916,-290.38851553335,2.31150888927932,0.00355600742144045,63,0.0617332303518311
"DDX21",3,18,795,1203.66666666667,1,0.962962962962963,-408.666666666667,0.0370370370370371,0.711290014339492,-290.680519193406,0.0263440746051664,0.00962942821860738,21,0.119130635175093
"KRTAP13-3",4,25,501.75,822.32,1,1,-320.57,0,0.907921623855327,-291.052434959302,0,0.112703404314143,29,0.405367059981384
"GMCL1",3,9,428.666666666667,709,0.777777777777778,1,-280.333333333333,-0.222222222222222,1.03973851095925,-291.473362572243,-0.231053002435389,0.204123926556811,12,0.50543302897229
"HRC",2,12,525,721.083333333333,0.666666666666667,0.833333333333333,-196.083333333333,-0.166666666666667,1.4944161103755,-293.030092309462,-0.24906935172925,0.430740402393562,14,0.666214397611537
"PRXL2C",4,21,438,790.952380952381,0.833333333333333,1.0952380952381,-352.952380952381,-0.261904761904762,0.835848049155859,-295.014559063963,-0.218912584302725,0.021247545838278,25,0.192528782697866
"PABPC4L",3,5,299.333333333333,878.8,1,1.26666666666667,-579.466666666667,-0.266666666666667,0.509715648836625,-295.363227979196,-0.1359241730231,0.228167889610795,8,0.530919934605002
"CORO1C",2,22,643.5,914.181818181818,1,1.22727272727273,-270.681818181818,-0.227272727272727,1.10016673498365,-297.79513212853,-0.250037894314467,0.333912894263409,24,0.598819816909974
"NF1",4,29,721,989.344827586207,3,1,-268.344827586207,2,1.11208378095596,-298.421930462043,2.22416756191191,0.14749856056991,33,0.446198971792046
"KLRD1",5,116,161.6,496.98275862069,8.4,2.44252873563218,-335.38275862069,5.95747126436782,0.90139455161414,-302.31219132601,5.37003213909895,0.000344374678301033,121,0.0106676063138832
"EIF4B",5,41,626.6,910.682926829268,1.63333333333333,1.24390243902439,-284.082926829268,0.389430894308943,1.06860076672223,-303.571233422451,0.41614615224386,0.159783257249116,46,0.461006423081203
"CDK20",4,14,529.5,860.285714285714,1.08333333333333,1.35714285714286,-330.785714285714,-0.273809523809524,0.919923125983346,-304.297428316348,-0.251883713066868,0.186278911259301,18,0.489395482835087
"CRACR2B",2,4,323,722.25,1,0.833333333333333,-399.25,0.166666666666667,0.777830297663278,-310.548746342064,0.12963838294388,0.0659265625669668,6,0.322572289420757
"PDCD6IP",4,19,855.5,1177.89473684211,1.75,0.973684210526316,-322.394736842105,0.776315789473684,0.964520636342042,-310.956376732272,0.748772599265532,0.262316042084586,23,0.551324972645386
"OR2AT4",2,21,316,673.428571428571,1.5,1.11904761904762,-357.428571428571,0.380952380952381,0.877385349126699,-313.602591930715,0.334242037762552,3.80766624927443e-06,23,0.000287083666643408
"TULP1",4,31,576.75,887,2.5,0.962365591397849,-310.25,1.53763440860215,1.01245904565029,-314.115418913001,1.55679186589237,0.191693991549111,35,0.495765676006406
"CBWD1",2,24,457,770.958333333333,5.5,1.34027777777778,-313.958333333333,4.15972222222222,1.00125531187214,-314.352448956524,4.16494397091259,0.0359452184550921,26,0.241569301682203
"IL6ST",2,11,706.5,997.545454545455,1.5,0.818181818181818,-291.045454545455,0.681818181818182,1.09850897181281,-319.71604302352,0.748983389872373,0.0653739521437447,13,0.320926674160201
"POLR2B",7,44,323.142857142857,712.681818181818,1,1.06818181818182,-389.538961038961,-0.0681818181818181,0.82198124212866,-320.193719052313,-0.0560441755996813,5.91983793748163e-09,51,1.81966710755205e-06
"MORF4L1",7,64,386.285714285714,772.03125,1.5,1.13802083333333,-385.745535714286,0.361979166666667,0.831937164152212,-320.916047066519,0.301143921398848,0.00165050070356787,71,0.0350819192098788
"PRR23D1",3,13,428.666666666667,1038.23076923077,10.6666666666667,1.35897435897436,-609.564102564103,9.30769230769231,0.527899874069129,-321.788812980651,4.91352959710497,0.0820624749604678,16,0.355441458202596
"ZCCHC18",5,99,394.2,724.59595959596,0.9,0.964646464646465,-330.39595959596,-0.0646464646464646,0.983735376705066,-325.022193774963,-0.0635950142516406,0.00568297352699417,104,0.0857037371489689
"ZFR2",2,17,473,1017.88235294118,0.625,1.04901960784314,-544.882352941176,-0.424019607843137,0.596675710311224,-325.118064977228,-0.253002200695691,0.0243254929233043,19,0.202788378474005
"CR1L",2,7,311,829.857142857143,1,1.21428571428571,-518.857142857143,-0.214285714285714,0.630171796928267,-326.969138063352,-0.135036813627486,0.0187249188457854,9,0.176473527612637
"CCHCR1",2,7,460.5,724.714285714286,0.666666666666667,1,-264.214285714286,-0.333333333333333,1.23913645195338,-327.397552555397,-0.413045483984461,0.430805306163216,9,0.666214397611537
"TCF12",3,34,643,932.470588235294,1,0.92156862745098,-289.470588235294,0.0784313725490196,1.13119356182096,-327.447265748292,0.0887210636722324,0.0767689686929771,37,0.345849829647279
"IGSF3",3,19,738.333333333333,1034.68421052632,9.16666666666667,0.947368421052632,-296.350877192982,8.21929824561403,1.11373175833097,-330.055383539066,9.15409348733438,0.516475752972242,22,0.7209629145658
"CBWD3",2,25,457,796.96,5.5,1.16,-339.96,4.34,0.973232655385551,-330.860173524872,4.22382972437329,0.0317756894650727,27,0.228516893759987
"GFI1B",2,27,725.5,1122.55555555556,1.5,0.975308641975309,-397.055555555556,0.524691358024691,0.837283053273308,-332.447887874685,0.439315182273032,0.246219416139495,29,0.536587458752049
"SBF1",2,11,543.5,877.272727272727,1,1,-333.772727272727,0,1.00972673338211,-337.019245601128,0,0.0812786946297258,13,0.354187201461706
"FAM86B1",6,7,386.5,679.285714285714,6.16666666666667,1.14285714285714,-292.785714285714,5.02380952380952,1.15433056446476,-337.971498838646,5.79913688338247,0.289050467725207,13,0.573845517462142
"PTPRJ",2,27,530,847.111111111111,1.5,1.16666666666667,-317.111111111111,0.333333333333333,1.06656291927532,-338.218952401306,0.355520973091772,0.244654111875442,29,0.536253169728591
"SRSF6",6,26,365.5,718.846153846154,0.916666666666667,1.38461538461538,-353.346153846154,-0.467948717948718,0.957195184326805,-338.221236861937,-0.447918259332415,0.000411233071808327,32,0.0122633384697468
"HACD3",2,21,503.5,790.761904761905,1,1.28571428571429,-287.261904761905,-0.285714285714286,1.1975992018946,-344.02462787758,-0.342171200541315,0.225810277151074,23,0.529230420818588
"NOTCH2NLA",3,4,505.666666666667,923.75,4.83333333333333,0.875,-418.083333333333,3.95833333333333,0.825777872421878,-345.243965495047,3.2687040783366,0.0456052103054226,7,0.266974892200693
"VOPP1",4,35,327.75,649.285714285714,1,1.27142857142857,-321.535714285714,-0.271428571428571,1.08275118934831,-348.143177060814,-0.293889608537397,4.06054464588183e-05,39,0.00205391600062579
"CLN3",2,26,595.5,956.115384615385,3.75,1.12179487179487,-360.615384615385,2.62820512820513,0.969408993632956,-349.583797088561,2.54780568839431,0.0018132213348693,28,0.0377376690319672
"NSF",2,33,455.5,799.515151515152,0.75,0.96969696969697,-344.015151515152,-0.21969696969697,1.01675982038148,-349.780783663052,-0.223379051447445,0.322591321968542,35,0.591318771828575
"HAUS1",2,9,543.5,906.555555555556,1,0.796296296296296,-363.055555555556,0.203703703703704,0.968195149546744,-351.508627904887,0.197224937870633,0.0781541256959228,11,0.34972439673114
"HLA-DRA",4,72,295.5,668.152777777778,4.5,1.24537037037037,-372.652777777778,3.25462962962963,0.953013878305355,-355.143269011263,3.10170720578085,0.00408303055489998,76,0.0679824587390846
"METTL9",4,25,593.5,898.44,1,1.06,-304.94,-0.06,1.17195493603291,-357.375938193875,-0.0703172961619746,0.0316044571920977,29,0.227962835631087
"PIGY",3,11,442.333333333333,873,0.861111111111111,1,-430.666666666667,-0.138888888888889,0.830398228393378,-357.624837028081,-0.115333087276858,0.0479647507989186,14,0.274201923022144
"LTBP4",5,35,663.6,1084.62857142857,0.766666666666667,1.03809523809524,-421.028571428571,-0.271428571428572,0.85110706404608,-358.340391308087,-0.231014774526793,0.0746347598673442,40,0.343213512385281
"OR2H1",2,10,390,821.9,4,1.13333333333333,-431.9,2.86666666666667,0.836155177515417,-361.135421168908,2.39697817554419,0.233427639620428,12,0.532761249789442
"BCOR",2,33,349.5,715.181818181818,1,1.01515151515152,-365.681818181818,-0.0151515151515151,0.98980362565488,-361.953189472432,-0.0149970246311345,2.07485879093107e-05,35,0.00116776559557191
"ALG1L2",5,11,318.6,913.272727272727,6.2,1.04545454545455,-594.672727272727,5.15454545454545,0.610241153582297,-362.89377109484,3.1455157643742,7.04325533785606e-05,16,0.00309284047583218
"OR2W1",4,40,322.25,669.225,4.25,1.35416666666667,-346.975,2.89583333333333,1.05644213809611,-366.559010865899,3.05928035823666,0.000780976816699494,44,0.0203972768596809
"AIMP2",2,12,713,1109.75,1,1.02777777777778,-396.75,-0.0277777777777777,0.929366218181837,-368.726047063644,-0.0258157282828287,0.44003090530566,14,0.671239788121856
"NAA50",11,72,323.727272727273,645.472222222222,1.97727272727273,1.19444444444444,-321.744949494949,0.782828282828283,1.15159487285821,-370.519834206406,0.901501036833445,0.00389034143195753,83,0.0658720523817894
"BAG1",8,20,294.25,768.75,1.25,0.975,-474.5,0.275,0.789789481511214,-374.755108977071,0.217192107415584,3.7495128813645e-07,28,4.68220421060392e-05
"CRTAP",3,14,643,999.785714285714,1,0.845238095238095,-356.785714285714,0.154761904761905,1.0508518520426,-374.928928639486,0.162631834244688,0.0412377715411283,17,0.257019705291426
"RBPMS2",2,6,554,984.833333333333,1,1,-430.833333333333,0,0.875910395015406,-377.371395185804,0,0.0409536925210259,8,0.255715142703386
"CSF2RB",5,51,354.4,705.823529411765,1,1.05555555555556,-351.423529411765,-0.0555555555555556,1.07638711717445,-378.267759730798,-0.0597992842874692,1.03897872682125e-05,56,0.000659009363869481
"RAD17",2,22,337.5,687.136363636364,1,1.25,-349.636363636364,-0.25,1.084041467075,-379.020316579131,-0.271010366768749,6.49237046605626e-05,24,0.00288261248692898
"TMEM106A",7,17,458,797.411764705882,1.36904761904762,1,-339.411764705882,0.369047619047619,1.1172364954246,-379.203210505878,0.412313468549553,0.0308835464236838,24,0.225201918812117
"CASP8",4,25,507.75,847.24,1.5,1.08,-339.49,0.42,1.12021590210432,-380.302096605395,0.470490678883813,0.0426037730598804,29,0.258192901715421
"PRR23D2",3,13,216.333333333333,940.230769230769,16.6666666666667,1.69230769230769,-723.897435897436,14.974358974359,0.527899874069129,-382.145365249222,7.90496221683003,0.0121492633575633,16,0.137531037894682
"ARL8B",2,30,530.5,964.066666666667,0.666666666666667,1.03333333333333,-433.566666666667,-0.366666666666667,0.883644498830682,-383.118799876356,-0.324002982904583,0.168883739438709,32,0.468978056148076
"SLC13A2",3,16,577.333333333333,976.0625,1,1.03125,-398.729166666667,-0.03125,0.967922745943979,-385.939029887954,-0.0302475858107493,0.05462196673201,19,0.291820074258141
"PLEKHJ1",2,19,554,1000.31578947368,1,0.929824561403509,-446.315789473684,0.0701754385964912,0.868338967012635,-387.553391593008,0.0609360678605358,0.0220512071659068,21,0.195940870838231
"DEFB127",2,9,455.5,1013.55555555556,1,0.962962962962963,-558.055555555556,0.037037037037037,0.697986031534678,-389.514982598102,0.0258513345012843,0.0109156109352379,11,0.127914314654576
"SLC15A1",2,16,287.5,844.4375,1,0.9375,-556.9375,0.0625,0.706587870848929,-393.525282320925,0.0441617419280581,6.13381343922996e-05,18,0.00275401331496212
"ENO4",5,27,371.8,783.259259259259,0.95,0.962962962962963,-411.459259259259,-0.012962962962963,0.959779911379592,-394.910331388164,-0.0124415914438095,3.51150476382507e-06,32,0.000269845635312404
"MAN2B1",3,28,361.666666666667,713.714285714286,2.66666666666667,1.69047619047619,-352.047619047619,0.976190476190476,1.12341804582285,-395.496648227063,1.09666999711278,0.116703187465846,31,0.410877477633058
"KBTBD6",3,8,597.333333333333,1105.5,1,0.8125,-508.166666666667,0.1875,0.779025987561983,-395.875039346081,0.146067372667872,0.0639196597992307,11,0.318482494461005
"COPS8",2,8,241,824.125,1,1.5,-583.125,-0.5,0.68473750899266,-399.287559931345,-0.34236875449633,0.00631847306221911,10,0.0898527343652226
"SLC9B1",3,19,516.666666666667,916,4.33333333333333,0.947368421052632,-399.333333333333,3.3859649122807,1.00392628438079,-400.90122956273,3.3992591734297,0.00114227975269849,22,0.0262527946949605
"ELP1",4,27,336.5,694.666666666667,1.125,1.61111111111111,-358.166666666667,-0.486111111111111,1.11964584948966,-401.019821758879,-0.544272287946361,0.00400772831007799,31,0.0672894215423178
"CD164",2,67,318,739.835820895522,1,1.17910447761194,-421.835820895522,-0.17910447761194,0.957164038775498,-403.766078028536,-0.171432365153821,0.0611080846410154,69,0.30949037544423
"SEC11A",2,30,525,881.466666666667,0.666666666666667,1.1,-356.466666666667,-0.433333333333333,1.13640495173974,-405.090485130158,-0.492442145753886,0.238998164419052,32,0.534311869916102
"HNF4G",3,15,467,802.8,0.805555555555556,1.1,-335.8,-0.294444444444445,1.20809441003485,-405.678102889703,-0.355716687399151,0.0328508500174377,18,0.231929322737952
"FAM205A",2,71,243.5,676.577464788732,8,1.13849765258216,-433.077464788732,6.86150234741784,0.936870607968766,-405.737547734191,6.42833987580446,0.0647965623977295,73,0.320174170184427
"UROC1",5,30,359.8,861.8,0.9,1.01111111111111,-502,-0.111111111111111,0.820353196817524,-411.817304802397,-0.0911503552019471,1.02023189004165e-05,35,0.00065755590848491
"ATP12A",4,19,473.5,876.105263157895,2.375,1.36842105263158,-402.605263157895,1.00657894736842,1.02932044721141,-414.409829523351,1.03609229225885,0.0307592350845811,23,0.225201918812117
"WWC3",2,26,243,781.653846153846,5,0.935897435897436,-538.653846153846,4.06410256410256,0.775458153818624,-417.703517085763,3.15154147128851,0.0721923915467335,28,0.338195541173209
"CBWD6",2,24,457,878.125,5.5,1.02777777777778,-421.125,4.47222222222222,0.994058754598614,-418.622993030341,4.44565165251047,0.0137273365998978,26,0.150286128912854
"EEF2KMT",6,12,433,779,6,1.08333333333333,-346,4.91666666666667,1.21195801564885,-419.337473414503,5.95879357694019,0.104127905175441,18,0.392134226101536
"B4GALNT2",4,28,541.25,943.107142857143,1.25,1.01785714285714,-401.857142857143,0.232142857142857,1.04783615241136,-421.080442390452,0.243247678238352,0.0363497347686163,32,0.243305762370839
"C1D",2,6,455.5,877.333333333333,1,0.833333333333333,-421.833333333333,0.166666666666667,1.00407026087856,-423.550305047274,0.16734504347976,2.22829434928038e-05,8,0.00123670336385061
"AP3S2",8,29,171.875,654.103448275862,2.625,1.13793103448276,-482.228448275862,1.48706896551724,0.886580945411313,-427.534553576644,1.3184070093401,4.3820262167845e-07,37,5.30623538250633e-05
"DPEP3",3,21,360.333333333333,870.571428571429,1.83333333333333,1.23809523809524,-510.238095238095,0.595238095238095,0.839657766915435,-428.425379642804,0.499796289830616,0.0516693567976157,24,0.281679058340072
"KRT80",2,14,507,1002.57142857143,0.666666666666667,0.964285714285714,-495.571428571429,-0.297619047619048,0.865267866596062,-428.802032745963,-0.257520198391685,0.142660070195469,16,0.44123037190487
"UBA5",2,19,514.5,919.947368421053,0.583333333333333,1.08771929824561,-405.447368421053,-0.504385964912281,1.05899686364661,-429.367491531667,-0.534143154909476,0.00599153864682862,21,0.0883475587923511
"ARHGAP23",4,21,573.75,953.809523809524,4.125,0.952380952380952,-380.059523809524,3.17261904761905,1.13505895550757,-431.389966125943,3.6011096624139,0.0207956047598957,25,0.190158436202616
"PDPN",3,39,334.666666666667,747.897435897436,1,1.12820512820513,-413.230769230769,-0.128205128205128,1.046109751919,-432.284737485298,-0.13411663486141,4.25707097626226e-08,42,9.45069756730223e-06
"OR5AS1",2,63,230.5,616.063492063492,7,1.21693121693122,-385.563492063492,5.78306878306878,1.12666524343199,-434.400985644203,6.51558259826014,1.52056865965299e-17,65,6.07619236397334e-14
"CBWD2",2,21,457,902.809523809524,5.5,0.976190476190476,-445.809523809524,4.52380952380952,0.980703983341663,-437.20717581165,4.43651801987895,0.010313837833384,23,0.124513885142606
"COPZ1",7,34,347.857142857143,774.705882352941,0.928571428571429,1.23039215686275,-426.848739495798,-0.301820728291317,1.02770024275942,-438.672553201384,-0.310181235734811,1.55804704866458e-05,41,0.000915581765656418
"EXO1",3,16,389.333333333333,774.375,0.888888888888889,1.09375,-385.041666666667,-0.204861111111111,1.15877838927022,-446.177962301919,-0.23738862835744,0.0246198762116609,19,0.203659462307673
"CDKN3",6,13,337.666666666667,846.615384615385,1,1.30769230769231,-508.948717948718,-0.307692307692308,0.87746705044678,-446.585730367132,-0.269989861675932,0.00386970347075723,19,0.0658014258261528
"DUSP11",2,32,129,574,4.25,1.60416666666667,-445,2.64583333333333,1.00596226889596,-447.653209658704,2.66160850312057,4.11274170367517e-08,34,9.45069756730223e-06
"CPB2",2,15,731.5,1128.06666666667,1,0.966666666666667,-396.566666666667,0.0333333333333333,1.13424959428496,-449.805580773605,0.0378083198094986,0.0365806831779335,17,0.244034073420739
"TRIM21",3,26,416,937.807692307692,2,1.17307692307692,-521.807692307692,0.826923076923077,0.866222768361532,-452.001703783111,0.716299596914343,0.000129925631116929,29,0.00480724835132638
"PRELID2",5,39,296.6,712.717948717949,1.2,1.35470085470085,-416.117948717949,-0.154700854700855,1.09041762499986,-453.74234536084,-0.168688538568355,4.19229971058297e-06,44,0.000307422796177647
"BTG4",4,7,418,1023.14285714286,0.833333333333333,0.928571428571429,-605.142857142857,-0.0952380952380953,0.750334884735322,-454.059795962689,-0.0714604652128879,0.0038551082734081,11,0.0658014258261528
"OR2A42",2,34,339.5,865.852941176471,2,1.46078431372549,-526.352941176471,0.53921568627451,0.865734124417014,-455.681702663732,0.466817420028782,0.0748482077456311,36,0.343542444213057
"HSDL2",2,17,643.5,1069.88235294118,1,0.911764705882353,-426.382352941177,0.0882352941176471,1.07043566401462,-456.414877094703,0.0944502056483485,0.195782029723476,19,0.497674930518455
"FXYD6",6,24,337.666666666667,892.333333333333,1,0.979166666666667,-554.666666666667,0.0208333333333333,0.826575527689134,-458.473892691573,0.0172203234935236,8.85895952387659e-06,30,0.000591756650903117
"RBIS",2,26,403,953.923076923077,3,0.993589743589744,-550.923076923077,2.00641025641026,0.83232276962426,-458.545821234535,1.66998094161791,0.000918011502678687,28,0.022784931457789
"RGMA",2,10,455.5,902.6,1,0.95,-447.1,0.05,1.02862812854996,-459.899636274686,0.051431406427498,0.00564609734382568,12,0.0857037371489689
"KIAA1109",2,31,370.5,783.322580645161,1,1.17741935483871,-412.822580645161,-0.17741935483871,1.11794255863146,-461.511932067295,-0.198344647499131,1.92591332242927e-07,33,3.01202323585897e-05
"MAL2",3,24,315,768.875,1,0.951388888888889,-453.875,0.0486111111111112,1.01938177087743,-462.671901256993,0.0495532805287639,0.000166613247814992,27,0.00589191626786466
"EXOG",3,10,485.666666666667,950,0.722222222222222,0.85,-464.333333333333,-0.127777777777778,1.01271459674086,-470.237144420007,-0.129402420694666,0.0343445551426181,13,0.236622141982589
"YTHDC1",2,11,572.5,1015.27272727273,2,1.18181818181818,-442.772727272727,0.818181818181818,1.06264540638405,-470.5104047085,0.869437150677857,0.289897244532388,13,0.574138841454939
"ACTR6",3,18,475.333333333333,954,0.777777777777778,0.888888888888889,-478.666666666667,-0.111111111111111,0.993842698467646,-475.719371666513,-0.110426966496405,0.0141628981780372,21,0.152547011103603
"TRIM39",3,18,474.333333333333,898.111111111111,1.66666666666667,0.953703703703704,-423.777777777778,0.712962962962963,1.12358114052829,-476.1487188861,0.801071739080355,0.0242448131886542,21,0.202682580547829
"RHOA",2,43,311,921.418604651163,1,1.29457364341085,-610.418604651163,-0.294573643410853,0.780103686999319,-476.189804101352,-0.229797985317629,0.00424620210289629,45,0.070114973566833
"SYCP2L",3,26,475.333333333333,922.153846153846,0.777777777777778,1,-446.820512820513,-0.222222222222222,1.07121663749848,-478.641567308934,-0.238048141666328,0.0190179685038381,29,0.178503873644385
"CEP78",8,34,81.75,550.352941176471,10.3229166666667,1.92647058823529,-468.602941176471,8.39644607843137,1.02326079881978,-479.503019917535,8.59175412146293,6.54260525442019e-07,42,6.70365399914438e-05
"OGT",2,37,399,817,1.125,0.927927927927928,-418,0.197072072072072,1.16697676964418,-487.796289711269,0.229978530053753,0.230623206278958,39,0.531818799135771
"ETNK2",3,22,270.333333333333,705.409090909091,1,0.93939393939394,-435.075757575758,0.0606060606060606,1.12728689266089,-490.455198829658,0.0683204177370236,0.000154116272566096,25,0.00559862386521926
"BICDL2",4,9,318.5,975.555555555556,1,0.944444444444444,-657.055555555556,0.0555555555555556,0.759755719596606,-499.201716426059,0.0422086510887003,0.00623665108942908,13,0.0897680644672169
"TFAM",2,51,279.5,918.647058823529,1,0.980392156862745,-639.147058823529,0.0196078431372549,0.781808956513891,-499.690895117746,0.0153295873826253,0.000319803863785559,53,0.0100624900762763
"CLCN4",2,21,491,942.809523809524,0.916666666666667,1.11904761904762,-451.809523809524,-0.202380952380952,1.12618065226448,-508.819144223112,-0.227917512958287,0.22142408413964,23,0.52478989605245
"TFEC",2,29,351,814.551724137931,1.5,1.18965517241379,-463.551724137931,0.310344827586207,1.10966239841561,-514.385917996589,0.34437798571519,0.0925562413189653,31,0.375041927859822
"LTO1",4,31,366.25,920.322580645161,1.125,1.03225806451613,-554.072580645161,0.092741935483871,0.928833120860421,-514.640964263833,0.0861417813701197,1.33421773138734e-05,35,0.000795751351436391
"CKAP2",2,16,421,939.875,1,1.05208333333333,-518.875,-0.0520833333333333,0.996632975504517,-517.127935164906,-0.0519079674741935,0.00263259418209678,18,0.0491581605217698
"EXOSC2",3,17,451,921.823529411765,1.11111111111111,0.941176470588235,-470.823529411765,0.169934640522876,1.10083627811219,-518.299621765292,0.187070217195536,0.026519444437031,20,0.212252993261512
"SZRD1",7,37,336.714285714286,884.891891891892,1.05952380952381,1.04054054054054,-548.177606177606,0.018983268983269,0.947807408074196,-519.566796075514,0.0179924829718074,2.87406207204715e-07,44,3.82825067996681e-05
"BRD7",3,18,451.333333333333,993.388888888889,1.33333333333333,0.935185185185185,-542.055555555556,0.398148148148148,0.960532150982803,-520.661788729956,0.38243409715056,9.92977726618259e-05,21,0.00400801918744097
"TRIM10",3,17,505.333333333333,998.764705882353,0.777777777777778,0.92156862745098,-493.43137254902,-0.143790849673203,1.05521950629956,-520.678409333891,-0.151730909402551,0.0156204062486557,20,0.159934625111037
"NOTCH2NLC",3,12,439,967.583333333333,5.5,0.916666666666667,-528.583333333333,4.58333333333333,0.995086229057298,-525.985995909203,4.56081188317928,0.00090401874624754,15,0.0225778681875323
"CDYL",2,32,370.5,864.375,1,0.9375,-493.875,0.0625,1.06637718644477,-526.657032955412,0.0666485741527982,2.93742614141234e-08,34,7.33622178817731e-06
"ALG1",6,16,314.666666666667,933.6875,6.75,1,-619.020833333333,5.75,0.850856438904711,-526.697861857826,4.89242452370209,0.000114414890832984,22,0.00448237160557453
"SUGP2",2,7,455.5,963.142857142857,1,0.928571428571429,-507.642857142857,0.0714285714285714,1.04789798187338,-531.957925512438,0.0748498558480987,0.0361537678917342,9,0.242400094790889
"ANKRD17",2,19,490.5,964.315789473684,0.625,1.13157894736842,-473.815789473684,-0.506578947368421,1.13620108009058,-538.350011763969,-0.575575547151147,0.0237569901513363,21,0.201984963073914
"RFX8",2,19,541.5,1054.05263157895,2,1.10526315789474,-512.552631578947,0.894736842105263,1.05139766082998,-538.896637894354,0.940724222847874,5.11475009436264e-05,21,0.0024331596877468
"MSMO1",3,12,414.666666666667,1373.75,2.33333333333333,0.861111111111111,-959.083333333333,1.47222222222222,0.563133042132,-540.091515158099,0.829056978694333,4.53781542730823e-05,15,0.00218471210211129
"KRTAP20-3",2,10,445.5,1130.4,2,1.13333333333333,-684.9,0.866666666666667,0.790520631293335,-541.427580372805,0.685117880454223,0.00111940969563216,12,0.0260067508357331
"JAM2",3,19,358.333333333333,868.315789473684,1,1.10526315789474,-509.982456140351,-0.105263157894737,1.06301702551908,-542.120033593229,-0.111896529002008,3.37658668382142e-05,22,0.00177537373533558
"NBR1",2,19,383.5,916.842105263158,1.5,1.02631578947368,-533.342105263158,0.473684210526316,1.03246155422981,-550.655218936201,0.489060736214122,0.0012553266532641,21,0.0285016210593372
"ACER1",2,2,455.5,1539.5,1,0.75,-1084,0.25,0.508418852400875,-551.126036002549,0.127104713100219,0.215726623583826,4,0.521418841510129
"CLEC7A",2,24,384.5,896.25,1.5,0.944444444444444,-511.75,0.555555555555556,1.11245158036431,-569.297096251434,0.618028655757949,0.00827510286544281,26,0.106928470619596
"SCAMP1",2,20,455.5,970.6,0.833333333333333,0.975,-515.1,-0.141666666666667,1.11442913734144,-574.042448644575,-0.15787746112337,0.0192249268391563,22,0.179492541236609
"RAB2A",4,65,369.75,949.553846153846,0.8125,1,-579.803846153846,-0.1875,1.00290264578712,-581.486811345242,-0.188044246085086,0.000579789840513707,69,0.0159782082944329
"LRRIQ3",2,39,311,861.538461538462,1,1.10683760683761,-550.538461538462,-0.106837606837607,1.06013845995649,-583.646996762199,-0.113262655978257,0.00243821537638106,41,0.0463957554477081
"TAX1BP1",2,26,300.5,808.5,1,1.12820512820513,-508,-0.128205128205128,1.16113327838796,-589.855705421085,-0.148863240818969,0.00296509715953739,28,0.0538569465886882
"RAD21L1",2,14,404,872.642857142857,1.5,1.60714285714286,-468.642857142857,-0.107142857142857,1.25977336842507,-590.383790731206,-0.134975718045543,0.00635299985033196,16,0.0900233595812997
"MCTP2",2,31,434,958.967741935484,2.75,1,-524.967741935484,1.75,1.13750333662237,-597.152558070726,1.99063083908915,0.028813921237499,33,0.218219227436862
"FER1L5",7,18,363.857142857143,957.833333333333,0.904761904761905,1.11111111111111,-593.976190476191,-0.206349206349206,1.01175131322769,-600.956190740268,-0.208774080507302,7.41597861385507e-05,25,0.00322111418923531
"DYNC2H1",2,30,370.5,973.9,1,0.927777777777778,-603.4,0.0722222222222222,1.00312103858488,-605.283234682114,0.0724476305644632,2.17968822220067e-07,32,3.225938568857e-05
"ACMSD",4,19,464,1044.26315789474,0.708333333333333,0.947368421052632,-580.263157894737,-0.239035087719298,1.08375476560203,-628.862962671702,-0.259055415461888,0.000473312713347934,23,0.0136068892268946
"CCNY",3,27,311.333333333333,901.222222222222,1,1.09259259259259,-589.888888888889,-0.0925925925925926,1.08802763814706,-641.815414546973,-0.100743299828432,1.68611881713819e-06,30,0.000143355974325196
"THOP1",3,6,349,1254.66666666667,1.63888888888889,0.75,-905.666666666667,0.888888888888889,0.720319931447605,-652.369751247714,0.640284383508982,0.015352626540683,9,0.158519774184899
"OR14C36",2,12,203.5,958.416666666667,7.5,1.19444444444444,-754.916666666667,6.30555555555556,0.913694668394296,-689.763333415327,5.76135249237514,0.00215731677063815,14,0.0433197880174373
"FBXO22",2,13,349.5,1052.23076923077,1,0.884615384615385,-702.730769230769,0.115384615384615,0.983699875968724,-691.276170531713,0.113503831842545,0.000449447970098514,15,0.0131094459015596
"USP37",4,21,415.5,956.047619047619,0.833333333333333,0.880952380952381,-540.547619047619,-0.0476190476190477,1.30012201873171,-702.777861696812,-0.0619105723205578,0.0022582036257667,25,0.0440184472612864
"MAPKBP1",3,17,292,879.588235294118,8.5,1.14705882352941,-587.588235294118,7.35294117647059,1.218106938554,-715.745306424466,8.95666866583824,1.80056602091357e-05,20,0.00103783086585058
"ESD",2,9,384.5,1076.88888888889,1.5,1.11111111111111,-692.388888888889,0.388888888888889,1.06781783112592,-739.345201629017,0.415262489882301,0.00327999505126335,11,0.0582527121104371
"ACP3",5,24,241.2,937.75,1.6,0.958333333333333,-696.55,0.641666666666667,1.08068430493518,-752.750652602598,0.693439095666739,5.05602186029919e-08,29,1.06336122914503e-05
"RBMS2",2,20,383.5,1084,1.5,0.925,-700.5,0.575,1.08221694000216,-758.092966471514,0.622274740501243,0.000189102525285317,22,0.00657090166121848
"SLC12A5",2,19,300.5,999.315789473684,1,0.903508771929825,-698.815789473684,0.0964912280701754,1.23618770916113,-863.867489915103,0.119281270182215,0.000243869023280223,21,0.00792276924412822
"MORN5",2,9,151,925.555555555556,11,0.888888888888889,-774.555555555556,10.1111111111111,1.26207086645866,-977.54400112037,12.7609387608598,0.00658738251149545,11,0.0930147721411159
"NPL",2,14,287.5,1233.14285714286,1,0.892857142857143,-945.642857142857,0.107142857142857,1.15148277446945,-1088.89146080007,0.123373154407441,5.8358543132917e-07,16,6.24959229212899e-05
