"Gene","n_outliers","n_normals","outlier_mean_rank","normal_mean_rank","outlier_mean_magnitude","normal_mean_magnitude","standard_effect_size","magnitude_effect_size","phylo_diversity_score","phylo_weighted_effect","phylo_weighted_magnitude","p_value","species_in_analysis","adj_p_value"
"SLC22A24",2,151,1317,414.615894039735,0.5,2.46688741721854,902.384105960265,-1.96688741721854,0.907708557373279,819.101775017768,-1.7853605399991,0.06325136772344,153,0.218047419763469
"SLC22A25",2,160,1021,425.3125,0.75,2.20364583333333,595.6875,-1.45364583333333,1.04588203530713,623.018854907017,-1.5203420627824,0.375879227531879,162,0.641104713799478
"KLK2",2,161,1193,588.012422360248,0.75,1.6092132505176,604.987577639752,-0.859213250517598,0.971461171406637,587.721940860377,-0.83469231083593,0.225711240081329,163,0.498127931024081
"HACL1",2,15,1139.5,650.333333333333,0.5,1.53333333333333,489.166666666667,-1.03333333333333,1.1812940582106,577.84967680802,-1.22067052681762,0.311873868415757,17,0.584810673337652
"NUP160",2,9,1193,552.444444444444,0.75,1.01851851851852,640.555555555556,-0.268518518518519,0.890740804398116,570.568970817237,-0.239180401180976,0.177475301974619,11,0.43179046932931
"OR4C13",2,178,828,311.724719101124,1.5,4.38951310861423,516.275280898876,-2.88951310861423,1.05436048254407,544.340254294117,-3.04658843551593,0.543842530744891,180,0.775989291062723
"OR10Q1",3,43,1061.66666666667,600.209302325581,0.666666666666667,1.4922480620155,461.457364341085,-0.825581395348837,1.17693247341964,543.104157191662,-0.971653553637146,0.215649106821046,46,0.486607181453707
"OR4P4",2,86,923.5,464.96511627907,0.75,2.20542635658915,458.53488372093,-1.45542635658915,1.12447437763218,515.610727994739,-1.63658964651506,0.525498713561449,88,0.768398510652527
"RPP40",2,128,1193,531.4453125,0.75,3,661.5546875,-2.25,0.762901158484496,504.700837494598,-1.71652760659012,0.208911772740516,130,0.481185445718468
"TMC5",2,46,1193,758.717391304348,0.75,1.2536231884058,434.282608695652,-0.503623188405797,1.09552934277986,475.769340885069,-0.551733980602898,0.284904787114062,48,0.567192186505451
"VN1R4",2,136,887,334.904411764706,0.75,4.80392156862745,552.095588235294,-4.05392156862745,0.853200680804708,471.048331751629,-3.45880864228183,0.48902475978815,138,0.737772342567226
"IGHG1",3,123,895.666666666667,483.219512195122,0.666666666666667,2.18563685636856,412.447154471545,-1.5189701897019,1.13772854204186,469.252899726223,-1.72817573933458,0.26147812344785,126,0.546593869255385
"ANXA9",2,4,967.5,622,0.75,1.25,345.5,-0.5,1.33242073610561,460.351364324489,-0.666210368052806,0.583486909692788,6,0.80541536979781
"ADGRE1",2,82,1193,738.780487804878,0.75,1.32723577235772,454.219512195122,-0.577235772357723,0.987322197096553,448.461006744613,-0.569917691006954,0.285297963542271,84,0.567192186505451
"FBLN7",2,21,1317,916,0.5,1.01587301587302,401,-0.515873015873016,1.10826594494533,444.414643923077,-0.571724495408305,0.0555235112973095,23,0.199664063495993
"IFNA16",2,96,875,421.666666666667,2.25,3.82638888888889,453.333333333333,-1.57638888888889,0.974399875692089,441.72794364708,-1.53603313737572,0.558722516918988,98,0.78618305692478
"MGAM",2,51,872.5,471.78431372549,0.75,2.19607843137255,400.71568627451,-1.44607843137255,1.09036044746702,436.924534993327,-1.57674672550378,0.598116408972726,53,0.814949534990804
"PRB3",3,116,939,536.422413793103,1.16666666666667,2.57183908045977,402.577586206897,-1.4051724137931,0.980871835681197,394.877015986864,-1.37829404496582,0.294090270745677,119,0.570495825878585
"OR10A6",3,151,719.666666666667,365.350993377483,1.66666666666667,3.88852097130243,354.315673289183,-2.22185430463576,1.07536189686,381.017574515485,-2.38929745957967,0.437971665619058,154,0.689825173154068
"ADAM28",2,6,923.5,477.5,0.75,0.916666666666667,446,-0.166666666666667,0.848691952311094,378.516610730748,-0.141448658718516,0.531506382430718,8,0.772339431057179
"GRK3",2,7,1035.5,641.714285714286,0.5,0.869047619047619,393.785714285714,-0.369047619047619,0.890798863063111,350.783866576209,-0.328747199463767,0.206525548496499,9,0.478414236011838
"PRR4",4,169,734,377.769230769231,1.875,3.73076923076923,356.230769230769,-1.85576923076923,0.984013535511825,350.535898688866,-1.82610204186329,0.294487907562806,173,0.570843399452235
"H2AC14",2,72,1193,678.875,0.75,1.80787037037037,514.125,-1.05787037037037,0.670549289306133,344.746153364515,-0.709354225029867,0.260178631976618,74,0.545623407186921
"ACAA1",2,50,923.5,621.7,0.75,1.06666666666667,301.8,-0.316666666666667,1.13131750523377,341.431623079551,-0.358250543324027,0.652658367577241,52,0.850587325226396
"OR51B4",2,34,941.5,630.058823529412,0.75,1.22058823529412,311.441176470588,-0.470588235294118,1.06915823180125,332.979897545395,-0.50313328555353,0.632841371744054,36,0.836849445529966
"DYDC1",2,5,1068,640.8,0.5,1.2,427.2,-0.7,0.773635517608408,330.497093122312,-0.541544862325886,0.424936374165072,7,0.681619856165337
"H4C12",2,101,1001.5,587.465346534653,1.25,1.98019801980198,414.034653465347,-0.73019801980198,0.798076838865047,330.431467418209,-0.582754127389082,0.50382649442888,103,0.75144752785917
"TFCP2L1",2,12,1317,810.5,0.5,1.5,506.5,-1,0.649641366942633,329.043352356444,-0.649641366942633,0.0278727149706096,14,0.117092289739876
"H2AC8",2,107,1001.5,584.523364485981,1.25,2.25856697819315,416.976635514019,-1.00856697819315,0.777513343902773,324.204898207833,-0.784174283764869,0.501478491533382,109,0.749342469356467
"H2BC14",2,70,1193,719.514285714286,0.75,1.58095238095238,473.485714285714,-0.830952380952381,0.683798012785604,323.768590510944,-0.568203586814704,0.277075658254148,72,0.565327733708045
"PRAMEF2",3,165,690.666666666667,334.8,2.33333333333333,5.8560606060606,355.866666666667,-3.52272727272727,0.903070211425611,321.372585905994,-3.18127006297658,0.432652165024796,168,0.688082840663294
"CXCL6",2,84,1193,732.107142857143,0.75,1.6984126984127,460.892857142857,-0.948412698412698,0.663040136558082,305.590462938645,-0.628835685068975,0.288612528866743,86,0.568160010514894
"PRSS1",3,135,673,425.296296296296,1,2.48518518518518,247.703703703704,-1.48518518518518,1.22034391038182,302.283706393838,-1.81243669653004,0.251252880604327,138,0.534183383197813
"PRSS3",3,104,673,424.903846153846,1,2.73717948717949,248.096153846154,-1.73717948717949,1.2093573447448,300.036905856782,-2.10087077196052,0.249906467493262,107,0.5321969026568
"OR5AC2",2,68,712,451.573529411765,1,2.75490196078431,260.426470588235,-1.75490196078431,1.13504079489049,295.594668186995,-1.9918853165235,0.311170102869034,70,0.584534492305381
"HSD3B1",3,87,937.333333333333,640.689655172414,0.833333333333333,2.10727969348659,296.64367816092,-1.27394636015326,0.981913485074323,291.278427848254,-1.25090511029583,0.410957923434383,90,0.670892293962687
"RAB2A",2,67,1193,907.671641791045,0.75,0.996268656716418,285.328358208955,-0.246268656716418,1.00290264578712,286.156565365857,-0.246983487395336,0.422885298124477,69,0.680837513246617
"OR6C4",2,67,915.5,603.671641791045,0.75,1.16169154228856,311.828358208955,-0.411691542288557,0.904485836244749,282.044333339454,-0.372369168901756,0.64802250647531,69,0.849444363557636
"GPBP1",2,36,1193,906.527777777778,0.75,1.19444444444444,286.472222222222,-0.444444444444444,0.976033642740007,279.60652659938,-0.43379273010667,0.416882399448593,38,0.674387672082367
"ZNF559",4,103,785.25,397.776699029126,1.125,5.00485436893204,387.473300970874,-3.87985436893204,0.705031785450828,273.180993198021,-2.73542065301735,0.224688166688641,107,0.496826148477901
"DEFB103B",2,66,1001.5,541.106060606061,1.25,2.72979797979798,460.393939393939,-1.47979797979798,0.58957094920008,271.434891854449,-0.872445899573856,0.469092629200916,68,0.71975281274339
"PRAMEF1",4,132,743.25,411.530303030303,1.25,4.45707070707071,331.719696969697,-3.20707070707071,0.816837493484939,270.961085812311,-2.61965559779261,0.255581530463665,136,0.540319206392845
"KLK3",3,193,851.333333333333,565.523316062176,1.16666666666667,1.75,285.810017271157,-0.583333333333333,0.944647561923841,269.98973598861,-0.551044411122241,0.421602923419801,196,0.679191392660876
"H2BC8",2,117,916,584.82905982906,1.75,2.12678062678063,331.17094017094,-0.376780626780627,0.814259652688481,269.659134724107,-0.306797262302141,0.630404361944322,119,0.834048910258488
"OR10W1",2,63,882,636.142857142857,0.75,1.38095238095238,245.857142857143,-0.630952380952381,1.08784660154979,267.454857323885,-0.686379403358799,0.59219478899319,65,0.811008901278409
"SEPTIN11",2,48,1317,1023.5,0.5,1.01388888888889,293.5,-0.513888888888889,0.904698966531925,265.52914667712,-0.464914746690017,0.140947308310323,50,0.378126608434163
"KRTAP2-1",3,104,862.666666666667,622.855769230769,0.833333333333333,1.53525641025641,239.810897435897,-0.701923076923077,1.08163989263544,259.389033355372,-0.759228001561411,0.419024834934999,107,0.676289001658525
"OR4A16",4,69,739.25,489.391304347826,4.625,3.36473429951691,249.858695652174,1.26026570048309,1.03588569650795,258.825048974221,1.30549121293001,0.515245079440724,73,0.759782952922467
"DEFB103A",2,66,1001.5,564.257575757576,1.25,2.27525252525253,437.242424242424,-1.02525252525253,0.58957094920008,257.78543109115,-0.60445910448291,0.485617897820063,68,0.736187555510788
"OR5W2",3,132,631,397.477272727273,4.16666666666667,3.66792929292929,233.522727272727,0.498737373737375,1.10149430236023,257.22395356253,0.54935637554582,0.625691853562687,135,0.832026877027634
"SYNM",2,21,1089,812.380952380952,0.75,0.976190476190476,276.619047619048,-0.226190476190476,0.929302135872453,257.062671775385,-0.210199292637817,0.19160214188854,23,0.454836482429136
"CYP4F11",11,248,612.818181818182,369.665322580645,1,3.33669354838709,243.152859237537,-2.33669354838709,1.02216367378538,248.542019889659,-2.38848326192994,0.0486745027819465,259,0.1809195956888
"ZNF426",3,117,610.333333333333,315.162393162393,15.6666666666667,13.9415954415954,295.17094017094,1.72507122507122,0.836612533601649,246.943708101991,1.44321620825014,0.432502459224936,120,0.688082840663294
"H2BC3",2,108,875,568.240740740741,2.25,2.08641975308642,306.759259259259,0.163580246913581,0.801169927198544,245.76629340822,0.131055574510873,0.67409719843498,110,0.864710839229554
"CT45A7",4,182,747.5,486.884615384615,1.125,2.42673992673993,260.615384615385,-1.30173992673993,0.939409600165919,244.824594258626,-1.22286698409877,0.334116307680602,186,0.604184022124161
"MYO9B",2,9,1193,948.111111111111,0.75,1.05555555555556,244.888888888889,-0.305555555555556,0.996226025395818,243.964684441376,-0.304402396648722,0.467183557029733,11,0.718338215315735
"CLEC4E",4,8,809.25,561.75,0.875,1.375,247.5,-0.5,0.982536081848097,243.177680257404,-0.491268040924049,0.434284344765099,12,0.688583126742235
"CYP4F8",7,244,600.714285714286,364.770491803279,1,3.51775956284153,235.943793911007,-2.51775956284153,1.02712747172457,242.344352508915,-2.58606001419177,0.0266264449372421,251,0.113289195511793
"H4C5",2,72,1193,695.638888888889,0.75,2.0625,497.361111111111,-1.3125,0.483117411228646,240.283812445803,-0.634091602237598,0.270443205377608,74,0.556431571379283
"H2BC7",2,106,886,591.216981132075,1,2.05031446540881,294.783018867925,-1.05031446540881,0.810486612328574,238.917690334254,-0.85126581294888,0.132735692279745,108,0.365880610408536
"CLCNKB",3,95,913,692.684210526316,0.833333333333333,1.08421052631579,220.315789473684,-0.250877192982456,1.07966751233627,237.867800349453,-0.270863954849274,0.551088507631937,98,0.780484699426694
"H2AC7",2,120,886,601.433333333333,1,1.87083333333333,284.566666666667,-0.870833333333333,0.833620726569145,237.220671424026,-0.725944716053963,0.151288622280507,122,0.392959413537737
"ZNF665",5,202,520.6,245.529702970297,1.7,7.12046204620462,275.070297029703,-5.42046204620462,0.854636615858858,235.085147776756,-4.6325253395597,0.0694649570144333,207,0.233006332065102
"CLCA4",5,47,659,468.297872340426,0.9,1.71276595744681,190.702127659574,-0.812765957446808,1.21096321740643,230.933262076891,-0.984229678828208,0.389051926829557,52,0.653757353572754
"PRAMEF33",2,93,720,458.258064516129,1.25,4.25627240143369,261.741935483871,-3.00627240143369,0.86589833291335,226.641905588997,-2.60312626068485,0.292421729906606,95,0.56937256352158
"MYO1C",2,56,1193,831.392857142857,0.75,1.94642857142857,361.607142857143,-1.19642857142857,0.625309294324774,226.116307322798,-0.748137905709998,0.345599305378177,58,0.613223839977265
"IGKV4-1",3,148,576.333333333333,363.256756756757,2,8.12387387387388,213.076576576577,-6.12387387387388,1.05641348257667,225.096968316775,-6.46934292595938,0.667198505099742,151,0.859920685910339
"IQGAP1",2,23,1317,926.260869565217,0.5,1.17391304347826,390.739130434783,-0.673913043478261,0.573830896732077,224.218185605703,-0.386712126058574,0.0800271208283053,25,0.257525697936406
"OR5H2",3,154,517.666666666667,303.987012987013,1.66666666666667,4.45779220779221,213.679653679654,-2.79112554112554,1.04853402777353,224.050387925981,-2.92659010565794,0.458902399984465,157,0.712061740593472
"TNFRSF13B",2,81,798,416.086419753086,3.75,5.98148148148148,381.913580246914,-2.23148148148148,0.586487663149803,223.987603204187,-1.30873635943613,0.64983921754327,83,0.849444363557636
"UGT3A1",2,104,758,499.298076923077,1,1.84615384615385,258.701923076923,-0.846153846153846,0.860053359955467,222.497458169248,-0.727737458423856,0.424900679326028,106,0.681619856165337
"HGSNAT",2,57,1193,913.947368421053,0.75,1.52046783625731,279.052631578947,-0.77046783625731,0.795054487442882,221.862046969587,-0.612563910646782,0.427331718610717,59,0.682946654880614
"F2RL1",2,4,923.5,656.25,0.75,0.833333333333333,267.25,-0.0833333333333333,0.826658085333778,220.924373305452,-0.0688881737778148,0.689377752330057,6,0.873278151682058
"OR6K3",4,116,564,345.741379310345,3.875,5.67097701149425,218.258620689655,-1.79597701149425,1.01109339230029,220.679849191885,-1.81590048904506,0.510818100678231,120,0.755386359407028
"PRH2",4,168,619.5,393.625,2.625,3.52579365079365,225.875,-0.90079365079365,0.976686241007529,220.609004687576,-0.879792764717099,0.466511277540872,172,0.718322904074425
"SCYGR3",2,89,919,699.078651685393,0.75,1.4625468164794,219.921348314607,-0.7125468164794,0.981046936410016,215.753165015205,-0.699041871355826,0.737152957372529,91,0.897567883324519
"PRDM16",2,32,919.5,738.3125,0.75,1.203125,181.1875,-0.453125,1.19053959534913,215.710892932321,-0.539463254142575,0.779477251213301,34,0.912124521907907
"SERPINB6",3,154,774.333333333333,557.506493506493,1,2.40909090909091,216.82683982684,-1.40909090909091,0.989978554885197,214.653921552099,-1.39496978188369,0.209653470009833,157,0.481392370066515
"ECHDC3",3,2,699.333333333333,438,0.833333333333333,1.5,261.333333333333,-0.666666666666667,0.82134555652864,214.644972106151,-0.547563704352427,0.549131013059907,5,0.779291389071541
"OR1R1P",2,31,815.5,620.451612903226,0.75,1.25268817204301,195.048387096774,-0.502688172043011,1.09300450610314,213.188766004923,-0.54944043720776,0.709552698658232,33,0.885630379492089
"TMSB4Y",3,95,979,676.452631578947,0.833333333333333,1.55175438596491,302.547368421053,-0.718421052631579,0.704275548124202,213.076713728272,-0.505966380626071,0.351368848368653,98,0.618845818147698
"CACNA1A",2,49,886,682.102040816327,1,1.76530612244898,203.897959183673,-0.76530612244898,1.02133650320751,208.248428643802,-0.781635078985343,0.148548256033821,51,0.390499590559732
"OR4Q2",3,103,764,557.592233009709,0.833333333333333,2.01779935275081,206.407766990291,-1.18446601941748,1.00739895070145,207.934967882649,-1.19322982510269,0.595040982700273,106,0.81362746614119
"CYP11B1",2,106,923.5,727.103773584906,0.75,1.15094339622642,196.396226415094,-0.400943396226415,1.05601454549085,207.397271773854,-0.423402058333597,0.760666987670442,108,0.906780384645485
"IFNA10",3,132,617,397.280303030303,3.5,4.40025252525253,219.719696969697,-0.900252525252525,0.943140170121707,207.22647237909,-0.849064319819163,0.640564803652875,135,0.842121863572756
"TMEM254",2,63,1001.5,738.126984126984,1.25,1.34391534391534,263.373015873016,-0.093915343915344,0.782194199842297,206.008845410846,-0.0734600372867766,0.642780932821975,65,0.844013355509457
"OR5H1",4,175,540.25,348.2,1.375,3.69333333333333,192.05,-2.31833333333333,1.06918767438232,205.337492865125,-2.47873342510968,0.462569153143722,179,0.715561052644705
"ZNF30",2,80,700.5,367.1875,1,12.6666666666667,333.3125,-11.6666666666667,0.613609741430197,204.523796940452,-7.15878031668563,0.424864718506366,82,0.681619856165337
"YAP1",2,46,923.5,749.978260869565,0.75,1.44565217391304,173.521739130435,-0.695652173913043,1.15675606501741,200.7223241515,-0.804699871316461,0.786527404061107,48,0.915212694285661
"OR2B6",3,189,594.666666666667,396.100529100529,1.66666666666667,4.68783068783069,198.566137566138,-3.02116402116402,1.00571752123554,199.701443674332,-3.03843759061109,0.396358758123272,192,0.65993462226087
"ARL17A",3,57,812.666666666667,558.385964912281,0.833333333333333,2.75730994152047,254.280701754386,-1.92397660818713,0.772157644121435,196.344787612212,-1.48561324512253,0.383318261706256,60,0.64787232719175
"ANTXRL",8,201,606.25,420.363184079602,1.1875,2.68739635157546,185.886815920398,-1.49989635157546,1.05568365252122,196.237672786385,-1.58341605883442,0.17679222970453,209,0.430931059904791
"CT45A6",5,222,683.2,482.63963963964,1.1,2.30255255255255,200.56036036036,-1.20255255255255,0.975030049536997,195.55237809732,-1.17252487488616,0.344928817162324,227,0.613223839977265
"OR5T1",5,79,674,503.949367088608,1.9,1.98523206751055,170.050632911392,-0.0852320675105489,1.13386606281862,192.814641619055,-0.0966417488140769,0.560109355494452,84,0.787555284648643
"OR4C15",2,88,549.5,384.034090909091,2.5,3.5625,165.465909090909,-1.0625,1.16229120552625,192.319570950769,-1.23493440587164,0.758756358578671,90,0.906780384645485
"PGC",2,65,1193,919.538461538462,0.75,1.36153846153846,273.461538461538,-0.611538461538461,0.701288131437718,191.775331327776,-0.428864664994604,0.433666028070665,67,0.688438232897113
"OR6C1",9,204,401,225.700980392157,4,8.32924836601307,175.299019607843,-4.32924836601307,1.09395911635807,191.769960588633,-4.7360207169783,0.0948849966128176,213,0.291687642528579
"H2BC15",7,170,680.285714285714,479.076470588235,1.42857142857143,2.27598039215686,201.209243697479,-0.847408963585434,0.943117031940451,189.763864714949,-0.799205826576429,0.336378094392987,177,0.606176524585432
"CT45A5",5,220,683.2,488.104545454545,1.1,2.28030303030303,195.095454545455,-1.18030303030303,0.97178472420396,189.590782488901,-1.14700045478013,0.35682604507209,225,0.623254737943815
"H4C4",2,100,807.5,529.79,1.25,2.66666666666667,277.71,-1.41666666666667,0.682259016834358,189.47015156507,-0.966533607182007,0.325618797842363,102,0.596339844385958
"CT45A3",5,233,683.2,494.703862660944,1.1,2.17954220314735,188.496137339056,-1.07954220314735,0.999084485901091,188.323566467732,-1.07855386704001,0.371639952647632,238,0.636366445785231
"TJP2",2,49,863.5,686.897959183673,0.75,1.51700680272109,176.602040816327,-0.767006802721089,1.0656812283707,188.201479789916,-0.817384751692494,0.702059997737748,51,0.881962872158046
"DEFA1B",7,127,549.428571428571,343.92125984252,2,5.80708661417323,205.507311586052,-3.80708661417323,0.913586926493931,187.748793163932,-3.47810455873871,0.206069524549589,134,0.477781426484539
"SLC7A2",2,19,1317,1123.57894736842,0.5,1,193.421052631579,-0.5,0.960272761013633,185.73696824869,-0.480136380506816,0.256242319772286,21,0.541217902668021
"IFNA14",4,148,588.25,371.70945945946,3.625,4.77815315315315,216.540540540541,-1.15315315315315,0.851690600418507,184.425542987921,-0.982129701383503,0.463257485857054,152,0.715836622158107
"CES1",5,163,658.2,488.073619631902,1.5,2.65644171779141,170.126380368098,-1.15644171779141,1.08369817028303,184.365647121782,-1.25323377360951,0.510027626471675,168,0.754644500549539
"OR5H15",8,241,484.25,305.692946058091,1.5625,5.2551867219917,178.557053941909,-3.6926867219917,1.0295098189607,183.82624027789,-3.80165723863626,0.0950767531065133,249,0.291933673169588
"GAB4",2,77,1193,903.363636363636,0.75,1.48701298701299,289.636363636364,-0.737012987012987,0.632099598854076,183.079029268099,-0.465865613441153,0.420374536534586,79,0.677630267714296
"OR52A5",7,193,565.857142857143,400.124352331606,2.21428571428571,3.15112262521589,165.732790525537,-0.936836910930175,1.10244691989404,182.711604440321,-1.03281296689801,0.291148533438363,200,0.569247074479255
"PKP3",2,29,915.5,726.48275862069,0.75,1.17816091954023,189.01724137931,-0.42816091954023,0.960354809211833,181.523616782575,-0.411186398197021,0.772426350399803,31,0.911218985821529
"TRAF3IP3",2,28,926.5,752.5,1,1.28571428571429,174,-0.285714285714286,1.03795033994625,180.603359150648,-0.296557239984643,0.784951519303961,30,0.915212694285661
"OR11H6",2,91,832.5,647.494505494505,0.75,1.91025641025641,185.005494505495,-1.16025641025641,0.974106638136995,180.21508028962,-1.13021347117177,0.00238673239423068,93,0.0183427404297787
"OR2D2",3,40,817.333333333333,634.3,0.833333333333333,1.0875,183.033333333333,-0.254166666666667,0.964083279742628,176.459376302226,-0.245037833601251,0.614347591219874,43,0.825766592519305
"AKR1C4",2,199,531,368.673366834171,1.5,5.07244556113903,162.326633165829,-3.57244556113903,1.06933525650662,173.581591914237,-3.82014199047652,0.661350422240543,201,0.856771766640822
"CNTNAP3B",5,232,758,571.581896551724,0.9,1.41091954022988,186.418103448276,-0.510919540229885,0.92722816520933,172.852116022148,-0.473738987856951,0.389942738983615,237,0.65483314714922
"ZNF160",6,203,406,212.423645320197,4.5,8.90270935960591,193.576354679803,-4.40270935960591,0.891740850679239,172.619943193554,-3.92607578962842,0.290011171639119,209,0.568491516498888
"AKR1C8P",2,70,714,523.457142857143,1,2.86190476190476,190.542857142857,-1.86190476190476,0.905233310334892,172.485741332097,-1.68545821114735,0.23581724935614,72,0.511135107864897
"APOL3",6,176,578.333333333333,416.852272727273,2.83333333333333,3.73390151515152,161.481060606061,-0.900568181818188,1.06483780749784,171.951138528184,-0.958959048229597,0.47419794412266,182,0.724184236114851
"ZNF677",5,187,523.8,308.540106951872,2.3,4.93270944741533,215.259893048128,-2.63270944741533,0.79835859907202,171.854586650297,-2.10184622620217,0.304882134370192,192,0.579808600516239
"H2BC12",2,87,916,689.48275862069,1.75,1.53256704980843,226.51724137931,0.217432950191571,0.757999239878881,171.699896784978,0.164814010969833,0.731580337865286,89,0.894475059847271
"OR6B3",2,71,660,510.676056338028,0.75,1.95539906103286,149.323943661972,-1.20539906103286,1.13903859237525,170.085734596654,-1.37299604972933,0.587695975026427,73,0.808518594897267
"IGLL1",6,197,708.833333333333,535.314720812183,0.916666666666667,1.82529610829103,173.518612521151,-0.908629441624365,0.976134403371127,169.377487307119,-0.886944457885439,0.343013028085399,203,0.612640493771119
"H2BC10",3,106,783,573.443396226415,1.83333333333333,2.11399371069182,209.556603773585,-0.28066037735849,0.801247176315347,167.906637051819,-0.22487833486209,0.498726414538752,109,0.746756646992135
"CST1",3,70,937.333333333333,690.457142857143,0.833333333333333,2.16666666666667,246.87619047619,-1.33333333333333,0.678239372034067,167.441152398734,-0.90431916271209,0.481819076156265,73,0.732824939462352
"PARP14",3,40,680,517.35,0.833333333333333,1.375,162.65,-0.541666666666667,1.02479670058022,166.683183349373,-0.555098212814286,0.606112843917503,43,0.821885241907854
"RPL9",2,19,1193,954.052631578947,0.75,1.06140350877193,238.947368421053,-0.31140350877193,0.697096087117986,166.569275553456,-0.217078167479724,0.470391325940597,21,0.721321910025106
"AKNA",3,31,848.666666666667,698.096774193548,0.666666666666667,1.29032258064516,150.569892473118,-0.623655913978495,1.10579124408779,166.498868720015,-0.689633249000989,0.668241361257722,34,0.860578943798141
"MALL",2,55,1193,862.381818181818,0.75,1.54848484848485,330.618181818182,-0.798484848484848,0.502406649061376,166.104772846038,-0.401164097053553,0.376479562137718,57,0.641153642474838
"LYZ",3,143,469,323.370629370629,1.33333333333333,3.83100233100233,145.629370629371,-2.497668997669,1.13784067627992,165.703021563142,-2.84194938143107,0.00385665810207688,146,0.0262433531789763
"PRSS33",4,33,869,680.878787878788,0.75,1.05555555555556,188.121212121212,-0.305555555555556,0.879390937572181,165.432089104488,-0.268702786480389,0.532676342624562,37,0.772339431057179
"SRSF10",4,163,813.5,635.288343558282,1,1.55010224948875,178.211656441718,-0.550102249488753,0.921404195874807,164.204967999198,-0.506866520839107,0.380858498976155,167,0.644966466509846
"BCCIP",2,25,1089,925.04,0.75,0.926666666666667,163.96,-0.176666666666667,0.985483227462617,161.579829974771,-0.174102036851729,0.384740917770764,27,0.649436704221581
"OR2D3",2,21,668,475.904761904762,0.75,2.00793650793651,192.095238095238,-1.25793650793651,0.837938376577369,160.963971957767,-1.05407327529772,0.0457863918944049,23,0.17264046467544
"HMGB1",2,30,887,706.933333333333,0.75,1.11666666666667,180.066666666667,-0.366666666666667,0.89357168747431,160.902475191208,-0.327642952073914,0.793087383974797,32,0.91574073632233
"COL11A2",2,65,1193,941.661538461538,0.75,1.21538461538462,251.338461538462,-0.465384615384615,0.63626516315758,159.917907238544,-0.29610801823872,0.463800765906496,67,0.715836622158107
"LY6H",2,30,927,714.833333333333,0.75,1.03888888888889,212.166666666667,-0.288888888888889,0.753305300835255,159.826274660547,-0.217621531352407,0.741808336857289,32,0.900635630975786
"ANKRD13B",2,51,1193,856.843137254902,0.75,1.45424836601307,336.156862745098,-0.704248366013072,0.474854791207463,159.625696871779,-0.334415710801334,0.373572635633324,53,0.638187411138302
"C12orf71",2,29,758.5,576.344827586207,3.25,4.32758620689655,182.155172413793,-1.07758620689655,0.875633888887567,159.501242001675,-0.94357100095643,0.829377168700073,31,0.932915429106023
"PRAMEF9",7,164,501.857142857143,325.335365853659,2.35714285714286,6.01727642276423,176.521777003484,-3.66013356562137,0.900911888422953,159.030567467984,-3.29745784248418,0.309704539030721,171,0.584301719314514
"OR14J1",3,111,694,546.333333333333,0.833333333333333,2.35885885885886,147.666666666667,-1.52552552552553,1.07231862629751,158.345717149932,-1.63584943591332,0.400919175255618,114,0.662154806810422
"OR4D9",4,174,365,215.896551724138,2.75,9.79310344827586,149.103448275862,-7.04310344827586,1.06103994575343,158.20471467027,-7.4730141006944,0.316428657015775,178,0.587308377875467
"SIN3B",2,73,1193,959.356164383562,0.75,1.1689497716895,233.643835616438,-0.418949771689498,0.671599243329625,156.915023208631,-0.281366349659786,0.488655483265457,75,0.737772342567226
"OR4C16",4,163,569.5,430.239263803681,2.25,2.72494887525562,139.260736196319,-0.474948875255624,1.11030424889113,154.62178710248,-0.527337754202382,0.530686798076309,167,0.772160109653586
"ABCG2",8,84,405.25,276.809523809524,1.5,5.28968253968254,128.440476190476,-3.78968253968254,1.19120144987697,152.998481460984,-4.51427533584329,0.0525069843180854,92,0.192302645144544
"CANX",2,41,1193,982.048780487805,0.75,1.13008130081301,210.951219512195,-0.380081300813008,0.721831386053571,152.271211170179,-0.274354612178898,0.519981748480737,43,0.76332152178661
"CYP2C9",10,184,556.2,414.16847826087,1.2,4.15126811594203,142.03152173913,-2.95126811594203,1.0684450149255,151.752871364456,-3.15326770618682,0.257999668982563,194,0.543233791338788
"EXOC3L4",3,18,890.333333333333,743.888888888889,1.16666666666667,1.03703703703704,146.444444444444,0.12962962962963,1.02461178420274,150.048703508801,0.132820046100355,0.713253604783684,21,0.886235025647805
"OR14A16",2,74,612,465.527027027027,1,2.78153153153153,146.472972972973,-1.78153153153153,1.02213615732505,149.71532174657,-1.82096779379305,0.588744799772128,76,0.808556615350353
"DEFA3",6,126,505.333333333333,339.492063492063,2.41666666666667,5.91666666666667,165.84126984127,-3.5,0.897241692981816,148.799701718635,-3.14034592543636,0.37677796550068,132,0.641153642474838
"FABP2",2,25,761,617.8,0.75,1.09333333333333,143.2,-0.343333333333333,1.03128206029074,147.679591033633,-0.354073507366486,0.131175366039352,27,0.363761533800823
"SDCBP",4,187,699.75,527.673796791444,0.875,2.13680926916221,172.076203208556,-1.26180926916221,0.857945016969282,147.631921081774,-1.08256297484337,0.530730791020987,191,0.772160109653586
"PNP",3,25,758,556.96,0.833333333333333,1.2,201.04,-0.366666666666667,0.732085615274464,147.178492094778,-0.268431392267304,0.607609053593298,28,0.822519718064814
"GAB2",2,74,1193,955.932432432432,0.75,1.37837837837838,237.067567567568,-0.628378378378378,0.615848397429662,145.997681569035,-0.386985817303774,0.484322046386646,76,0.735610601785236
"SPRR2D",4,200,545.75,405.035,1.75,3.94458333333334,140.715,-2.19458333333334,1.02836817673971,144.706827989929,-2.25683966120336,0.279167956042688,204,0.565425756228053
"CCDC178",2,54,660,535.018518518518,0.75,1.71913580246914,124.981481481482,-0.969135802469136,1.15080682446656,143.82954182083,-1.11528809531636,0.640695853341998,56,0.842121863572756
"IFNA7",4,132,583.75,432.484848484848,2.625,3.78914141414141,151.265151515152,-1.16414141414141,0.949777918922151,143.668300811504,-1.10567580965432,0.628105770763034,136,0.833274511360131
"TIMM9",2,39,1193,949.717948717949,0.75,1.07692307692308,243.282051282051,-0.326923076923077,0.589440195243241,143.400219806868,-0.19270160229106,0.473407067479747,41,0.72393933172447
"IGKV2D-30",3,280,289,153.342857142857,5.33333333333333,13.8684523809524,135.657142857143,-8.53511904761906,1.05347258695608,142.911081224785,-8.99151394307336,0.353135735836182,283,0.620540469226593
"APOBEC3H",2,24,986,820.666666666667,0.75,1.22916666666667,165.333333333333,-0.479166666666667,0.856671026760527,141.636276424407,-0.410488200322752,0.76914111748208,26,0.909734258113215
"CCDC61",2,20,986,842.1,0.75,1.725,143.9,-0.975,0.979806817287479,140.994201007668,-0.955311646855293,0.798080767539479,22,0.918267303205926
"MYH14",2,80,916,732.0125,1.75,1.93125,183.9875,-0.18125,0.764110260755346,140.586736600724,-0.138494984761906,0.777630512475939,82,0.912124521907907
"KRTAP4-1",8,180,562.625,440.616666666667,1.3125,3.13888888888889,122.008333333333,-1.82638888888889,1.14969017456521,140.27178204841,-2.09978136049063,0.352753945620923,188,0.620286715953884
"ZNF429",5,145,429.4,254.096551724138,1.9,8.96206896551725,175.303448275862,-7.06206896551724,0.798604370060053,139.9980998797,-5.63979913752755,0.111273558405245,150,0.324869059344029
"HPF1",2,9,1193,902.555555555556,0.75,0.944444444444444,290.444444444444,-0.194444444444444,0.479293764535802,139.208211166287,-0.0931960097708503,0.398484224230052,11,0.660644758569708
"TPM3",3,95,750,571.905263157895,1.5,2.55964912280702,178.094736842105,-1.05964912280702,0.776340170706166,138.26209840187,-0.822648180888639,0.64892849677271,98,0.849444363557636
"CYP2D6",3,123,593,474.666666666667,1.16666666666667,2.75067750677507,118.333333333333,-1.5840108401084,1.16085065595274,137.367327621075,-1.83880002277609,0.560601924778598,126,0.787555284648643
"RPL17",3,64,1002.33333333333,775.53125,0.833333333333333,1.8125,226.802083333333,-0.979166666666667,0.60294183880845,136.748465170587,-0.59038055049994,0.431458660640127,67,0.687439926983325
"TRAPPC2",3,78,811.333333333333,620.884615384615,0.833333333333333,2.82905982905983,190.448717948718,-1.9957264957265,0.716868157121975,136.52662146214,-1.43067277511095,0.598191047880736,81,0.814949534990804
"LDHA",2,50,886,714.84,1,1.68,171.16,-0.68,0.794516282115712,135.989406846925,-0.540271071838685,0.204968447318652,52,0.476081694385147
"LCN12",5,38,607.2,464.052631578947,0.9,2.0921052631579,143.147368421053,-1.1921052631579,0.945050526210066,135.281495851902,-1.12659970624516,0.535069181113324,43,0.773522449352205
"NUF2",2,11,915.5,799.454545454545,0.75,0.954545454545455,116.045454545455,-0.204545454545455,1.16051752200885,134.672783349482,-0.237378584047265,0.85731496251177,13,0.949099422805073
"OR56B1",2,103,532.5,424.922330097087,1,2.23948220064725,107.577669902913,-1.23948220064725,1.24578003029997,134.018112871251,-1.54412217347861,0.00919481075168123,105,0.0506878491437617
"ZNF140",3,114,636,482.614035087719,2.33333333333333,3.9656432748538,153.385964912281,-1.63230994152047,0.871472738589816,133.671686903347,-1.42251361496422,0.652422771601413,117,0.850587325226396
"VDAC2",2,68,1193,932.617647058824,0.75,1.32352941176471,260.382352941176,-0.573529411764706,0.510564847341033,132.942076279711,-0.292823956563239,0.454306022071635,70,0.707028967047757
"MBD3L1",2,31,823,652.774193548387,0.75,1.12903225806452,170.225806451613,-0.379032258064516,0.777841379623174,132.40867613779,-0.29482697453459,0.73817115201075,33,0.898389017328407
"ALPP",7,112,603,478.508928571429,1,2.16666666666667,124.491071428571,-1.16666666666667,1.06127893707823,132.119751961445,-1.2381587599246,0.211838690200705,119,0.484282150038882
"CNOT6L",2,40,1193,1042.725,0.75,0.945833333333333,150.275,-0.195833333333333,0.87746907923058,131.861665881376,-0.171837694682655,0.627647252963301,42,0.833274511360131
"ZNF680",7,149,358.571428571429,186.765100671141,3.78571428571429,13.569351230425,171.806327900288,-9.78363694471076,0.76681857797016,131.744284046774,-7.50227456931943,0.28500484375885,156,0.567192186505451
"OR5J2",2,16,811,675.4375,0.75,1.14583333333333,135.5625,-0.395833333333333,0.968371003222594,131.274794124363,-0.383313522108944,0.793431698061139,18,0.91574073632233
"ZSCAN26",2,46,919,769.260869565217,0.75,1.25724637681159,149.739130434783,-0.507246376811594,0.875475139974799,131.092886177096,-0.44408159274084,0.815616948634115,48,0.927418227493883
"EIF3B",2,12,923.5,795.75,0.75,1.125,127.75,-0.375,1.01752407221054,129.988700224897,-0.381571527078953,0.840787406797698,14,0.9401605291537
"H3C7",2,86,886,704.813953488372,1,1.52325581395349,181.186046511628,-0.523255813953488,0.714436567931406,129.445937226828,-0.373833087871085,0.235195759014766,88,0.510918888256517
"MYO6",2,30,793,687,1,1.63333333333333,106,-0.633333333333333,1.19350327726262,126.511347389838,-0.755885408932993,0.650648660884396,32,0.849647651619653
"KCTD13",2,50,1193,958.98,0.75,0.996666666666667,234.02,-0.246666666666667,0.52892227671773,123.778391197483,-0.130467494923707,0.485870087293512,52,0.736187555510788
"PRB4",2,108,698,570.231481481482,1.5,2.52469135802469,127.768518518518,-1.02469135802469,0.952209524480931,121.662400262152,-0.975720870764411,0.715840927707641,110,0.88775146848603
"OR2T29",3,190,526.333333333333,408.963157894737,2,3.7780701754386,117.370175438597,-1.7780701754386,1.03497164060608,121.474803031908,-1.84025220658642,0.650068393409447,193,0.849444363557636
"CACNB4",2,91,886,754.208791208791,1,1.57142857142857,131.791208791209,-0.571428571428571,0.914261167978758,120.491584478783,-0.522434953130719,0.299675673305943,93,0.576197597018712
"OR1L8",6,90,541.666666666667,419.577777777778,1.08333333333333,2.53888888888889,122.088888888889,-1.45555555555556,0.98366421890895,120.09447152635,-1.43177791863414,0.426819983263625,96,0.682546276785711
"ZNF724",4,83,396,205.674698795181,2.625,13.0080321285141,190.325301204819,-10.3830321285141,0.630579064285286,120.01515034355,-6.54732268404245,0.0748418427647156,87,0.244452168930252
"KLKB1",2,12,915.5,792.416666666667,0.75,1,123.083333333333,-0.25,0.973638258275209,119.838642289374,-0.243409564568802,0.848382965955236,14,0.943329655336609
"TRAV26-2",6,96,605.833333333333,474.197916666667,1.41666666666667,3.63541666666667,131.635416666667,-2.21875,0.909413073273847,119.710968822517,-2.01776025632635,0.287035081949519,102,0.568160010514894
"PRKAB2",2,15,793,626.933333333333,1,1.66666666666667,166.066666666667,-0.666666666666667,0.718489678837952,119.317185999023,-0.478993119225301,0.501569069615178,17,0.749342469356467
"ZNF813",4,218,364.5,234.422018348624,5.375,7.51949541284404,130.077981651376,-2.14449541284404,0.908400053501266,118.162845491447,-1.94805974776074,0.405570254685321,222,0.664936467461651
"SYNCRIP",2,72,1193,995.763888888889,0.75,1.06712962962963,197.236111111111,-0.31712962962963,0.598258246023606,117.99812988585,-0.189725415984338,0.544350696715642,74,0.775989291062723
"CYP4F3",3,206,493.333333333333,380.368932038835,1.33333333333333,3.34708737864078,112.964401294498,-2.01375404530744,1.04145683055266,117.647547337448,-2.0972379055385,0.562141055211975,209,0.789293163497524
"ZNF205",2,67,793,567.402985074627,1,4.28855721393035,225.597014925373,-3.28855721393035,0.520297320796871,117.377522445443,-1.71102750769518,0.408720287829913,69,0.668326728472818
"H3C8",3,45,995,844.088888888889,0.833333333333333,1.08148148148148,150.911111111111,-0.248148148148148,0.77533154984989,117.006145667347,-0.192397088296084,0.333133317771415,48,0.60282365605035
"ZNF320",10,269,235,117.791821561338,7.05,14.77385377943,117.208178438662,-7.72385377942999,0.992638550848826,116.345356392984,-7.66699502258161,0.0602728249235731,279,0.211968898418972
"SPRR2B",3,111,594.666666666667,486.387387387387,1.66666666666667,2.50600600600601,108.279279279279,-0.839339339339339,1.06975471888259,115.832269966215,-0.897887219002056,0.620821001825487,114,0.827869012642628
"RPL36AL",2,68,798,559.897058823529,3.75,3.45343137254902,238.102941176471,0.29656862745098,0.486460089835401,115.827578154779,0.144268801152165,0.767615291326032,70,0.909734258113215
"TBCE",2,47,886,760.510638297872,1,1.84042553191489,125.489361702128,-0.840425531914894,0.922195862616185,115.725770164048,-0.775036948368922,0.312308630400759,49,0.584810673337652
"OR4D10",6,171,405.333333333333,296.672514619883,2.5,7.1140350877193,108.66081871345,-4.6140350877193,1.05713293074213,114.868929743389,-4.87764843482771,0.433069349631469,177,0.688147954066708
"IYD",2,37,986,870.081081081081,0.75,1.06756756756757,115.918918918919,-0.317567567567568,0.985020632669243,114.182526851848,-0.312810606320638,0.834662603934414,39,0.937227407415446
"IFNA2",3,115,674.666666666667,524.730434782609,2.33333333333333,2.75507246376812,149.936231884058,-0.421739130434783,0.761138081998901,114.122175958374,-0.321001712843015,0.560418132428165,118,0.787555284648643
"REG1A",2,80,694.5,547.5125,1.5,2.3375,146.9875,-0.8375,0.762403450220624,112.063777139304,-0.638512889559772,0.407600930297368,82,0.667331598287608
"TM4SF4",2,6,986,819.5,0.75,0.833333333333333,166.5,-0.0833333333333334,0.670683373735531,111.668781726966,-0.0558902811446276,0.781337565034203,8,0.912524305077476
"TAAR8",2,19,704.5,595.105263157895,0.75,1.07894736842105,109.394736842105,-0.328947368421053,1.0200725224289,111.590565150972,-0.335550171851611,0.603572978713516,21,0.819717356225789
"MYO19",3,19,799,665,0.833333333333333,1.02631578947368,134,-0.192982456140351,0.829901487592438,111.206799337387,-0.16015642743012,0.712413283807627,22,0.886023755635092
"ZNF678",12,152,340.5,199.138157894737,2.70833333333333,12.3421052631579,141.361842105263,-9.63377192982455,0.783016723149668,110.688686383664,-7.54340452806248,0.0153675953837284,164,0.074917027495676
"SLC38A7",2,26,1193,1030.61538461538,0.75,1,162.384615384615,-0.25,0.680699670830949,110.535154240318,-0.170174917707737,0.604090979731922,28,0.819994664955591
"NTPCR",2,23,882,789.608695652174,0.75,1.76086956521739,92.3913043478261,-1.01086956521739,1.1917578924793,110.108066152979,-1.20471178261495,0.827861722175303,25,0.932762776511977
"ZSCAN21",2,112,464,333.080357142857,9,11.7872023809524,130.919642857143,-2.78720238095238,0.833799346880157,109.160712708069,-2.32396752486091,0.795815011899183,114,0.917672851406998
"ATP6V0A1",2,81,916,755.703703703704,1.75,1.75308641975309,160.296296296296,-0.00308641975308643,0.680637154970677,109.103615063448,-0.00210073195978605,0.804363886872671,83,0.922247843965902
"H3C4",2,63,886,689.952380952381,1,2.06878306878307,196.047619047619,-1.06878306878307,0.55510005163791,108.826043456823,-0.593281536671205,0.199321363833176,65,0.467524151029313
"CACNB2",2,86,886,759.825581395349,1,1.75,126.174418604651,-0.75,0.859981058516816,108.507610069372,-0.644985793887612,0.311950392238833,88,0.584810673337652
"CYP2C8",11,221,406.727272727273,305.457013574661,1.81818181818182,5.44494720965309,101.270259152612,-3.62676539147127,1.06783541592271,108.139969302831,-3.87278853025583,0.101884028073517,232,0.305301565775343
"RAB13",2,67,916,701.268656716418,1.75,2.21393034825871,214.731343283582,-0.463930348258706,0.503524041232144,108.122393749356,-0.23360008380546,0.744063826608297,69,0.901799042503977
"UBAP2",2,69,1193,1048.10144927536,0.75,0.992753623188406,144.898550724638,-0.242753623188406,0.744629351664479,107.89571388321,-0.180761473048986,0.638819053378928,71,0.842121863572756
"ZNF726",13,195,313.384615384615,194.923076923077,4.57692307692308,10.4393162393162,118.461538461538,-5.86239316239317,0.910522485616947,107.861894450008,-5.33784079388602,0.135871202917514,208,0.371242033905494
"OR5I1",3,55,750.333333333333,643.290909090909,1.33333333333333,1.52727272727273,107.042424242424,-0.193939393939394,0.989575910779433,105.926604461735,-0.191917752393587,0.781187882185584,58,0.912524305077476
"XAGE1B",8,126,365.125,231.84126984127,3.6875,9.49206349206349,133.28373015873,-5.80456349206349,0.793242137596002,105.72627101788,-4.60442435225616,0.326950325235736,134,0.597009923019551
"RSPH4A",2,22,941.5,844.863636363636,0.75,1.02272727272727,96.6363636363636,-0.272727272727273,1.09225827944286,105.551868277069,-0.297888621666234,0.87393692046557,24,0.951895445259081
"ZNF765",4,220,312.25,199.95,10.125,9.54621212121213,112.3,0.578787878787875,0.921468631687521,103.480927338509,0.533334874703986,0.496917974180764,224,0.746418884183622
"SPRR1B",2,17,793,697.235294117647,1,0.911764705882353,95.7647058823529,0.0882352941176471,1.06083810421193,101.590849038649,0.0936033621363471,0.678291917606118,19,0.866687912325079
"ZNF415",7,252,300.428571428571,187.825396825397,3.71428571428571,8.63789682539682,112.603174603175,-4.92361111111111,0.894022865177893,100.669812786857,-4.40182091257726,0.128974453202281,259,0.35966941965588
"GSTM4",7,232,523.142857142857,429.219827586207,1.28571428571429,3.04022988505747,93.9230295566502,-1.75451559934319,1.06757950496521,100.270301398921,-1.87308489500053,0.344696881549012,239,0.613223839977265
"ZNF878",10,92,382.2,236.195652173913,3.4,10.6286231884058,146.004347826087,-7.2286231884058,0.685021851152969,100.016168624208,-4.95176483780901,0.174248785090592,102,0.428327446323346
"ZNF728",13,162,335.461538461538,209.814814814815,3.03846153846154,10.2973251028807,125.646723646724,-7.25886356441912,0.79391726661816,99.7531033971341,-5.76293711981778,0.0335929795757189,175,0.135460579678014
"CAMP",3,87,370.333333333333,219.850574712644,2.33333333333333,6.19444444444444,150.48275862069,-3.86111111111111,0.662611091138674,99.7115448872129,-2.55841504634099,0.091562958120108,90,0.285165684824603
"GGTLC2",2,39,1193,930.153846153846,0.75,2.70512820512821,262.846153846154,-1.95512820512821,0.378075384572764,99.3756606988564,-0.739185848042904,0.442455538735573,41,0.694017351649706
"ZNF554",2,66,500,308.80303030303,13,14.5530303030303,191.19696969697,-1.5530303030303,0.515777392449978,98.6150744746404,-0.801017920092768,0.751674448847597,68,0.904248596248689
"PRAMEF11",10,226,454.1,354.163716814159,2.35,4.94026548672567,99.9362831858408,-2.59026548672567,0.980818246575589,98.0193300436178,-2.54057965285554,0.396926807576172,236,0.65993462226087
"OR10A5",2,61,668,550.459016393443,0.75,1.30327868852459,117.540983606557,-0.55327868852459,0.833903790052142,98.0178717159649,-0.461381195315734,0.166083674041714,63,0.416884380663783
"ZNF701",5,281,213,113.17793594306,12.8,12.5062277580071,99.8220640569395,0.293772241992887,0.97545375541718,97.3718072578359,0.286561236689286,0.416259678179438,286,0.674387672082367
"GSTM1",11,230,520.454545454545,429.05652173913,1.04545454545455,3.03550724637681,91.398023715415,-1.99005270092227,1.06236059483045,97.0976588406357,-2.11415357109572,0.146318365120463,241,0.387938325283767
"RAB5IF",2,22,919.5,823.363636363636,0.75,1.22727272727273,96.1363636363636,-0.477272727272727,1.00724082916945,96.8324706224268,-0.480728577558147,0.879820557397543,24,0.954059783996513
"CYP2C19",7,178,516.428571428571,425.196629213483,1.21428571428571,3.74719101123596,91.2319422150883,-2.53290529695024,1.05057449130555,95.8459512834337,-2.66100569386863,0.330822268549441,185,0.599758532378914
"NDUFA4",2,72,744.5,539.666666666667,1.5,3.39351851851852,204.833333333333,-1.89351851851852,0.464512213717847,95.1475851098723,-0.879562478752774,0.521903348445656,74,0.764853308742849
"CYP4F2",9,250,448.777777777778,356.992,1.22222222222222,3.72266666666667,91.7857777777778,-2.50044444444444,1.03644535881254,95.1309433827773,-2.59157403941305,0.23205447179075,259,0.506532618164105
"BCAR1",2,11,691.5,605,1,1.59090909090909,86.5,-0.590909090909091,1.08044736867243,93.4586973901649,-0.638446172397343,0.806257094873799,13,0.922333197846918
"INSL6",3,12,668,565.75,1,0.958333333333333,102.25,0.0416666666666666,0.902172875435396,92.2471765132692,0.0375905364764748,0.597828078459065,15,0.814949534990804
"RBBP4",2,67,1193,1060.46268656716,0.75,1.02238805970149,132.537313432836,-0.272388059701492,0.695677571871323,92.2032363913037,-0.189494263979875,0.664353833513407,69,0.859090566665372
"OR5A1",4,124,579.5,490.475806451613,2.375,2.81317204301075,89.0241935483871,-0.438172043010753,1.03483455631732,92.125311832152,-0.453435571719684,0.704498824974505,128,0.88347144198288
"CDPF1",2,47,986,852.425531914894,0.75,1.24468085106383,133.574468085106,-0.49468085106383,0.689094724111069,92.0454612333891,-0.340881964586859,0.810518559026997,49,0.925244646019023
"STAG1",2,66,1193,1075.83333333333,0.75,0.962121212121212,117.166666666667,-0.212121212121212,0.78165136538565,91.5834849776854,-0.165804835081805,0.697682672480275,68,0.878574310864426
"ZNF606",2,61,721.5,534.393442622951,3.75,5.36885245901639,187.106557377049,-1.61885245901639,0.489076794829446,91.509475373539,-0.791743171957504,0.76847613638835,63,0.909734258113215
"VDAC3",2,60,1193,966.3,0.75,1.26111111111111,226.7,-0.511111111111111,0.403525696237414,91.4792753370218,-0.206246466965789,0.498980905338028,62,0.746756646992135
"CNOT6",2,25,1193,1025.92,0.75,0.94,167.08,-0.19,0.546763003952852,91.3531627004425,-0.103884970751042,0.594347304473131,27,0.813530385850336
"SPANXN3",6,209,326,215.148325358852,4.91666666666667,6.41626794258373,110.851674641148,-1.49960127591707,0.820373654275246,90.9397934078895,-1.2302333786799,0.367047300133328,215,0.633065739437879
"MORF4L1",2,69,840,730.927536231884,0.75,1.18599033816425,109.072463768116,-0.435990338164251,0.831937164152212,90.7414361943413,-0.362716565530131,0.536262830867403,71,0.773587496820664
"OR1N2",2,109,511.5,428.862385321101,4.25,2.79510703363914,82.6376146788991,1.45489296636086,1.07877090883145,89.1470546908188,1.56949620757358,0.851026955651863,111,0.944661612199796
"IGKV1D-13",5,219,277.2,201.744292237443,13.4,19.1423135464231,75.4557077625571,-5.74231354642315,1.17975656956243,89.0193669438596,-6.77453213088005,0.695527398158196,224,0.876706749342675
"TRAV41",8,114,376.25,309.921052631579,2.0625,4.43859649122807,66.328947368421,-2.37609649122807,1.33046706242234,88.2484797588289,-3.16131811871623,0.335218689131162,122,0.604921570925225
"CFHR2",7,238,495.428571428571,402.298319327731,1.21428571428571,2.90756302521008,93.1302521008404,-1.69327731092437,0.942275131372018,87.7543205330285,-1.59553310060052,0.313261505508686,245,0.584810673337652
"OR4K2",7,157,581.428571428571,497.152866242038,1.71428571428571,2.64437367303609,84.2757051865332,-0.93008795875038,1.03618192034812,87.3249620388741,-0.963740327190632,0.573431985435016,164,0.797308419165195
"ZNF626",8,123,307.75,193.325203252033,2.875,12.9214092140921,114.424796747967,-10.0464092140921,0.755674870999527,86.4679435216675,-7.59181898686754,0.0480137689990315,131,0.179228540563528
"ZNF132",6,202,455.833333333333,347.10396039604,2,3.77805280528053,108.729372937294,-1.77805280528053,0.791415674554721,86.0501300270801,-1.407178860285,0.389003029136534,208,0.653757353572754
"OR8G1",4,166,296,217.656626506024,1.625,10.3132530120482,78.3433734939759,-8.68825301204819,1.09237439953229,85.5802955778157,-9.49082516702074,0.0477577026166048,170,0.178783491314023
"DEFA1",6,129,428.666666666667,337.093023255814,2.16666666666667,5.69250645994832,91.5736434108528,-3.52583979328166,0.934440309106359,85.5701036548327,-3.29468682629361,0.344367456092241,135,0.613223839977265
"HNRNPR",2,66,1193,1038.60606060606,0.75,1.08333333333333,154.39393939394,-0.333333333333333,0.5513552033434,85.1259018495341,-0.183785067781133,0.620215348022242,68,0.827869012642628
"OR9I1",3,69,519.333333333333,446.405797101449,0.833333333333333,1.73188405797101,72.9275362318841,-0.898550724637681,1.16657805617892,85.0756634593095,-1.04822955772599,0.541335335437738,72,0.775498482181365
"MYH9",2,26,919.5,795.653846153846,0.75,1.1474358974359,123.846153846154,-0.397435897435897,0.677378007598489,83.8906609410436,-0.269214336353245,0.84611245681362,28,0.942735253387755
"DHX34",2,8,586,477.875,1,1.125,108.125,-0.125,0.76673289572692,82.9029943504732,-0.095841611965865,0.203611044577383,10,0.47418507975107
"COX6B1",2,59,886,705.35593220339,1,2.32485875706215,180.64406779661,-1.32485875706215,0.45877246395855,82.8745240825462,-0.607808716374463,0.215520087804827,61,0.486607181453707
"ZFYVE9",2,58,1193,1081.98275862069,0.75,1.01436781609195,111.01724137931,-0.264367816091954,0.744605074746163,82.6640013153541,-0.196849617461629,0.711648925120753,60,0.885863403360085
"RNF185",2,3,714,611,1,0.833333333333333,103,0.166666666666667,0.801967678128,82.602670847184,0.133661279688,0.756145708661457,5,0.906750223374202
"ANHX",3,62,903.333333333333,796.387096774194,0.833333333333333,1.83870967741935,106.94623655914,-1.00537634408602,0.765791491353135,81.8985179892289,-0.769908649908797,0.770298026759899,65,0.910352213443517
"TMSB15B",6,254,417,334.212598425197,2.16666666666667,3.48425196850394,82.7874015748031,-1.31758530183727,0.989251740338087,81.8975810859421,-1.3034235528864,0.433219818002195,260,0.688147954066708
"OR9G4",5,210,293.4,219.752380952381,3,8.82380952380952,73.647619047619,-5.82380952380952,1.10690812650586,81.5211480216175,-6.446422089127,0.251555112986873,215,0.534183383197813
"ZNF83",6,213,289.833333333333,193.755868544601,7.08333333333333,10.3892801251956,96.0774647887324,-3.30594679186228,0.841707688147203,80.8691407703682,-2.78264083131606,0.471763486423002,219,0.722485747207658
"DGCR6",2,39,1193,1029.5641025641,0.75,1.32905982905983,163.435897435897,-0.579059829059829,0.494171760692683,80.7654051962862,-0.2861550152729,0.601559690046199,41,0.818258964128432
"ATP2A2",2,42,1193,1094.09523809524,0.75,0.964285714285714,98.9047619047619,-0.214285714285714,0.810557578101346,80.1680042722141,-0.173690909593146,0.739736729967084,44,0.899456526479289
"ZNF519",7,158,342.142857142857,241.803797468354,5.35714285714286,11.9989451476793,100.339059674503,-6.64180229053647,0.798063860519448,80.076977324725,-5.30058237679245,0.415308003130811,165,0.673618753681446
"KRTAP5-4",5,77,603.2,495.844155844156,1.4,3.1991341991342,107.355844155844,-1.7991341991342,0.744235064836945,79.8979836359496,-1.33897875734301,0.350268107675859,82,0.617994979984484
"FBLIM1",2,61,1193,1066.83606557377,0.75,1.01639344262295,126.16393442623,-0.266393442622951,0.632293136735206,79.7725898412155,-0.168438745441756,0.677954874713613,63,0.866687912325079
"SNRPG",2,84,886,749.119047619048,1,1.99206349206349,136.880952380952,-0.992063492063492,0.581816362537157,79.6395778149076,-0.577198772358291,0.29219365893409,86,0.56937256352158
"H4C6",2,98,807.5,698.438775510204,1.25,1.55187074829932,109.061224489796,-0.30187074829932,0.724879782661779,79.0562767049908,-0.218820002419159,0.613174480246375,100,0.825038577180113
"RPS20",2,66,886,715.515151515152,1,2.01262626262626,170.484848484848,-1.01262626262626,0.463356781952439,78.9953107655886,-0.469207246371031,0.23713802909793,68,0.511207085657288
"CYP4A22",5,227,469,395.180616740088,1.3,2.82525697503671,73.8193832599119,-1.52525697503671,1.06990079962021,78.9794171772507,-1.63187365721808,0.39312414048924,232,0.656798835740654
"ZNF470",13,278,128.461538461538,57.0503597122302,44.4230769230769,56.8726019184652,71.4111787493082,-12.4495249953883,1.10530737909804,78.9313028216995,-13.7605518436682,0.524170790333357,291,0.766885932329823
"ITGAE",2,15,1193,1065.33333333333,0.75,1.16666666666667,127.666666666667,-0.416666666666667,0.616908079537121,78.7585981542392,-0.257045033140467,0.690408867747141,17,0.87362632998706
"ZNF66",8,143,295.5,192.657342657343,4.5,12.0547785547785,102.842657342657,-7.55477855477855,0.765047084754505,78.6794751884065,-5.77976130929918,0.246020112231367,151,0.526024767297165
"ZNF730",9,116,319,211.396551724138,3.5,12.0272988505747,107.603448275862,-8.52729885057471,0.730988799619704,78.6569154901133,-6.23335995078009,0.109854598061094,125,0.322166178152231
"TCP11",2,205,758,676.668292682927,1,1.10406504065041,81.3317073170732,-0.104065040650407,0.966794749644686,78.6310676137846,-0.100609534922374,0.76174206309227,207,0.906780384645485
"XG",2,22,758,655.954545454545,1,0.992424242424242,102.045454545455,0.00757575757575757,0.768407820640861,78.4125253335788,0.00582127136849137,0.70878428101296,24,0.885630379492089
"OR52N4",4,152,528.5,452.217105263158,1.125,2.16776315789474,76.2828947368421,-1.04276315789474,1.0262454458828,78.284973322441,-1.07013094192384,0.521012233853512,156,0.764404810252233
"CYP2A13",7,131,572.142857142857,498.541984732824,1.21428571428571,2.16666666666667,73.6008724100327,-0.952380952380952,1.06144094869932,78.1229798360028,-1.0108961416184,0.638023520146729,138,0.841572669431298
"GSTA1",5,174,615,539.666666666667,1.4,2.25095785440613,75.3333333333334,-0.85095785440613,1.03566855543123,78.0203645091528,-0.881310291805657,0.57325300995772,179,0.797308419165195
"OR56A3",6,112,548.666666666667,469.785714285714,1,2.18005952380952,78.8809523809524,-1.18005952380952,0.988863956015124,78.0025306256692,-1.16691832904761,0.289476253204344,118,0.568160010514894
"OR7C1",4,70,651,556.1,1.875,1.8952380952381,94.9,-0.0202380952380949,0.821486287630598,77.9590486961437,-0.0166253177258571,0.744079118116561,74,0.901799042503977
"ZNF695",9,155,252.333333333333,154.761290322581,3.94444444444444,17.3247311827957,97.5720430107527,-13.3802867383513,0.796233447924773,77.6901242275159,-10.6538318438995,0.0730149183977149,164,0.241198459890302
"OR7G2",8,196,267.5,194.790816326531,4.1875,11.5263605442177,72.7091836734694,-7.33886054421769,1.0640036305765,77.362835404825,-7.80857426334225,0.213736853856302,204,0.486069973130127
"OR10R2",5,181,234.2,163.646408839779,3.6,14.2044198895028,70.553591160221,-10.6044198895028,1.09575748482323,77.30962559497,-11.619872466131,0.329053997179573,186,0.599002812175586
"CYP3A5",9,225,515.888888888889,442.475555555556,1.94444444444444,3.24888888888889,73.4133333333334,-1.30444444444444,1.05069094483542,77.1347245635173,-1.37056796581864,0.622064748734665,234,0.82846849563898
"AKR1C3",3,217,425.666666666667,352.663594470046,2.33333333333333,5.42281105990783,73.0030721966206,-3.0894777265745,1.05342386585739,76.9031785328306,-3.25452957020842,0.629638876148424,220,0.833458147606804
"OR3A2",9,223,341.222222222222,267.591928251121,4.5,8.69805680119581,73.6302939711011,-4.19805680119581,1.04061938101593,76.621110936228,-4.36857926993009,0.620224097760167,232,0.827869012642628
"KRTAP2-2",5,79,783.4,713.632911392405,1.2,1.26371308016878,69.7670886075949,-0.0637130801687764,1.09438204086992,76.3518488159321,-0.0697264507052141,0.775551528627738,84,0.911861273426649
"NCL",2,30,915.5,814.8,0.75,1.3,100.7,-0.55,0.753652926454203,75.8928496939383,-0.414509109549812,0.875059884223553,32,0.951928175468836
"ZNF394",12,233,367.833333333333,293.987124463519,6.25,9.43347639484979,73.846208869814,-3.18347639484979,1.02294862024791,75.5408774739151,-3.25653278570338,0.462006453630034,245,0.715561052644705
"ZNF506",14,232,222.714285714286,138.262931034483,7.89285714285714,15.1418821839081,84.451354679803,-7.24902504105092,0.880329624022399,74.3450293134532,-6.3815314889173,0.0746077737977441,246,0.244027689336488
"LITAF",2,16,633,573.1875,0.75,1.21875,59.8125,-0.46875,1.24192136585948,74.28242169547,-0.58215064024663,0.653505739094386,18,0.851251493645877
"CTCFL",2,60,886,809.5,1,1.21111111111111,76.5,-0.211111111111111,0.970598301437423,74.2507700599628,-0.204904085859011,0.506380566481283,62,0.751802511486133
"PRAMEF10",2,93,490.5,402.204301075269,1.75,3.81272401433692,88.2956989247312,-2.06272401433692,0.840598031148246,74.2211906749874,-1.73392174525382,0.505435631551039,95,0.751680879478011
"ZNF561",7,218,244,172.050458715596,11,14.9904434250764,71.9495412844037,-3.99044342507644,1.03129663236389,74.2013196267325,-4.11533086591998,0.355807257921598,225,0.622305465160064
"ZNF33A",5,104,727.8,626.269230769231,1.4,1.71875,101.530769230769,-0.31875,0.725425438424857,73.6530027828437,-0.231229358497923,0.704951380227442,109,0.88347144198288
"ZNF737",11,129,308.363636363636,210.542635658915,3.5,11.5206718346253,97.8210007047217,-8.02067183462533,0.750426363418508,73.4074578248036,-6.01892359703114,0.105029379015931,140,0.311511654220918
"RPL37A",2,93,679,578.870967741935,2,2.61290322580645,100.129032258065,-0.612903225806452,0.730503151371904,73.1445736083352,-0.447727737937619,0.785747815140549,95,0.915212694285661
"ZNF732",5,131,275,178.824427480916,4.4,16.4452926208651,96.175572519084,-12.0452926208651,0.759840247722194,73.0780708477246,-9.15249812892448,0.277421846595533,136,0.565327733708045
"ZNF480",10,249,222.9,145.437751004016,6.45,12.7526773761714,77.4622489959839,-6.30267737617136,0.94234876162738,72.9964544142372,-5.93932022037198,0.0932754366172516,259,0.288373235973025
"MTRNR2L5",8,244,261.75,191.02868852459,6,10.6140710382514,70.7213114754098,-4.61407103825136,1.01585108610537,71.8423210730914,-4.68720907557499,0.513812346263922,252,0.758526362026908
"RAPGEF6",2,103,886,802.388349514563,1,1.42071197411003,83.6116504854369,-0.420711974110032,0.858939754418531,71.8173705344893,-0.361366239723007,0.466933356954727,105,0.718338215315735
"ZNF816",5,194,334.4,252.731958762887,3.3,6.8127147766323,81.6680412371134,-3.5127147766323,0.879251240922444,71.8067266014372,-3.08855882636056,0.283641418295454,199,0.567192186505451
"ZNF285",5,128,502,420.2421875,1.3,3.03776041666667,81.7578125,-1.73776041666667,0.873958286004092,71.4529176799439,-1.51873011523576,0.329352396671079,133,0.599002812175586
"ZNF468",6,213,289,212.995305164319,3.16666666666667,8.70500782472614,76.0046948356807,-5.53834115805947,0.93973862704616,71.424547573945,-5.20459311598805,0.198837931969435,219,0.466916078457239
"ZNF675",4,90,370,262.677777777778,2.5,10.1537037037037,107.322222222222,-7.6537037037037,0.66400882031392,71.2629021712461,-5.08212676732857,0.0120067191639585,94,0.0622491213798085
"SPRR2E",3,208,451.666666666667,382.850961538462,2.33333333333333,4.33253205128205,68.8157051282051,-1.99919871794872,1.03555397053763,71.2623766808593,-2.07027817026553,0.43970315265527,211,0.690886553149862
"TCP11X2",2,201,758,680.825870646766,1,1.1077943615257,77.1741293532339,-0.107794361525705,0.922454954244573,71.1896579614021,-0.0994354428290171,0.77291335568386,203,0.911302320302825
"GSTP1",2,144,758,676.902777777778,1,1.05208333333333,81.0972222222222,-0.0520833333333335,0.877182583287697,71.1370708863453,-0.0456865928795677,0.762417338333766,146,0.906780384645485
"SLC25A23",2,35,1193,1080.4,0.75,0.976190476190476,112.6,-0.226190476190476,0.62742794880343,70.6483870352662,-0.141918226515062,0.709064213549989,37,0.885630379492089
"ZNF595",3,82,282.666666666667,167.926829268293,2.66666666666667,14.7052845528455,114.739837398374,-12.0386178861789,0.615119183477623,70.5786750928431,-7.40518480434545,0.00688454063809061,85,0.0406748216187381
"ZNF586",9,241,338.333333333333,254.473029045643,2.88888888888889,5.29668049792531,83.8603042876902,-2.40779160903642,0.833314767592784,69.8820299777567,-2.00644830509604,0.17543236137223,250,0.429620206434525
"ZNF660",5,61,761.6,673.655737704918,0.8,2.66666666666667,87.944262295082,-1.86666666666667,0.783127200591446,68.8715439392274,-1.46183744110403,0.725846170047902,66,0.89236471964796
"ZNF793",2,81,807.5,719.407407407407,1.25,1.9022633744856,88.0925925925926,-0.652263374485597,0.771220265114417,67.9387926138756,-0.503038732595206,0.67496292251449,83,0.864972102270899
"MTRNR2L4",6,256,248.666666666667,184.796875,5.83333333333333,9.79459635416667,63.8697916666667,-3.96126302083333,1.06095790771406,67.7631605327999,-4.20273332648843,0.403895625614287,262,0.6645965174623
"PRSS2",5,155,497.8,442.561290322581,1.2,2.70430107526882,55.2387096774194,-1.50430107526882,1.22238401104882,67.5229155006452,-1.83883358221215,0.297433399730226,160,0.574847243709379
"ZNF716",11,158,275.363636363636,192.183544303797,4.95454545454546,16.542194092827,83.1800920598389,-11.5876486382815,0.808887374620687,67.2833262869901,-9.37310268504654,0.22456032270115,169,0.496826148477901
"HIGD1C",2,31,923.5,861.967741935484,0.75,1,61.5322580645161,-0.25,1.08768336944774,66.9276137813405,-0.271920842361934,0.921833856055766,33,0.971270913658757
"HAVCR1",5,85,463.6,405.176470588235,1.1,2.49803921568627,58.4235294117647,-1.39803921568627,1.14089959271372,66.6553809107806,-1.59502237177428,0.465061559239225,90,0.717037124187395
"ZNF486",9,153,278.777777777778,194.83660130719,3.55555555555556,12.136165577342,83.9411764705882,-8.58061002178649,0.793851031558822,66.6367895314376,-6.81172611719917,0.0692426302478946,162,0.232559116758032
"RSBN1",2,55,1193,1109.05454545455,0.75,0.972727272727273,83.9454545454546,-0.222727272727273,0.792334742930173,66.5129001474293,-0.176474556379902,0.776111546919582,57,0.911861273426649
"TRAV25",5,114,504.2,447.763157894737,1.9,3.86549707602339,56.4368421052632,-1.96549707602339,1.16430657975347,65.7097866036656,-2.28844117810024,0.772367372159552,119,0.911218985821529
"KRTAP21-1",7,141,481.714285714286,406.36170212766,1.71428571428571,2.58747044917258,75.3525835866262,-0.873184734886862,0.870948461024418,65.6282167089859,-0.760498901039727,0.585534161068724,148,0.807388265368114
"SYF2",3,69,625,527.304347826087,0.833333333333333,0.980676328502415,97.695652173913,-0.147342995169082,0.665522192133858,65.0186245967295,-0.098060033140496,0.556416579274639,72,0.784644620097176
"ZNF766",5,176,263.8,185.931818181818,10.4,11.7485795454545,77.8681818181818,-1.34857954545454,0.831295433418215,64.7314639540338,-1.12106801773757,0.640450926050371,181,0.842121863572756
"IGKV3D-20",5,199,320.8,267.738693467337,8.6,9.6499162479062,53.0613065326633,-1.0499162479062,1.21276325322075,64.3508027306961,-1.27329984442004,0.779235733224143,204,0.912124521907907
"IGHV2-26",4,108,387.5,329.814814814815,2.5,6.65432098765432,57.6851851851852,-4.15432098765432,1.11481085457978,64.308070592889,-4.63128213044562,0.76873335495539,112,0.909734258113215
"CELA2A",2,66,886,784.681818181818,1,2.29040404040404,101.318181818182,-1.29040404040404,0.629771612533988,63.8073147426482,-0.812659833345626,0.394929533002925,68,0.658131932230002
"TCP11X1",2,183,758,689.639344262295,1,1.11293260473588,68.360655737705,-0.112932604735884,0.933335597271431,63.8034334528176,-0.105404020092584,0.79707830225166,185,0.917672851406998
"CYP3A7-CYP3A51P",5,174,495.6,438.068965517241,1.8,3.45210727969349,57.5310344827586,-1.65210727969349,1.10667229811535,63.6680021439882,-1.8283413599515,0.703213663504559,179,0.88298765148362
"ZNF735",11,157,312,231.821656050955,3.77272727272727,11.2972399150743,80.1783439490446,-7.52451264234703,0.792096510942366,63.5089864951752,-5.96014021054481,0.151810157212218,168,0.393528774370311
"CT45A10",4,201,552.25,486.004975124378,1.375,2.45273631840796,66.2450248756219,-1.07773631840796,0.94757831368834,62.7723489618839,-1.0212395631977,0.261359442951019,205,0.546593869255385
"TRDV1",9,218,347.666666666667,297.155963302752,2.72222222222222,9.05886850152903,50.5107033639144,-6.33664627930681,1.23304049211226,62.2817425327775,-7.8133414465778,0.417306182562151,227,0.674387672082367
"CCL2",2,164,596,540.207317073171,2.75,1.91056910569106,55.7926829268292,0.839430894308943,1.11036136810679,61.9500397449823,0.932071636235983,0.904528798388626,166,0.965964010734972
"IL32",4,38,591,498.263157894737,1.125,2.57894736842105,92.7368421052632,-1.45394736842105,0.66578046623689,61.742377974179,-0.968009756831267,0.694133319567464,42,0.876279629971513
"OR9Q1",3,53,719.333333333333,662.830188679245,1.16666666666667,1.33018867924528,56.503144654088,-0.163522012578616,1.0888852721718,61.525442045229,-0.178056711172746,0.842655123520689,56,0.941309321345015
"IGHV3-33",13,229,143.307692307692,86.3930131004367,38.3076923076923,23.7019650655022,56.9146792072556,14.6057272421901,1.08082490889019,61.5148029686964,15.7862338158151,0.49129390656541,242,0.740768019535728
"ZNF527",5,146,503.6,429.72602739726,3.6,5.2716894977169,73.8739726027397,-1.6716894977169,0.823305712781166,60.820863669675,-1.3763115134666,0.721844456388002,151,0.891205231839016
"ZNF254",9,161,295.666666666667,219.434782608696,5.88888888888889,12.1645962732919,76.231884057971,-6.27570738440303,0.796669045280591,60.7315822924045,-4.99966181039272,0.367005538177457,170,0.633065739437879
"DDX58",2,17,815.5,760.588235294118,0.75,1.11764705882353,54.9117647058823,-0.367647058823529,1.10069607589188,60.4411639320628,-0.404667674960249,0.913324461181517,19,0.968673890300307
"CT45A9",4,218,554.75,492.321100917431,1.375,2.27905198776758,62.4288990825688,-0.904051987767584,0.965772680057908,60.2921251800372,-0.873108711137979,0.265563429245393,222,0.551165401603028
"ANXA3",2,52,1193,1100,0.75,0.980769230769231,93,-0.230769230769231,0.64393049994202,59.8855364946079,-0.148599346140466,0.753769097455664,54,0.905146439178148
"CYP4A11",9,231,471.777777777778,415.922077922078,1.33333333333333,2.65440115440115,55.8556998556999,-1.32106782106782,1.07090770213835,59.816299183797,-1.41474170462866,0.456267897517261,240,0.70839454320416
"ZNF233",7,134,503.428571428571,428.708955223881,1,6.42910447761194,74.7196162046909,-5.42910447761194,0.797117626133925,59.5603230947211,-4.32763487322709,0.423301317261714,141,0.681087649017771
"ZNF99",7,189,215.857142857143,153.10582010582,7.92857142857143,13.4779541446208,62.7513227513228,-5.54938271604938,0.942517491646813,59.1442193170963,-5.23039027771904,0.536190607412462,196,0.773587496820664
"VDAC1",2,63,1001.5,838.730158730159,1.25,1.56878306878307,162.769841269841,-0.318783068783069,0.363075346320703,59.0977164896134,-0.115742273099589,0.764409288454083,65,0.907909759422963
"ANKRD30BL",9,219,245.888888888889,192.351598173516,4.77777777777778,9.69025875190259,53.5372907153729,-4.91248097412481,1.0920489935026,58.4653444405792,-5.36466990339369,0.214257499781673,228,0.486414025158996
"ISCA2",2,16,541.5,469.0625,1,1.0625,72.4375,-0.0625,0.806692388206025,58.4347798706739,-0.0504182742628765,0.534869808428822,18,0.773522449352205
"ZNF540",9,193,422.777777777778,352.077720207254,2.22222222222222,4.57210708117444,70.7000575705239,-2.34988485895222,0.81514548460762,57.6308326901113,-1.91549803212271,0.503840822353335,202,0.75144752785917
"ZNF600",3,132,354.333333333333,280.378787878788,4.16666666666667,6.96843434343434,73.9545454545454,-2.80176767676768,0.77599384847044,57.3882723391548,-2.17415448201503,0.532212225503878,135,0.772339431057179
"RPL26",3,58,1002.33333333333,865.465517241379,0.833333333333333,1.86781609195402,136.867816091954,-1.03448275862069,0.418278259865803,57.2488319465753,-0.432701648137037,0.618073985468109,61,0.827869012642628
"SPANXA2",9,196,310,240.015306122449,4.27777777777778,5.90858843537415,69.984693877551,-1.63081065759637,0.817214804689802,57.1925279384184,-1.33272261303367,0.288640820312104,205,0.568160010514894
"RDM1",2,96,610,555.083333333333,1.5,2.16840277777778,54.9166666666666,-0.668402777777777,1.03924422283258,57.0718285705558,-0.694633725330804,0.902419815133302,98,0.965896107767948
"IGHV3-74",11,223,178.818181818182,125.556053811659,34.6363636363636,19.410687593423,53.2621280065226,15.2256760429406,1.07099121196168,57.0432710253636,16.3065652381648,0.689799504428537,234,0.873278151682058
"ZNF773",12,292,212.833333333333,153.434931506849,10.4583333333333,8.69834474885845,59.398401826484,1.75998858447489,0.959955127773911,57.0198004149086,1.68951006649022,0.418602271564915,304,0.676024558466702
"ZNF829",7,168,470,402.011904761905,2.07142857142857,5.19791666666667,67.9880952380952,-3.1264880952381,0.836224978588225,56.8533434847304,-2.61444744049682,0.634106274203763,175,0.838097973947614
"OR5M1",8,115,531.75,478.460869565217,1.3125,2.29130434782609,53.2891304347826,-0.978804347826087,1.05930475454313,56.449429235034,-1.03685209941966,0.709984627235626,123,0.885630379492089
"SDK2",2,5,815.5,752.2,0.75,1,63.3,-0.25,0.886678435480571,56.1267449659201,-0.221669608870143,0.902887429125889,7,0.965896107767948
"ZNF708",6,128,263.833333333333,189.09375,5,14.484375,74.7395833333333,-9.484375,0.745259505936511,55.7003849489007,-7.0683206266166,0.258399696720728,134,0.543325063294292
"NUPR2",2,53,798,626.339622641509,3.75,3.33333333333333,171.660377358491,0.416666666666667,0.324273484108784,55.6649086494663,0.135113951711993,0.828884487968163,55,0.932762776511977
"CD2AP",2,7,534,441.285714285714,0.75,2.07142857142857,92.7142857142857,-1.32142857142857,0.595566595493037,55.2175314964259,-0.786998715472942,0.725379032724942,9,0.89236471964796
"CUX1",2,62,886,822.112903225806,1,1.59408602150538,63.8870967741935,-0.594086021505376,0.864042677541784,55.2011781571453,-0.513315676711651,0.574663647444639,64,0.797872534948375
"ZNF492",14,202,320.428571428571,260.272277227723,2.96428571428571,8.32343234323432,60.1562942008487,-5.35914662894861,0.917276321973255,55.1799442880955,-4.91581830871735,0.309761314062144,216,0.584301719314514
"ZNF776",7,218,335,267.733944954128,2.71428571428571,4.83180428134557,67.2660550458716,-2.11751856705985,0.79810300896199,53.685240933113,-1.68999793990335,0.347982502759446,225,0.615208578965109
"CYP2C18",11,209,397.909090909091,348.177033492823,1.5,4.45374800637959,49.732057416268,-2.95374800637959,1.06795705618429,53.1117016362659,-3.15447602560337,0.167706214604566,220,0.41934577871936
"P2RX3",2,47,1193,1101.59574468085,0.75,0.98936170212766,91.4042553191489,-0.23936170212766,0.578479565752099,52.8754939249153,-0.138465853504492,0.757584774772151,49,0.906780384645485
"FADS2",3,98,937.333333333333,871.520408163265,0.833333333333333,1.17517006802721,65.8129251700681,-0.341836734693877,0.801291769654121,52.7353552756381,-0.273910962075643,0.840855398634595,101,0.9401605291537
"ZNF90",3,84,253.333333333333,171.595238095238,4.33333333333333,15.6785714285714,81.7380952380952,-11.3452380952381,0.643998146568186,52.6391818373472,-7.30631230570812,0.434996567003231,87,0.688983631328448
"MINDY3",6,5,473.666666666667,362,1.25,1.2,111.666666666667,0.05,0.456682721138182,50.9962371937636,0.0228341360569091,0.193213032675394,11,0.457720448214692
"ANKRD26",6,195,229,179.523076923077,5.41666666666667,8.86153846153846,49.4769230769231,-3.4448717948718,1.02835493123935,50.8798378287041,-3.54255089774378,0.411486615561645,201,0.671170116393619
"ANXA4",2,50,1193,1097.06,0.75,1.03,95.94,-0.28,0.527469626886028,50.6054360034456,-0.147691495528088,0.746727041769811,52,0.902729727347834
"ZNF177",9,213,461.444444444444,402.323943661972,1.94444444444444,3.21948356807512,59.1205007824726,-1.27503912363067,0.851059581226689,50.3150686378433,-1.08513426260476,0.586796495451566,222,0.807849969765512
"GAGE12H",13,185,307.230769230769,244.497297297297,3.76923076923077,7.47567567567567,62.7334719334719,-3.7064449064449,0.792951004955242,49.744569613978,-2.93902921337672,0.214818899744922,198,0.486414025158996
"ZNF736",8,184,273.625,214.95652173913,4.1875,10.8740942028985,58.6684782608696,-6.68659420289855,0.840785202114143,49.3275883522944,-5.62198945833931,0.483687754272359,192,0.735239151782242
"YWHAE",2,64,886,798.59375,1,1.96354166666667,87.40625,-0.963541666666667,0.550106639721475,48.0827584781552,-0.53005066848163,0.451956972713323,66,0.703792353814013
"OR4K14",3,60,796.333333333333,741.45,0.833333333333333,1.39166666666667,54.8833333333333,-0.558333333333333,0.870770892933828,47.7908091738516,-0.486180415221387,0.878971874556778,63,0.953801290787733
"ANKRD13A",2,43,1193,1082,0.75,0.961240310077519,111,-0.211240310077519,0.426168630089161,47.3047179398969,-0.0900239935653461,0.711800704549321,45,0.885863403360085
"LRP5L",2,68,886,791.735294117647,1,1.87990196078431,94.2647058823529,-0.879901960784314,0.501116894069427,47.2376366321327,-0.440933737673834,0.426616488995281,70,0.682546276785711
"GPX5",2,226,691,640.778761061947,1,1.05678466076696,50.2212389380531,-0.0567846607669618,0.939570770247509,47.1864081518108,-0.0533532074550578,0.884657851317958,228,0.955211142766043
"SAXO2",3,105,575.666666666667,518.571428571429,1.66666666666667,2.40793650793651,57.0952380952381,-0.741269841269841,0.819510910767643,46.790170571924,-0.607478722743633,0.187153523404257,108,0.448242123423762
"LAMB1",2,29,897.5,853.758620689655,1.25,1.20689655172414,43.7413793103449,0.0431034482758621,1.06648477131335,46.6495149107235,0.0459691711772994,0.912858625210059,31,0.968673890300307
"DIP2C",2,57,840,793.78947368421,0.75,1.4327485380117,46.2105263157895,-0.682748538011696,1.0047123200507,46.4282851055008,-0.685965867636955,0.77914347810405,59,0.912124521907907
"OR5B12",9,185,317,274.124324324324,2.38888888888889,6.91351351351351,42.8756756756757,-4.52462462462463,1.07828289170926,46.2321075515558,-4.87882532413915,0.387448272613425,194,0.651901053663155
"LCE1E",10,238,492.6,449.084033613445,1.4,2.55952380952381,43.5159663865546,-1.15952380952381,1.05699069762001,45.9959716685332,-1.22560588033558,0.586385533524993,248,0.807709751766372
"CYP4F12",2,181,500,454.817679558011,1.5,2.90883977900552,45.182320441989,-1.40883977900552,1.01146768351532,45.7004569933053,-1.42499590771495,0.679136748054945,183,0.866919551864959
"KRTAP19-2",4,57,529.75,473.771929824561,1,2.12280701754386,55.9780701754386,-1.12280701754386,0.810894461606267,45.3923070766701,-0.910477991978967,0.353794333363824,61,0.620862722014555
"CRKL",2,54,1193,1072.05555555556,0.75,0.978395061728395,120.944444444444,-0.228395061728395,0.375048876104735,45.3600779600005,-0.0856593112091062,0.689351473936395,56,0.873278151682058
"GSTM5",9,223,477.111111111111,434.995515695067,1.11111111111111,2.90732436472347,42.1155954160438,-1.79621325361236,1.06540387126335,44.8701183968141,-1.91369255401314,0.445189856006807,232,0.696575505236999
"IGHV3-30",14,241,131.285714285714,90.9377593360996,37.1071428571429,24.7295988934993,40.3479549496147,12.3775439636436,1.11173773852634,44.8563441898473,13.7605827346514,0.486919502144974,255,0.736556609648206
"BPIFA2",5,82,386.8,347.341463414634,1.7,3.47357723577236,39.4585365853659,-1.77357723577236,1.13233523339395,44.6802912337739,-2.00828399321049,0.316557353083217,87,0.587308377875467
"CCL4",10,113,547.4,512.46017699115,1.4,2.22566371681416,34.9398230088495,-0.825663716814159,1.2759312688384,44.5808127046705,-1.05349015382852,0.788757828483109,123,0.915212694285661
"CT47B1",4,157,587,541.133757961783,1.125,2.14225053078556,45.8662420382166,-1.01725053078556,0.967774703251368,44.3881887777904,-0.984469330563294,0.795176442506478,161,0.917349246918069
"IGKV1D-43",5,177,209,171.841807909605,11.9,20.1789077212806,37.1581920903955,-8.2789077212806,1.18872279048751,44.1707897911657,-9.84132628862924,0.754350280944472,182,0.905428242585165
"ZNF570",4,119,477.5,420.72268907563,5.875,7.06022408963586,56.7773109243698,-1.18522408963586,0.774033833864716,43.947559651319,-0.917403546089659,0.780980003449459,123,0.912524305077476
"PRH1",3,145,561.333333333333,515.131034482759,2.33333333333333,2.67931034482759,46.2022988505747,-0.345977011494253,0.948218259363363,43.8098633946779,-0.328061719618819,0.786165535201378,148,0.915212694285661
"KRTAP21-2",5,115,600.8,556.165217391304,1.5,1.91739130434783,44.6347826086956,-0.417391304347826,0.981056792134679,43.7892566437156,-0.409484574108388,0.824480930151698,120,0.930244338773589
"WASHC2C",3,38,747,707.5,0.833333333333333,1.53070175438596,39.5,-0.697368421052632,1.10598524494353,43.6864171752695,-0.771279183973778,0.843827279306261,41,0.941469120763134
"OR5T3",6,116,586.666666666667,544.051724137931,1.83333333333333,1.85344827586207,42.6149425287356,-0.0201149425287355,1.02426778754755,43.6491129003738,-0.0206030876805539,0.843119519773182,122,0.941309321345015
"ZNF500",2,56,577.5,495.714285714286,4.75,7.30059523809524,81.7857142857143,-2.55059523809524,0.531772668217283,43.4914075077706,-1.3563368353042,0.867751543706266,58,0.949356180396483
"MTRNR2L6",7,238,251.428571428571,209.264705882353,5.57142857142857,9.73634453781513,42.1638655462185,-4.16491596638656,1.02643475890428,43.2784571664054,-4.27501451581459,0.720061052175176,245,0.891205231839016
"CYP3A4",6,180,462.666666666667,422.994444444444,1.66666666666667,3.58796296296296,39.6722222222222,-1.9212962962963,1.08487875218113,43.039550940697,-2.08437352849616,0.753627167241258,186,0.905146439178148
"ZNF34",2,91,499.5,435.725274725275,1.5,7.05311355311355,63.7747252747253,-5.55311355311355,0.67482626412471,43.0368596027225,-3.74738687330791,0.5775298999701,93,0.799303828719212
"PCDHGA8",2,16,515,487.375,1,1.15625,27.625,-0.15625,1.54960814295643,42.8079249491714,-0.242126272336942,0.870515655656324,18,0.949356180396483
"MT1B",9,233,402.444444444444,360.364806866953,2,4.22925608011445,42.0796375774917,-2.22925608011445,1.01586466476913,42.7472169212649,-2.26462248051,0.549473545051504,242,0.779291389071541
"ZNF587B",5,190,361.6,307.473684210526,2.4,4.49605263157895,54.1263157894737,-2.09605263157895,0.789553058160355,42.7355981585321,-1.65494476532822,0.27025329933399,195,0.556431571379283
"OR8K3",10,172,391.4,351.912790697674,2.4,4.69767441860465,39.4872093023255,-2.29767441860465,1.08210999618238,42.7295039073925,-2.48633645634464,0.540150907290517,182,0.775268230883272
"DEFB106B",4,23,814.5,767.217391304348,0.875,1.40579710144928,47.2826086956521,-0.530797101449275,0.903300679371073,42.7104125572192,-0.479469382347327,0.862403628659073,27,0.949356180396483
"AKR1B15",3,79,675.666666666667,634.79746835443,1.33333333333333,1.84388185654008,40.8691983122362,-0.510548523206751,1.04359525325736,42.6509013630836,-0.532806015376122,0.868365036042089,82,0.949356180396483
"MT2A",5,150,446.2,405.06,1.6,4.37611111111111,41.14,-2.77611111111111,1.03523431151315,42.5895395756509,-2.87392547479511,0.584871442742934,155,0.80690025337238
"SEC14L2",2,80,886,818.3875,1,1.58958333333333,67.6125,-0.589583333333333,0.624731865964729,42.2396832875402,-0.368331495975038,0.542502197744239,82,0.775581745107911
"ZNF510",7,175,356.142857142857,302.885714285714,2.57142857142857,5.91571428571429,53.2571428571429,-3.34428571428572,0.788909983860352,42.0150917118771,-2.63834038888155,0.340306905250893,182,0.609891593566929
"SERPINB9",6,208,572.333333333333,531.432692307692,1.16666666666667,1.87099358974359,40.9006410256411,-0.704326923076922,1.02707981092596,42.0082226513661,-0.723399962983909,0.726598883373091,214,0.892620066880059
"TREML4",4,32,721,662.59375,0.875,1,58.40625,-0.125,0.714316054697687,41.7205220696868,-0.0892895068372108,0.82614584510635,36,0.931687135633532
"GAGE12F",12,186,287.166666666667,234.758064516129,4.08333333333333,7.44175627240144,52.4086021505377,-3.3584229390681,0.789508958701286,41.377060910861,-2.65150499750217,0.289495358419916,198,0.568160010514894
"ZNF257",7,125,241.285714285714,184.872,5.42857142857143,14.8013333333333,56.4137142857143,-9.3727619047619,0.730669001320807,41.2197522779402,-6.84838658057008,0.508955425985038,132,0.753484718469635
"LYZL1",2,44,1193,1069.38636363636,0.75,1.08712121212121,123.613636363636,-0.337121212121212,0.333390085514316,41.2115607980082,-0.112392869737781,0.683458045789617,46,0.869696617921993
"OR5L2",7,71,590.428571428571,552.154929577465,1.71428571428571,2.11737089201878,38.2736418511066,-0.403085177733065,1.07452389454395,41.1259427002314,-0.433124655010673,0.824510481668439,78,0.930244338773589
"ZNF117",15,227,227.933333333333,184.352422907489,4.33333333333333,11.8208516886931,43.5809104258443,-7.48751835535977,0.942709699523034,41.084146972488,-7.0585561789544,0.157193168338906,242,0.401510995962425
"MRFAP1",6,179,561.333333333333,514.899441340782,1.41666666666667,1.96927374301676,46.4338919925513,-0.552607076350093,0.863368735343687,40.0895706066943,-0.477103672650352,0.80156691646514,185,0.920615597458337
"H2BC18",2,50,1001.5,917.48,1.25,1.505,84.02,-0.255,0.476473502346598,40.0333036671612,-0.121500743098383,0.874350483453556,52,0.951928175468836
"GAGE2A",11,182,298.181818181818,248.016483516484,3.81818181818182,7.24175824175824,50.1653346653347,-3.42357642357642,0.79546849297809,39.9049431659753,-2.72334717825766,0.368859998065546,193,0.63496551429014
"ZNF578",4,173,348.25,301.121387283237,7.125,7.1194605009634,47.128612716763,0.00553949903660467,0.84607725574138,39.8744473142972,0.0046868441430725,0.813000322735858,177,0.925651347846971
"BAAT",2,15,923.5,877.133333333333,0.75,1.12222222222222,46.3666666666667,-0.372222222222222,0.857994342458536,39.7823376786608,-0.31936456080401,0.941362737283753,17,0.98040282241093
"SULT1A2",4,86,632.25,581.709302325581,1,2.63759689922481,50.5406976744187,-1.63759689922481,0.786219087119212,39.7360611879495,-1.28750993917778,0.763812677533413,90,0.907613700043115
"ZNF525",12,288,155.916666666667,116.267361111111,7.75,13.4644097222222,39.6493055555555,-5.71440972222222,0.989930230038548,39.2500461694798,-5.65686693085396,0.148342771018404,300,0.390499590559732
"OR10A2",4,75,673.5,635.56,0.875,1.34888888888889,37.9400000000001,-0.473888888888889,1.03132138541698,39.1283333627203,-0.488731745422603,0.589166397101826,79,0.808556615350353
"POTEB2",3,116,210.666666666667,170.275862068966,8,12.4626436781609,40.3908045977011,-4.46264367816092,0.960662215721349,38.8019198395956,-4.28709316383694,0.758609661740612,119,0.906780384645485
"OR4M1",6,179,374,338.743016759777,3,5.74487895716946,35.2569832402235,-2.74487895716946,1.0769607618156,37.9703875297108,-2.95612693280482,0.572283545596416,185,0.797308419165195
"RPS29",9,99,461.555555555556,412.454545454545,3,4.68518518518519,49.1010101010101,-1.68518518518519,0.769738493723042,37.7949375554314,-1.29715190608883,0.678675207354343,108,0.866753820536119
"OR5B2",12,255,190.666666666667,155.580392156863,7.91666666666667,19.1633986928105,35.0862745098039,-11.2467320261438,1.05778677361292,37.1137971118227,-11.8966443836237,0.484991308653389,267,0.735936288914812
"APOL2",6,148,413.666666666667,379.614864864865,3.16666666666667,4.67117117117117,34.0518018018018,-1.5045045045045,1.08988225408404,37.1124545033707,-1.63973276064896,0.822804903605771,154,0.930244338773589
"ZNF557",12,184,396.166666666667,349.940217391304,4.70833333333333,8.91259057971015,46.2264492753623,-4.20425724637681,0.799635770490293,36.9643223833348,-3.36187448254592,0.528056575849838,196,0.770152907247803
"PRAMEF17",3,99,492.333333333333,453.545454545455,1.83333333333333,4.14814814814815,38.7878787878788,-2.31481481481481,0.936472506511144,36.3237820707352,-2.16776043173876,0.517211322772473,102,0.761003989725786
"ANKRD62",10,217,273.5,237.917050691244,5.55,7.37557603686636,35.5829493087558,-1.82557603686636,1.01167477933447,35.9983723900051,-1.84688923425507,0.599374863363227,227,0.815711728108392
"RSBN1L",2,47,1193,1145.53191489362,0.75,0.914893617021277,47.4680851063829,-0.164893617021277,0.756839275158764,35.9257111250893,-0.12479796558469,0.870379643594428,49,0.949356180396483
"KLK1",2,167,695.5,656.407185628742,1,1.49001996007984,39.0928143712575,-0.49001996007984,0.918813414434358,35.9190022523037,-0.450236912661946,0.908381708562118,169,0.966483881099764
"CBX1",2,69,886,811.057971014493,1,1.71980676328502,74.9420289855072,-0.719806763285024,0.477040109757821,35.7503537327202,-0.343376697361909,0.506811734330273,71,0.752015367294153
"PDE6A",2,40,1089,1035.925,0.75,0.9375,53.075,-0.1875,0.673069234662531,35.7231496297139,-0.126200481499225,0.749713736221596,42,0.903846919619292
"OR51I2",8,167,597.5,563.736526946108,1.125,1.96007984031936,33.7634730538922,-0.835079840319361,1.04682625798191,35.3444901534791,-0.87418350435765,0.711575144436876,175,0.885863403360085
"AKR1C1",3,208,390.666666666667,357.379807692308,2.83333333333333,5.14903846153846,33.286858974359,-2.31570512820513,1.05978494723995,35.2769120819247,-2.45414943711816,0.822972178478976,211,0.930244338773589
"CCSER2",2,41,761,726.658536585366,0.75,1.49593495934959,34.3414634146342,-0.745934959349593,1.02717662096952,35.2747483493924,-0.766206951007753,0.670220671660264,43,0.861429717190492
"ZNF41",2,77,566.5,513.376623376623,1.5,3.41991341991342,53.1233766233767,-1.91991341991342,0.660773325371726,35.1025102264032,-1.26862757490199,0.0779812883161265,79,0.251872813807217
"OR52E6",4,73,620.75,582.972602739726,0.875,1.7351598173516,37.777397260274,-0.860159817351598,0.92273676225125,34.8585932342245,-0.79370108488164,0.709606609217018,77,0.885630379492089
"ZNF676",15,194,259.8,218.798969072165,5.96666666666667,10.3672680412371,41.0010309278351,-4.40060137457044,0.845668993097875,34.6733005407171,-3.72145213345811,0.537036034233598,209,0.773708841790265
"ZNF195",13,232,195.461538461538,157.48275862069,4.96153846153846,14.878591954023,37.9787798408488,-9.91705349248453,0.898557269556565,34.126108714883,-8.9110405082533,0.28181496373343,245,0.566884141828678
"RPS27L",3,60,1002.33333333333,945.866666666667,0.833333333333333,1.225,56.4666666666667,-0.391666666666667,0.598822736582554,33.8135238590283,-0.234538905161501,0.832509808392073,63,0.935231353967535
"SPANXD",8,201,248.25,206.965174129353,5,6.44112769485904,41.2848258706468,-1.44112769485904,0.817387136450877,33.745685597281,-1.17795923976088,0.545326175800567,209,0.776532587120917
"OR8B3",8,202,203.5,172.50495049505,7.25,13.4174917491749,30.9950495049505,-6.16749174917492,1.07495099162164,33.3181592007082,-6.62975137159383,0.717046445488811,210,0.88882464993466
"RASL10B",2,48,1193,1118.79166666667,0.75,0.940972222222222,74.2083333333333,-0.190972222222222,0.435687942201976,32.3316760442383,-0.0832042945177385,0.800302340430801,50,0.920077192791504
"GAGE1",13,183,271.461538461538,231.562841530055,4.03846153846154,7.84881602914389,39.8986969314838,-3.81035449068235,0.794028102841558,31.6806866303564,-3.02552854739032,0.379681863575571,196,0.643808377367272
"TRIM61",2,69,840,793.971014492754,0.75,1.6280193236715,46.0289855072464,-0.878019323671498,0.687205922413633,31.631391443271,-0.603380079220666,0.778849733513297,71,0.912124521907907
"ZFYVE16",2,48,1193,1115,0.75,0.954861111111111,78,-0.204861111111111,0.405174873397807,31.6036401250289,-0.0830045747585784,0.791005618337731,50,0.91574073632233
"OR5V1",2,91,394,364.197802197802,2.25,3.89194139194139,29.8021978021978,-1.64194139194139,1.05039452473602,31.3040653965285,-1.72468624803268,0.518649456601714,93,0.76179372124805
"NOMO1",2,27,793,761.185185185185,1,1.61111111111111,31.8148148148148,-0.611111111111111,0.983185140594276,31.2798531766845,-0.600835363696502,0.885842962592068,29,0.956095688249927
"UHRF1BP1L",2,79,1001.5,963.518987341772,1.25,1.04008438818565,37.9810126582279,0.209915611814346,0.82111601875116,31.1868179020615,0.17236507144671,0.94258251361103,81,0.981129130792486
"PCDHB6",5,116,465.2,438.939655172414,1.4,2.09698275862069,26.2603448275862,-0.696982758620689,1.18374393849394,31.0855240124159,-0.825049115752027,0.742085156330221,121,0.900635630975786
"ZNF460",5,123,548.2,509.650406504065,1.7,3.98915989159892,38.549593495935,-2.28915989159892,0.803145623937298,30.9609373208219,-1.83852874943045,0.817667251756189,128,0.928537387587536
"IGLV3-21",12,195,308.583333333333,277.225641025641,7,7.41752136752136,31.3576923076923,-0.417521367521363,0.979243395410222,30.7068130876136,-0.408855041587939,0.708930938387955,207,0.885630379492089
"KRBOX4",15,304,116.266666666667,84.6875,14.9666666666667,20.999451754386,31.5791666666667,-6.03278508771929,0.970489848344316,30.6472606691732,-5.85475668487455,0.339482036230472,319,0.609667739292249
"ZNF681",3,84,252.333333333333,203.619047619048,5.16666666666667,12.2559523809524,48.7142857142857,-7.08928571428571,0.6266655190598,30.5275631427703,-4.44261091190608,0.40446759308332,87,0.664764194119933
"LCN1",3,156,583,555.205128205128,2.16666666666667,2.08119658119658,27.7948717948718,0.0854700854700856,1.04570719931744,29.0652975400028,0.0893766837023458,0.919443000802988,159,0.970316866356303
"ALPG",4,113,488.75,461.610619469027,1.125,2.28761061946903,27.1393805309734,-1.16261061946903,1.06604825822947,28.931889344471,-1.23939902588404,0.687384139327876,117,0.872607108450329
"OR11H4",4,99,662,632.515151515152,1,1.98148148148148,29.4848484848485,-0.981481481481482,0.9777909556754,28.8300181779444,-0.959683715755486,0.805386372997024,103,0.922333197846918
"OR2L2",5,163,336.2,307.687116564417,5.8,7.48773006134969,28.5128834355828,-1.68773006134969,1.01003362107004,28.7989709035897,-1.7046641052538,0.817221165236783,168,0.928434306419006
"ZNF627",13,177,265.923076923077,231.926553672316,5.53846153846154,11.2123352165725,33.9965232507605,-5.67387367811096,0.836449754462384,28.4363835256734,-4.7459102449065,0.586242918913705,190,0.807709751766372
"ZNF493",9,176,295.555555555556,262.931818181818,4.38888888888889,7.8125,32.6237373737374,-3.42361111111111,0.859912862588372,28.0535713933817,-2.94400723094491,0.555347134681198,185,0.784644620097176
"KRTAP4-2",5,70,575.8,548.3,0.9,2.3547619047619,27.5,-1.4547619047619,1.02000190778177,28.0500524639988,-1.48385991822539,0.874930721976799,75,0.951928175468836
"ZNF777",2,47,1193,1083.63829787234,0.75,1.21631205673759,109.36170212766,-0.466312056737589,0.256392736518632,28.0395460788462,-0.119559024298582,0.715375614389379,49,0.88759566970534
"SIGLEC7",14,282,348.071428571429,320.578014184397,3.35714285714286,3.82121749408983,27.4934143870314,-0.464074636946977,1.01244734417484,27.8356343784482,-0.469851133675869,0.76939880217572,296,0.909734258113215
"GAGE12D",13,188,286.538461538462,252.340425531915,3.96153846153846,7.25975177304964,34.1980360065467,-3.29821331151118,0.801845687650527,27.4215476979669,-2.64465812078681,0.48719250523496,201,0.736556609648206
"ARHGDIA",2,93,886,849.709677419355,1,1.03584229390681,36.2903225806451,-0.0358422939068099,0.746490710253641,27.0903886785595,-0.0267559394356143,0.732659189432909,95,0.894475059847271
"SEPTIN12",2,75,744.5,693.186666666667,1.5,1.99111111111111,51.3133333333334,-0.491111111111111,0.525730481400792,26.9769834356127,-0.258192080865722,0.854601286493625,77,0.947823922583974
"CRYBB3",2,29,1001.5,940.172413793103,1.25,1.08620689655172,61.3275862068965,0.163793103448276,0.433615353700712,26.5925829847143,0.0710232044854614,0.90776875084666,31,0.966483881099764
"RPL27",2,64,807.5,733.65625,1.25,2.1640625,73.84375,-0.9140625,0.356187282576523,26.3022046477601,-0.325577437980103,0.721371271341717,66,0.891205231839016
"ZNF253",11,195,236.818181818182,206.446153846154,5.45454545454546,12.6299145299145,30.372027972028,-7.17536907536908,0.840837500836092,25.5379400953239,-6.03331940090991,0.611039809053684,206,0.82343838115383
"ZNF668",2,53,875,800.396226415094,2.25,2.13836477987421,74.6037735849056,0.111635220125786,0.338959389751436,25.2876495674939,0.0378398060886037,0.913673523207873,55,0.968673890300307
"CCL3",15,307,460.466666666667,436.547231270358,1.33333333333333,2.18132464712269,23.9194353963084,-0.847991313789359,1.04075071983046,24.8941696066461,-0.882547570236251,0.664107385290879,322,0.859090566665372
"IGHV3-21",12,244,116.416666666667,94.1639344262295,37.5416666666667,23.1079234972678,22.2527322404372,14.4337431693989,1.1149430708526,24.8105296190138,16.0928019331874,0.72197000014169,256,0.891205231839016
"ZNF235",15,321,91.3333333333333,67.9065420560748,36,44.3722741433022,23.4267912772586,-8.37227414330217,1.05409498053003,24.694063095283,-8.8251721500762,0.526477670797303,336,0.769399414873239
"CT45A2",5,218,529,503.967889908257,1.3,2.23165137614679,25.0321100917431,-0.931651376146789,0.968493657563356,24.2434398592809,-0.902298448858338,0.617957021975979,223,0.827869012642628
"ZNF723",10,133,267.1,235.609022556391,3.9,10.2155388471178,31.490977443609,-6.3155388471178,0.763629377696262,24.0474355083102,-4.82273099964113,0.570162846547856,143,0.796984956542953
"CSNK1G1",2,83,886,855.036144578313,1,1.32329317269076,30.9638554216867,-0.323293172690763,0.76951347097922,23.8271038604409,-0.248778451461153,0.767255996070236,85,0.909734258113215
"PDCL3",2,53,1001.5,934.679245283019,1.25,1.41823899371069,66.8207547169811,-0.168238993710692,0.354020904703695,23.6559440378893,-0.0595601207598983,0.899563117521747,55,0.964529514191352
"SCN1A",3,86,761.666666666667,737.697674418605,0.833333333333333,1.29748062015504,23.968992248062,-0.464147286821705,0.984114303867358,23.5882281206037,-0.456773984062466,0.892591002996288,89,0.960997235611578
"H2AC15",2,75,687.5,655.653333333333,1,1.90666666666667,31.8466666666667,-0.906666666666667,0.735880850168675,23.4353521417051,-0.667198637486266,0.927384698080463,77,0.974693140717082
"TCEAL8",15,317,351.8,328.892744479495,2.56666666666667,3.03154574132492,22.9072555205047,-0.464879074658255,1.00808539873882,23.0924698154002,-0.468637807342202,0.780897114425326,332,0.912524305077476
"ZNF92",11,171,219,190.245614035088,6.95454545454546,13.8499025341131,28.7543859649123,-6.8953570795676,0.788207225798492,22.6644147909426,-5.43497027457597,0.57317305533641,182,0.797308419165195
"UBD",2,49,492,455.65306122449,1,2.04081632653061,36.3469387755102,-1.04081632653061,0.614344666078441,22.3295479650143,-0.639419958571438,0.650167901689733,51,0.849444363557636
"ADGRE5",8,163,632.75,607.245398773006,1.125,1.68609406952965,25.5046012269938,-0.561094069529652,0.8724307677776,22.2509988303277,-0.489515729875213,0.861641258686325,171,0.949356180396483
"HBB",3,149,608,586.879194630872,1,1.53803131991051,21.1208053691275,-0.538031319910514,1.03860635903294,21.9362027642728,-0.558802750217944,0.917205812900734,152,0.969474377687789
"IGKV2D-24",4,272,203,182.257352941176,5.25,13.311887254902,20.7426470588235,-8.06188725490195,1.05547195665979,21.89328227748,-8.50909591530202,0.837912040898713,276,0.938878285964124
"PRAMEF25",10,191,368.8,344.853403141361,2.8,5.44546247818499,23.9465968586388,-2.64546247818499,0.905830540302456,21.6915587708659,-2.39634070596418,0.722377604682371,201,0.891205231839016
"ZNF782",6,120,493.666666666667,465.066666666667,2.08333333333333,2.51805555555556,28.6,-0.434722222222222,0.752247552833901,21.5142800110496,-0.327018727829182,0.819142101085482,126,0.929404389985394
"IGHV4-34",14,183,240.428571428571,220.874316939891,19.4285714285714,13.6111111111111,19.5542544886807,5.81746031746032,1.09999896481062,21.5096596951921,6.3992003270332,0.866446495879828,197,0.949356180396483
"ZNF433",9,100,279.555555555556,248.9,4,10.1033333333333,30.6555555555555,-6.10333333333333,0.70153448158504,21.5059292743681,-4.28169878594069,0.47415230722189,109,0.724184236114851
"IFI27",5,143,527,503.888111888112,1,1.33100233100233,23.1118881118881,-0.331002331002331,0.929807611466595,21.4896094817979,-0.307768486779153,0.777737918141578,148,0.912124521907907
"ZNF256",14,257,224.714285714286,200.167315175097,5.57142857142857,7.32295719844358,24.5469705391884,-1.75152862701501,0.871315854659706,21.3881646146596,-1.52613466260853,0.66675389259008,271,0.859920685910339
"ESX1",11,211,528.636363636364,504.900473933649,1.04545454545455,1.88230647709321,23.7358897027144,-0.836851931638661,0.873252448418762,20.727423798293,-0.730782998267432,0.740173318345445,222,0.899568781784488
"ZNF230",11,268,256.454545454545,235.063432835821,3.59090909090909,6.26399253731343,21.3911126187245,-2.67308344640434,0.962948965729735,20.5985497720091,-2.57404294002434,0.539281545494626,279,0.775105983705973
"ZNF77",5,103,334,307.087378640777,2.4,15.2071197411003,26.9126213592233,-12.8071197411003,0.757197846130394,20.3781789269267,-9.69752348309521,0.658848588252311,108,0.855565245159731
"PAGE2B",12,196,292.833333333333,268.464285714286,3.41666666666667,6.18622448979592,24.3690476190476,-2.76955782312925,0.81917140278784,19.9624269226989,-2.26874256707482,0.618150564205218,208,0.827869012642628
"ZNF836",3,155,301.333333333333,276.303225806452,5.66666666666667,6.15645161290323,25.0301075268817,-0.489784946236559,0.795107224718076,19.9016193300939,-0.389431549310842,0.860053540190486,158,0.949356180396483
"OR9Q2",8,186,278.375,260.908602150538,4.25,7.35931899641577,17.4663978494623,-3.10931899641577,1.12329207353821,19.6198662575659,-3.49267338277563,0.723850431308757,194,0.892179800476313
"ZNF705E",13,213,380,355.953051643193,1.65384615384615,3.16588419405321,24.0469483568075,-1.51203804020706,0.807865704134988,19.42670486657,-1.22152367603076,0.588389600084441,226,0.808556615350353
"CTSG",11,182,360,340.686813186813,2.95454545454545,3.76236263736264,19.3131868131868,-0.807817182817183,1.00475889352182,19.4050962127977,-0.811661498775305,0.792092941459409,193,0.91574073632233
"MTRNR2L10",8,301,151.125,133.335548172757,8.3125,14.8300110741971,17.7894518272425,-6.51751107419712,1.07431735678607,19.1115168657163,-7.00187527005538,0.747532886513635,309,0.902729727347834
"ZNF679",16,302,80.25,61.9271523178808,16.09375,21.7591059602649,18.3228476821192,-5.6653559602649,1.01305602763025,18.5620712877218,-5.73932300421731,0.387002635884689,318,0.651570803844518
"CFAP52",2,28,1021,1003.96428571429,0.75,0.928571428571429,17.0357142857143,-0.178571428571429,1.07404715387569,18.297160442811,-0.19179413462066,0.973056827982536,30,0.994346703857992
"OR9G1",3,49,545.666666666667,528.673469387755,1.33333333333333,1.75850340136054,16.9931972789116,-0.425170068027211,1.04313751443763,17.7262415718722,-0.443510847975184,0.944624807839881,52,0.981129130792486
"IGHV3-7",14,255,90.0714285714286,74.2588235294118,37.0714285714286,25.5009803921569,15.8126050420168,11.5704481792717,1.11822431896905,17.6820395042358,12.9383565354328,0.736752184460059,269,0.897498115614981
"ZNF273",10,137,199.6,176.43795620438,5.65,11.9817518248175,23.1620437956204,-6.33175182481751,0.763026662982757,17.6732569852327,-4.83129546572548,0.620091943236661,147,0.827869012642628
"DEFB106A",4,23,814.5,795.086956521739,0.875,1.29710144927536,19.4130434782609,-0.422101449275362,0.903300679371073,17.5358153625732,-0.381284525893949,0.943117527662657,27,0.981129130792486
"ZNF347",5,209,292,271.88995215311,3.9,6.72567783094099,20.1100478468899,-2.82567783094099,0.87136508010378,17.5231934529961,-2.46219698950537,0.680632941641738,214,0.867981394099493
"H3C11",2,40,1089,1063.025,0.75,0.958333333333333,25.9749999999999,-0.208333333333333,0.670243352507719,17.4095710813879,-0.139634031772441,0.875807141658938,42,0.952344594737746
"ZNF383",8,204,410.125,390.779411764706,5,6.69893790849673,19.3455882352941,-1.69893790849673,0.89635600487139,17.3405341824752,-1.52285319618468,0.787693232112246,212,0.915212694285661
"IFNA5",10,193,366.9,346.922279792746,3.9,5.04922279792746,19.9777202072539,-1.14922279792746,0.859218382429134,17.1652244410985,-0.987433353485919,0.78178177019892,203,0.912524305077476
"CBR1",8,159,424.875,408.094339622641,1.3125,2.41299790356394,16.7806603773585,-1.10049790356394,1.01006566933015,16.9495689558585,-1.11157515155974,0.760885763905641,167,0.906780384645485
"CKM",2,45,1193,1138,0.75,1.00740740740741,55,-0.257407407407407,0.307889052589345,16.933897892414,-0.0792529227961463,0.850028419069788,47,0.9443555523084
"OR5H6",3,153,431,415.477124183007,1.66666666666667,5.18300653594771,15.5228758169935,-3.51633986928105,1.08762072553358,16.8830014584461,-3.8244441198501,0.881910798523079,156,0.954342097010254
"GTF2IRD1",2,52,916,895.788461538462,1.75,1.31410256410256,20.2115384615385,0.435897435897436,0.824585108649783,16.666133638287,0.359434534539649,0.974558709751365,54,0.994346703857992
"ZNF225",13,271,102.846153846154,86.210332103321,27.0769230769231,28.9569495694957,16.6358217428328,-1.88002649257262,1.00072047897087,16.6478075025617,-1.8813810121252,0.68397495209709,284,0.869696617921993
"ZNF714",15,306,107.733333333333,91.3496732026144,9.03333333333333,17.3513071895425,16.383660130719,-8.31797385620916,1.00355893227444,16.4419684675317,-8.34757696182399,0.272350287712433,321,0.558157883758892
"BTC",3,3,437.666666666667,408.333333333333,1,1.16666666666667,29.3333333333334,-0.166666666666667,0.5571065606375,16.3417924453667,-0.0928510934395834,0.446250377978168,6,0.69714322931285
"OR8J1",6,172,491.833333333333,475.895348837209,2.08333333333333,3.73255813953488,15.937984496124,-1.64922480620155,1.00976415592526,16.0936054618784,-1.6653280943651,0.92103148575941,178,0.970816971476135
"ALDH3B2",2,8,426.5,407,1,1.29166666666667,19.5,-0.291666666666667,0.8247661264739,16.082939466241,-0.240556786888221,0.46512741121226,10,0.717037124187395
"MT1G",14,329,290.428571428571,275.775075987842,3.10714285714286,4.88171225937184,14.6534954407295,-1.77456940222898,1.09600694916239,16.0603328325589,-1.94494039661391,0.727541633760876,343,0.893358218523106
"PAGE1",11,176,330.727272727273,311.045454545455,2.68181818181818,4.98011363636363,19.6818181818182,-2.29829545454545,0.804620503973902,15.8363944645773,-1.84925564691729,0.603455881231577,187,0.819717356225789
"LETM1",2,38,886,863.473684210526,1,1.07894736842105,22.5263157894736,-0.0789473684210527,0.700057022256638,15.7697055539916,-0.0552676596518398,0.836663657326312,40,0.938284178795559
"OR10AG1",8,183,254.375,239.803278688525,4.75,5.44171220400729,14.5717213114754,-0.691712204007286,1.07569927108217,15.6747899931666,-0.744074313649279,0.730731201805409,191,0.894475059847271
"FAM111A",2,24,679,665.083333333333,1,1.08333333333333,13.9166666666666,-0.0833333333333333,1.12478332000861,15.6532345367865,-0.093731943334051,0.934223352943769,26,0.977623396572715
"CYP2A7",11,196,430.090909090909,416.688775510204,1.45454545454545,2.55187074829932,13.402133580705,-1.09732529375386,1.1571562369334,15.5083624611274,-1.26977680761206,0.733243619668142,207,0.894475059847271
"RPL22",2,65,807.5,781.353846153846,1.25,1.6,26.1461538461539,-0.35,0.591737082510541,15.4716487957949,-0.207107978878689,0.896335769745364,67,0.962829825591119
"XAGE2",13,204,261.769230769231,242.490196078431,4.19230769230769,6.76388888888889,19.2790346907994,-2.5715811965812,0.800410791571876,15.4311474176044,-2.05832134114691,0.661796870754049,217,0.856925284083414
"OR4C46",4,195,281.75,267.984615384615,2.75,5.84700854700855,13.7653846153846,-3.09700854700855,1.06196099927908,14.6183016016147,-3.28890229135705,0.828819514723905,199,0.932762776511977
"MMP3",8,19,583.375,568.78947368421,1.125,1.32456140350877,14.5855263157895,-0.199561403508772,0.986946949157942,14.3951406992313,-0.196956518362659,0.927942597734789,27,0.974693140717082
"ZFP30",11,210,395.181818181818,378.595238095238,2.90909090909091,4.73571428571428,16.5865800865801,-1.82662337662338,0.866260500224682,14.3682991628176,-1.58233167995586,0.827249163688443,221,0.932528932147499
"OR8B8",6,175,484.166666666667,469.891428571429,2,2.62380952380952,14.2752380952381,-0.623809523809524,1.00176912482698,14.3004927733635,-0.624913120725405,0.926002873049521,181,0.974288278456684
"BCL2L2",2,7,541.5,529.285714285714,1,1.14285714285714,12.2142857142857,-0.142857142857143,1.16561065828395,14.2371016118968,-0.166515808326279,0.943858004305439,9,0.981129130792486
"CT45A8",5,219,529,514.470319634703,1.3,2.23287671232877,14.5296803652968,-0.932876712328767,0.971067873461898,14.1093058144099,-0.905886605243222,0.772099192084755,224,0.911218985821529
"ZNF596",9,189,408.666666666667,391.095238095238,1.33333333333333,3.59038800705468,17.5714285714286,-2.25705467372134,0.796972194314586,14.0039399858135,-1.79880981600369,0.724299649196761,198,0.892312580552163
"ABI2",2,52,886,871.692307692308,1,1.16346153846154,14.3076923076923,-0.163461538461539,0.975986080057343,13.9641085300512,-0.15953618616322,0.891882065750525,54,0.960629776507057
"OR51A2",5,68,591.2,576.852941176471,1.3,1.5171568627451,14.3470588235294,-0.217156862745098,0.954511515482721,13.6944328603668,-0.207278726156297,0.950720577522176,73,0.984694467817827
"MTRNR2L3",8,297,164.625,152.154882154882,7.5,13.6919191919192,12.4701178451178,-6.1919191919192,1.0603038510309,13.2221139739876,-6.56531576446407,0.828858792873307,305,0.932762776511977
"CCL11",2,91,698.5,684.725274725275,1.25,1.28021978021978,13.7747252747253,-0.0302197802197801,0.956682527034663,13.1780389850324,-0.0289107357070914,0.967196802232847,93,0.993039388697222
"OR8K1",2,56,768.5,756.339285714286,0.75,1.20238095238095,12.1607142857143,-0.452380952380952,1.05167291044326,12.7890937859261,-0.475756792819568,0.982615204357117,58,0.994611549531221
"H3C6",2,88,553,537.329545454545,2,2.63068181818182,15.6704545454545,-0.630681818181818,0.806932424020165,12.6449978718614,-0.5089176083309,0.711945329910516,90,0.885863403360085
"OR2J2",3,155,310.666666666667,298.890322580645,1.66666666666667,8.52258064516129,11.7763440860215,-6.85591397849462,1.06076256317358,12.4919049375023,-7.27249688472555,0.895495380109937,158,0.962829825591119
"TNNT2",2,45,659,642.866666666667,1,1.4537037037037,16.1333333333333,-0.453703703703704,0.765280844830518,12.3465309632657,-0.347210753673105,0.966621931602433,47,0.993039388697222
"PRAMEF27",8,190,343,329.847368421053,2.9375,5.76140350877193,13.1526315789474,-2.82390350877193,0.93267863556911,12.2671784751958,-2.63379447154022,0.789454395861201,198,0.915212694285661
"WASHC2A",2,39,691.5,680.48717948718,1,1.52991452991453,11.0128205128206,-0.52991452991453,1.09344463675206,12.0419095252567,-0.579432200672033,0.974545947127279,41,0.994346703857992
"UGT1A8",2,69,610,598.420289855072,1.5,2.16666666666667,11.5797101449275,-0.666666666666667,1.03427576163883,11.9766135297018,-0.689517174425886,0.979289515962332,71,0.994611549531221
"ZNF620",4,123,425,410.341463414634,3.125,7.48915989159892,14.6585365853659,-4.36415989159892,0.799879187214566,11.7250583296574,-3.49080066696655,0.902483550450911,127,0.965896107767948
"IFNA1",10,197,336.7,324.243654822335,4.1,4.82825719120135,12.456345177665,-0.728257191201354,0.926009215448212,11.5346904253216,-0.674372870268884,0.856789321749358,207,0.949099422805073
"ZNF610",4,207,173.75,161.869565217391,8.875,9.66666666666667,11.8804347826087,-0.791666666666668,0.945776723353658,11.2362386807125,-0.748739905988314,0.823502331603254,211,0.930244338773589
"UGT2B15",13,232,288.769230769231,278.155172413793,3.19230769230769,5.44037356321839,10.6140583554377,-2.2480658709107,1.03750648348577,11.012154359863,-2.33238291637294,0.788569343105698,245,0.915212694285661
"GAGE12C",12,193,260.833333333333,247.430051813471,4.08333333333333,6.8160621761658,13.4032815198618,-2.73272884283247,0.801427764962674,10.7417619516284,-2.19008476876026,0.75692724483469,205,0.906780384645485
"CFH",5,112,482,471.419642857143,2.6,1.9985119047619,10.5803571428572,0.601488095238095,0.994650005278199,10.5237522879881,0.598270137103346,0.948591132013875,117,0.984379915787234
"OR1A2",4,122,502.75,491.729508196721,1.125,1.96584699453552,11.0204918032787,-0.840846994535519,0.951084294587658,10.4814166727304,-0.799716370653966,0.923529482408412,126,0.972273383373562
"NQO1",2,56,886,873.142857142857,1,1.38988095238095,12.8571428571429,-0.389880952380952,0.808257463154173,10.3918816691251,-0.315124189503562,0.90793676880949,58,0.966483881099764
"MTRNR2L1",8,308,151.25,141.756493506494,7.9375,14.4542748917749,9.49350649350649,-6.5167748917749,1.09042499459874,10.3519567669049,-7.10605422616486,0.863593209184296,316,0.949356180396483
"ZNF761",3,175,236.333333333333,223.794285714286,10.1666666666667,8.97380952380952,12.5390476190476,1.19285714285714,0.82063546884121,10.2899872216794,0.978900880689158,0.943964116601128,178,0.981129130792486
"MOG",3,33,829,818.787878787879,0.833333333333333,1.08080808080808,10.2121212121212,-0.247474747474748,1.00025922187621,10.2147684173419,-0.247538898343102,0.930433595373869,36,0.97561114956337
"ZNF566",11,229,410.545454545455,399.53711790393,2.13636363636364,4.16448326055313,11.0083366415244,-2.0281196241895,0.927238296964354,10.2073513198974,-1.88055018637345,0.882181737439221,240,0.954342097010254
"KLK4",2,52,699,687.326923076923,1,1.94230769230769,11.6730769230769,-0.942307692307692,0.858835385095136,10.0252515144759,-0.809287189801185,0.972207198784487,54,0.994346703857992
"C8orf82",3,12,527.333333333333,514.166666666667,1,1,13.1666666666667,0,0.755620077863893,9.94899769187465,0,0.865354900915725,15,0.949356180396483
"PPHLN1",3,45,661,652.088888888889,0.666666666666667,1.81111111111111,8.91111111111115,-1.14444444444444,1.11324753036987,9.92027243729598,-1.27404995142329,0.955080501821083,48,0.986803223115259
"CT55",2,133,610,599.09022556391,1.5,1.95238095238095,10.9097744360902,-0.452380952380952,0.891629774271544,9.72747971780454,-0.403356326456175,0.980458195870553,135,0.994611549531221
"ZNF880",3,163,271.666666666667,260.650306748466,5.33333333333333,8.71574642126789,11.0163599182004,-3.38241308793455,0.87789165586233,9.67117045016436,-2.96939222657728,0.944616728075411,166,0.981129130792486
"FAM183A",3,107,691,677.869158878505,1.5,2.25077881619938,13.1308411214953,-0.750778816199377,0.732685432440694,9.62077600541286,-0.550084701614353,0.944707574846497,110,0.981129130792486
"SPRR2F",3,199,364,354.597989949749,3,4.40159128978224,9.40201005025125,-1.40159128978224,1.02251849609839,9.61372917688482,-1.43315301777274,0.811875971537823,202,0.925651347846971
"ZNF607",2,82,556.5,542.80487804878,6,4.79471544715447,13.6951219512196,1.20528455284553,0.674237098955163,9.23375929422745,0.81264756032604,0.97867926488295,84,0.994611549531221
"ZNF718",2,94,146.5,132.5,8,19.6294326241135,14,-11.6294326241135,0.642096265645813,8.98934771904138,-7.46721525952285,0.913808319781958,96,0.968673890300307
"CCL18",15,258,468.733333333333,459.286821705426,1.23333333333333,2.08268733850129,9.446511627907,-0.849354005167958,0.936855524621007,8.85001660700126,-0.795721992100581,0.859179828100772,273,0.949356180396483
"PRAMEF26",8,209,349.125,339.531100478469,2.75,5.49800637958533,9.59389952153111,-2.74800637958533,0.921239500086523,8.83827919909565,-2.53157202336377,0.824042165707009,217,0.930244338773589
"IFNA17",3,146,385.666666666667,376.328767123288,3.83333333333333,4.57077625570776,9.33789954337902,-0.73744292237443,0.931712002412504,8.70023308188847,-0.687084421870409,0.95115531449376,149,0.984694467817827
"HSPE1",2,72,714.5,698.083333333333,1.75,2.25462962962963,16.4166666666666,-0.50462962962963,0.52051942124119,8.54519383204285,-0.262669522755971,0.958422426565489,74,0.988692380819433
"ZSCAN31",2,73,691,679.383561643836,1,1.90525114155251,11.6164383561644,-0.905251141552511,0.733832615592597,8.52452134277428,-0.664302812973663,0.973100634402381,75,0.994346703857992
"SLC5A11",2,72,1001.5,990.652777777778,1.25,1.09490740740741,10.8472222222222,0.155092592592593,0.781870769997968,8.48112599122792,0.121262364791352,0.983572998082157,74,0.994611549531221
"MTRNR2L11",8,300,151.5,143.68,8.0625,14.8780555555556,7.81999999999999,-6.81555555555556,1.08100966515636,8.45349558152274,-7.3676814289657,0.887667367621989,308,0.957669212054607
"GAGE12G",12,188,255.916666666667,245.43085106383,4.33333333333333,7.3386524822695,10.4858156028369,-3.00531914893617,0.798328334156475,8.37112370248474,-2.39923142977876,0.821786702789642,200,0.930244338773589
"RPL14",3,67,762,744.417910447761,1,2.08208955223881,17.5820895522388,-1.08208955223881,0.474225461158315,8.33787452603725,-0.513154416925043,0.90830967238108,70,0.966483881099764
"PLSCR4",2,61,739.5,729.27868852459,1,0.948087431693989,10.2213114754098,0.051912568306011,0.79372111908682,8.11287078279725,0.041204101810518,0.971443344149209,63,0.994346703857992
"ZNF720",15,333,24.2,16.5645645645646,29.9333333333333,41.2937937937938,7.63543543543544,-11.3604604604605,1.03688166014965,7.91704297025973,-11.7794531023066,0.169197212400806,348,0.421059348574577
"VIP",9,28,393.555555555556,386.714285714286,1.61111111111111,2.94642857142857,6.84126984126982,-1.33531746031746,1.13466585249273,7.76255527657719,-1.51513912445953,0.932724061362025,37,0.97683686266091
"ZNF738",16,322,23.875,16.5993788819876,34,41.13483436853,7.27562111801242,-7.13483436853001,1.03903756250491,7.55964363216889,-7.41336091115369,0.435631156279859,338,0.688983631328448
"IGKV1D-33",6,253,151.5,145.355731225296,11.5,20.2569169960475,6.14426877470356,-8.75691699604745,1.18408249667848,7.27532111101465,-10.3689121398861,0.926189086753312,259,0.974288278456684
"KRTAP9-1",15,272,273.2,267.268382352941,3.6,4.49448529411765,5.93161764705883,-0.894485294117648,1.0826030493723,6.42158735241646,-0.968372507030448,0.904597755173546,287,0.965964010734972
"DEGS1",2,60,886,879.6,1,1.02777777777778,6.39999999999998,-0.0277777777777777,0.961007116598805,6.15044554623233,-0.0266946421277445,0.953832497830867,62,0.986293754187596
"PRODH",3,45,949.333333333333,941.555555555556,0.833333333333333,1.37037037037037,7.77777777777783,-0.537037037037037,0.779583325170896,6.06342586244034,-0.418665119073259,0.980410703118819,48,0.994611549531221
"ZNF432",6,155,478.833333333333,471.638709677419,2.83333333333333,2.98655913978495,7.19462365591397,-0.153225806451613,0.841624557954699,6.05517195405902,-0.128958601622091,0.966296814880088,161,0.993039388697222
"KRTAP4-6",2,28,823,816.928571428571,0.75,1.17261904761905,6.07142857142856,-0.422619047619048,0.950453469322283,5.7706103494567,-0.401679740011203,0.990176902773174,30,0.99728504096923
"UGT2B7",12,215,304.75,299.306976744186,3.20833333333333,5.1968992248062,5.44302325581396,-1.98856589147287,1.03151968426564,5.61458563028775,-2.05124486051351,0.936973737923841,227,0.978783183598972
"ZNF705G",14,212,383.285714285714,376.481132075472,1.60714285714286,2.87460691823899,6.80458221024259,-1.26746406109614,0.810709265864826,5.51653784818262,-1.0275448584813,0.869179413370046,226,0.949356180396483
"TLK2",2,97,886,879.350515463918,1,1.15292096219931,6.64948453608247,-0.152920962199313,0.820672830664943,5.45705129668956,-0.125498078916117,0.947906002091627,99,0.984059747105849
"LILRB2",10,216,247.8,242.708333333333,13.55,6.5408950617284,5.09166666666667,7.0091049382716,1.0470914491038,5.33144062835351,7.3391738467354,0.970968601290816,226,0.994346703857992
"ZNF568",9,237,391.888888888889,386.227848101266,4.22222222222222,4.47995780590717,5.66104078762311,-0.257735583684952,0.925904898579958,5.24158539632118,-0.238638639472262,0.962368935302984,246,0.99080773362754
"MRPS23",2,8,807.5,801,1.25,1.0625,6.5,0.1875,0.8061431318167,5.23993035680855,0.151151837215631,0.977031411125668,10,0.994611549531221
"BTNL8",3,14,588.333333333333,582.5,1.66666666666667,1.75,5.83333333333337,-0.0833333333333333,0.787302915526422,4.59260034057083,-0.0656085762938685,0.982105708098622,17,0.994611549531221
"ALPI",5,110,541.4,537.318181818182,1,1.97424242424242,4.08181818181811,-0.974242424242424,1.04648425310151,4.27155845129609,-1.01952935567314,0.963634505515769,115,0.991719953884484
"PRMT1",3,48,880.666666666667,873.6875,1.33333333333333,1.66666666666667,6.97916666666663,-0.333333333333333,0.602200756826014,4.20285944868154,-0.200733585608671,0.978010009849695,51,0.994611549531221
"PRAMEF12",13,205,368.307692307692,363.619512195122,3.42307692307692,5.96219512195122,4.68818011257036,-2.5391181988743,0.883631805103272,4.14262505551981,-2.24364559744186,0.962071814249563,218,0.99080773362754
"ZNF490",6,93,527.666666666667,522.752688172043,2.41666666666667,2.81720430107527,4.91397849462362,-0.400537634408602,0.837098112643921,4.11348212342225,-0.335289297806302,0.979716505384242,99,0.994611549531221
"ZNF705B",12,207,378.333333333333,373.51690821256,1.79166666666667,2.84500805152979,4.81642512077292,-1.05334138486312,0.807503880881474,3.88928197699916,-0.850577256170039,0.941381814553778,219,0.98040282241093
"TCEAL2",14,257,388.142857142857,384.217898832685,2.14285714285714,2.84143968871595,3.92495831017231,-0.698582545858812,0.943626793428939,3.70369582457017,-0.659201207694175,0.96524384657012,271,0.992594321561481
"ZNF100",15,221,172.866666666667,168.79185520362,6.1,13.7677224736048,4.07481146304676,-7.66772247360483,0.888373635809951,3.61995507466691,-6.81180249225799,0.883122537531877,236,0.954342097010254
"ZNF213",2,80,639.5,633.4125,2.75,3.29583333333333,6.08749999999998,-0.545833333333333,0.576709818917894,3.51072102266267,-0.314787442826017,0.988113724000378,82,0.99728504096923
"RHOF",2,61,1001.5,995.131147540984,1.25,1.14207650273224,6.36885245901635,0.107923497267759,0.512884171304656,3.26648361560422,0.055352253460475,0.990351883588773,63,0.99728504096923
"ZNF491",11,171,271.818181818182,268.760233918129,5,7.04678362573099,3.05794790005314,-2.04678362573099,0.883499920709332,2.70169672723021,-1.80833317104249,0.964132128020587,182,0.99184143721173
"XAGE5",8,171,276.125,272.912280701754,3.6875,6.61111111111111,3.21271929824559,-2.92361111111111,0.805640990461,2.58829835751174,-2.35538095127834,0.949931278793133,179,0.984694467817827
"OR5D3P",7,155,258.142857142857,255.851612903226,4.85714285714286,8.93978494623656,2.29124423963137,-4.0826420890937,1.10120081190021,2.52312001694375,-4.49580878320797,0.97416839840895,162,0.994346703857992
"TPRKB",2,81,807.5,804.827160493827,1.25,1.20164609053498,2.67283950617286,0.0483539094650205,0.883235136030619,2.3607457648226,0.0427078718039496,0.989302967937899,83,0.99728504096923
"ZNF727",13,163,256.461538461538,253.693251533742,3.80769230769231,8.48568507157464,2.76828692779611,-4.67799276388233,0.800111762107885,2.21493893181917,-3.74291703343783,0.936525650783617,176,0.978783183598972
"YME1L1",3,86,677.666666666667,675.360465116279,1.16666666666667,1.84496124031008,2.30620155038753,-0.678294573643411,0.881701130417635,2.03338051394758,-0.598053092337543,0.989919909464322,89,0.99728504096923
"MS4A4E",3,95,675.666666666667,673.726315789474,1.33333333333333,1.95263157894737,1.94035087719294,-0.619298245614035,1.01259754039421,1.96479452574732,-0.62709988027922,0.993692835945491,98,0.998661300125218
"UBE2D2",3,143,530,528.48951048951,2,2.32808857808858,1.51048951048949,-0.328088578088578,1.04191348670196,1.57379939250085,-0.34183991434336,0.98879055202295,146,0.99728504096923
"CD177",3,38,650,648.605263157895,1.16666666666667,1.44956140350877,1.39473684210532,-0.282894736842105,1.03014115287154,1.43677581847878,-0.291421510351817,0.996565557066381,41,0.99913932886084
"ZNF35",9,228,254.333333333333,253.065789473684,4.61111111111111,6.69809941520468,1.26754385964912,-2.08698830409357,1.03426543383202,1.31097679990111,-2.15849986373569,0.981779709827878,237,0.994611549531221
"IGKV2D-28",4,257,210,209.027237354086,5.75,11.4212062256809,0.9727626459144,-5.67120622568094,1.08126841153024,1.05181752094382,-6.13209614710245,0.993603905633448,261,0.998661300125218
"IGHV3-35",11,219,121.090909090909,120.146118721461,33.4090909090909,19.2328767123288,0.944790369447901,14.1762141967621,1.06930704048816,1.01027099383605,15.1587256480659,0.988821867205337,230,0.99728504096923
"ZNF382",11,191,444.636363636364,443.717277486911,4.90909090909091,6.90663176265271,0.919086149452653,-1.9975408535618,0.889572523012989,0.817593784834889,-1.77695745692449,0.990415109573346,202,0.99728504096923
"MAP1LC3B",2,40,1193,1191.15,0.75,1.025,1.84999999999991,-0.275,0.37582402566351,0.69527444747746,-0.103351607057465,0.994904837699311,42,0.999110815106956
"ZNF479",13,256,162.307692307692,161.80078125,6.11538461538461,13.2542317708333,0.506911057692321,-7.13884715544872,0.971287147704807,0.492356195366001,-6.93387049151636,0.987068628215847,269,0.99728504096923
"UGT2A3",13,201,447.461538461538,447.47263681592,1.65384615384615,2.82669983416252,-0.011098354381943,-1.17285368031637,1.01490596671092,-0.0112637860829062,-1.19033619823195,0.999871852079832,214,0.999871852079832
"ZNF93",14,245,187,187.081632653061,7.53571428571429,9.95442176870749,-0.0816326530612344,-2.4187074829932,0.957819199882295,-0.0781893224393805,-2.31668446610987,0.998979576542321,259,0.999599317074089
"PADI3",2,27,807.5,807.703703703704,1.25,1.52469135802469,-0.203703703703695,-0.274691358024691,0.533013482770449,-0.108576820564346,-0.146414197427685,0.999216768540957,29,0.999599317074089
"ZNF649",10,201,327.3,327.577114427861,3.95,6.55182421227197,-0.277114427860681,-2.60182421227197,0.874212826136308,-0.242256987143232,-2.27454809772015,0.997315035918029,211,0.999227066278301
"SLCO1B3",3,44,638.333333333333,638.613636363636,1.33333333333333,1.64772727272727,-0.280303030303003,-0.31439393939394,1.0365158278577,-0.29053852750554,-0.325874294364354,0.998850275312182,47,0.999599317074089
"LINC02203",7,166,252.571428571429,253.048192771084,5.28571428571429,9.31827309236948,-0.476764199655747,-4.03255880665519,1.11508249080349,-0.531631411278064,-4.49663571843663,0.993673445877989,173,0.998661300125218
"H2BW2",4,124,486,486.741935483871,2.25,3.13104838709677,-0.741935483870975,-0.881048387096774,0.813681422739004,-0.603699120096687,-0.716892705114808,0.99674309121696,128,0.99913932886084
"LINC00514",2,2,534,535,0.75,1,-1,-0.25,0.616410651149625,-0.616410651149625,-0.154102662787406,0.996540797862403,4,0.99913932886084
"PRAMEF5",4,163,336.75,337.552147239264,2.5,5.67075664621677,-0.802147239263832,-3.17075664621677,0.963277076942696,-0.772690047915717,-3.05431719386431,0.992616567846094,167,0.998661300125218
"NUTF2",2,56,886,887.982142857143,1,1.375,-1.98214285714289,-0.375,0.504297942839261,-0.999590565270695,-0.189111728564723,0.984760078724968,58,0.995426725612511
"GAGE12E",13,189,269.230769230769,270.650793650794,4.07692307692308,7.02645502645502,-1.42002442002445,-2.94953194953194,0.801628515769284,-1.13833206818034,-2.36442891891738,0.974502783601892,202,0.994346703857992
"LCN6",3,22,597.666666666667,599.136363636364,1,1.34090909090909,-1.469696969697,-0.340909090909091,0.903377003234266,-1.32769044414735,-0.307969432920772,0.994553495465992,25,0.999110815106956
"ATXN3",2,23,691.5,692.869565217391,1,1.43478260869565,-1.36956521739125,-0.434782608695652,0.970447812240365,-1.32909156893784,-0.421933831408854,0.996845093892158,25,0.99913932886084
"FNDC5",2,11,923.5,925.090909090909,0.75,1.04545454545455,-1.59090909090912,-0.295454545454545,0.852601241374817,-1.3564110658236,-0.251904912224378,0.997980299011857,13,0.999510356963581
"ANKRD20A4P",9,174,204.333333333333,205.787356321839,12.0555555555556,8.88409961685824,-1.45402298850573,3.17145593869732,1.00030209795436,-1.45446224587614,3.17241402904873,0.9712902107454,183,0.994346703857992
"PAGE2",10,174,289.6,291.568965517241,4.05,5.84865900383142,-1.96896551724137,-1.79865900383142,0.802136921667877,-1.57937993887019,-1.44277079646355,0.973698560607695,184,0.994346703857992
"OR4A47",3,190,320.333333333333,321.842105263158,2.83333333333333,5.67631578947368,-1.5087719298246,-2.84298245614035,1.05201110917197,-1.58724483138232,-2.99084912704067,0.989731853336233,193,0.99728504096923
"OR4D5",2,68,608.5,609.897058823529,1.75,1.44852941176471,-1.39705882352939,0.301470588235294,1.2059153311085,-1.6847346537545,0.363548004231239,0.996449496361844,70,0.99913932886084
"OR1E2",7,89,452,453.52808988764,1.07142857142857,2.11048689138577,-1.52808988764048,-1.0390583199572,1.1096069345525,-1.69557913594542,-1.15294631722897,0.982046256826858,96,0.994611549531221
"GZMH",13,189,354.230769230769,355.920634920635,3.23076923076923,4.14638447971781,-1.68986568986571,-0.915615248948582,1.06805911280572,-1.80487644947879,-0.977931210463408,0.979367013203715,202,0.994611549531221
"OR52N5",7,100,575.428571428571,577.23,1.07142857142857,1.68666666666667,-1.80142857142857,-0.615238095238095,1.08766125137774,-1.95934405426762,-0.669170636561925,0.983550850794188,107,0.994611549531221
"SPANXC",6,195,217.333333333333,219.989743589744,5.16666666666667,5.93760683760684,-2.65641025641025,-0.770940170940172,0.807872043104665,-2.14603958117034,-0.622821011008896,0.958181471283752,201,0.988692380819433
"PRSS27",2,48,1001.5,1006.91666666667,1.25,1.35416666666667,-5.41666666666663,-0.104166666666667,0.439616553703818,-2.38125633256233,-0.0457933910108144,0.991806808673518,50,0.998301691472998
"ZNF763",13,172,293.076923076923,296.104651162791,3.07692307692308,6.36676356589147,-3.02772808586758,-3.2898404889684,0.923618948412218,-2.79646703074715,-3.03855901286493,0.949462863364657,185,0.984694467817827
"OR6N1",5,179,242.2,244.905027932961,4.2,7.38175046554935,-2.70502793296092,-3.18175046554935,1.09415203379282,-2.95971181431558,-3.48131874290208,0.973980782677454,184,0.994346703857992
"NDUFS5",2,43,886,892.604651162791,1,1.47674418604651,-6.60465116279067,-0.476744186046512,0.466627511851722,-3.08191193874159,-0.222461953324658,0.95091984278715,45,0.984694467817827
"OR6C6",5,98,442.2,445.163265306122,1.6,2.89795918367347,-2.96326530612248,-1.29795918367347,1.06331148313794,-3.15087402758428,-1.38013490464434,0.979805887458992,103,0.994611549531221
"ZNF138",15,307,45.9333333333333,49.1335504885993,16.7333333333333,22.7576004343105,-3.20021715526602,-6.0242671009772,1.01161002381619,-3.23737175265564,-6.09420898549466,0.677496794003739,322,0.866687912325079
"ZNF431",10,159,251.8,255.880503144654,4.8,8.66771488469602,-4.08050314465407,-3.86771488469602,0.848764496162976,-3.46338619566375,-3.28277907541106,0.93847864966275,169,0.979330955099347
"CNTNAP4",6,243,536.5,540.152263374486,1.16666666666667,1.50137174211248,-3.65226337448564,-0.334705075445816,0.972962099671857,-3.55351384139417,-0.325655352976589,0.956270439062347,249,0.987642157023681
"CHRNA5",2,62,663.5,671.677419354839,2.25,2.2741935483871,-8.17741935483866,-0.024193548387097,0.468523314940856,-3.83131162379052,-0.0113352414905047,0.982755557250113,64,0.994611549531221
"SPANXB1",9,213,213.222222222222,218.1220657277,5.27777777777778,5.98787167449139,-4.89984350547729,-0.710093896713615,0.817539957054421,-4.00581784904129,-0.580530133823855,0.917800362106216,222,0.969474377687789
"ERO1B",3,68,995,1002.75,0.833333333333333,0.99264705882353,-7.75,-0.159313725490196,0.52359311635508,-4.05784665175187,-0.0834155700075495,0.954859550469579,71,0.986803223115259
"ZNF12",14,281,380.857142857143,385.914590747331,3.17857142857143,4.82502965599051,-5.05744789018814,-1.64645822741908,0.963632724222022,-4.87352228803292,-1.58658102700561,0.89650400522893,295,0.962829825591119
"OR5P3",5,49,677.4,682.836734693878,1,1.45238095238095,-5.43673469387761,-0.452380952380952,1.02072502664266,-5.54941116525728,-0.461756559671678,0.981144713932792,54,0.994611549531221
"OR10K1",4,165,347.5,353.10303030303,2,4.02979797979798,-5.60303030303032,-2.02979797979798,0.999987967640008,-5.60296288535267,-2.02977355653798,0.877857386769405,169,0.953383770419142
"ZNF274",4,96,559,565.739583333333,2.25,3.71961805555556,-6.73958333333337,-1.46961805555556,0.854050718471012,-5.75594598802862,-1.25512835622519,0.967085180894462,100,0.993039388697222
"SPRR2A",2,199,333,338.814070351759,4,4.51926298157454,-5.8140703517588,-0.519262981574538,1.0172477571977,-5.91435002551629,-0.52821910340249,0.776840928079155,201,0.912124521907907
"ZNF85",12,177,186.833333333333,194.045197740113,5.875,12.0790960451977,-7.21186440677965,-6.20409604519775,0.820424398407342,-5.91678951732752,-5.08999176554273,0.857567446323298,189,0.949099422805073
"IGHD6-19",2,20,646.5,656.45,1.5,2.69166666666667,-9.95000000000005,-1.19166666666667,0.627411383571442,-6.24274326653588,-0.747665232089302,0.98024089857443,22,0.994611549531221
"IGHV3-43",12,234,100.166666666667,105.918803418803,32.875,21.548433048433,-5.75213675213675,11.326566951567,1.10782323254797,-6.37235073081011,12.5478340139559,0.933321222754516,246,0.977070655071134
"CCDC144A",4,112,212.25,219.241071428571,5,8.62053571428571,-6.99107142857142,-3.62053571428571,0.947168556125982,-6.6217230307736,-3.42925758490255,0.917990007091304,116,0.969474377687789
"OR2F1",3,143,488,494.111888111888,1,1.60839160839161,-6.11188811188811,-0.608391608391608,1.08454622733742,-6.6286251936567,-0.659828823624867,0.937770601558692,146,0.978983053085443
"ZNF577",15,295,103.266666666667,110.091525423729,21.5333333333333,25.3045197740113,-6.82485875706215,-3.77118644067797,0.982978024911259,-6.70868618131526,-3.70699339902975,0.844912402721554,310,0.942277468336074
"BEX2",14,298,384.285714285714,391.214765100671,2.5,2.44295302013423,-6.92905081495684,0.0570469798657713,0.989107595991361,-6.85357679408394,0.0564256011136006,0.941033249649887,312,0.98040282241093
"ZNF669",15,329,15.1333333333333,21.8480243161094,34.9,41.4665653495441,-6.71469098277609,-6.56656534954406,1.03105410186499,-6.92320968054717,-6.77048413881193,0.0681919259103323,344,0.230511646059118
"BEX3",14,293,351.785714285714,358.982935153584,2.35714285714286,2.70335608646189,-7.19722086786936,-0.346213229319032,0.978441492122719,-7.04205952509487,-0.338749388687539,0.894367803528745,307,0.962513620519197
"ZNF722P",15,297,84.1333333333333,91.5656565656566,14.4333333333333,17.5892255892256,-7.43232323232323,-3.15589225589226,1.00013103168976,-7.43329710219522,-3.15630577778726,0.652410153244089,312,0.850587325226396
"SPANXA1",7,189,236.571428571429,245.915343915344,4.85714285714286,5.66181657848325,-9.34391534391534,-0.804673721340388,0.80367911140986,-7.50950958068684,-0.646699461341708,0.865878723997494,196,0.949356180396483
"SYCP3",9,233,437.666666666667,445.085836909871,1.55555555555556,2.90772532188841,-7.41917024320458,-1.35216976633286,1.01294298523515,-7.51519645411943,-1.36967087965392,0.907515264487987,242,0.966483881099764
"ZNF547",11,264,165.818181818182,174.113636363636,10.1363636363636,8.15782828282828,-8.29545454545456,1.97853535353535,0.907603854211353,-7.52898651788964,1.79572631256211,0.880670569842935,275,0.954059783996513
"ZNF69",8,122,318.375,327.909836065574,3.5625,7.25273224043716,-9.53483606557376,-3.69023224043716,0.793162351766176,-7.56267299747544,-2.9269532823885,0.895218925619812,130,0.962829825591119
"IQCF2",2,72,758,768.5,1,1.25694444444444,-10.5,-0.256944444444444,0.730573328328123,-7.67101994744529,-0.187716757973198,0.967894146068621,74,0.993365044649374
"CCL1",3,16,779.333333333333,789,0.666666666666667,0.989583333333333,-9.66666666666663,-0.322916666666667,0.800694784716931,-7.74004958559697,-0.258557690898176,0.972514513989186,19,0.994346703857992
"LILRA6",13,260,244.538461538462,252.534615384615,11.0384615384615,5.71730769230769,-7.99615384615385,5.32115384615385,0.978022813829483,-7.82042088442883,5.20420985743496,0.94118571079927,273,0.98040282241093
"CYP3A7",5,161,419,426.049689440994,2,3.55590062111801,-7.0496894409938,-1.55590062111801,1.11547092224061,-7.86372358225527,-1.73556190075325,0.939826538931707,166,0.980346006478463
"GABRQ",2,39,691.5,699.974358974359,1,1.05555555555556,-8.47435897435901,-0.0555555555555556,0.929729339535053,-7.87886017221375,-0.0516516299741696,0.980417140733678,41,0.994611549531221
"KRT37",3,33,615,625.030303030303,1,1.22727272727273,-10.030303030303,-0.227272727272727,0.792250831010932,-7.94651591104902,-0.180057007047939,0.961187118828913,36,0.990371428036257
"IGHV3-64",12,235,80.4166666666667,87.6978723404255,40.75,23.5063829787234,-7.28120567375886,17.2436170212766,1.09545546241641,-7.97623652829647,18.889614457774,0.873717879647922,247,0.951895445259081
"POTEB",3,112,164,172.544642857143,8,12.5535714285714,-8.54464285714286,-4.55357142857143,0.959687651648816,-8.20018823774926,-4.37000627090086,0.917578161778231,115,0.969474377687789
"HLA-DRA",4,72,640.25,649,0.875,1.44675925925926,-8.75,-0.571759259259259,0.953013878305355,-8.33887143517185,-0.544894509123663,0.929190948390842,76,0.974699296726323
"AADACL2",3,84,752,761.464285714286,0.833333333333333,1.10912698412698,-9.46428571428567,-0.275793650793651,0.93986609259261,-8.89516123346573,-0.259209100933279,0.959515585011874,87,0.989039141473777
"PCNX2",2,42,793,800.97619047619,1,1.09920634920635,-7.97619047619048,-0.0992063492063493,1.12799262614802,-8.99708404189492,-0.111904030371827,0.970967076048971,44,0.994346703857992
"OBP2B",3,172,504,512.46511627907,3.5,2.64050387596899,-8.46511627906978,0.859496124031006,1.07137653484011,-9.06932694608841,0.920843979072848,0.976657095004065,175,0.994611549531221
"ZNF705D",10,199,376.8,388.050251256281,1.6,2.75837520938023,-11.2502512562814,-1.15837520938023,0.806894139205038,-9.07776180327757,-0.93468616744932,0.814272681434151,209,0.92629278040376
"MTRNR2L13",8,253,177.625,186.786561264822,6.375,10.5902503293808,-9.16156126482213,-4.21525032938077,1.02108523755195,-9.35473496043764,-4.3041298839167,0.869471168285593,261,0.949356180396483
"PAGE3",12,231,220.916666666667,232.307359307359,4.45833333333333,6.81673881673881,-11.3906926406927,-2.35840548340548,0.822354074437429,-9.36718250373805,-1.93944435845407,0.728972753978937,243,0.894275026360076
"FAM9C",4,211,444,453.625592417062,1.5,2.31279620853081,-9.62559241706163,-0.812796208530806,0.973208251387568,-9.36770596477798,-0.79101997683871,0.863359814990176,215,0.949356180396483
"DEFA6",2,109,384,395.376146788991,5.25,4.76758409785933,-11.3761467889908,0.482415902140672,0.867018239581984,-9.86332676221705,0.41826338622036,0.972818065882693,111,0.994346703857992
"GAGE13",13,203,244.923076923077,257.453201970443,4.03846153846154,7.02380952380953,-12.5301250473664,-2.98534798534799,0.802179551967993,-10.0514100965993,-2.394785109355,0.751553489345323,216,0.904248596248689
"HSD3B2",2,67,538,547.044776119403,1.25,2.05970149253731,-9.04477611940297,-0.809701492537313,1.12095735795606,-10.13880834211,-0.907640845807704,0.950116728250095,69,0.984694467817827
"ZNF682",15,248,160.133333333333,171.975806451613,6.76666666666667,12.8004032258064,-11.8424731182796,-6.03373655913978,0.89759287384518,-10.6297194796709,-5.415838938143,0.735369318315985,263,0.89653528066462
"ZNF3",3,103,276.666666666667,291.883495145631,14,14.4190938511327,-15.2168284789644,-0.419093851132686,0.734649611497629,-11.1790371302972,-0.307887134915673,0.917484030319031,106,0.969474377687789
"PAGE5",10,122,367,380.893442622951,2.75,4.12704918032787,-13.8934426229508,-1.37704918032787,0.807546514165448,-11.2196011599216,-1.11203126540816,0.823461917176782,132,0.930244338773589
"BTBD2",9,160,364.888888888889,374.925,4.83333333333333,4.48958333333333,-10.0361111111111,0.343750000000001,1.12036576439567,-11.2441152965599,0.385125731511013,0.952829647821202,169,0.986005271243296
"CYP3A43",8,239,393.125,404.259414225941,2.0625,3.69525801952581,-11.1344142259414,-1.63275801952581,1.03472901262254,-11.5211014381387,-1.68946209339547,0.884189313947411,247,0.955099907955595
"ZFP2",3,89,503,517.449438202247,5,6.32771535580524,-14.4494382022472,-1.32771535580524,0.806838690841318,-11.6583658024936,-1.07125211948782,0.959092937533685,92,0.98899362501007
"CCL4L2",11,197,488.272727272727,498.781725888325,1.54545454545455,1.91201353637902,-10.5089986155976,-0.366558990924473,1.11786002218473,-11.7475894255713,-0.409761641726845,0.898336585425265,208,0.964005543209946
"OR2T2",6,184,226.5,237.54347826087,4.41666666666667,11.1911231884058,-11.0434782608696,-6.77445652173913,1.07567929532787,-11.8792409136208,-7.28714261753365,0.868315523865367,190,0.949356180396483
"PRSS53",2,8,941.5,957.75,0.75,0.8125,-16.25,-0.0625,0.73146835752824,-11.8863608098339,-0.045716772345515,0.97863493786583,10,0.994611549531221
"CLEC4C",10,178,518.2,530.095505617978,1.25,2.00655430711611,-11.8955056179775,-0.756554307116105,1.00004868156033,-11.8960847097519,-0.756591137360253,0.913524936172289,188,0.968673890300307
"ZNF223",14,268,250.357142857143,263.421641791045,3.14285714285714,5.03109452736318,-13.0644989339019,-1.88823738450604,0.932158035977538,-12.1781776672566,-1.76013565180051,0.619946797390249,282,0.827869012642628
"ZNF98",3,107,175,193.065420560748,5.33333333333333,13.3535825545171,-18.0654205607477,-8.0202492211838,0.676246150117344,-12.2166711044563,-5.42366265880717,0.604435631843034,110,0.820036503637512
"GNLY",3,55,505.333333333333,523.818181818182,1,1.84545454545455,-18.4848484848486,-0.845454545454545,0.665810487615501,-12.3074059831957,-0.562912503165833,0.806421008720649,58,0.922333197846918
"ZNF44",12,99,263.166666666667,280.060606060606,4.04166666666667,7.29208754208754,-16.8939393939394,-3.25042087542088,0.730946338658573,-12.3485631455198,-2.37588323798828,0.72475923061679,111,0.89236471964796
"IGHV3-16",13,211,126.230769230769,137.45971563981,27.2307692307692,18.7677725118483,-11.2289464090412,8.46299671892089,1.11230829515181,-12.4900502365917,9.41346145229826,0.841500579178804,224,0.940479475361084
"ITCH",2,77,886,901.701298701299,1,1.20562770562771,-15.7012987012987,-0.205627705627706,0.797545508310454,-12.5225002538615,-0.163997453007561,0.882833003126166,79,0.954342097010254
"ZNF141",3,116,179.666666666667,197.362068965517,5,14.3433908045977,-17.6954022988506,-9.34339080459771,0.714675990574697,-12.6464791665488,-6.67749707860239,0.796819929745746,119,0.917672851406998
"OR2T10",4,97,409.5,421.639175257732,2.25,4.6426116838488,-12.139175257732,-2.3926116838488,1.04548383308411,-12.6913114789334,-2.50143683431207,0.934871593667472,101,0.977910117795478
"ZNF671",11,235,218.181818181818,233.634042553191,4.45454545454545,6.01312056737588,-15.4522243713733,-1.55857511283043,0.828116646632618,-12.7962442294365,-1.29068199596219,0.713261484476592,246,0.886235025647805
"IGHV3-66",13,241,76.5384615384615,88.551867219917,30.4230769230769,23.2482710926694,-12.0134056814555,7.17480583040749,1.06590296379831,-12.8051247211748,7.64764679930872,0.688466367663714,254,0.873278151682058
"POLR2K",3,165,551.333333333333,568.424242424242,1.66666666666667,1.54040404040404,-17.090909090909,0.126262626262627,0.752457164558234,-12.8601769942679,0.095007217747252,0.906908707084811,168,0.966483881099764
"NPIPA3",2,61,434.5,451.131147540984,3.5,4.63114754098361,-16.6311475409836,-1.13114754098361,0.777411918681173,-12.9292523197057,-0.879367580147557,0.929117053690115,63,0.974699296726323
"MOB1A",2,74,886,913.972972972973,1,1.25,-27.972972972973,-0.25,0.467863706800009,-13.0875388253516,-0.116965926700002,0.787894311917789,76,0.915212694285661
"OR52L1",6,114,558.666666666667,570.719298245614,1,1.34649122807018,-12.0526315789474,-0.346491228070176,1.10381710325864,-13.3039008761173,-0.38246294367295,0.850709344725727,120,0.944661612199796
"ZNF267",2,105,268.5,286.961904761905,3.5,8.86349206349207,-18.4619047619047,-5.36349206349207,0.724596991634268,-13.3774406503146,-3.88637021386063,0.518018624149765,107,0.761723503040707
"CXCL2",12,229,460.833333333333,474.061135371179,1.41666666666667,1.95887918486172,-13.2278020378457,-0.54221251819505,1.02032062428453,-13.4965992331669,-0.55323061505966,0.757306765338025,241,0.906780384645485
"TNFRSF10B",4,78,592.25,609.897435897436,1,2.07799145299145,-17.6474358974359,-1.07799145299145,0.768023254235552,-13.553641146862,-0.827922503764607,0.901401343973566,82,0.965707958918789
"OR6C2",8,89,434.875,447.224719101124,1.4375,3.08052434456929,-12.3497191011236,-1.64302434456929,1.09794171914864,-13.5592718208904,-1.80394497347947,0.867651627591703,97,0.949356180396483
"PSG11",10,162,304.9,318.981481481481,7.4,6.940329218107,-14.0814814814815,0.459670781893005,0.979419241818942,-13.7916739162801,0.450210408687967,0.91827366428522,172,0.969474377687789
"SAYSD1",3,27,1002.33333333333,1032.18518518519,0.833333333333333,1,-29.8518518518518,-0.166666666666667,0.465173686929567,-13.8862959876011,-0.0775289478215944,0.910982716817355,30,0.968034908110512
"RAB3A",2,91,679,700.10989010989,2,1.73626373626374,-21.1098901098901,0.263736263736264,0.659437279028143,-13.920648494649,0.17391752413929,0.95317616347515,93,0.986005271243296
"GAGE12J",13,203,238.769230769231,256.206896551724,4.19230769230769,6.87602627257799,-17.4376657824934,-2.6837185802703,0.806660950136217,-14.0662840482639,-2.16485097985906,0.667401129363248,216,0.859920685910339
"MAMSTR",2,26,915.5,935.307692307692,0.75,1.00641025641026,-19.8076923076923,-0.256410256410256,0.73072508695281,-14.4739776838729,-0.187365406910977,0.975152251611552,28,0.994563947486723
"ZNF584",6,212,264,282,4.66666666666667,6.21580188679245,-18,-1.54913522012578,0.811723689627684,-14.6110264132983,-1.2574697566127,0.735618691827381,218,0.89653528066462
"ZNF548",15,316,74.9333333333333,89.4398734177215,24.5666666666667,15.6363396624473,-14.5065400843882,8.93032700421941,1.00805742061118,-14.623425379461,9.00228240508778,0.609037587033021,331,0.82286205528298
"GOSR2",3,73,732.666666666667,749.424657534247,1,1.3310502283105,-16.7579908675799,-0.331050228310502,0.891842758172572,-14.9454927967732,-0.295244748710098,0.928066029125182,76,0.974693140717082
"XDH",2,23,424.5,444.95652173913,1.25,1.97826086956522,-20.4565217391304,-0.728260869565218,0.731781414280851,-14.9697024095279,-0.532927769095838,0.670109633384243,25,0.861429717190492
"SPANXN2",4,145,331.25,350.434482758621,3.75,3.48333333333333,-19.1844827586207,0.266666666666667,0.789481976336466,-15.1458033632687,0.210528527023058,0.857550993585749,149,0.949099422805073
"PRAMEF20",7,189,364.285714285714,380.730158730159,2.64285714285714,5.33906525573192,-16.4444444444445,-2.69620811287478,0.929982955921471,-15.2930530529309,-2.50742759059074,0.80216266021893,196,0.920615597458337
"PRAMEF4",8,214,309.125,325.191588785047,3,5.78777258566978,-16.0665887850467,-2.78777258566978,0.958083535592302,-15.3931341880852,-2.6709190153058,0.669781979935022,222,0.861429717190492
"ACCSL",5,8,467,490,1,1.125,-23,-0.125,0.678874377565444,-15.6141106840052,-0.0848592971956805,0.814111434418659,13,0.92629278040376
"ZNF45",6,125,576.5,597.28,1.16666666666667,1.55466666666667,-20.78,-0.388,0.757731753058444,-15.7456658285545,-0.293999920186676,0.890753315059895,131,0.960057684915444
"SPANXN5",11,240,138.909090909091,157.4,7.04545454545455,8.7375,-18.4909090909091,-1.69204545454545,0.857414965226824,-15.8543821751942,-1.4507850945713,0.431988420823012,251,0.687864560396423
"RPL34",2,80,361,392.2,3.5,4.97708333333333,-31.2,-1.47708333333333,0.513707192511156,-16.0276644063481,-0.758788332271687,0.497035582504735,82,0.746418884183622
"ZNF304",11,266,171.818181818182,190.233082706767,5.45454545454545,7.40476190476191,-18.4149008885851,-1.95021645021645,0.871998054513359,-16.0577577489025,-1.7005849504687,0.401460236849007,277,0.662154806810422
"TEAD4",2,86,807.5,827.255813953488,1.25,1.28875968992248,-19.7558139534884,-0.0387596899224807,0.813575897916353,-16.0728540762778,-0.0315339495316417,0.92093313038191,88,0.970816971476135
"GAGE10",11,206,239.818181818182,259.956310679612,4.22727272727273,6.25970873786408,-20.1381288614298,-2.03243601059135,0.8061004945565,-16.2333556346411,-1.63834767329213,0.612902276777223,217,0.825038577180113
"IL36B",4,19,408.5,422.842105263158,1.5,2.26315789473684,-14.3421052631579,-0.763157894736842,1.14251415830848,-16.3860583231084,-0.871918699761732,0.861149118780439,23,0.949356180396483
"RNASE6",5,76,363.8,381.78947368421,2.1,2.23464912280702,-17.9894736842105,-0.134649122807018,0.915574390798646,-16.4707014092093,-0.123281288585608,0.807114892700988,81,0.922568335357691
"PFN2",2,31,796,812.58064516129,1.75,1.12365591397849,-16.5806451612904,0.626344086021505,0.998685038822086,-16.5588422565985,0.625520467864371,0.98315288684024,33,0.994611549531221
"PAFAH1B2",3,89,732.666666666667,754.76404494382,1,1.50374531835206,-22.0973782771536,-0.50374531835206,0.750933505376466,-16.5936617292927,-0.378279237727097,0.904289146723995,92,0.965964010734972
"OR6C75",5,125,429.4,445.616,2.1,3.14933333333333,-16.216,-1.04933333333333,1.0371952664534,-16.8191584408083,-1.0883635662651,0.847259448968728,130,0.942735253387755
"ZNF283",7,165,383.285714285714,405.369696969697,1.57142857142857,3.47222222222222,-22.0839826839827,-1.90079365079365,0.767520685084901,-16.9499135190135,-1.45889844506217,0.59611821841773,172,0.814248251294056
"XAGE3",13,220,208.846153846154,229.613636363636,4.92307692307692,7.40075757575757,-20.7674825174825,-2.47768065268065,0.817861895684662,-16.9849326203463,-2.02640059550261,0.548190400032963,233,0.779291389071541
"ZKSCAN1",8,136,554.125,576.389705882353,1.9375,3.11580882352941,-22.2647058823529,-1.17830882352941,0.764370531247776,-17.0184850633696,-0.900664541415119,0.863981607351433,144,0.949356180396483
"IGKV1D-16",6,214,152,167.261682242991,11,18.9361370716511,-15.2616822429906,-7.93613707165108,1.13052973703102,-17.2537856128192,-8.97203895665582,0.774629135405257,220,0.911759428294566
"ZNF226",6,208,445.166666666667,465.278846153846,1.91666666666667,2.61137820512821,-20.1121794871794,-0.694711538461539,0.863416741516992,-17.3651924776254,-0.599825572832718,0.865799969912774,214,0.949356180396483
"ZNF175",6,160,505.5,525.5125,1.66666666666667,2.015625,-20.0125,-0.348958333333333,0.872168010376094,-17.4542623076516,-0.304350295287491,0.879965846106487,166,0.954059783996513
"LILRA2",9,230,263.333333333333,280.552173913043,11.7777777777778,5.02971014492754,-17.2188405797102,6.74806763285024,1.0219328928353,-17.5964995648931,6.89607227708691,0.910637769356788,239,0.968034908110512
"OR2AG1",9,168,476.777777777778,493.244047619048,1.66666666666667,2.27380952380952,-16.4662698412698,-0.607142857142857,1.07194886872574,-17.650999328482,-0.650826098869202,0.86287373131287,177,0.949356180396483
"GDPD4",4,70,477.75,500.014285714286,1,2.25,-22.2642857142857,-1.25,0.805520697267482,-17.9343429527339,-1.00690087158435,0.747949583946568,74,0.902729727347834
"ZNF805",8,192,495.875,517.677083333333,1.9375,2.07378472222222,-21.8020833333334,-0.136284722222222,0.831649041528183,-18.1316817074843,-0.113341058611046,0.877464983127434,200,0.953369961252269
"OR2A14",4,177,306.5,322.723163841808,7.75,5.40112994350283,-16.2231638418079,2.34887005649717,1.11828636036794,-18.1421428463082,2.62670934645747,0.937204563859406,181,0.978783183598972
"ZNF749",4,172,421,445.156976744186,1.875,2.9452519379845,-24.1569767441861,-1.0702519379845,0.778622835994861,-18.8091737416201,-0.833322599182485,0.870129438783276,176,0.949356180396483
"VCY",6,204,275,297.975490196078,4.91666666666667,4.61764705882353,-22.9754901960785,0.299019607843137,0.822212736506753,-18.8907406667017,0.245857730033882,0.789324033465072,210,0.915212694285661
"PAGE4",9,193,264.111111111111,287.901554404145,3.38888888888889,5.47495682210708,-23.790443293034,-2.08606793321819,0.803173566782166,-19.107855194995,-1.67547462247276,0.540810675874102,202,0.775498482181365
"DAZAP2",4,137,671,693.007299270073,1.25,1.27737226277372,-22.007299270073,-0.0273722627737227,0.871247465546903,-19.1738037125833,-0.0238480145678898,0.890271534347521,141,0.960057684915444
"MADCAM1",8,139,444.75,464.302158273381,3.25,2.85851318944844,-19.5521582733813,0.391486810551559,0.998912773610696,-19.5309006509386,0.391061175760062,0.914573118523141,147,0.969091467437538
"CDK2AP2",2,50,886,920.82,1,1.03,-34.82,-0.03,0.564552362116969,-19.6577132489129,-0.0169365708635091,0.745233341905635,52,0.902360853753208
"ZNF583",6,165,489,512.539393939394,3.33333333333333,3.32727272727273,-23.5393939393939,0.00606060606060632,0.844471204874072,-19.8783403620054,0.00511800730226733,0.868895560848384,171,0.949356180396483
"IFNA6",9,171,400.444444444444,423.017543859649,3.5,4.46978557504873,-22.5730994152046,-0.96978557504873,0.882824911992349,-19.9280945046226,-0.856150864943845,0.80619244565214,180,0.922333197846918
"ZNF888",3,156,249.666666666667,273.365384615385,6.33333333333333,8.08173076923077,-23.698717948718,-1.74839743589743,0.85060323782806,-20.1582062195535,-1.48719251998463,0.821819284550295,159,0.930244338773589
"CTBS",3,10,536,565.3,1,1.05,-29.3,-0.05,0.704604122538888,-20.6449007903894,-0.0352302061269444,0.775814048557835,13,0.911861273426649
"ZNF154",15,303,82.9333333333333,104.095709570957,18.7333333333333,14.1892189218922,-21.1623762376238,4.54411441144114,0.975828571023504,-20.6508513634222,4.43427667268392,0.377918502445025,318,0.641651102591846
"MXRA7",2,28,695.5,714,1,1.28571428571429,-18.5,-0.285714285714286,1.11758875476102,-20.6753919630788,-0.319311072788862,0.956849096044048,30,0.987849343327972
"ZNF28",3,202,160.666666666667,184.742574257426,14.8333333333333,10.6794554455446,-24.0759075907591,4.15387788778878,0.871814261053803,-20.9897195854373,3.62140998125031,0.835003981807561,205,0.937227407415446
"PRXL2C",3,22,712.333333333333,737.5,0.833333333333333,1.08333333333333,-25.1666666666666,-0.25,0.835848049155859,-21.0355092370891,-0.208962012288965,0.931445185859197,25,0.976280092519086
"ZNF556",7,92,249.714285714286,278.413043478261,5.85714285714286,10.5163043478261,-28.6987577639752,-4.65916149068323,0.734450972098626,-21.0778305377745,-3.42192568599678,0.578542390768106,99,0.800281242497121
"OR5T2",11,144,422.636363636364,443.604166666667,2.59090909090909,2.76967592592593,-20.9678030303031,-0.178766835016835,1.01397952511142,-21.2609229592966,-0.181265910476043,0.793349295093564,155,0.91574073632233
"C2orf78",7,45,581.714285714286,601.8,1.5,1.86666666666667,-20.0857142857143,-0.366666666666667,1.05957289949463,-21.282278524135,-0.388510063148031,0.903055564974013,52,0.965896107767948
"TUBB4B",2,56,523,585.053571428571,2.25,3.8422619047619,-62.0535714285714,-1.5922619047619,0.343303936303877,-21.3032353331424,-0.546629779531471,0.475496854131431,58,0.72574373822747
"STMP1",2,58,807.5,855.810344827586,1.25,1.64080459770115,-48.3103448275862,-0.390804597701149,0.445117205893107,-21.5037657053877,-0.173953850578916,0.812479780436928,60,0.925651347846971
"FAM90A23P",3,32,521,551.0625,1.16666666666667,4.5625,-30.0625,-3.39583333333333,0.721208274734818,-21.6813237592155,-2.44910309962032,0.812753371487755,35,0.925651347846971
"CCDC88C",5,5,257.8,301.2,7.7,2,-43.4,5.7,0.50372854832484,-21.861818997298,2.87125272545159,0.669399186495294,10,0.861429717190492
"ZNF57",4,87,267.5,299.425287356322,3.25,9.43103448275862,-31.9252873563219,-6.18103448275862,0.686867835028933,-21.9284530091134,-4.2455537734116,0.58963971907158,91,0.808781409939127
"CXorf51A",13,292,167.615384615385,190.393835616438,10.6538461538462,9.6355593607306,-22.7784510010538,1.01828679311556,0.971059435934101,-22.1192297805358,0.988816998941936,0.708110406592435,305,0.885630379492089
"OR5B17",11,264,160.272727272727,180.984848484848,9.31818181818182,15.1145833333333,-20.7121212121212,-5.79640151515151,1.07062645779994,-22.1749449668562,-6.20578082215284,0.681176817599756,275,0.86825123140886
"OR2F2",5,91,436.6,459.10989010989,1.2,1.60989010989011,-22.5098901098901,-0.40989010989011,0.985583445227945,-22.1853750462079,-0.403980906670356,0.710063392665873,96,0.885630379492089
"OR8H1",7,222,288.142857142857,308.405405405405,6.85714285714286,6.20720720720721,-20.2625482625483,0.649935649935647,1.09592129442278,-22.206158120196,0.712278318768988,0.803019069547678,229,0.921110109187043
"OR5H14",6,210,337.333333333333,359.5,1.91666666666667,4.30714285714285,-22.1666666666667,-2.39047619047619,1.00719672125071,-22.3261939877241,-2.4076797812755,0.731480696548453,216,0.894475059847271
"TAAR1",2,6,523.5,543.333333333333,1,1,-19.8333333333334,0,1.13210011177325,-22.4533188835028,0,0.911566610732007,8,0.968261607253144
"LILRB3",13,253,215.846153846154,238.474308300395,12.1153846153846,6.18313570487484,-22.6281544542414,5.93224891050978,0.993812788403753,-22.4881492746005,5.89554483125885,0.83112806850074,266,0.934482634678327
"RAB3D",3,69,664.666666666667,713.014492753623,2,2.31642512077295,-48.3478260869566,-0.316425120772946,0.467369606120543,-22.5963044350454,-0.147887484062297,0.824286814712554,72,0.930244338773589
"SPDYE11",7,96,465.571428571429,490.354166666667,1.57142857142857,3.59895833333333,-24.7827380952381,-2.02752976190476,0.911961917521866,-22.6009133547756,-1.84902992949932,0.762124668934018,103,0.906780384645485
"OR4A15",9,148,408.555555555556,429.29054054054,2.22222222222222,3.54391891891892,-20.734984984985,-1.3216966966967,1.09134328150958,-22.6289865555654,-1.44242481013335,0.718094195077411,157,0.889701342691927
"ZNF20",15,148,166.8,193.689189189189,6.23333333333333,11.054054054054,-26.8891891891892,-4.82072072072072,0.8486408588002,-22.8192646059545,-4.09106057246835,0.369474994362578,163,0.635117449306444
"PRAMEF6",8,186,296.5,322.736559139785,3.0625,5.76120071684588,-26.236559139785,-2.69870071684588,0.891315891486845,-23.3850620992248,-2.40539483529167,0.518561936284939,194,0.76179372124805
"OR1M1",6,104,427.666666666667,456.490384615385,1.91666666666667,4.18108974358974,-28.823717948718,-2.26442307692308,0.845914674151948,-24.3824059764374,-1.91550870925754,0.692327874994385,110,0.875206936313657
"POTEH",5,196,164.2,186.015306122449,10.5,9.83503401360544,-21.815306122449,0.664965986394561,1.11767577254882,-24.3824391237971,0.743216372562228,0.774040541900898,201,0.911759428294566
"CRH",3,4,437.666666666667,460.75,1,1,-23.0833333333333,0,1.06793991191967,-24.6516129668124,0,0.867447788768931,7,0.949356180396483
"RPL12",4,75,673.5,709.946666666667,1.375,1.94222222222222,-36.4466666666667,-0.567222222222223,0.677055559049697,-24.676418275498,-0.384040958772078,0.785572536461679,79,0.915212694285661
"FAM236B",3,124,571.666666666667,598.209677419355,1,1.83266129032258,-26.5430107526882,-0.832661290322581,0.931998135047583,-24.7380365200534,-0.77603876970696,0.906657956782649,127,0.966483881099764
"ZNF625",13,140,258.538461538462,289.592857142857,4.03846153846154,7.12619047619047,-31.0543956043956,-3.08772893772894,0.807405565185686,-25.0734918344669,-2.49304952810723,0.420107361762561,153,0.677617614991094
"AKR7A3",2,87,694.5,719.080459770115,1.5,1.2911877394636,-24.580459770115,0.208812260536398,1.02854610162176,-25.2821360726224,0.214773036545541,0.864982142854276,89,0.949356180396483
"RHOXF2",8,222,476.5,503.103603603604,1.375,2.04054054054054,-26.6036036036036,-0.665540540540541,0.951587021087165,-25.3156439033369,-0.633319740385715,0.766810786534753,230,0.909734258113215
"PSG2",10,142,321.9,348.204225352113,6.75,6.26525821596244,-26.3042253521127,0.484741784037559,0.964567445347052,-25.3721994497205,0.467566144282081,0.846763094671621,152,0.942735253387755
"ELOC",2,68,609,650.852941176471,2,2.4656862745098,-41.8529411764706,-0.465686274509804,0.611798791267616,-25.6055788227593,-0.284906299855017,0.867797271442971,70,0.949356180396483
"CALR",2,56,807.5,859.857142857143,1.25,1.58630952380952,-52.3571428571429,-0.336309523809524,0.490838840257025,-25.6989192791714,-0.165073776634059,0.796440374820617,58,0.917672851406998
"BOLA1",3,18,480,513.888888888889,1,1.22222222222222,-33.8888888888889,-0.222222222222222,0.758718175621506,-25.7121159516177,-0.168604039027001,0.763227139228079,21,0.907330534487248
"KRTAP22-1",2,139,493.5,525.496402877698,1,1.51079136690647,-31.9964028776978,-0.510791366906475,0.805561036636295,-25.7750554707908,-0.41147362303005,0.67825556709235,141,0.866687912325079
"IGLV7-46",15,222,243.733333333333,266.72972972973,7.06666666666667,6.59384384384384,-22.9963963963964,0.472822822822822,1.12623762595092,-25.8994068829038,0.532510853471388,0.806556202479988,237,0.922333197846918
"ZNF616",2,155,324.5,357.329032258065,5.5,4.3263440860215,-32.8290322580645,1.1736559139785,0.793089896931333,-26.0363738099038,0.930814647850054,0.908413475691167,157,0.966483881099764
"HDGF",3,51,700.333333333333,726.666666666667,0.833333333333333,1.00326797385621,-26.3333333333333,-0.169934640522876,0.990255367243726,-26.0767246707514,-0.168278689858411,0.929098838796596,54,0.974699296726323
"OR11G2",9,194,150.444444444444,175.273195876289,8,13.4776632302405,-24.8287514318442,-5.47766323024055,1.05582167826548,-26.2147340060062,-5.78343558472569,0.4262623127434,203,0.682546276785711
"TBC1D14",2,82,886,919.646341463415,1,1.18292682926829,-33.6463414634146,-0.182926829268293,0.78024004695625,-26.2522230433206,-0.142726837857851,0.751258365153017,84,0.904248596248689
"IGKV1D-17",6,180,161.166666666667,185.155555555556,10.5,18.5055555555556,-23.9888888888889,-8.00555555555557,1.0981924684878,-26.3444171051686,-8.79164081717182,0.64995817812175,186,0.849444363557636
"TPM2",3,57,931.666666666667,975.140350877193,0.833333333333333,1.27485380116959,-43.4736842105264,-0.441520467836257,0.607131276177674,-26.3942333748821,-0.268060885095991,0.896488727118251,60,0.962829825591119
"ZNF25",5,128,373,409.171875,5,5.39322916666667,-36.171875,-0.393229166666667,0.736665024836803,-26.6465551952687,-0.289678173829056,0.732963554993219,133,0.894475059847271
"SYCE1L",15,310,501.6,528.28064516129,1.13333333333333,1.51586021505376,-26.6806451612903,-0.38252688172043,1.00126033005493,-26.714271580272,-0.383008991846282,0.714253050660721,325,0.886623858136088
"ZNF211",15,285,138.2,167.698245614035,11.8666666666667,8.73187134502924,-29.4982456140351,3.13479532163743,0.91286990726263,-26.9280607380945,2.86166031455049,0.462800680814984,300,0.715561052644705
"OR6C3",5,183,261.6,285.213114754098,3.6,5.75591985428051,-23.6131147540983,-2.15591985428051,1.14763551946177,-27.09924921693,-2.47421020188516,0.747859719940864,188,0.902729727347834
"POTEC",2,118,158,185.872881355932,7.5,10.6779661016949,-27.8728813559322,-3.17796610169491,0.974555501219102,-27.1636698602511,-3.0971043470946,0.847487604365801,120,0.942735253387755
"ZNF471",2,52,807.5,853.980769230769,1.25,1.65384615384615,-46.4807692307693,-0.403846153846154,0.587896351115844,-27.3258746278269,-0.237419680258322,0.820897961501761,54,0.930244338773589
"ANKRD20A1",9,178,163.333333333333,190.831460674157,13.7777777777778,9.30898876404494,-27.498127340824,4.46878901373284,0.993906285671349,-27.3305616082361,4.44155749008813,0.412818014530858,187,0.672115615469301
"ANKRD20A2P",9,179,175.777777777778,203.072625698324,13.6111111111111,9.08845437616388,-27.2948479205463,4.52265673494724,1.00364515368379,-27.3943418359924,4.53914251380516,0.53742118172573,188,0.773708841790265
"RHOXF2B",6,182,521.333333333333,549.021978021978,1.25,1.86721611721612,-27.6886446886447,-0.617216117216117,0.989937018777115,-27.4100143770557,-0.611005083018109,0.824187666634368,188,0.930244338773589
"OR6A2",6,54,621.333333333333,647.796296296296,0.916666666666667,1.11728395061728,-26.4629629629629,-0.200617283950617,1.04294185479862,-27.5993316760597,-0.209232162228117,0.880374037852008,60,0.954059783996513
"IGHV1-18",14,151,160.571428571429,188.397350993377,20.6071428571429,11.8156732891832,-27.8259224219489,8.79146956795964,0.995697439838918,-27.7061997166908,8.75364374123916,0.617909784320144,165,0.827869012642628
"EIF1",4,104,609.75,634.980769230769,1,1.25160256410256,-25.2307692307693,-0.251602564102564,1.09826591296713,-27.7100938040938,-0.276326519768974,0.859471415694572,108,0.949356180396483
"WFDC3",2,19,493.5,533.78947368421,1,1,-40.2894736842105,0,0.687815321562032,-27.7117172976703,0,0.676318528634895,21,0.865860027105821
"CHRNB3",2,61,679,767.491803278689,2,1.86475409836066,-88.4918032786885,0.135245901639344,0.316493339962231,-28.0070663789528,0.0428044271260394,0.809104573974158,63,0.924438238650842
"ZNF747",2,66,434.5,496.727272727273,3.5,5.43939393939394,-62.2272727272727,-1.93939393939394,0.450582131071815,-28.0384971562416,-0.873856254199884,0.746218746846551,68,0.902717400699091
"POTEM",5,181,217.6,244.254143646409,7.5,7.36003683241252,-26.6541436464088,0.139963167587477,1.05272335690903,-28.0594395749829,0.14734249562631,0.687599707730282,186,0.872607108450329
"SPDYE5",7,93,340.428571428571,374.451612903226,2.71428571428571,6.03584229390681,-34.0230414746543,-3.32155657962109,0.828750068242232,-28.1965979439281,-2.75274024203142,0.516276600380467,100,0.760445747911025
"KLRD1",6,115,453.166666666667,484.686956521739,2.41666666666667,2.70289855072464,-31.5202898550725,-0.286231884057969,0.90139455161414,-28.4122175406608,-0.258007860788104,0.792591941764583,121,0.91574073632233
"TRAV21",9,165,428.888888888889,451.478787878788,3.16666666666667,3.5979797979798,-22.589898989899,-0.431313131313132,1.25895623905549,-28.4396942729666,-0.543004357653226,0.846502186273488,174,0.942735253387755
"MAP6",2,27,840,866.62962962963,0.75,1,-26.6296296296297,-0.25,1.08102164683881,-28.7872060769299,-0.270255411709703,0.871982356988987,29,0.950558989909146
"CNTNAP3",5,258,508,538.701550387597,1.6,1.60917312661499,-30.7015503875969,-0.00917312661498682,0.94098740476399,-28.8897722214556,-0.00863179660700792,0.733160981323119,263,0.894475059847271
"RPS3A",2,24,886,932.125,1,1.01388888888889,-46.125,-0.0138888888888888,0.6268552894135,-28.9137002241977,-0.00870632346407636,0.747956318296234,26,0.902729727347834
"IGFL3",2,13,691,733.230769230769,1,1,-42.2307692307693,0,0.688894334257742,-29.0925376544231,0,0.904543403292519,15,0.965964010734972
"PTH2R",3,13,779.333333333333,815.538461538462,0.666666666666667,0.807692307692308,-36.2051282051282,-0.141025641025641,0.809707715285703,-29.3155716406003,-0.114189549591574,0.897043172079676,16,0.963013068465158
"OR10G4",2,137,475,504.63503649635,1.5,2.79318734793187,-29.6350364963504,-1.29318734793187,0.992972178011362,-29.4267667352272,-1.28409905745265,0.658733938167295,139,0.855565245159731
"DOCK2",2,2,519.5,570,1,1.25,-50.5,-0.25,0.588662652737,-29.7274639632185,-0.14716566318425,0.723662309290819,4,0.892179800476313
"ZKSCAN5",3,75,406,453.4,10.6666666666667,9.60666666666667,-47.4,1.06,0.629543315109022,-29.8403531361676,0.667315914015565,0.863927856578019,78,0.949356180396483
"ZNF605",2,49,714.5,810.857142857143,1.75,2.63945578231292,-96.3571428571429,-0.889455782312925,0.309804576204853,-29.8518838071676,-0.275557471692411,0.766608244039227,51,0.909734258113215
"BEX4",14,296,382.428571428571,412.398648648649,1.78571428571429,2.43046171171171,-29.9700772200772,-0.644747425997426,0.998800412063607,-29.9341254769912,-0.643973994763179,0.497993538347274,310,0.746418884183622
"OR56B2P",7,145,412.714285714286,440.027586206897,2,2.39655172413793,-27.3133004926108,-0.396551724137931,1.09767879514137,-29.9812307760632,-0.435286418762957,0.789670770556656,152,0.915212694285661
"ZNF621",4,161,439.75,475.130434782609,2.875,4.00621118012422,-35.3804347826087,-1.13121118012422,0.848814816585011,-30.0314372606979,-0.960188810376056,0.811442749391747,165,0.925651347846971
"NANOG",5,50,736.8,784.36,0.9,1.76,-47.5600000000001,-0.86,0.63203180793391,-30.0594327853368,-0.543547354823163,0.831934011031441,55,0.934986482075336
"TRIM64B",9,123,380.555555555556,418.308943089431,1.77777777777778,3.86924119241192,-37.7533875338754,-2.09146341463415,0.79906420605222,-30.1673806355379,-1.6712135529019,0.429672226847684,132,0.68542950473321
"NSUN5",7,73,532.857142857143,572.58904109589,1.07142857142857,1.03881278538813,-39.7318982387475,0.0326157860404437,0.772008726284168,-30.6733721521476,0.0251796714378399,0.476072707473289,80,0.725774786830632
"PRDX3",2,48,886,951.208333333333,1,1.17361111111111,-65.2083333333334,-0.173611111111111,0.475303186834768,-30.9937286415172,-0.0825179143810362,0.557884149188824,50,0.785426337193102
"CA5A",2,59,807.5,861.813559322034,1.25,1.57344632768362,-54.3135593220339,-0.323446327683616,0.570832030087083,-31.0039193290519,-0.18463352385585,0.789821900349853,61,0.915212694285661
"TLK1",2,90,886,928.066666666667,1,1.17037037037037,-42.0666666666667,-0.17037037037037,0.738522119449243,-31.0671638248315,-0.125822287017279,0.689729891110338,92,0.873278151682058
"OR4F15",10,262,104.1,131.427480916031,15.95,26.5578880407125,-27.3274809160305,-10.6078880407125,1.14234858933339,-31.2175092744626,-12.1179059391144,0.555873437167965,272,0.784644620097176
"MAGED1",14,299,415.857142857143,446.672240802676,1.89285714285714,2.04236343366778,-30.8150979455327,-0.149506290810639,1.01410366356709,-31.2497037197435,-0.151614877237395,0.635523521667808,313,0.839122264839809
"HMGN1",15,323,133.733333333333,163.080495356037,7.16666666666667,9.26444788441692,-29.3471620227038,-2.09778121775026,1.06690170106949,-31.3105370835847,-2.23812634968937,0.207052845937898,338,0.479210882582574
"ZNF823",13,168,200.769230769231,240.208333333333,5.15384615384615,8.34325396825396,-39.4391025641026,-3.18940781440781,0.796915043255723,-31.4296141258387,-2.54168706637894,0.288836276813152,181,0.568160010514894
"MTRNR2L7",4,218,194,224.321100917431,3.875,8.81689602446484,-30.3211009174312,-4.94189602446484,1.03740306968558,-31.4552031679893,-5.12673810584677,0.732729892920286,222,0.894475059847271
"UGT2B10",13,235,225.153846153846,255.787234042553,4.15384615384615,6.1822695035461,-30.633387888707,-2.02842334969995,1.05057859947299,-32.1827817452306,-2.13101816186608,0.355584153007391,248,0.622305465160064
"LRRC37A2",3,51,482.333333333333,517.333333333333,3,3.0718954248366,-35.0000000000001,-0.071895424836601,0.919853263472944,-32.1948642215531,-0.0661332411647212,0.899526798789837,54,0.964529514191352
"ZNF780A",10,175,352.4,387.668571428571,3.4,3.54666666666667,-35.2685714285715,-0.146666666666667,0.91790035156927,-32.3730341136317,-0.134625384896826,0.679854035658182,185,0.86741142342521
"ZNF430",5,108,171,215.259259259259,8.1,11.9429012345679,-44.2592592592593,-3.8429012345679,0.731777511792512,-32.3879306145204,-2.81214870349647,0.575442990964896,113,0.797989178754119
"MDM2",2,78,886,930.730769230769,1,1.27777777777778,-44.7307692307693,-0.277777777777778,0.724820000325434,-32.4217561684031,-0.201338888979287,0.675644215574019,80,0.865420752595545
"PLSCR1",6,107,458.833333333333,487.261682242991,1,1.3380062305296,-28.4283489096574,-0.338006230529595,1.14519442187828,-32.5559865945491,-0.387082849762597,0.528172219589768,113,0.770152907247803
"ZNF772",15,310,101.2,135.045161290323,9.63333333333333,11.4002688172043,-33.8451612903226,-1.76693548387096,0.970044504364616,-32.8313127090114,-1.71400605569586,0.083525891709725,325,0.266162384192087
"OR52E8",4,39,639,673.307692307692,1.125,1.22649572649573,-34.3076923076923,-0.101495726495727,0.961146388416218,-32.9747145564333,-0.0975522509610479,0.905564031570335,43,0.966483881099764
"OR7E24",13,255,206.384615384615,239.607843137255,5.53846153846154,7.84640522875817,-33.2232277526395,-2.30794369029664,0.996329384983924,-33.1012780739682,-2.29947211753078,0.451608706606056,268,0.703669380060598
"ZNF585A",2,88,612,655.306818181818,1,1.94412878787879,-43.3068181818181,-0.944128787878787,0.7731435184198,-33.4823857806574,-0.729947052902027,0.861206809012433,90,0.949356180396483
"CABYR",3,25,806.666666666667,839.76,1.16666666666667,1.29333333333333,-33.0933333333334,-0.126666666666666,1.01813641949902,-33.6935279092877,-0.128963946469876,0.927469831179686,28,0.974693140717082
"LILRB1",13,229,259.461538461538,292.864628820961,11.9615384615385,5.41484716157205,-33.4030903594223,6.54669129996641,1.0102023291984,-33.7438796835129,6.61348279976895,0.762340200942076,242,0.906780384645485
"ZNF197",2,75,633,680.933333333333,0.75,2.47111111111111,-47.9333333333333,-1.72111111111111,0.707629878223609,-33.9190588295183,-1.21790964596486,0.666289640495592,77,0.859760410180238
"ZNF814",4,131,431.25,476.656488549618,1.75,2.735368956743,-45.4064885496183,-0.985368956743002,0.749331606548428,-34.0245170126083,-0.738368103399182,0.592186356074332,135,0.811008901278409
"SPDYE9",7,91,448,486.747252747253,1.57142857142857,3.73992673992674,-38.7472527472527,-2.16849816849817,0.881763762892201,-34.1659233841527,-1.91210310487979,0.621290484925674,98,0.827869012642628
"THUMPD1",2,20,619,655.35,1.5,1.15,-36.35,0.35,0.94138111406981,-34.2192034964376,0.329483389924434,0.882103221367148,22,0.954342097010254
"ZNF705A",10,209,363.1,405.966507177034,1.7,2.65909090909091,-42.8665071770335,-0.959090909090909,0.801066802766889,-34.3389358500901,-0.768295888108243,0.390986076687497,219,0.655388737759631
"GZMM",2,33,915.5,979,0.75,1.23737373737374,-63.5,-0.487373737373737,0.541197523033208,-34.3660427126087,-0.263765459458104,0.920681107935449,35,0.970816971476135
"IGHV3-72",4,112,288,325.392857142857,9.375,7.73958333333333,-37.3928571428572,1.63541666666667,0.919749881992786,-34.392075944516,1.5041742861757,0.788941024483169,116,0.915212694285661
"ZNF302",4,127,562.75,606.653543307087,1,1.67913385826772,-43.9035433070866,-0.679133858267716,0.789178196406436,-34.6477191229384,-0.535957633386261,0.7683375659585,131,0.909734258113215
"OR5M3",10,220,92.8,124.922727272727,15,22.6628787878788,-32.1227272727273,-7.66287878787879,1.08485361866358,-34.8484569231615,-8.31310178241069,0.23223347744378,230,0.506532618164105
"RAB3B",2,50,807.5,873.28,1.25,1.13666666666667,-65.78,0.113333333333333,0.532654772271212,-35.0380309200003,0.060367540857404,0.750160249438468,52,0.903846919619292
"PPP1CC",2,31,1001.5,1044.12903225806,1.25,1.08602150537634,-42.6290322580646,0.163978494623656,0.827775529842726,-35.2872697641021,0.135737385269909,0.935790948084888,33,0.978480090974715
"VCX3B",7,191,243.428571428571,283.214659685864,8.14285714285714,5.61867364746946,-39.7860882572924,2.52418349538768,0.89301157662664,-35.5294374024514,2.2541250829111,0.530355581227549,198,0.772160109653586
"PRAMEF19",2,140,383,420.978571428571,1.75,4.26071428571429,-37.9785714285715,-2.51071428571429,0.938175589415859,-35.6305686351723,-2.35549085485482,0.3024304516499,142,0.578538922612934
"ZNF543",3,168,334.333333333333,378.14880952381,2.66666666666667,4.24603174603175,-43.8154761904762,-1.57936507936508,0.814411243079181,-35.683816430392,-1.28625267756156,0.761821027291139,171,0.906780384645485
"WIPI2",2,70,886,938.542857142857,1,1.21428571428571,-52.5428571428571,-0.214285714285714,0.680788291529588,-35.7705619463689,-0.145883205327769,0.628377800353513,72,0.833274511360131
"TCEAL4",13,274,400.538461538462,438.474452554745,1.53846153846154,2.18917274939173,-37.935991016283,-0.650711210930188,0.946795749471558,-35.9176350462079,-0.616090608642192,0.391467819802385,287,0.655700523525043
"PF4",2,66,886,953.318181818182,1,1.11616161616162,-67.3181818181819,-0.116161616161616,0.53799924237904,-36.2171308165163,-0.0624948614884743,0.543999051597976,68,0.775989291062723
"ZNF550",11,240,247.545454545455,290.866666666667,3.40909090909091,5.49618055555556,-43.3212121212121,-2.08708964646465,0.841900385381883,-36.4721451800588,-1.75712157768513,0.310779116546592,251,0.584534492305381
"NPIPA2",2,75,459.5,508.186666666667,3,3.98444444444444,-48.6866666666667,-0.984444444444444,0.750446350625297,-36.5367313241103,-0.738772740726681,0.760732197711502,77,0.906780384645485
"ANKRD36B",7,145,241,279.944827586207,6.21428571428571,6.76436781609196,-38.9448275862069,-0.550082101806241,0.939775342014237,-36.5993886645131,-0.516953595360871,0.540282491586859,152,0.775268230883272
"TUBA3C",10,86,610.7,657.918604651163,0.95,1.7906976744186,-47.2186046511628,-0.840697674418605,0.776248149941055,-36.6533545032632,-0.65259001442719,0.683938185409644,96,0.869696617921993
"ATAD3C",2,41,691,788.829268292683,1,1.84959349593496,-97.829268292683,-0.84959349593496,0.375114405316069,-36.697167798116,-0.318694758988043,0.781914243807298,43,0.912524305077476
"ZNF573",3,113,503.666666666667,551.787610619469,1.33333333333333,2.44100294985251,-48.1209439528023,-1.10766961651917,0.77318176456162,-37.2062363577985,-0.856429948651589,0.345611844580355,116,0.613223839977265
"OR9K2",2,105,541.5,580.12380952381,1,1.66031746031746,-38.6238095238095,-0.660317460317461,0.976024927829182,-37.6978009029643,-0.644486301550699,0.713623805216841,107,0.886263784710839
"ADAM18",4,78,548.75,595.128205128205,0.875,1.07692307692308,-46.3782051282051,-0.201923076923077,0.813912972900423,-37.747822813683,-0.164347811835662,0.581691308326096,82,0.804211316749254
"POLR1D",4,48,618.75,658.541666666667,0.875,1.04166666666667,-39.7916666666666,-0.166666666666667,0.952011094699996,-37.8821081432706,-0.158668515783333,0.856128255614647,52,0.949099422805073
"ZNF124",15,269,123.933333333333,165.334572490706,11.4666666666667,11.9299876084263,-41.401239157373,-0.463320941759619,0.922369632198454,-38.1872457341463,-0.427353166640661,0.376889397183832,284,0.641153642474838
"ZNF101",15,308,45.6,83.7077922077922,20.2333333333333,26.9004329004329,-38.1077922077922,-6.66709956709959,1.00222457556899,-38.192565871326,-6.68193103391261,0.00221180607088683,323,0.017355703493175
"FMO5",2,27,519,567.37037037037,1,2.11111111111111,-48.3703703703703,-1.11111111111111,0.78975314374546,-38.2006520641322,-0.877503493050511,0.73269814846274,29,0.894475059847271
"ZNF563",6,95,303.5,357.6,3.33333333333333,6.40877192982456,-54.1,-3.07543859649123,0.706788185556153,-38.2372408385879,-2.1736836654034,0.124270854687617,101,0.351048371133777
"SPANXN4",11,249,134.818181818182,179.614457831325,7.40909090909091,8.71686746987952,-44.7962760131435,-1.30777656078861,0.858682260511091,-38.4657675494448,-1.12296453346139,0.0734613075545462,260,0.241760836232527
"ZNF792",15,291,75.9333333333333,117.144329896907,18.5333333333333,11.6784077892325,-41.2109965635739,6.8549255441008,0.934363825388302,-38.5060643972051,6.40499445413802,0.0705117207403104,306,0.235309228983948
"OR8G5",2,146,376,413.335616438356,1.25,4.0148401826484,-37.3356164383562,-2.7648401826484,1.03998954946493,-38.8286509187214,-2.87540489589504,0.366918971008481,148,0.633065739437879
"NR1I3",2,31,695.5,731.354838709677,1,1.08064516129032,-35.8548387096774,-0.0806451612903225,1.08891572315592,-39.0428976221872,-0.0878157841254771,0.916883701795195,33,0.969474377687789
"XCL2",2,103,739.5,786.504854368932,1,1.15776699029126,-47.004854368932,-0.157766990291262,0.834613843263606,-39.2309021569004,-0.131674514107122,0.869602464322371,105,0.949356180396483
"CHRNA3",2,75,663.5,729.413333333333,2.25,1.94111111111111,-65.9133333333333,0.308888888888889,0.597686415771796,-39.3955039515716,0.184618692871733,0.86308285006936,77,0.949356180396483
"ZNF700",10,124,303.9,354.403225806452,3.35,6.4005376344086,-50.5032258064516,-3.0505376344086,0.780462315133005,-39.4158645345881,-2.3808296645509,0.317366792789957,134,0.587308377875467
"FAM9B",7,184,391.142857142857,432.510869565217,1.85714285714286,2.54076086956522,-41.3680124223602,-0.68361801242236,0.953177293700557,-39.4310501265163,-0.651609167005699,0.610003992603951,191,0.823316339191179
"MYL10",2,71,886,955.887323943662,1,1.34507042253521,-69.887323943662,-0.345070422535211,0.565355539241063,-39.5111857142839,-0.195087474808536,0.532967889045242,73,0.772339431057179
"TCEAL5",13,211,424.461538461538,467.322274881517,1.57692307692308,1.99723538704581,-42.8607364199781,-0.420312310122737,0.922691094797712,-39.5472198111858,-0.387818425584104,0.45481795049733,224,0.707404348005669
"VCX3A",7,211,186.142857142857,228.924170616114,14.6428571428571,6.58135860979463,-42.7813134732566,8.06149853306252,0.925529242300955,-39.5953566435428,7.46115262911561,0.508407955969753,218,0.753484718469635
"OR5B3",10,251,217.8,255.119521912351,5.65,9.86188579017264,-37.3195219123506,-4.21188579017264,1.06114238144262,-39.6013263563718,-4.46941051774813,0.476047476766881,261,0.725774786830632
"SULT1C4",3,15,614,659.8,1.33333333333333,1.42222222222222,-45.8,-0.088888888888889,0.866382500881123,-39.6803185403554,-0.0770117778561,0.852335173961589,18,0.945712021045279
"TMSB15A",3,196,516.666666666667,558.55612244898,1.33333333333333,1.69642857142857,-41.889455782313,-0.363095238095237,0.95016048752398,-39.8017057282367,-0.344998748446207,0.50415878049766,199,0.751492808579797
"ZNF441",11,139,270.363636363636,321.323741007194,3.5,5.71282973621103,-50.9601046435579,-2.21282973621103,0.783323814792632,-39.9182635716235,-1.7333622304554,0.237506851124358,150,0.511207085657288
"H2BC17",3,87,606,658.218390804598,1,1.53831417624521,-52.2183908045977,-0.538314176245211,0.767722562099656,-40.0892367772269,-0.413275938601539,0.800710117262871,90,0.920077192791504
"PRTN3",4,47,879.75,943.127659574468,0.75,1.38652482269504,-63.3776595744681,-0.636524822695036,0.633711591417054,-40.1631575092244,-0.403373158366529,0.790812214659616,51,0.91574073632233
"IGHV3OR16-9",8,168,125.875,168.946428571429,9.875,12.3348214285714,-43.0714285714286,-2.45982142857143,0.933708746761975,-40.2161695926765,-2.29675678332968,0.29952448828648,176,0.576197597018712
"PRAMEF15",6,169,334,377.236686390533,2.41666666666667,5.31706114398422,-43.2366863905326,-2.90039447731755,0.930159803629165,-40.2170277225936,-2.69783035746881,0.317341388773824,175,0.587308377875467
"ARHGAP20",4,91,376.5,419.714285714286,2,3.06043956043956,-43.2142857142857,-1.06043956043956,0.931652444405992,-40.2606949189732,-0.987961108628331,0.657960409334239,95,0.85534853213451
"COX5A",2,39,714.5,777.717948717949,1.75,1.61538461538462,-63.2179487179487,0.134615384615385,0.637107517012255,-40.2766303383004,0.0857644734439573,0.843323812196204,41,0.941309321345015
"KLK14",2,31,1021,1099.22580645161,0.75,1.0752688172043,-78.2258064516129,-0.325268817204301,0.516278209232628,-40.3862792706169,-0.167929202465452,0.877479815082934,33,0.953369961252269
"PAPOLG",2,51,886,968.039215686274,1,1.04901960784314,-82.0392156862745,-0.0490196078431373,0.495002544034758,-40.6096204753221,-0.0242648305899392,0.473483474135905,53,0.72393933172447
"SLIT3",2,31,691.5,724.774193548387,1,1.24193548387097,-33.2741935483871,-0.241935483870968,1.22540089734037,-40.7742266324705,-0.296467959033959,0.923463782166411,33,0.972273383373562
"MT1F",8,195,383.75,422.005128205128,1.875,3.9034188034188,-38.2551282051282,-2.0284188034188,1.06771665097011,-40.8456373696116,-2.16577653155112,0.346975487560066,203,0.614259450538247
"FAM236C",2,108,644.5,689.712962962963,1,1.7037037037037,-45.2129629629629,-0.703703703703703,0.903716241203868,-40.8596889425786,-0.635948466032351,0.910921931787959,110,0.968034908110512
"CSNK1E",2,55,886,952.818181818182,1,1.18787878787879,-66.8181818181819,-0.187878787878788,0.618078712658046,-41.2988958003331,-0.116123879347875,0.549018518817946,57,0.779291389071541
"GOLGA6L4",3,70,237,293.814285714286,7.16666666666667,9.68809523809524,-56.8142857142857,-2.52142857142857,0.729114025044452,-41.4240925371684,-1.83840893457637,0.62129779326146,73,0.827869012642628
"ZNF17",3,165,305.666666666667,359.70303030303,2.66666666666667,3.6040404040404,-54.0363636363636,-0.937373737373737,0.7695106130504,-41.5815553088325,-0.721319039303809,0.414704834153167,168,0.67305821841132
"MAGEC2",15,307,65.6666666666667,109.104234527687,13.4,12.6216069489685,-43.4375678610206,0.778393051031491,0.961729158308843,-41.7751755779626,0.748603293801969,0.00915660046940407,322,0.0505839260603654
"CERCAM",2,74,886,961.837837837838,1,1.16216216216216,-75.8378378378378,-0.162162162162162,0.551660102310795,-41.8367093806511,-0.089458394969318,0.502191365672694,76,0.749843450573
"ZNF263",5,71,500.4,556.140845070423,2.5,4.23943661971831,-55.7408450704226,-1.73943661971831,0.755209229549127,-42.0960006600511,-1.313638589427,0.65979938266215,76,0.855610812355433
"SEL1L",2,17,1193,1293.29411764706,0.75,1.02941176470588,-100.294117647059,-0.279411764705882,0.419807933419368,-42.1042662635308,-0.117299275514235,0.741087146909437,19,0.900260676371157
"ZNF284",5,141,432.8,484.31914893617,1.9,3.28014184397163,-51.5191489361702,-1.38014184397163,0.82071139490417,-42.2823525876799,-1.13269813793157,0.258598633425984,146,0.543325063294292
"UBE2V2",2,60,886,983.216666666667,1,1.2,-97.2166666666667,-0.2,0.435802006833977,-42.3672184310431,-0.0871604013667954,0.409846089021895,62,0.669748486938219
"LCE3C",12,225,389.333333333333,429.284444444444,1.70833333333333,2.39185185185185,-39.9511111111111,-0.683518518518518,1.0615903943122,-42.4117157976549,-0.725616693593764,0.168261811491368,237,0.41993134042688
"DDX3Y",6,143,651.833333333333,695.755244755245,0.833333333333333,1.06993006993007,-43.9219114219114,-0.236596736596736,0.971186187635758,-42.6563537075216,-0.229779482622446,0.800432618544393,149,0.920077192791504
"HOXA3",8,177,588.125,624.282485875706,0.875,1.07250470809793,-36.1574858757062,-0.197504708097929,1.18202700716992,-42.7391248164498,-0.233455899014964,0.787908745759791,185,0.915212694285661
"TMEM140",5,2,468.6,562,1,1,-93.4,0,0.457856399142449,-42.7637876799047,0,0.169964399853045,7,0.422566105438636
"LRRC37A",3,50,466.666666666667,513.92,3.33333333333333,3.16333333333333,-47.2533333333333,0.17,0.905120135581008,-42.7699434733212,0.153870423048771,0.86943681863288,53,0.949356180396483
"MT1X",10,234,363.7,409.581196581197,2,3.37962962962963,-45.8811965811966,-1.37962962962963,0.932681751301306,-42.7925547791499,-1.28675537911013,0.291429805496173,244,0.569247074479255
"APOL1",5,134,384.8,427.089552238806,3.4,3.73880597014925,-42.289552238806,-0.338805970149251,1.01399404470373,-42.8813541233364,-0.343547236041409,0.79232230607452,139,0.91574073632233
"TUBB8B",2,49,426.5,601.163265306122,3,4.11904761904762,-174.663265306122,-1.11904761904762,0.246060335316015,-42.9777016286146,-0.275353232377446,0.283569940732265,51,0.567192186505451
"MAGEA6",14,271,82.7142857142857,131.859778597786,9.89285714285714,9.71463714637146,-49.1454928835003,0.178219996485678,0.875312951405503,-43.0176864241348,0.155998271123358,8.53096239171449e-05,285,0.00143815514384193
"ZNF555",12,205,241.75,293.556097560976,4.125,8.42276422764227,-51.8060975609756,-4.29776422764227,0.834549817470735,-43.2347692633833,-3.58669835171111,0.255015758956855,217,0.539559658424504
"TUBB8",2,51,345.5,518.588235294118,3.75,4.83333333333333,-173.088235294118,-1.08333333333333,0.249863966528666,-43.2485130300354,-0.270685963739389,0.000369172432338711,53,0.00444538048710162
"CLK4",2,67,886,988.910447761194,1,1.02238805970149,-102.910447761194,-0.0223880597014925,0.421656996739814,-43.3929103361346,-0.00944008201656299,0.39728265893545,69,0.65993462226087
"IGHG4",3,131,469,508.648854961832,1.33333333333333,1.95801526717557,-39.6488549618321,-0.62468193384224,1.09689693311492,-43.490707409152,-0.685211697403853,0.304613482540603,134,0.579808600516239
"TM2D3",2,31,761,808.161290322581,0.75,1.14247311827957,-47.1612903225806,-0.39247311827957,0.924074546410167,-43.5805479629569,-0.362674418752377,0.673752756336741,33,0.864693493275002
"CXorf51B",13,295,147,191.820338983051,10.3076923076923,9.58954802259887,-44.8203389830508,0.718144285093434,0.972421819277409,-43.5842755745285,0.698339172214231,0.352385950428255,308,0.620056894591939
"UBE2D1",2,66,886,991.939393939394,1,1.0530303030303,-105.939393939394,-0.053030303030303,0.411642701495339,-43.6091783159911,-0.0218295372005104,0.386402579404751,68,0.651399961280396
"ZNF684",2,75,313,382.293333333333,12.25,11.7,-69.2933333333334,0.550000000000001,0.631450402697197,-43.7553032375644,0.347297721483459,0.839681779597506,77,0.939690528775967
"PTP4A1",14,301,325.357142857143,367.85049833887,2.67857142857143,3.08084163898117,-42.4933554817276,-0.402270210409746,1.03090103771297,-43.8064442620191,-0.414700777352422,0.341729435431169,315,0.610765399987445
"H4C7",2,71,663.5,728.140845070423,2.25,1.57746478873239,-64.6408450704225,0.672535211267606,0.677691098993046,-43.8065253356139,0.455771126435464,0.865738244027661,73,0.949356180396483
"WFDC11",3,27,682.666666666667,737.851851851852,1,1.09259259259259,-55.1851851851852,-0.0925925925925926,0.795542023904933,-43.9021339117908,-0.073661298509716,0.75934316523804,30,0.906780384645485
"MTHFD1",2,77,886,943.337662337662,1,1.1969696969697,-57.3376623376623,-0.196969696969697,0.769287229298599,-44.1091313941989,-0.151526272437603,0.598993914370721,79,0.815618081422977
"IGLL5",5,119,509.8,555.529411764706,1.4,1.85014005602241,-45.7294117647058,-0.450140056022409,0.964873288220573,-44.1230878978043,-0.434328116014135,0.743129735075456,124,0.901484678622176
"ABCA8",3,17,735,777.941176470588,1.16666666666667,1.20588235294118,-42.9411764705883,-0.0392156862745097,1.02848574050847,-44.1643876806577,-0.0403327741375867,0.883064204878454,20,0.954342097010254
"ZNF416",13,295,148.846153846154,195.769491525424,6.65384615384615,7.61525423728814,-46.9233376792699,-0.961408083441984,0.941253257797999,-44.1667444573684,-0.904928490613098,0.0407961210138786,308,0.157338691533366
"MAGEA9B",15,320,49.7333333333333,94.13125,17.7666666666667,14.0072916666667,-44.3979166666667,3.759375,0.994864430149525,-44.1699080644094,3.74006846709337,0.0043377810717317,335,0.0288412772021245
"TNFRSF10C",2,114,484,541.80701754386,1,2.60014619883041,-57.8070175438596,-1.60014619883041,0.768600563503911,-44.430506258691,-1.22987327010969,0.540284519111534,116,0.775268230883272
"ZNF419",13,307,129.153846153846,174.912052117264,9,7.79913137893594,-45.7582059634177,1.20086862106406,0.972099744617745,-44.4815403312045,1.16736407985584,0.139579856248442,320,0.375228564174052
"UBA52",2,55,663.5,741.672727272727,2.25,2.3030303030303,-78.1727272727272,-0.0530303030303032,0.571401378564543,-44.6680041297864,-0.0303015882572107,0.838960850420376,57,0.93965053671172
"LEPROT",6,80,398.166666666667,459.7,1.16666666666667,1.025,-61.5333333333333,0.141666666666667,0.726729123118568,-44.7180653758959,0.102953292441797,0.241043313303132,86,0.517483941183551
"OR7A10",14,266,105.071428571429,148.778195488722,15.8928571428571,18.3947368421053,-43.7067669172932,-2.50187969924812,1.02368056193058,-44.7417677180634,-2.56112561640902,0.302443233176145,280,0.578538922612934
"RAET1E",10,174,361.9,405.994252873563,2.9,4.05555555555555,-44.0942528735632,-1.15555555555555,1.01553167315191,-44.7791103970732,-1.17350326675332,0.494393606291244,184,0.744582416852462
"USP12",2,35,886,999.285714285714,1,1.00952380952381,-113.285714285714,-0.00952380952380949,0.396161022690729,-44.8793844276783,-0.00377296212086407,0.357871928013015,37,0.624245225566093
"PPP2R5A",2,67,886,953.134328358209,1,1.29601990049751,-67.1343283582089,-0.296019900497512,0.672213440078894,-45.1285978130577,-0.198988555645245,0.545247253655183,69,0.776532587120917
"SPDYE14",6,99,404,454.89898989899,1.66666666666667,3.84848484848485,-50.8989898989899,-2.18181818181818,0.887110894523772,-45.1530484596493,-1.93551467896096,0.301223041155797,105,0.577897067944272
"ZNF442",6,105,261,323.47619047619,3.58333333333333,6.45873015873016,-62.4761904761905,-2.87539682539683,0.723789163736232,-45.2195896581874,-2.08118106366378,0.0132110496212203,111,0.0669001408144353
"ENPP2",2,69,886,947.159420289855,1,1.07246376811594,-61.1594202898551,-0.0724637681159419,0.73985609175284,-45.2491696695215,-0.0536127602719448,0.57743487780892,71,0.799303828719212
"TCEAL6",12,225,409.916666666667,458.142222222222,1.58333333333333,2.28185185185185,-48.2255555555556,-0.698518518518519,0.939075523147035,-45.2874388123897,-0.65596164320567,0.330308945382935,237,0.599373107142784
"SPDYE13",7,103,407.142857142857,457.135922330097,1.57142857142857,3.83656957928803,-49.9930651872399,-2.26514100785946,0.90917745035953,-45.4525675425925,-2.05941512623048,0.251657001422315,110,0.534183383197813
"REG1B",12,186,478.583333333333,525.5,1.45833333333333,1.76747311827957,-46.9166666666667,-0.309139784946237,0.968889486240324,-45.4570650627752,-0.299522287413004,0.621214629681108,198,0.827869012642628
"MT1E",9,249,366.333333333333,407.638554216867,1.94444444444444,4.12650602409638,-41.3052208835342,-2.18206157965194,1.10222992027489,-45.5278503213945,-2.40513356097465,0.314002822308735,258,0.584810673337652
"OR52N1",8,191,384.625,424.424083769634,2.1875,3.1064572425829,-39.7990837696335,-0.918957242582897,1.14562441943463,-45.5948022376164,-1.05277985751928,0.629144889449508,199,0.833274511360131
"PADI2",2,25,886,977.24,1,1.24666666666667,-91.24,-0.246666666666667,0.502287547731931,-45.8287158550614,-0.12389759510721,0.505210373395417,27,0.751680879478011
"POTEG",5,186,207.2,249.543010752688,7.6,7.34050179211469,-42.3430107526882,0.259498207885306,1.091759414559,-46.2283806300203,0.283309611519971,0.552816496902446,191,0.782084194047694
"CTTN",2,67,886,951.388059701493,1,1.16169154228856,-65.3880597014926,-0.161691542288557,0.707859062433406,-46.2855306346381,-0.11445482352779,0.556843855899924,69,0.784644620097176
"ZSCAN4",3,85,466.666666666667,527.8,1.16666666666667,1.25294117647059,-61.1333333333333,-0.0862745098039215,0.758207325383848,-46.3517411584659,-0.0654139653272339,0.29595077509737,88,0.573253799354654
"TRIM58",2,17,553.5,606.411764705882,1.75,1.93137254901961,-52.9117647058823,-0.181372549019608,0.879024710553773,-46.5107486554775,-0.159430952404361,0.890983500160716,19,0.960057684915444
"OR6K6",3,29,632.333333333333,676.655172413793,0.666666666666667,1.12068965517241,-44.3218390804598,-0.454022988505747,1.05027336923191,-46.5500472615889,-0.476848253846671,0.821135922374265,32,0.930244338773589
"TXN",2,47,915,980.574468085106,0.75,1.29078014184397,-65.5744680851063,-0.540780141843971,0.71074503249512,-46.6067274499991,-0.384356799487609,0.918158135823911,49,0.969474377687789
"ANKRD18A",7,180,196.571428571429,244.527777777778,7.71428571428571,7.6212962962963,-47.9563492063492,0.0929894179894166,0.974562433804431,-46.7364563989149,0.0906239935138234,0.423986349794078,187,0.681619856165337
"ZNF155",10,199,415.3,471.587939698492,1.5,2.55778894472362,-56.2879396984924,-1.05778894472362,0.831548423729661,-46.8061475312716,-0.879602729623585,0.227795668691242,209,0.501035422803211
"ZNF212",2,51,807.5,930.921568627451,1.25,1.86928104575163,-123.421568627451,-0.619281045751634,0.380670933952871,-46.9830037993402,-0.235742294065585,0.572359798574288,53,0.797308419165195
"AKR7L",2,148,566.5,611.182432432432,1.5,1.5259009009009,-44.6824324324324,-0.0259009009009012,1.06008019706038,-47.3669617781101,-0.0274570321310688,0.189612399708738,150,0.45205948945158
"ANKRD20A3P",9,181,164.666666666667,212.160220994475,13.8333333333333,8.60313075506446,-47.4935543278085,5.23020257826887,1.00277873205969,-47.6255261898478,5.24473590985178,0.182296184742344,190,0.439022977632945
"PIGX",2,36,886,935.555555555556,1,1.10648148148148,-49.5555555555555,-0.106481481481481,0.96902404069121,-48.0205246831422,-0.103183115443971,0.670975651487739,38,0.861976095052832
"VCY1B",5,214,244.4,302.621495327103,6.1,4.73559190031153,-58.2214953271028,1.36440809968847,0.825859614296102,-48.0827816745834,1.1268095469512,0.460639292719691,219,0.71390893942856
"TSEN15",4,127,583.25,635.212598425197,1.375,1.17650918635171,-51.9625984251968,0.198490813648294,0.932886797162353,-48.4752220171154,0.185169459410506,0.866778826144872,131,0.949356180396483
"IGHV3-73",9,146,136.333333333333,179.890410958904,19.8333333333333,16.8481735159817,-43.5570776255708,2.9851598173516,1.11312124742644,-48.4843085808257,3.3228448196577,0.556205472031663,155,0.784644620097176
"KDELR3",2,79,886,969.227848101266,1,1.09282700421941,-83.2278481012659,-0.0928270042194093,0.584482371388671,-48.645210023804,-0.0542557475550665,0.468957183233589,81,0.71975281274339
"ANG",5,54,433.8,498.388888888889,1.4,1.35802469135802,-64.5888888888889,0.0419753086419752,0.756377916982142,-48.8536092379688,0.0317491965152997,0.264466767780668,59,0.549762660470076
"MAGEA2",14,286,53.4285714285714,107.573426573427,14.2142857142857,12.8639277389277,-54.1448551448551,1.35035797535798,0.909146140174209,-49.2255860652367,1.22767274115016,1.53559618991644e-05,300,0.000406948393975815
"ELOF1",5,90,445.4,490.766666666667,0.9,1.29814814814815,-45.3666666666667,-0.398148148148148,1.08658084942452,-49.2945512022259,-0.432620153011615,0.574577204182401,95,0.797872534948375
"KRTAP19-3",2,73,456,518.712328767123,1.5,1.81506849315068,-62.7123287671233,-0.315068493150685,0.78731028564382,-49.374061475033,-0.248056665339834,0.769426984473864,75,0.909734258113215
"ZNF552",5,188,219.6,282.335106382979,3.8,5.27349290780142,-62.7351063829787,-1.47349290780142,0.794289631174542,-49.8298445106318,-1.17038013827589,0.22456275349743,193,0.496826148477901
"ZNF530",13,249,161.769230769231,220.369477911647,14.9615384615385,6.68908969210174,-58.6002471424158,8.27244876943672,0.854494959991801,-50.0736158374683,7.06876578027406,0.444196590624384,262,0.695514145260635
"IGHV3-15",12,239,60.0833333333333,104.213389121339,34.125,21.2231520223152,-44.1300557880056,12.9018479776848,1.13481260513932,-50.07934357373,14.6411797146679,0.270302826952611,251,0.556431571379283
"UGT2B17",13,213,285.769230769231,334.244131455399,2.96153846153846,4.60406885758998,-48.4749006861683,-1.64253039605152,1.03565408017528,-50.2032286817215,-1.70109330648267,0.140412324935913,226,0.377078525238992
"AKR1C2",3,204,258.666666666667,306.166666666667,4,5.88725490196079,-47.5,-1.88725490196079,1.05956971232197,-50.3295613352934,-1.99967813354881,0.563894408501167,207,0.790480734663921
"UGT2B28",12,211,306.333333333333,353.60663507109,3.29166666666667,4.78593996840442,-47.2733017377568,-1.49427330173776,1.06506687071911,-50.3492275503928,-1.59150098948094,0.495240781134533,223,0.745428664230722
"OR7C2",2,82,537.5,599.682926829268,1.5,2.51626016260163,-62.1829268292682,-1.01626016260163,0.811241374577174,-50.4453630362074,-0.824432291236966,0.104994335006144,84,0.311511654220918
"RLN2",5,115,547.2,610.191304347826,1.8,2.07826086956522,-62.991304347826,-0.278260869565217,0.8013746600666,-50.4796351088909,-0.222991209757663,0.721476831944332,120,0.891205231839016
"GOLGA6C",3,101,169,226.90099009901,8.66666666666667,11.493399339934,-57.9009900990099,-2.82673267326733,0.873526395550601,-50.5780431799992,-2.46922560326432,0.381519220801595,104,0.645249012268328
"SLPI",3,136,406,467.411764705882,1.66666666666667,1.29227941176471,-61.4117647058824,0.374387254901961,0.823732780593845,-50.5868837023515,0.308395054499289,0.0314376702152359,139,0.128756476916005
"CORO6",9,192,573.111111111111,618.161458333333,0.944444444444444,0.936631944444444,-45.0503472222223,0.0078125,1.1239300298901,-50.6334381000317,0.00878070335851642,0.698353939405057,201,0.878574310864426
"COX7C",5,143,485.8,543.146853146853,1.9,2.06876456876457,-57.3468531468531,-0.168764568764569,0.885516123646845,-50.7815631019462,-0.149443746741332,0.695093564258391,148,0.876669405040323
"MAGEA10",15,325,65.7333333333333,116.323076923077,15.5,11.7610256410256,-50.5897435897436,3.73897435897436,1.00461159106236,-50.8230427991291,3.75621697971059,0.0193048777611192,340,0.0894390879251854
"ZNF670",6,146,219.166666666667,284.267123287671,4.83333333333333,7.05251141552511,-65.1004566210046,-2.21917808219178,0.782085465278439,-50.9141209062772,-1.73558692294667,0.307279503041797,152,0.582248978570134
"CA13",2,28,886,976.607142857143,1,1.19642857142857,-90.6071428571429,-0.196428571428571,0.562832722949948,-50.9966649330006,-0.110556427722311,0.462443416227875,30,0.715561052644705
"SPATA31A6",9,173,391.333333333333,448.225433526012,2.33333333333333,2.73699421965318,-56.8921001926782,-0.403660886319846,0.900185358845113,-51.2134356273982,-0.363369619803567,0.61691514056575,182,0.827869012642628
"SEC14L3",2,72,886,987.833333333333,1,1.15046296296296,-101.833333333333,-0.150462962962963,0.50690582829133,-51.6199101810004,-0.0762705528679084,0.393100538671962,74,0.656798835740654
"ZNF418",14,304,71.2857142857143,124.305921052632,20.5714285714286,12.9580592105263,-53.0202067669173,7.61336936090225,0.973801632840945,-51.6311639231886,7.41391151506784,0.0128799777894945,318,0.065605033068127
"RAB4B",3,54,817,929.018518518518,1.16666666666667,1.57407407407407,-112.018518518518,-0.407407407407407,0.463332857284551,-51.9018602539675,-0.188765238152965,0.806188852325531,57,0.922333197846918
"OR4Q3",8,192,217.75,266.234375,5.625,7.75868055555555,-48.484375,-2.13368055555555,1.08034814485365,-52.3800045856389,-2.30511782990476,0.369876081459406,200,0.635117449306444
"LGALS16",5,53,352.6,452.245283018868,2.8,4.9685534591195,-99.6452830188679,-2.1685534591195,0.527126438950422,-52.5256631959428,-1.14310186257928,0.257972918460775,58,0.543233791338788
"PRAMEF7",9,224,274.777777777778,329.732142857143,4.61111111111111,6.54427083333334,-54.9543650793651,-1.93315972222223,0.956000807796737,-52.5364174078298,-1.84810225604457,0.371263095692321,233,0.636138012487892
"GOLGA6D",4,116,198.75,253.844827586207,7.5,11.8577586206897,-55.0948275862069,-4.35775862068966,0.955231082625934,-52.6282918022616,-4.16266648506388,0.533614974891944,120,0.772485279441911
"SPDYE17",8,107,354,413.271028037383,2.5625,5.48753894080997,-59.2710280373832,-2.92503894080997,0.888029607249571,-52.6344277493157,-2.59752118179718,0.262289324241274,115,0.547413741407706
"ZNF780B",4,153,331.75,397.457516339869,4.625,3.82570806100218,-65.7075163398693,0.799291938997821,0.801148302599454,-52.6414651837122,0.640351380209531,0.571147343394403,157,0.797226500154687
"OR4K1",7,129,468,518.333333333333,1.5,2.50387596899225,-50.3333333333334,-1.00387596899225,1.04668388867908,-52.6830890635137,-1.05074080297629,0.556448453470559,136,0.784644620097176
"DDX3X",6,153,651.833333333333,706.176470588235,0.833333333333333,1.11437908496732,-54.3431372549019,-0.281045751633987,0.971578414611042,-52.7986191391078,-0.273057985805718,0.754777842570447,159,0.905525483304214
"SPDYE15",6,102,408.166666666667,467.960784313725,1.58333333333333,3.75980392156863,-59.7941176470588,-2.17647058823529,0.884682836412612,-52.8988296007894,-1.92548617336863,0.222980935212248,108,0.495914655318918
"PRAME",13,271,241.307692307692,295.335793357934,5.26923076923077,8.06242312423123,-54.0281010502413,-2.79319235500046,0.987140164156062,-53.3333085397755,-2.75727235983462,0.284470398871886,284,0.567192186505451
"PRG3",8,43,354.625,436.604651162791,2.375,2.22093023255814,-81.9796511627907,0.154069767441861,0.65083233078752,-53.3550074434269,0.100273585848077,0.279358840907163,51,0.565425756228053
"P2RX1",2,70,523,640.528571428571,2.25,2.43571428571429,-117.528571428571,-0.185714285714286,0.454130881957244,-53.3733537980321,-0.0843385923634882,0.246605564461932,72,0.526024767297165
"ZNF845",3,130,244.333333333333,314.6,7.16666666666667,6.14358974358974,-70.2666666666667,1.02307692307692,0.763931284139554,-53.6789048988726,0.781560467619697,0.535219513367312,133,0.773522449352205
"PAPOLA",5,72,825.2,896.166666666667,0.8,1.22685185185185,-70.9666666666666,-0.426851851851852,0.75695139509368,-53.7183173384814,-0.32310610475758,0.628830598447917,77,0.833274511360131
"SPDYE8",7,100,425.571428571429,485.58,1.92857142857143,3.675,-60.0085714285714,-1.74642857142857,0.901357960844917,-54.0892035760737,-1.57415729590416,0.471979782044957,107,0.722485747207658
"IL10",5,26,449,522.346153846154,0.9,1.0224358974359,-73.3461538461538,-0.122435897435897,0.739150228861421,-54.2138264014896,-0.090498521610597,0.412114625473271,31,0.671775119377203
"ZNF706",2,74,466,507.554054054054,1,1.2027027027027,-41.5540540540541,-0.202702702702703,1.30777444010664,-54.3433297747014,-0.265089413535129,0.549136146543202,76,0.779291389071541
"EID1",5,99,524.4,584.636363636364,0.9,1.56228956228956,-60.2363636363636,-0.662289562289562,0.903415764895216,-54.4184805290518,-0.598322831497943,0.413738814577528,104,0.672743946789721
"BRAF",2,53,886,945.509433962264,1,1.17610062893082,-59.5094339622641,-0.176100628930818,0.914784687801254,-54.4383189683991,-0.161094158858082,0.597487763869572,55,0.814949534990804
"UGT2B11",10,203,293.3,345.325123152709,2.85,4.66912972085386,-52.0251231527093,-1.81912972085386,1.04643855617976,-54.4410947569954,-1.903607478594,0.21920928660666,213,0.490825934792805
"CBX3",2,62,714.5,829.548387096774,1.75,1.62634408602151,-115.048387096774,0.123655913978495,0.473284281695601,-54.4505932473342,0.0585244004247249,0.725990399701766,64,0.89236471964796
"OR8H2",10,225,174.5,225.213333333333,8.65,12.7951851851852,-50.7133333333333,-4.14518518518519,1.07448039297579,-54.4904823291121,-4.45392020673519,0.330980407076308,235,0.599758532378914
"TVP23B",2,67,886,993.432835820896,1,1.21890547263682,-107.432835820896,-0.218905472636816,0.508797036037267,-54.66150843875,-0.111378455649949,0.377784983479994,69,0.641651102591846
"ZNF558",10,209,303.8,369.947368421053,5.75,7.00438596491228,-66.1473684210526,-1.25438596491228,0.826632446233132,-54.679560969779,-1.03691613869595,0.488885407780754,219,0.737772342567226
"SPRR5",2,8,527,589.625,1,1.5,-62.625,-0.5,0.876238163712978,-54.8744150025252,-0.438119081856489,0.683968112315226,10,0.869696617921993
"IER3IP1",2,59,886,1012.45762711864,1,1.07344632768362,-126.457627118644,-0.0734463276836159,0.434369863370837,-54.9293822137256,-0.031902871321022,0.318139683686894,61,0.587905935978681
"KRT6A",12,147,477.833333333333,531.687074829932,1.45833333333333,1.56972789115646,-53.8537414965986,-0.111394557823129,1.02013992838569,-54.9383519936416,-0.113638036240243,0.591752546036432,159,0.811008901278409
"ZNF549",6,209,303.166666666667,371.818181818182,2.83333333333333,3.63197767145136,-68.6515151515151,-0.798644338118022,0.801166178704843,-55.001272056237,-0.639846832514275,0.35682705241636,215,0.623254737943815
"DST",2,42,417.5,463.809523809524,1,2.11904761904762,-46.3095238095238,-1.11904761904762,1.18779407107621,-55.0061778153149,-1.32919812715671,0.306953284727976,44,0.582052926701163
"HEATR5A",2,58,886,997.758620689655,1,1.03448275862069,-111.758620689655,-0.0344827586206897,0.492330113755483,-55.0221344372938,-0.016976900474327,0.362451796763448,60,0.628667199301067
"HLA-G",14,324,98.4285714285714,147.824074074074,12.5714285714286,10.9457304526749,-49.3955026455026,1.62569811875367,1.11418887821315,-55.0359196813674,1.81133476324739,0.107840322403137,338,0.317327435179501
"NAT2",2,39,515,563.358974358974,1,1.35470085470085,-48.3589743589744,-0.354700854700855,1.13877655475683,-55.0700662120866,-0.403925017285542,0.731095865126947,41,0.894475059847271
"AQP12A",2,12,887,944.583333333333,0.75,0.833333333333333,-57.5833333333334,-0.0833333333333334,0.960423987975449,-55.3044146409196,-0.0800353323312875,0.932287017377905,14,0.976770640099625
"SCGB1D1",11,159,432.090909090909,488.094339622641,2.68181818181818,2.37211740041929,-56.0034305317324,0.309700781398894,0.990468716811145,-55.4696459757871,0.306748935547572,0.505091125819603,170,0.751680879478011
"RAB25",2,63,886,1016.39682539683,1,1.14285714285714,-130.396825396825,-0.142857142857143,0.426664275047581,-55.6356669764426,-0.0609520392925116,0.304820669768341,65,0.579808600516239
"ZNF454",6,146,365.166666666667,423.068493150685,3.58333333333333,8.85730593607306,-57.9018264840183,-5.27397260273973,0.96216971141315,-55.7113836784222,-5.07445669717894,0.588998557057664,152,0.808556615350353
"MYLPF",2,70,553,677.871428571429,2,2.22380952380952,-124.871428571429,-0.223809523809523,0.447299558412798,-55.8549348583752,-0.100109901168578,0.0341654604812737,72,0.13734515113472
"DDHD2",2,53,886,1033.94339622642,1,1.00943396226415,-147.943396226415,-0.00943396226415105,0.377773216559679,-55.8890526612159,-0.00356389826943097,0.27900424351975,55,0.565425756228053
"LAGE3",15,295,230.466666666667,286.054237288136,4.86666666666667,5.53672316384181,-55.5875706214689,-0.670056497175143,1.01088877349217,-56.1928510869462,-0.677352590599841,0.38026133221709,310,0.644372802258921
"SPDYE6",5,66,359.8,439.439393939394,3.1,5.23737373737374,-79.6393939393939,-2.13737373737374,0.707918496524852,-56.3782000217262,-1.51308640267332,0.260994649314776,71,0.546500043474527
"KDM8",2,6,575.5,635.166666666667,0.75,1,-59.6666666666666,-0.25,0.94756629833,-56.5381224670233,-0.2368915745825,0.750265583105336,8,0.903846919619292
"CLK1",2,79,886,989.759493670886,1,1.0168776371308,-103.759493670886,-0.0168776371308017,0.544957580941675,-56.5445226706191,-0.00919759630281309,0.393572105032177,81,0.657127099328484
"IGKV1D-12",5,192,138.8,187.625,16.8,19.2152777777778,-48.825,-2.41527777777776,1.16080212807345,-56.6761639031862,-2.80365958433294,0.521825765949278,197,0.764853308742849
"OR4S2",7,155,298.714285714286,352.451612903226,3.92857142857143,4.51290322580645,-53.7373271889401,-0.584331797235023,1.05868208297202,-56.8907454817361,-0.618621604243559,0.399471380995078,162,0.660644758569708
"GLIS2",2,17,1193,1386.05882352941,0.75,0.843137254901961,-193.058823529412,-0.0931372549019608,0.295163592447845,-56.9839359066957,-0.0274907267475934,0.548548808740609,19,0.779291389071541
"CCL15",7,97,660.857142857143,710.567010309278,1.14285714285714,1.60481099656357,-49.7098674521354,-0.461953853706431,1.14860184213757,-57.096845327937,-0.530601047349755,0.759705860983005,104,0.906780384645485
"GOLGA2",3,102,242.666666666667,305.058823529412,5.83333333333333,8.93627450980392,-62.3921568627451,-3.10294117647059,0.91819593562394,-57.2882248461839,-2.84910797671546,0.373680344064907,105,0.638187411138302
"ZNF699",6,127,457.5,530.692913385827,1.41666666666667,3.25984251968504,-73.1929133858267,-1.84317585301837,0.784156614377033,-57.3947071570213,-1.44533853660439,0.252186714984317,133,0.534439486012992
"OR7A5",15,254,156.466666666667,217.370078740157,14.0666666666667,11.0164041994751,-60.9034120734908,3.0502624671916,0.942747841120137,-57.4165602491336,2.87562835579466,0.36519527238496,269,0.631798694965478
"C8orf33",2,26,691.5,772.115384615385,1,0.993589743589744,-80.6153846153846,0.00641025641025639,0.713247595599272,-57.4987292452337,0.00457209997179019,0.818457271660867,28,0.929030777953886
"CEACAM3",14,240,227.857142857143,283.4,13.6071428571429,8.88125,-55.5428571428571,4.72589285714286,1.03986942931633,-57.7573191597413,4.91431150836727,0.587901006622582,254,0.808518594897267
"TMEM50A",2,57,886,1030.68421052632,1,1.08479532163743,-144.684210526316,-0.0847953216374269,0.404042718198364,-58.458601701437,-0.0342609322448905,0.278012299202005,59,0.565327733708045
"CLC",6,51,329.333333333333,435.607843137255,2.75,5.05228758169935,-106.274509803922,-2.30228758169935,0.55081079883759,-58.5371476411714,-1.26812486202968,0.0332403782755215,57,0.134245917208559
"OR2T35",2,66,754,811.5,1,1.46464646464646,-57.5,-0.464646464646465,1.02035672613577,-58.670511752807,-0.474105145477228,0.683543502079937,68,0.869696617921993
"CLPX",2,5,941.5,1070.2,0.75,1.6,-128.7,-0.85,0.456029339468735,-58.6909759896262,-0.387624938548425,0.836242844595436,7,0.938214921823905
"ZNF234",9,184,349.888888888889,421.869565217391,2.11111111111111,3.14855072463768,-71.9806763285024,-1.03743961352657,0.815739076723618,-58.7174504501541,-0.846280032494671,0.126245060916185,193,0.353567357099668
"OR8K5",2,82,478,527.451219512195,0.75,2.14227642276423,-49.4512195121952,-1.39227642276423,1.1902844302571,-58.8610166425919,-1.65720494863031,0.917688709826031,84,0.969474377687789
"CYP2D7",4,90,456,506.522222222222,1.25,3.21111111111111,-50.5222222222222,-1.96111111111111,1.16507028313418,-58.8619397490126,-2.28483227747982,0.359884677504344,94,0.626919108212568
"ANP32B",2,36,886,1107.83333333333,1,0.986111111111111,-221.833333333333,0.0138888888888888,0.265999684049388,-59.0075965782892,0.00369444005624148,0.148180023137614,38,0.390499590559732
"TMEM14B",3,55,638.666666666667,715.127272727273,1,1.79090909090909,-76.4606060606061,-0.790909090909091,0.772570372538354,-59.0711989087508,-0.611032931007608,0.313297126997418,58,0.584810673337652
"SSX5",11,265,335.090909090909,396.377358490566,2.95454545454545,4.03836477987421,-61.286449399657,-1.08381932532876,0.965141011266463,-59.1500657505159,-1.04603847967794,0.285658215629994,276,0.567192186505451
"GTF2A2",2,55,886,1014.41818181818,1,1.12424242424242,-128.418181818182,-0.124242424242424,0.461372026949046,-59.2485568425657,-0.0573219791057906,0.311153797204526,57,0.584534492305381
"RPS23",2,72,679,797.763888888889,2,1.80324074074074,-118.763888888889,0.196759259259259,0.499634645519787,-59.3385535255514,0.098307742752736,0.749518194016821,74,0.903846919619292
"ZNF75A",13,223,418.230769230769,483.865470852018,1.61538461538462,2.14275037369208,-65.6347016212487,-0.527365758307462,0.905476945313704,-59.4307091305847,-0.477517535895286,0.23606632384164,236,0.511135107864897
"ZNF569",3,115,493.333333333333,569.44347826087,3,3.07826086956522,-76.1101449275363,-0.0782608695652165,0.782163710038664,-59.5305933281022,-0.0612128120899817,0.778150970249864,118,0.912124521907907
"SPDYE1",7,99,316.428571428571,384.777777777778,3.21428571428571,5.6489898989899,-68.3492063492063,-2.43470418470418,0.872823716119323,-59.6568082795207,-2.12506755414477,0.284608211169156,106,0.567192186505451
"PLAAT3",4,83,557.25,628.518072289157,1.625,1.60240963855422,-71.2680722891566,0.0225903614457834,0.837841927635232,-59.7113790655941,0.0189271519797118,0.774555966993677,87,0.911759428294566
"CRYBB1",2,54,807.5,945.277777777778,1.25,1.30864197530864,-137.777777777778,-0.058641975308642,0.433486657767081,-59.7248284034645,-0.0254205138814029,0.537133409760981,56,0.773708841790265
"PRKAR2B",2,44,886,1065.72727272727,1,0.965909090909091,-179.727272727273,0.0340909090909091,0.333238211669989,-59.8919949519608,0.0113603935796587,0.198357116547013,46,0.46652308329194
"ZFP82",8,213,361.625,432.657276995305,2.75,3.42253521126761,-71.0322769953052,-0.672535211267607,0.846378431441322,-60.1201871849918,-0.569219297201735,0.288977670340173,221,0.568160010514894
"ATP6V1F",2,59,886,1059.15254237288,1,0.985875706214689,-173.152542372881,0.0141242937853108,0.347214343976687,-60.1210464078955,0.00490415740080068,0.230849666359252,61,0.504778391796422
"UBL3",8,12,534.375,630.25,0.875,1.04166666666667,-95.875,-0.166666666666667,0.628005824235255,-60.2100583985551,-0.104667637372543,0.544155761766414,20,0.775989291062723
"IGHV1-24",13,149,138.153846153846,197.838926174497,18.8846153846154,11.8422818791946,-59.6850800206505,7.04233350542075,1.01275945767686,-60.4466292731137,7.13218986172947,0.293681819422256,162,0.570126741567871
"MAP2K1",2,55,886,1062.49090909091,1,1,-176.490909090909,0,0.342872686135955,-60.5139120785766,0,0.217939364794256,57,0.489681989283571
"RGL4",14,213,155.642857142857,224.713615023474,6.64285714285714,8.74804381846635,-69.070757880617,-2.10518667560921,0.878136502291291,-60.6535537358937,-1.8486412639897,0.0223985087767672,227,0.0993672384273222
"FAM90A22P",2,29,532.5,616.827586206897,1,4.13218390804598,-84.3275862068965,-3.13218390804598,0.71936431501158,-60.662256288304,-2.25318133150179,0.298409943005536,31,0.575431368512234
"ZNF264",9,120,587.333333333333,663.9,1.05555555555556,1.78958333333333,-76.5666666666666,-0.734027777777778,0.796831160178539,-61.0107058310034,-0.584896205769942,0.565301105198855,129,0.791603316122512
"ZNF487",3,107,34,121.710280373832,28,24.9003115264797,-87.7102803738318,3.09968847352025,0.696039350857943,-61.0498066149701,2.15750515297089,0.0384884873553767,110,0.151689920753543
"CCL3L1",15,281,354.133333333333,412.950177935943,1.93333333333333,2.43268090154211,-58.8168446026098,-0.499347568208777,1.04014003059361,-61.1777545443783,-0.519391394873524,0.069599806127417,296,0.233159350526847
"ZNF613",5,157,333.2,411.420382165605,3.2,3.54830148619957,-78.2203821656051,-0.348301486199574,0.784436679514158,-61.3589368563157,-0.27322046130424,0.332620527694773,162,0.602312847447292
"LGALS13",6,53,297.5,408.641509433962,3.33333333333333,5.33647798742138,-111.141509433962,-2.00314465408805,0.552136262017037,-61.3652575737992,-1.10600880158759,0.053283968393341,59,0.193766218025141
"SAP30L",2,56,886,1120.44642857143,1,0.961309523809524,-234.446428571429,0.0386904761904762,0.262270229398925,-61.4883186031874,0.0101473600660298,0.141868590820014,58,0.379429506461307
"CEACAM8",13,223,242.846153846154,303.878923766816,7.57692307692308,6.13303437967115,-61.0327699206623,1.44388869725193,1.01364505463877,-61.8655654009852,1.46359063741823,0.328675569075405,236,0.598904645742004
"TAS2R43",5,34,465.4,558.235294117647,1.4,3.5343137254902,-92.8352941176471,-2.1343137254902,0.666755545806669,-61.8984471995345,-1.42306551296188,0.299202652267561,39,0.576135984064213
"MAP3K5",2,48,886,1024.8125,1,1.02083333333333,-138.8125,-0.0208333333333333,0.446273191837906,-61.9482974419993,-0.00929735816328968,0.281668345215581,50,0.566884141828678
"UBR1",2,58,886,1002.8275862069,1,1.01724137931034,-116.827586206897,-0.0172413793103448,0.530731943800052,-62.0041319170543,-0.00915055075517327,0.341664762192642,60,0.610765399987445
"ZNF439",12,163,205,274.576687116564,3.95833333333333,7.87014314928426,-69.5766871165644,-3.91180981595092,0.893067909430911,-62.1367065083188,-3.49351181442261,0.00172604120517522,175,0.0145020761065043
"NFILZ",2,3,426.5,506.333333333333,1,1,-79.8333333333333,0,0.78058892268384,-62.3170156609265,0,0.484495157165094,5,0.735610601785236
"MAGEB2",15,287,188.066666666667,252.560975609756,9.33333333333333,6.77351916376306,-64.4943089430894,2.55981416957027,0.96960168659669,-62.5337907271075,2.48200013618944,0.339383468009671,302,0.609667739292249
"PECR",2,10,399.5,458.6,1.5,1.15,-59.1,0.35,1.06819550439178,-63.1303543095541,0.373868426537122,0.704322129805398,12,0.88347144198288
"TIAL1",2,77,886,1002.18181818182,1,0.993506493506494,-116.181818181818,0.00649350649350644,0.543895972067423,-63.1908229365606,0.00353179202641181,0.351460847352156,79,0.618845818147698
"DEFB116",7,84,450.428571428571,537.714285714286,1,1.0515873015873,-87.2857142857142,-0.0515873015873016,0.723954369721804,-63.1908742714317,-0.0373468524062836,0.0926436471607748,91,0.287503384835041
"IGLV2-8",15,252,172.133333333333,228.892857142857,23.6333333333333,11.8052248677249,-56.7595238095238,11.8281084656085,1.11373271201785,-63.2149383852228,13.1733513194434,0.562732614706014,267,0.789699421174444
"CD1C",7,217,384.571428571429,459.423963133641,2.85714285714286,2.89247311827957,-74.852534562212,-0.0353302611367132,0.844606737352907,-63.2209549991856,-0.0298401765885056,0.23149229865832,224,0.505760348155678
"KATNA1",2,32,886,1087.6875,1,1.05208333333333,-201.6875,-0.0520833333333333,0.31606842911718,-63.7470512975712,-0.0164618973498531,0.149598441354128,34,0.391684095449234
"CEACAM1",15,281,219.466666666667,281.202846975089,9.13333333333333,6.42289442467378,-61.7361803084223,2.71043890865955,1.0334996671772,-63.8043218015461,2.80123771000378,0.280138088599245,296,0.566125928468544
"RBBP7",2,67,886,981.44776119403,1,1.21393034825871,-95.4477611940298,-0.213930348258706,0.669228543180329,-63.8763661737045,-0.143168295307235,0.416760279271924,69,0.674387672082367
"ZNF546",7,142,331.428571428571,413.450704225352,2,3.36737089201878,-82.0221327967807,-1.36737089201878,0.780568104514884,-64.0238607254512,-1.06732610535193,0.0657319387819595,149,0.224519681094458
"SP110",7,85,606.428571428571,685.470588235294,1.21428571428571,1.58235294117647,-79.0420168067227,-0.368067226890756,0.810000246461169,-64.0240530942333,-0.298134544495792,0.647171551439929,92,0.848925333289425
"DEFB126",6,51,372.833333333333,452.549019607843,1.66666666666667,1.24509803921569,-79.7156862745098,0.42156862745098,0.804037137059432,-64.0943721708847,0.33895683228976,0.169154538980076,57,0.421059348574577
"ZFP14",4,139,365.25,446.280575539568,3.25,4.04556354916067,-81.0305755395684,-0.795563549160669,0.792172140192358,-64.1901644461984,-0.630223279397635,0.243558890678041,143,0.522083167630616
"FAM241B",3,5,430,512.6,1,1.2,-82.6,-0.2,0.779821937503406,-64.4132920377814,-0.155964387500681,0.085097898485144,8,0.26952825302022
"IFNA13",4,115,443,522.686956521739,3.5,3.01304347826087,-79.6869565217391,0.48695652173913,0.808913992356227,-64.4598941387171,0.393905944103902,0.641456941317079,119,0.842698334671457
"ZNF534",3,120,167.666666666667,251.616666666667,9.16666666666667,9.38055555555555,-83.95,-0.213888888888887,0.769314604589819,-64.5839610553153,-0.16454784598171,0.31695338640721,123,0.587308377875467
"IGLV1-47",15,289,80,140.148788927336,20.1333333333333,14.0971741637832,-60.1487889273356,6.03615916955018,1.07439285020636,-64.6234287721008,6.48520625447226,0.0272108231528613,304,0.115051587214282
"MED22",2,22,682.5,754.181818181818,1,0.96969696969697,-71.6818181818181,0.0303030303030303,0.902805803967535,-64.714761493491,0.0273577516353798,0.404836802794916,24,0.664764194119933
"HLA-A",13,331,61.0769230769231,118.598187311178,15.3076923076923,12.8363544813696,-57.5212642342552,2.47133782632273,1.13132413158186,-65.0751943073096,2.79588412020997,5.47195908929369e-05,344,0.000998531669199184
"GZMB",13,239,246.384615384615,307.828451882845,4.42307692307692,4.94839609483961,-61.4438364982298,-0.525319171762686,1.05999139866207,-65.1299381889224,-0.556833803620732,0.138248057746614,252,0.372798942096907
"SPDYE16",8,109,325.875,400.990825688073,3,5.66819571865444,-75.1158256880734,-2.66819571865444,0.867934708117614,-65.1956322435915,-2.315819672271,0.172866552757642,117,0.426218066553294
"TOMM5",2,55,807.5,943.163636363636,1.25,1.27272727272727,-135.663636363636,-0.0227272727272727,0.480980459706767,-65.2515581836734,-0.0109313740842447,0.542877539916713,57,0.775581745107911
"RDH12",2,74,886,1019.2972972973,1,0.984234234234234,-133.297297297297,0.0157657657657657,0.489624193439613,-65.2655816768695,0.0077193003470209,0.313559817061447,76,0.584810673337652
"FBF1",4,85,569.5,640.541176470588,1,1.10588235294118,-71.0411764705882,-0.105882352941177,0.922599655754323,-65.5425649561468,-0.0976870223739872,0.634861902736178,89,0.838672473129238
"ZNF133",2,89,691,772.550561797753,1,1.32022471910112,-81.5505617977528,-0.320224719101124,0.803746431743939,-65.5459730516574,-0.257379475333734,0.816097240879234,91,0.927560717884924
"ZNF571",6,146,350.5,430.198630136986,2.41666666666667,4.04908675799087,-79.6986301369863,-1.6324200913242,0.823370815731684,-65.6215261085882,-1.3440870622104,0.125299398262084,152,0.351672747216785
"GSTM2",6,193,470.5,531.067357512953,1.08333333333333,2.27288428324698,-60.5673575129533,-1.18955094991364,1.08542488455884,-65.7413170365314,-1.29116820248687,0.305823433813874,199,0.581175732767748
"SEC23IP",2,52,886,1065.34615384615,1,1.01923076923077,-179.346153846154,-0.0192307692307692,0.368067282465942,-66.0114514668726,-0.00707821697049887,0.218973004185087,54,0.490825934792805
"ZNF611",3,169,145.333333333333,226.05325443787,11.8333333333333,9.00049309664694,-80.7199211045365,2.83284023668639,0.81912622514655,-66.1198042684863,2.32045372952018,0.309928122070385,172,0.584301719314514
"MAGEA1",15,279,97.3333333333333,168.071684587814,11.9333333333333,9.8626045400239,-70.7383512544803,2.07072879330943,0.93523964223247,-66.1573103193549,1.93662765581519,0.0079964944455909,294,0.0461654481813505
"ZNF599",10,246,242,319.711382113821,4.65,4.49051490514905,-77.7113821138211,0.159485094850949,0.851831805364988,-66.1970269234247,0.13585447627569,0.150965123872443,256,0.392959413537737
"FAM111B",2,2,442,563.5,1.5,1,-121.5,0.5,0.544888591975125,-66.2039639249777,0.272444295987562,0.120956236603816,4,0.345797205958174
"DMRTC1",5,171,554.6,618.719298245614,1.3,1.99415204678363,-64.119298245614,-0.694152046783626,1.03537420204687,-66.3874672568581,-0.7187071215378,0.618152459495053,176,0.827869012642628
"SCML1",4,197,609.75,682.664974619289,1,1.05287648054146,-72.9149746192893,-0.0528764805414552,0.912599451548793,-66.5421658472575,-0.0482550471419624,0.609969435177786,201,0.823316339191179
"PAEP",6,76,462,554.03947368421,1.16666666666667,1.31140350877193,-92.0394736842105,-0.144736842105263,0.722993023796859,-66.5438973876188,-0.104643727128493,0.445809118969658,82,0.697127006503721
"CD1B",12,212,282.25,359.122641509434,4.45833333333333,3.7122641509434,-76.872641509434,0.746069182389937,0.867148301894999,-66.6599805470886,0.646952624605624,0.246570495311911,224,0.526024767297165
"CXCL5",5,91,657,753.076923076923,0.9,1.47527472527473,-96.0769230769231,-0.575274725274725,0.694703564699736,-66.7449809469208,-0.399645402330013,0.36063568733218,96,0.627390846204386
"ZNF746",2,58,694.5,846.103448275862,1.5,1.65804597701149,-151.603448275862,-0.158045977011494,0.440464037844878,-66.7758669787934,-0.0696135691996215,0.390517416029355,60,0.655377012257356
"PLA2G2A",6,82,354.5,414.80487804878,2.08333333333333,2.52845528455285,-60.3048780487805,-0.445121951219512,1.11080981733224,-66.9872505696089,-0.494445833324717,0.263167187139344,88,0.548121077729655
"AKIRIN1",2,44,886,1066.75,1,0.988636363636364,-180.75,0.0113636363636364,0.37289494723104,-67.4007617120104,0.0042374425821709,0.219580248094879,46,0.49123560639719
"KPNA7",2,41,886,1011.36585365854,1,1.10975609756098,-125.365853658537,-0.109756097560976,0.537847546748623,-67.4277168362908,-0.0590320478138733,0.313310443405827,43,0.584810673337652
"MAGEC3",15,308,95.5333333333333,164.899350649351,10.1333333333333,9.7340367965368,-69.3660173160173,0.399296536796529,0.973611358643517,-67.5355423627373,0.388759643692119,0.00594722421247026,323,0.0367980722219811
"CAPZA2",2,61,886,1061.54098360656,1,0.975409836065574,-175.540983606557,0.0245901639344263,0.384902531491398,-67.5661689706539,0.00946481634814914,0.219061353311504,63,0.490825934792805
"OBP2A",2,122,381.5,440.549180327869,3.25,3.11748633879781,-59.0491803278688,0.132513661202186,1.14548616773338,-67.6400192815677,0.151792565942812,0.862361583779853,124,0.949356180396483
"IGHV4-39",10,174,140,201.051724137931,25.1,13.3759578544061,-61.051724137931,11.7240421455939,1.11058950642331,-67.8034041766367,13.0205981797611,0.532463315960622,184,0.772339431057179
"CTSV",15,302,381.333333333333,450.135761589404,1.93333333333333,2.78835540838852,-68.8024282560706,-0.855022075055187,0.986607178997477,-67.8809696498982,-0.843570917450768,0.209050037789309,317,0.481185445718468
"SAR1A",2,20,886,991.8,1,0.975,-105.8,0.025,0.642421521940601,-67.9681970213156,0.016060538048515,0.401597524855343,22,0.662154806810422
"ORM1",6,44,440.166666666667,506.068181818182,2.16666666666667,2.03409090909091,-65.9015151515151,0.132575757575757,1.03214297723354,-68.0197860526858,0.136837137133234,0.606605747085639,50,0.822126979841688
"OR9A2",5,59,420.6,503.389830508475,1.2,1.49152542372881,-82.7898305084746,-0.291525423728814,0.822421058196025,-68.0881000146492,-0.239756647474096,0.0983374751317297,64,0.297069565763634
"ATF1",2,45,886,1063.46666666667,1,1.04444444444444,-177.466666666667,-0.0444444444444445,0.383956719305936,-68.1395191194934,-0.0170647430802638,0.214737300558043,47,0.486414025158996
"IGF2BP1",2,52,616,840.653846153846,1.75,1.70192307692308,-224.653846153846,0.0480769230769231,0.303674756625908,-68.2217020558434,0.0145997479147071,0.00632766944429047,54,0.0381852199952217
"TCEAL3",9,172,387.333333333333,460.226744186047,1.77777777777778,2.11240310077519,-72.8934108527132,-0.334625322997416,0.93702207638775,-68.3027351921946,-0.31355131496696,0.17697883113766,181,0.430983863711748
"SRSF12",2,55,886,1107.23636363636,1,0.963636363636364,-221.236363636364,0.0363636363636364,0.308821884850497,-68.3226308156517,0.0112298867218362,0.162758801785128,57,0.411304399482147
"CXCL3",12,239,426.333333333333,494.623430962343,1.58333333333333,1.84274755927476,-68.2900976290098,-0.259414225941423,1.0049288493453,-68.626689231999,-0.260692839579116,0.04447185597198,251,0.168412985006933
"LGALS14",5,48,426.8,553.729166666667,2.6,4.21875,-126.929166666667,-1.61875,0.542817346772896,-68.8993534780947,-0.878685580088625,0.436658481739524,53,0.689026538472124
"IGF2BP3",2,41,886,1062.21951219512,1,1.08536585365854,-176.219512195122,-0.0853658536585367,0.391673940321476,-69.0205907029919,-0.0334355802713456,0.201570645356248,43,0.471112787402393
"DEFA4",7,122,298.714285714286,372.139344262295,3.28571428571429,5.17349726775956,-73.4250585480094,-1.88778298204528,0.941383255534041,-69.1211206537026,-1.77712728937954,0.284799281690167,129,0.567192186505451
"ZNF567",5,132,398.8,483.545454545455,5.2,7.19570707070707,-84.7454545454545,-1.99570707070707,0.81652618273559,-69.1968825041925,-1.62954707630287,0.504872142763412,137,0.751680879478011
"MAP4K5",2,57,886,1044.12280701754,1,1.00877192982456,-158.122807017544,-0.00877192982456143,0.437935250069889,-69.2475510329808,-0.00384153728131482,0.237338168400323,59,0.511207085657288
"YPEL1",2,22,793,871.772727272727,1,1.04545454545455,-78.7727272727273,-0.0454545454545454,0.879124036200997,-69.2509979425603,-0.0399601834636816,0.732741920877208,24,0.894475059847271
"XAGE1A",7,125,184.142857142857,270.968,6.14285714285714,8.132,-86.8251428571429,-1.98914285714285,0.79783150696614,-69.2718345682647,-1.58700084328522,0.132741989539722,132,0.365880610408536
"PRELID3B",3,37,934.666666666667,1033.18918918919,0.833333333333333,1.17567567567568,-98.5225225225225,-0.342342342342342,0.703144038362917,-69.275524356188,-0.240715977097215,0.771627370142512,40,0.911218985821529
"NME1",3,46,829,912.130434782609,0.833333333333333,1.07246376811594,-83.1304347826087,-0.239130434782609,0.833889014330104,-69.3215563217026,-0.199408242557199,0.397779192522338,49,0.65993462226087
"H3C12",3,80,667.666666666667,763.1625,1,1.28020833333333,-95.4958333333334,-0.280208333333333,0.725965885285152,-69.3267171868767,-0.20342169077261,0.614257241802642,83,0.825766592519305
"CXorf49",4,109,503.25,574.798165137615,1.5,2.4525993883792,-71.5481651376147,-0.952599388379205,0.971781706689233,-69.5291980279143,-0.925718659430263,0.695162268367222,113,0.876669405040323
"MS4A4A",3,94,647.666666666667,717.617021276596,1.66666666666667,1.98049645390071,-69.9503546099291,-0.313829787234043,0.997565498547028,-69.7800603699954,-0.313065768161035,0.802235635443029,97,0.920615597458337
"SERPINB3",7,119,543.714285714286,621.781512605042,0.928571428571429,1.7563025210084,-78.0672268907564,-0.827731092436974,0.895200082631633,-69.8857879634275,-0.740984942346351,0.529517336135787,126,0.771683658294931
"ETDA",6,220,435.5,512.740909090909,6.25,2.36212121212121,-77.2409090909091,3.88787878787879,0.907869368017146,-70.1246553214334,3.52968605807878,0.722292283246499,226,0.891205231839016
"CBX5",2,59,744.5,899.406779661017,1.5,1.51694915254237,-154.906779661017,-0.0169491525423728,0.454837157943289,-70.4573594071643,-0.00770910437192014,0.608905928039268,61,0.82286205528298
"RALGDS",10,204,200.7,278.382352941176,5,6.8374183006536,-77.6823529411765,-1.8374183006536,0.907660859377908,-70.5092312290862,-1.66775267380794,0.136534096664057,214,0.371242033905494
"ZNF417",10,253,215.7,294.588932806324,4.8,4.87417654808959,-78.8889328063241,-0.0741765480895902,0.894474442022228,-70.5641341536658,-0.0663490264635711,0.0277919316868079,263,0.116940929947873
"CFHR1",11,221,345.818181818182,421.090497737557,2.5,2.52714932126697,-75.2723159193748,-0.0271493212669682,0.937832898683768,-70.5928542293075,-0.0254615266610977,0.139356165633141,232,0.375208866017937
"MAGEB17",13,251,82.4615384615385,165.792828685259,10.9230769230769,9.99867197875167,-83.3312902237205,0.924404944325255,0.848422240975073,-70.7001199949531,0.78428571443287,9.87665658106217e-06,264,0.000292619659288826
"HLA-B",13,324,67.7692307692308,132.842592592593,13.8461538461538,11.5722736625514,-65.0733618233618,2.27388018360241,1.08764186951771,-70.7765129093636,2.4731672939526,1.25668802352418e-05,337,0.000345655347944071
"HLA-C",13,327,68,134.788990825688,14,11.473496432212,-66.7889908256881,2.52650356778797,1.06066272331383,-70.8405928965569,2.6797681546721,4.20449661150025e-05,340,0.000853426938039845
"KATNAL1",2,31,886,1133.90322580645,1,0.973118279569892,-247.903225806452,0.0268817204301075,0.28625861292133,-70.964433558078,0.00769512400326154,0.104902769774932,33,0.311511654220918
"GSTA2",9,206,422.333333333333,490.466019417476,1.77777777777778,2.62459546925566,-68.1326860841424,-0.846817691477885,1.04271150389755,-71.0427355713761,-0.88298654860796,0.197875470136577,215,0.465809552672861
"ZNF587",8,206,183.625,267.567961165049,6.9375,7.08940129449838,-83.9429611650485,-0.151901294498383,0.847179635834899,-71.1147672707089,-0.12868768335599,0.0865155755388597,214,0.272696259207527
"TIA1",2,78,886,1008.23076923077,1,1,-122.230769230769,0,0.583434071613886,-71.313595368805,0,0.337830441102397,80,0.607955194628487
"TGFB3",2,13,967.5,1056.76923076923,0.75,0.987179487179487,-89.2692307692307,-0.237179487179487,0.800765050751876,-71.4836801075039,-0.189925044088586,0.87835516056296,15,0.953528057561702
"OR2J1",4,136,264.5,333.580882352941,3.125,5.66299019607843,-69.0808823529412,-2.53799019607843,1.04066032076499,-71.8897331881402,-2.64118569154938,0.316884973415416,140,0.587308377875467
"TMEM14C",2,33,761,907.484848484848,0.75,1.44949494949495,-146.484848484848,-0.699494949494949,0.490961960788797,-71.918488437971,-0.343425411965901,0.12400327833607,35,0.351048371133777
"ZNF224",7,161,339.285714285714,426.981366459627,2.21428571428571,3.62939958592132,-87.6956521739131,-1.41511387163561,0.822215399721477,-72.1047157060095,-1.16352841761828,0.107315782378081,168,0.316502122279876
"CAPZA1",2,61,886,1059.59016393443,1,1.05737704918033,-173.590163934426,-0.0573770491803278,0.415556773020394,-72.1365683526714,-0.0238434214028095,0.221545880227596,63,0.49436326646858
"OR5M10",7,135,401.857142857143,473.325925925926,1.64285714285714,2.6320987654321,-71.4687830687831,-0.989241622574956,1.0139979764201,-72.469201408953,-1.00308900348154,0.0188375171253332,142,0.087428831702479
"SAP30",2,56,886,1133.5,1,0.949404761904762,-247.5,0.0505952380952381,0.292831020156928,-72.4756774888398,0.0148158551865113,0.11970835401095,58,0.344112133146989
"MAGEA9",15,312,64.6,137.830128205128,16.7,11.4097222222222,-73.2301282051282,5.29027777777778,0.993399976593047,-72.7468076448802,5.25536182061516,0.00178617885462086,327,0.0149114547831447
"ZSCAN22",5,65,592.8,687.384615384615,1.2,2.27948717948718,-94.5846153846154,-1.07948717948718,0.769323063116555,-72.7661260313936,-0.830474383518127,0.542071984801332,70,0.775581745107911
"VSTM1",3,60,806.333333333333,902.366666666667,1.16666666666667,1.23055555555556,-96.0333333333333,-0.0638888888888889,0.758785134103578,-72.8686657117469,-0.0484779391232841,0.787853607478892,63,0.915212694285661
"IGHV3-38",11,173,120.181818181818,187.589595375723,21.2272727272727,12.8940269749518,-67.4077771939044,8.3332457523209,1.08392461368173,-73.0649488540471,9.03261018279936,0.14373664257748,184,0.382858151941852
"SEPTIN3",2,88,448,555.102272727273,3.25,3.08333333333333,-107.102272727273,0.166666666666666,0.682496641824678,-73.0969414681545,0.113749440304113,0.568593132645982,90,0.795360736404685
"TRIM64",8,105,339.5,432.619047619048,1.9375,3.91111111111111,-93.1190476190476,-1.97361111111111,0.78549195134862,-73.1442624220108,-1.55025564286999,0.0277021775529239,113,0.116751274106113
"DMRTC1B",5,170,554.6,625.4,1.3,1.85,-70.8,-0.55,1.03463043220472,-73.251834600094,-0.569046737712595,0.583089610771428,175,0.805292364136227
"XCL1",2,90,739.5,822.833333333333,1,1.15277777777778,-83.3333333333334,-0.152777777777778,0.879249289574964,-73.270774131247,-0.134329752573953,0.77512131159795,92,0.911861273426649
"OR7A17",13,269,64.7692307692308,135.483271375465,19.4230769230769,25.3169144981413,-70.7140406062339,-5.89383757506434,1.03796917809914,-73.3989946081216,-6.11762174363934,0.00296738480899259,282,0.0216585935918929
"MT1H",7,163,341,405.319018404908,2.42857142857143,3.44069529652352,-64.319018404908,-1.01212386795209,1.14188301838014,-73.4447948754443,-1.15572705731172,0.236104123686541,170,0.511135107864897
"SIGLEC10",8,154,524.375,611.162337662338,1.875,1.52705627705628,-86.7873376623377,0.347943722943723,0.848429938828306,-73.6329755839287,0.295205871572836,0.549652570733036,162,0.779291389071541
"NCR1",2,37,941.5,1059.16216216216,0.75,1.02702702702703,-117.662162162162,-0.277027027027027,0.626222480586598,-73.6826910603717,-0.173480552054395,0.847185936388832,39,0.942735253387755
"SPDYE21",7,97,299.142857142857,387.051546391753,3.35714285714286,5.8298969072165,-87.9086892488954,-2.47275405007364,0.838944239633058,-73.7504884590534,-2.07450276633859,0.181605880856456,104,0.438304216397994
"IGHV1-46",9,131,201.777777777778,276.022900763359,19.6666666666667,10.3015267175573,-74.245122985581,9.36513994910942,0.995413309760154,-73.9045836046269,9.32218495311004,0.643119609203929,140,0.844033922074268
"IQCF5",11,289,452.090909090909,527.314878892734,1.27272727272727,1.67906574394464,-75.2239698018245,-0.406338471217364,0.982942629518607,-73.9408466798336,-0.399407405372967,0.235222128806961,300,0.510918888256517
"AKIRIN2",2,45,886,1100.66666666667,1,0.962962962962963,-214.666666666667,0.0370370370370371,0.344484545133593,-73.9493490220113,0.0127586868567998,0.15463386445827,47,0.399010838561226
"HLA-DPA1",3,38,682.666666666667,764.71052631579,1.16666666666667,1.14035087719298,-82.0438596491229,0.0263157894736843,0.902074473519919,-74.0096714985246,0.0237388019347348,0.661054043020248,41,0.856771766640822
"C17orf98",3,57,797.666666666667,996.368421052632,1,1.26608187134503,-198.701754385965,-0.266081871345029,0.373113787346254,-74.1383641312925,-0.0992788147617226,0.170777013261118,60,0.424182828565876
"KLRC1",11,227,269.636363636364,343.400881057269,4,4.85389133627019,-73.7645174209051,-0.853891336270189,1.00691013314163,-74.2742400574115,-0.859791839092299,0.0673368876926841,238,0.228211786693883
"MYL2",2,72,609,764.180555555556,2,1.84027777777778,-155.180555555556,0.159722222222222,0.479865478948844,-74.4657916152143,0.0766451806654403,0.575406332848623,74,0.797989178754119
"IQCF6",4,58,471.25,571.034482758621,1,1.04741379310345,-99.7844827586207,-0.0474137931034482,0.746759026143507,-74.5149631690611,-0.0354066779637007,0.150528899620106,62,0.392959413537737
"CTCF",2,15,1193,1294.8,0.75,0.866666666666667,-101.8,-0.116666666666667,0.733015832155031,-74.6210117133821,-0.0855185137514203,0.745767000510584,17,0.9025887782928
"IGF2BP2",2,88,744.5,834.920454545455,1.5,1.45643939393939,-90.4204545454545,0.0435606060606062,0.829289424560065,-74.9847267184595,0.0361243499334878,0.752456483605876,90,0.904401468105866
"SSH2",2,53,927,1004.79245283019,0.75,1.0503144654088,-77.7924528301887,-0.300314465408805,0.96426304002754,-75.0123870572368,-0.28958213937934,0.90073108855344,55,0.965385699093577
"SEPTIN10",14,253,466,548.553359683794,1.17857142857143,1.57114624505929,-82.5533596837945,-0.39257481648786,0.909609474252238,-75.0913180997322,-0.357089772430191,0.0196566969938796,267,0.0905872120723234
"IFNA21",3,203,280.666666666667,360.916256157635,4.33333333333333,3.79720853858785,-80.2495894909688,0.536124794745485,0.936035760852692,-75.1164855572952,0.501831980161583,0.339899386337075,206,0.609699144591719
"MAGEB18",15,271,100,182.387453874539,9.13333333333333,8.77244772447724,-82.3874538745387,0.360885608856089,0.913354425116886,-75.2489455704233,0.32961646780971,2.50113826383652e-05,286,0.000583524489589717
"ZNF174",2,55,616.5,716.145454545455,1,1.96060606060606,-99.6454545454545,-0.96060606060606,0.756171936481583,-75.349096325224,-0.72638334504443,0.693097515716009,57,0.875756193697259
"ZNF841",4,207,166.75,259.038647342995,7.25,6.67471819645733,-92.2886473429951,0.575281803542669,0.818104869018437,-75.5017917464298,0.470640844535966,0.0506102594546026,211,0.186786169427792
"ZNF81",4,87,544.75,644.850574712644,0.875,1.35823754789272,-100.100574712644,-0.48323754789272,0.75592032165486,-75.668058634618,-0.365289082638771,0.455875274238511,91,0.70839454320416
"MTHFD1L",2,73,886,975.260273972603,1,1.06164383561644,-89.2602739726027,-0.0616438356164384,0.848155456765527,-75.7065884422489,-0.0522835555540393,0.443095475467616,75,0.694546177202688
"HLA-DPB1",12,218,373.25,446.155963302752,2.54166666666667,2.30275229357798,-72.9059633027523,0.238914373088685,1.04061777012519,-75.8672409609387,0.248618542174404,0.278934272499528,230,0.565425756228053
"KRT38",3,29,612.333333333333,688.068965517241,1,1.06896551724138,-75.735632183908,-0.0689655172413792,1.00267596172107,-75.9382978365529,-0.0691500663255907,0.720550009184677,32,0.891205231839016
"CSH2",2,59,349,550,4,3.56497175141243,-201,0.43502824858757,0.378065835156648,-75.9912328664863,0.164469318118994,0.120496844963967,61,0.34535438691863
"IGLV3-22",12,255,174,241.921568627451,11.0833333333333,7.76699346405228,-67.921568627451,3.31633986928105,1.11920668036065,-76.0182733484178,3.71166973604573,0.192011927093992,267,0.455287808980581
"FAM47A",5,34,616.4,781.264705882353,1.2,2.20098039215686,-164.864705882353,-1.00098039215686,0.461155604307316,-76.0282830701244,-0.461607717644872,0.233407143887784,39,0.508244055815649
"APOL4",5,98,319.2,388.816326530612,2.6,4.15646258503402,-69.6163265306122,-1.55646258503402,1.0937218289099,-76.1408959750498,-1.70233710513323,0.124942773014558,103,0.351426766293909
"SERPINA1",9,156,544,616.00641025641,1,1.77297008547009,-72.0064102564103,-0.772970085470086,1.05808636565346,-76.1890009319573,-0.817869108493889,0.372629877222932,165,0.637643660238063
"GIMAP5",6,60,463.333333333333,540.716666666667,1.25,1.32222222222222,-77.3833333333334,-0.0722222222222222,0.984745421382549,-76.2028831913196,-0.0711205026554063,0.266666932785742,66,0.55257787103025
"NANOGNB",2,23,793,944.95652173913,1,1.36231884057971,-151.95652173913,-0.36231884057971,0.502252175471283,-76.3204936205276,-0.181975425895392,0.533218650450498,25,0.772339431057179
"UBE2D4",2,74,616,747.202702702703,1.75,1.8018018018018,-131.202702702703,-0.051801801801802,0.582725976784049,-76.4552230891396,-0.0301862555541288,0.0618265898373922,76,0.214928215400844
"TMTC1",3,94,412,490.574468085106,1.83333333333333,1.65070921985816,-78.5744680851064,0.182624113475177,0.973225011716774,-76.470637622767,0.177734354976645,0.697284912803882,97,0.878498301425527
"PPIB",3,82,457.666666666667,542.329268292683,3.33333333333333,3.19105691056911,-84.6626016260163,0.142276422764227,0.907553211053666,-76.8358159618484,0.129123424336903,0.705787295846913,85,0.88409501632214
"FXR2",2,41,886,1135.9756097561,1,0.963414634146341,-249.975609756098,0.0365853658536586,0.307605367115808,-76.8938392090225,0.0112538548944808,0.120440714999605,43,0.34535438691863
"SOS2",2,74,886,1001.25675675676,1,1.27927927927928,-115.256756756757,-0.279279279279279,0.667747009700815,-76.9623546721385,-0.186487903610137,0.346458066655013,76,0.613759273335287
"UGT2B4",10,208,260.7,334.557692307692,3.55,5.02564102564103,-73.8576923076923,-1.47564102564103,1.04451582604827,-77.145528490788,-1.54133040484815,0.109524785655088,218,0.321559848221063
"NUP50",3,36,547.333333333333,655.138888888889,1,1.04166666666667,-107.805555555556,-0.0416666666666667,0.715851290484789,-77.172746065874,-0.0298271371035329,0.665042522610183,39,0.859090566665372
"KLRC2",11,249,261.363636363636,339.779116465863,5.09090909090909,4.92369477911647,-78.4154801022271,0.167214311792624,0.984302012229322,-77.1845148545505,0.164589383571021,0.318120206762936,260,0.587905935978681
"CSN2",7,9,508.571428571429,611.888888888889,1,1.38888888888889,-103.31746031746,-0.388888888888889,0.749701297333125,-77.4572340371637,-0.291550504518437,0.438516604100092,16,0.689906110349492
"OR8B2",8,223,63.375,135.080717488789,15.375,22.6165919282511,-71.7057174887892,-7.24159192825112,1.08149442539547,-77.5493337331078,-7.8317413013924,0.00268111787090203,231,0.0199279580250086
"SCOC",9,169,545.666666666667,628.656804733728,1.05555555555556,1.39595660749507,-82.9901380670611,-0.340401051939513,0.936418021971543,-77.7134609319027,-0.318757679734232,0.213028250328159,178,0.485749977200378
"NBPF4",2,107,211.5,307.869158878505,6.75,5.95327102803738,-96.3691588785047,0.796728971962617,0.806933044237321,-77.7634587444218,0.642906934777866,2.7198990727349e-05,109,0.00061800837191794
"GOLGA6A",3,104,155,245.153846153846,9.16666666666667,11.0560897435897,-90.1538461538462,-1.88942307692308,0.862741362182575,-77.7794520367675,-1.63008343912381,0.228276271759698,107,0.501670225490406
"OR52A1",6,190,309.833333333333,383.447368421053,2.75,3.4421052631579,-73.6140350877193,-0.692105263157895,1.057051214844,-77.8138052190423,-0.731590709220976,0.291558428566608,196,0.569247074479255
"ZNF169",2,29,611,740.068965517241,1.5,1.45977011494253,-129.068965517241,0.0402298850574712,0.60408854177996,-77.9690831683584,0.0243024126003432,0.778092162250233,31,0.912124521907907
"GIPC3",2,55,886,1057.94545454545,1,1.07575757575758,-171.945454545455,-0.0757575757575757,0.453953450674077,-78.0552324186317,-0.0343904129298543,0.227705445720042,57,0.501035422803211
"RPL30",3,94,450.333333333333,565.159574468085,1.66666666666667,2.68971631205674,-114.826241134752,-1.02304964539007,0.68037371792837,-78.1247565965906,-0.696056090859343,0.0360861684173753,97,0.143739570235673
"DEFB4B",2,58,610,702.827586206897,1.5,3.21264367816092,-92.8275862068965,-1.71264367816092,0.844212667402642,-78.3662241602728,-1.4458354878505,0.837554768781044,60,0.938878285964124
"MAGEA12",10,191,267.9,361.61780104712,4.6,4.33202443280977,-93.7178010471204,0.267975567190227,0.837787181713571,-78.5155724156602,0.224506495204396,0.155444401876428,201,0.399613190083179
"RASGRP2",2,34,886,1064.88235294118,1,0.970588235294118,-178.882352941177,0.0294117647058824,0.43904155333548,-78.5367860995997,0.0129129868628082,0.190506633276145,36,0.453510943033505
"SCYGR6",2,64,532,658.234375,1.5,2.02864583333333,-126.234375,-0.528645833333333,0.623008829473199,-78.6451302080308,-0.329351021830884,0.726049519315562,66,0.89236471964796
"OR10H5",3,82,489.666666666667,581.426829268293,1.33333333333333,2.63211382113821,-91.760162601626,-1.29878048780488,0.861133035252352,-79.0177073363875,-1.11842278358994,0.302824365589149,85,0.578655272081185
"RNASE1",6,76,393.833333333333,474.828947368421,2.08333333333333,1.83114035087719,-80.9956140350877,0.252192982456141,0.97620819930236,-79.068582528582,0.246192857280201,0.345921140499995,82,0.613223839977265
"OR4C11",2,90,392,475.4,1.5,2.37037037037037,-83.4,-0.870370370370371,0.948813478798724,-79.1310441318136,-0.825819138954445,0.213218760297798,92,0.485749977200378
"ZNF134",16,293,126.75,208.146757679181,10.90625,7.51820250284414,-81.3967576791809,3.38804749715586,0.974158737851741,-79.2933627259749,3.3004960736111,0.0406027942548918,309,0.156945416254486
"ATP5MC1",2,80,530.5,676.7625,2.25,2.225,-146.2625,0.0249999999999999,0.544513913610607,-79.6419662894714,0.0136128478402651,0.426807187912007,82,0.682546276785711
"IFI27L1",5,133,481.4,575.481203007519,1.3,1.76817042606516,-94.0812030075189,-0.468170426065163,0.848490733815045,-79.8270289780519,-0.397238268362532,0.0655568955333957,138,0.2242148796188
"RBAK",12,239,412.333333333333,497.962343096234,1.70833333333333,2.46861924686193,-85.629009762901,-0.760285913528593,0.933445354237641,-79.9300013511496,-0.709685353875586,0.00980505218765202,251,0.053599584448399
"SPDYE2",8,114,312.125,401.69298245614,3,5.29678362573099,-89.5679824561403,-2.29678362573099,0.897774728596583,-80.4118711405049,-2.06199429623572,0.077444558832494,122,0.251382151837648
"FAM90A14P",3,53,468,573.264150943396,1,3.5188679245283,-105.264150943396,-2.5188679245283,0.76438297397827,-80.4621247514107,-1.92537975520942,0.131328976440194,56,0.363761533800823
"SLC6A4",9,14,438.222222222222,556.5,1,1.17857142857143,-118.277777777778,-0.178571428571429,0.680390027505036,-80.4750204754567,-0.121498219197328,0.222828631098988,23,0.495914655318918
"CXXC1",8,94,417.75,527.765957446809,1,0.997340425531915,-110.015957446809,0.00265957446808507,0.732616543379194,-80.5995104612334,0.00194844825366804,0.00420955912166496,102,0.0282040461151552
"RAB11A",2,67,694.5,854.820895522388,1.5,1.58457711442786,-160.320895522388,-0.0845771144278606,0.503541265895139,-80.7281866807856,-0.042588067264763,0.370424413602381,69,0.635117449306444
"ZNF589",3,87,176.666666666667,289.137931034483,11.8333333333333,23.0268199233717,-112.471264367816,-11.1934865900383,0.718071787575363,-80.762441855459,-8.03772692490967,0.3216788681851,90,0.591101886475151
"OR1E1",7,108,472.571428571429,542.509259259259,1.07142857142857,1.89814814814815,-69.9378306878307,-0.826719576719577,1.15718493676811,-80.9310041821961,-0.956667441111201,0.33471479000759,115,0.604847680698363
"KRT81",10,180,536.5,617.488888888889,1.1,1.37592592592593,-80.9888888888889,-0.275925925925925,1.00049961188025,-81.0293518999462,-0.276063781796587,0.456087189952177,190,0.70839454320416
"HERC5",5,12,490.2,579.916666666667,1.1,1.16666666666667,-89.7166666666666,-0.0666666666666667,0.90464444307153,-81.1616839509007,-0.060309629538102,0.487373279020952,17,0.736556609648206
"H3-3B",5,208,473.4,548.730769230769,1.9,1.8036858974359,-75.3307692307693,0.0963141025641028,1.08082255904269,-81.4191947746544,0.104098454805234,0.648485948401627,213,0.849444363557636
"FAM24A",11,259,516.636363636364,595.96138996139,1.59090909090909,1.48326898326898,-79.3250263250263,0.107640107640108,1.02681414032057,-81.4520587118382,0.110526384590491,0.310676895866092,270,0.584534492305381
"SEPTIN14",13,186,478.692307692308,578.096774193548,1.07692307692308,1.8494623655914,-99.4044665012407,-0.772539288668321,0.82232291906313,-81.7425710612134,-0.635276762948687,0.0243475476493305,199,0.106033570012835
"SPDYE4",7,119,378.714285714286,466.033613445378,1.71428571428571,3.66666666666667,-87.3193277310924,-1.95238095238095,0.936135121855359,-81.7426895058743,-1.82769238076523,0.128942024350605,126,0.35966941965588
"SYCE1",14,298,458.642857142857,539.889261744966,1.14285714285714,1.45218120805369,-81.2464046021093,-0.309324065196549,1.01048181367244,-82.0980142767043,-0.312566342412341,0.11199274324334,312,0.326603837159428
"GOLGA6B",3,101,147.666666666667,244.386138613861,9.5,11.6023102310231,-96.7194719471947,-2.10231023102311,0.849117907987511,-82.1262356814588,-1.78510926530708,0.213410246393431,104,0.485749977200378
"PCP4",2,4,668,843,0.75,1,-175,-0.25,0.472550143927222,-82.6962751872639,-0.118137535981806,0.515645048132403,6,0.759943886503085
"SLC39A2",9,30,455.222222222222,536.966666666667,1.11111111111111,1.1,-81.7444444444445,0.0111111111111111,1.01391791262533,-82.8821564798287,0.0112657545847259,0.176154046143489,39,0.430676332864196
"ZIK1",14,308,91,176.746753246753,15,8.44237012987013,-85.7467532467533,6.55762987012987,0.967444688496722,-82.9552409844105,6.3441441869846,0.00335078746993272,322,0.0235365797283178
"CLEC4A",6,163,445.333333333333,521.889570552147,1,2.73619631901841,-76.5562372188139,-1.73619631901841,1.08370756022524,-82.9645730564254,-1.88152907695548,0.0318739829764604,169,0.130339151044587
"COLGALT1",2,50,886,1113.1,1,1,-227.1,0,0.367558316548111,-83.472493688076,0,0.154084160332876,52,0.398241257121469
"OR11A1",5,160,181.2,257.375,5.4,7.68645833333333,-76.175,-2.28645833333333,1.0970137680115,-83.5650237782757,-2.50827627165128,0.110416684264364,165,0.323089357203563
"OR52H1",7,126,444.714285714286,528.190476190476,2.14285714285714,2.12962962962963,-83.4761904761904,0.013227513227513,1.00432395058859,-83.8371373991329,0.0132847083411187,0.436022552974789,133,0.688983631328448
"METTL6",2,61,886,1048.31147540984,1,1.03825136612022,-162.311475409836,-0.0382513661202186,0.517429029110271,-83.9846691347671,-0.0197923672337262,0.234037315404128,63,0.509191927686084
"MTLN",6,20,491.166666666667,592.2,1,1.325,-101.033333333333,-0.325,0.832474245783,-84.1076479656091,-0.270554129879475,0.355309940179005,26,0.622305465160064
"MAGEA8",15,300,103.466666666667,189.436666666667,11.5333333333333,8.56194444444444,-85.97,2.97138888888889,0.98220280502688,-84.4399751481609,2.91850650149237,0.0213019568173919,315,0.09632781601019
"DEGS2",2,38,886,1143.21052631579,1,0.995614035087719,-257.210526315789,0.00438596491228072,0.329542200826649,-84.7617229178859,0.00144536052994145,0.101342515945577,40,0.304556789562487
"RDH11",2,80,886,1033.625,1,0.979166666666667,-147.625,0.0208333333333334,0.574835775854884,-84.8601314105773,0.0119757453303101,0.281582836684193,82,0.566884141828678
"PUM2",2,81,886,1015.9012345679,1,1,-129.901234567901,0,0.653974700195307,-84.9521209315435,0,0.319100072556346,83,0.588847803382579
"IFNA8",4,233,231,319.012875536481,5.5,3.9928469241774,-88.0128755364807,1.50715307582261,0.967265053503896,-85.1317787648258,1.45781650052411,0.218307347040737,237,0.490066235238355
"COX6C",2,82,437.5,592.146341463415,2.75,2.80284552845528,-154.646341463415,-0.0528455284552845,0.550632409531695,-85.1532876252612,-0.029098460666309,0.0123830523520233,84,0.063694716133537
"PNPLA3",2,5,436,585,1,1.4,-149,-0.4,0.571806400301551,-85.1991536449311,-0.22872256012062,0.0940388507418307,7,0.289768298335382
"GIMAP4",6,56,370.333333333333,462.482142857143,2.08333333333333,1.84821428571429,-92.1488095238095,0.235119047619048,0.924804172957168,-85.2196035806542,0.21743907637981,0.313170995082778,62,0.584810673337652
"NDUFA1",2,65,616,787.661538461538,1.75,1.75641025641026,-171.661538461538,-0.00641025641025639,0.497290835028854,-85.3657098038763,-0.00318776176300547,0.0248634527914533,67,0.107741628762964
"PRDM9",3,52,347.666666666667,456.346153846154,2,3.68910256410256,-108.679487179487,-1.68910256410256,0.785743092275896,-85.3941563233688,-1.32720067188909,0.252797078025964,55,0.535298837019322
"OFD1",4,85,508.5,609.317647058824,1.375,2.6156862745098,-100.817647058824,-1.2406862745098,0.847306613704338,-85.4234591310509,-1.05124168592435,0.349938183836716,89,0.617830050246851
"TFCP2",2,70,807.5,914.385714285714,1.25,1.22380952380952,-106.885714285714,0.0261904761904763,0.800901504355362,-85.604929365526,0.0209759917807358,0.618529608723649,72,0.827869012642628
"MAGEA2B",13,226,167,266.265486725664,6.73076923076923,6.68030973451328,-99.2654867256637,0.0504594962559555,0.862883502656134,-85.6545508787067,0.0435406668716029,0.0101090650132282,239,0.0548028773434965
"IGLV9-49",12,215,216.416666666667,295.632558139535,8.79166666666667,6.84806201550388,-79.2158914728682,1.94360465116279,1.0813867832055,-85.6630180586011,2.10178838154418,0.309013959157653,227,0.584301719314514
"NAT8",10,76,533.7,610.802631578947,0.95,1.82675438596491,-77.1026315789474,-0.876754385964912,1.11112966526373,-85.6710212172681,-0.974187807395696,0.313982041681047,86,0.584810673337652
"SPACA7",11,110,621.909090909091,711.663636363636,0.909090909090909,1.19848484848485,-89.7545454545455,-0.28939393939394,0.95459882854369,-85.6795839473805,-0.276255115533098,0.398963030545075,121,0.660644758569708
"MTRNR2L8",5,220,133.6,217.068181818182,5.9,8.78219696969697,-83.4681818181818,-2.88219696969697,1.02752007344888,-85.7652323124627,-2.96151524199717,0.107438722718044,225,0.316502122279876
"TRIM64C",2,20,381.5,483.75,2,4.13333333333333,-102.25,-2.13333333333333,0.84081406575555,-85.9732382235049,-1.79373667361184,0.5830682072755,22,0.805292364136227
"CSNK1G3",2,79,886,1015.29113924051,1,1.05063291139241,-129.291139240506,-0.0506329113924051,0.665988011870769,-86.1063487752915,-0.0337209119934567,0.316637823905894,81,0.587308377875467
"ZNF641",5,91,452.8,546.648351648352,2.5,5.26556776556776,-93.8483516483516,-2.76556776556776,0.919286475722162,-86.2735204391474,-2.54234904457961,0.486002117587489,96,0.736187555510788
"RBM27",2,47,886,1115.68085106383,1,0.953900709219858,-229.68085106383,0.0460992907801419,0.375626223845293,-86.2741507746795,0.0173161025176908,0.131465117286659,49,0.363761533800823
"KRTAP4-9",14,215,320.214285714286,404.832558139535,2.53571428571429,2.82480620155039,-84.6182724252492,-0.289091915836102,1.02004476902363,-86.3144261511918,-0.294886696515635,0.0427395840634057,229,0.163751514893958
"OR8J3",6,170,385,468.935294117647,2.75,3.22647058823529,-83.9352941176471,-0.476470588235294,1.02900877533726,-86.3701542075725,-0.490292416484223,0.275209287206041,176,0.562965787388625
"ZNF443",9,96,430.222222222222,543.947916666667,1.94444444444444,2.80381944444444,-113.725694444444,-0.859375,0.760037527511621,-86.4357956200976,-0.653157250205299,0.309863834164957,105,0.584301719314514
"TBP",2,53,886,1076.30188679245,1,0.971698113207547,-190.301886792453,0.0283018867924528,0.454626906516486,-86.5163580967035,0.0128667992410326,0.191647519002862,55,0.454836482429136
"OR6C74",2,61,484,561.098360655738,1,1.31693989071038,-77.0983606557377,-0.316939890710382,1.12279780520508,-86.5658701291717,-0.355859413671554,0.436118992046403,63,0.688983631328448
"UBA1",2,65,494.5,589.153846153846,4,1.19487179487179,-94.6538461538462,2.8051282051282,0.914753338006306,-86.5849217243662,2.56600038917666,0.812944273163222,67,0.925651347846971
"MUSTN1",5,6,415.2,526,1.4,2.5,-110.8,-1.1,0.782371378302942,-86.686748715966,-0.860608516133236,0.595413526498658,11,0.813711058964955
"AKR1B10",5,96,536.6,615.614583333333,1.2,1.82986111111111,-79.0145833333333,-0.629861111111111,1.09727949209568,-86.7010818681517,-0.69113368009082,0.563074698660169,101,0.789755334191638
"TRO",9,166,497.222222222222,586.536144578313,1.16666666666667,1.5316265060241,-89.313922356091,-0.36495983935743,0.97329212699033,-86.928537459809,-0.355212538314242,0.214484257677104,175,0.486414025158996
"COX4I2",2,22,761,910.090909090909,0.75,1.15909090909091,-149.090909090909,-0.409090909090909,0.584603817945629,-87.1591146755301,-0.239156107341394,0.114741005565837,24,0.332761650991712
"ZNF764",2,113,399.5,512.769911504425,5,4.99483775811209,-113.269911504425,0.00516224188790737,0.770124619684079,-87.2319475189944,0.00397556957064189,0.698965272818056,115,0.878920239592675
"SMURF1",2,73,886,1014.34246575342,1,1.10502283105023,-128.342465753425,-0.105022831050228,0.681235390710988,-87.4314298023458,-0.0715452693440764,0.320608272796796,75,0.589964378040865
"NR2C1",2,75,886,1036.61333333333,1,1.02,-150.613333333333,-0.02,0.580709827473692,-87.4626428152376,-0.0116141965494738,0.271525273948016,77,0.556903878199502
"CYP2A6",6,147,429.666666666667,512.285714285714,1.66666666666667,2.20861678004535,-82.6190476190476,-0.541950113378684,1.06125920225918,-87.680224567604,-0.575149544988537,0.262528757480692,153,0.547476171825257
"LCE3B",8,147,505.875,592.183673469388,1.125,1.70408163265306,-86.3086734693877,-0.579081632653061,1.01600634785649,-87.6901601199708,-0.588350614702609,0.235568510716516,155,0.511135107864897
"OR52E5",7,106,464.857142857143,543.556603773585,1.57142857142857,1.72169811320755,-78.6994609164421,-0.150269541778976,1.11521657696084,-87.7669434118976,-0.167583084004222,0.289450929324197,113,0.568160010514894
"CDK2AP1",6,91,433.333333333333,512.989010989011,2.91666666666667,1.26923076923077,-79.6556776556777,1.6474358974359,1.10348274742539,-87.8986660275184,1.81791709030977,0.710836812051501,97,0.885863403360085
"CXCL1",11,230,411.454545454545,497.860869565217,1.72727272727273,1.8286231884058,-86.406324110672,-0.10135046113307,1.01760025859499,-87.9270977592623,-0.103134255457734,0.00914989792519436,241,0.0505839260603654
"OR51M1",2,112,480.5,560.919642857143,1,1.5922619047619,-80.4196428571429,-0.592261904761905,1.09357630335187,-87.9450157525916,-0.647683584425658,0.440792199443784,114,0.692181500689067
"CREB3",2,39,886,1142.4358974359,1,0.957264957264957,-256.435897435897,0.0427350427350427,0.343318253779515,-88.039124514075,0.0146717202469878,0.0976726683345249,41,0.295734278514616
"OR5P2",5,116,549.6,633.163793103448,1.4,1.69109195402299,-83.5637931034482,-0.291091954022988,1.05596034062979,-88.2400514298342,-0.307381558924705,0.652670335659749,121,0.850587325226396
"OR7D2",8,173,357.25,449.57225433526,2.8125,3.04913294797688,-92.3222543352601,-0.236632947976878,0.956523192106135,-88.3083774191975,-0.226344902756328,0.106011978873462,181,0.313713817436418
"LUC7L",2,77,886,1010.96103896104,1,0.967532467532467,-124.961038961039,0.0324675324675325,0.707978495171218,-88.4697283186683,0.0229863147782864,0.329492331244744,79,0.599002812175586
"ARID4A",3,66,934.666666666667,1051.15151515152,0.833333333333333,0.997474747474748,-116.484848484849,-0.164141414141414,0.760084240654347,-88.5382976083428,-0.124761302127607,0.728405732576363,69,0.89399914477315
"H2AC18",6,141,547,636.09219858156,1,1.33333333333333,-89.0921985815603,-0.333333333333333,0.994037036257289,-88.56094503166,-0.331345678752429,0.375264060946049,147,0.640473540987606
"ZNF250",2,72,319.5,477.125,11.25,8.06944444444444,-157.625,3.18055555555556,0.562094059823334,-88.600076179653,1.78777138471588,0.65536060741879,74,0.852817364136105
"GOLGA8S",3,72,170,282.236111111111,7.66666666666667,9.7337962962963,-112.236111111111,-2.06712962962963,0.789664427530848,-88.6288644288442,-1.63233873561354,0.0920399673478859,75,0.285969601284216
"FAM90A7P",3,51,379.666666666667,494.372549019608,1.66666666666667,3.7483660130719,-114.705882352941,-2.08169934640523,0.773949811312532,-88.7765960034963,-1.61113081635975,0.0985910342430865,54,0.297480799627234
"PSPC1",2,38,886,1096.07894736842,1,0.951754385964912,-210.078947368421,0.0482456140350878,0.423668554743511,-89.0038440136171,0.0204401495709589,0.150871585549144,40,0.392959413537737
"NUDT10",9,160,505.222222222222,596.85625,1.44444444444444,1.38645833333333,-91.6340277777778,0.0579861111111113,0.972991367695814,-89.1591180149763,0.0564199855573616,0.436673535288878,169,0.689026538472124
"B4GALT7",2,6,538,644,1.25,1.58333333333333,-106,-0.333333333333333,0.845889137431375,-89.6642485677257,-0.281963045810459,0.700588757492289,8,0.880537962158418
"FCN1",5,95,602.6,718.58947368421,1.1,1.38070175438596,-115.98947368421,-0.280701754385965,0.774193047157114,-89.7982440697287,-0.217317346570418,0.607839868191028,100,0.822519718064814
"HLA-F",13,325,69.5384615384615,151.673846153846,14,10.6351282051282,-82.1353846153846,3.3648717948718,1.09373709192737,-89.8345167135671,3.68028509163152,9.22588561180392e-07,338,5.24070415296601e-05
"ZNF334",7,257,102.571428571429,192.178988326848,15.1428571428571,12.1556420233463,-89.6075597554197,2.98721511951084,1.00518454246458,-90.0721339541193,3.00270246314879,0.146623240477281,264,0.388172773421615
"OR1A1",8,209,247.125,334.607655502392,3.375,5.74720893141946,-87.4826555023923,-2.37220893141946,1.03177555939744,-90.2624658185544,-2.44758719722291,0.0853211567877304,217,0.269581841216856
"ATP6V0A2",2,68,553,744.264705882353,2,1.8406862745098,-191.264705882353,0.159313725490196,0.474346706519517,-90.7257833087182,0.075569940989629,0.00618774286035719,70,0.0377346792724132
"RPS15A",2,79,459.5,603.962025316456,3,2.85864978902954,-144.462025316456,0.141350210970463,0.628813246663184,-90.8396351587795,0.088882885076863,0.438551109563914,81,0.689906110349492
"OR2L5",4,165,187,272.757575757576,6.625,8.50707070707071,-85.7575757575758,-1.88207070707071,1.06007005754123,-90.9090382679298,-1.99512680274111,0.239779476274086,169,0.515364377487106
"MAGEB6",15,300,160.666666666667,253.303333333333,6.43333333333333,6.065,-92.6366666666667,0.368333333333332,0.98321081836934,-91.0813728443411,0.362149318099372,0.0016950876142189,315,0.0143807270647857
"EIF4A2",4,21,532.25,628.714285714286,0.875,1.04761904761905,-96.4642857142857,-0.172619047619048,0.944539482759328,-91.1143265333194,-0.163045505952503,0.493435646026021,25,0.743568248596306
"MAGEB16",14,295,87.7857142857143,183.722033898305,9.75,8.0864406779661,-95.9363196125908,1.6635593220339,0.950262030534886,-91.1646418771043,1.58081725927117,3.03963544123021e-06,309,0.000126072498538644
"PILRB",8,106,500.25,589.245283018868,1,1.67845911949686,-88.9952830188679,-0.678459119496855,1.02513644112269,-91.232307710669,-0.695513167208241,0.270078412705608,114,0.556431571379283
"KPNA3",2,51,609,847.921568627451,2,1.49346405228758,-238.921568627451,0.506535947712418,0.381933728350274,-91.2522054891782,0.193463163053243,0.436070765909423,53,0.688983631328448
"MS4A6A",6,173,446.833333333333,547.884393063584,1.66666666666667,1.67533718689788,-101.051059730251,-0.0086705202312134,0.903061859357039,-91.2553578899993,-0.0078300161215924,0.165893929108909,179,0.416808496886135
"ZCCHC10",2,48,713.5,813.541666666667,1,1.08333333333333,-100.041666666667,-0.0833333333333333,0.912376229975266,-91.2756386737756,-0.0760313524979388,0.759212237637218,50,0.906780384645485
"NQO2",2,50,886,1019.48,1,1.00333333333333,-133.48,-0.00333333333333341,0.685044833738327,-91.4397844073919,-0.00228348277912781,0.288717979031582,52,0.568160010514894
"MAGEA4",15,294,84.3333333333333,177.724489795918,12.4,9.44982993197279,-93.391156462585,2.95017006802721,0.980522802261617,-91.572158441147,2.89270902225039,0.000342344986932477,309,0.00419975329039701
"CPT1B",2,35,886,1113.14285714286,1,1.05714285714286,-227.142857142857,-0.0571428571428572,0.403207678683754,-91.5857441581671,-0.0230404387819288,0.115705708369749,37,0.333707523145866
"CARD18",2,46,561,760.152173913043,1.5,2.36231884057971,-199.152173913043,-0.86231884057971,0.460196717406011,-91.6491766990537,-0.39683629979214,0.564807296249491,48,0.791335906219796
"NUMB",2,74,886,1016.62162162162,1,1.10585585585586,-130.621621621622,-0.105855855855856,0.705036184227132,-92.0929696856683,-0.07463220869071,0.304137798561825,76,0.579808600516239
"OR9A4",4,94,470.5,582.531914893617,1.125,1.70035460992908,-112.031914893617,-0.575354609929078,0.823738197100683,-92.2849675922052,-0.473941569076545,0.320077228875726,98,0.589705885438361
"OR10G8",5,156,136.6,221.269230769231,6.4,10.732905982906,-84.6692307692308,-4.33290598290598,1.0910602295974,-92.379230362912,-4.72746139653334,0.0108753854425987,161,0.057648501175223
"GOLGA8K",3,74,148.666666666667,267.72972972973,8.66666666666667,9.88963963963964,-119.063063063063,-1.22297297297297,0.776228658620617,-92.4201617327033,-0.949306670340079,0.142952958471277,77,0.381159265801475
"ZNF667",8,87,464.375,574.689655172414,1.75,3.15229885057471,-110.314655172414,-1.40229885057471,0.838349333784136,-92.4822176704198,-1.17561630714557,0.360475103166006,95,0.627390846204386
"ZNF615",13,181,224.384615384615,331.46408839779,5.46153846153846,7.33333333333333,-107.079473013175,-1.87179487179487,0.870863702061866,-93.251626283087,-1.6300782115517,0.0616410272981536,194,0.214757339106767
"SPG7",2,61,807.5,955.131147540984,1.25,1.34972677595628,-147.631147540984,-0.0997267759562841,0.63182652976219,-93.2772756356296,-0.0630100227768304,0.512894843863711,63,0.758028408945632
"ZMYM5",11,250,497.090909090909,591.808,1.13636363636364,1.18233333333333,-94.7170909090909,-0.0459696969696972,0.987126681708257,-93.4977676501503,-0.0453779144288313,0.0235480080872737,261,0.103239840825581
"MMP10",2,59,637.5,733.661016949153,0.75,1.05084745762712,-96.1610169491526,-0.300847457627119,0.97568547094269,-93.8229071083619,-0.293532493376826,0.738618166637108,61,0.898514557459386
"EML2",3,78,634.333333333333,757.01282051282,1.33333333333333,1.58760683760684,-122.679487179487,-0.254273504273504,0.764807024230293,-93.826133523842,-0.194470162144028,0.297936915643781,81,0.575394797174575
"MT1A",3,140,326.666666666667,410.557142857143,3.66666666666667,3.87261904761905,-83.8904761904762,-0.20595238095238,1.11906382721209,-93.8787973523592,-0.230473859652013,0.227456202214284,143,0.501035422803211
"MAGED4B",13,286,331.307692307692,428.146853146853,2.15384615384615,2.14568764568765,-96.8391608391609,0.00815850815850805,0.970366759989516,-93.9695027436001,0.00791674512811949,0.0055033425347766,299,0.034734864839061
"ZNF84",3,69,528.333333333333,699.144927536232,1.5,2.26570048309179,-170.811594202899,-0.765700483091787,0.550278734970217,-93.993987976217,-0.421348693201832,0.18609376399981,72,0.446522502600094
"PIGP",2,35,886,995.885714285714,1,0.947619047619048,-109.885714285714,0.0523809523809524,0.858583178444453,-94.3460258370676,0.0449734045851857,0.41313297847372,37,0.67217713122779
"STX4",3,38,732.666666666667,841,1,0.885964912280702,-108.333333333333,0.114035087719298,0.874236266784255,-94.7089289016276,0.0996936093701343,0.575663835419638,41,0.797989178754119
"TAS2R31",5,46,405.2,532.369565217391,1.8,3.52173913043478,-127.169565217391,-1.72173913043478,0.745214699088796,-94.7686292767312,-1.28306530799636,0.149489447648013,51,0.391684095449234
"ZNF180",2,72,635.5,767.055555555556,1.25,2.34722222222222,-131.555555555556,-1.09722222222222,0.720631076342112,-94.8030215987846,-0.790692430986485,0.0137174946513411,74,0.0690632245162894
"GPX6",8,259,520.625,620.857142857143,1.125,1.20881595881596,-100.232142857143,-0.0838159588159586,0.945866177599156,-94.8061938368583,-0.079278680587059,0.219980730813981,267,0.491710564257427
"NXF5",15,329,220.266666666667,313.80547112462,4.1,3.33080040526849,-93.5388044579534,0.769199594731509,1.01659175101943,-95.090777012175,0.781961962891542,0.00511537982472286,344,0.0330036727950638
"PLSCR2",8,165,457.125,545.90303030303,1,1.3969696969697,-88.7780303030303,-0.396969696969697,1.07191387296532,-95.1624022963539,-0.425517325328658,0.0437216847663043,173,0.166053433567374
"KLRC4",10,222,224.2,318.256756756757,5.3,4.94069069069069,-94.0567567567568,0.359309309309309,1.01257043159282,-95.2390907834101,0.363825982402646,0.026663932353522,232,0.113289195511793
"C16orf87",2,24,566.5,690.041666666667,0.75,0.9375,-123.541666666667,-0.1875,0.773439599668096,-95.552017208996,-0.145019924937768,0.554912491806414,26,0.784624643447056
"LCN10",3,35,383,485.171428571429,2,2.27142857142857,-102.171428571429,-0.271428571428571,0.93714958663746,-95.749912051873,-0.254369173515881,0.167629579864842,38,0.41934577871936
"HCLS1",2,61,886,1027.72131147541,1,0.980874316939891,-141.72131147541,0.0191256830601093,0.676142057487822,-95.8237391308562,0.0129316786951223,0.277503356395638,63,0.565327733708045
"FSIP2",4,91,403.5,517.747252747253,1.25,1.19230769230769,-114.247252747253,0.0576923076923077,0.838902512316549,-95.8423073549341,0.0483982218644163,0.176388394111058,95,0.430676332864196
"KISS1",5,94,585.8,699.329787234043,1,0.98581560283688,-113.529787234043,0.0141843971631205,0.845286325928692,-95.96517673453,0.0119898769635275,0.171016066823908,99,0.424373202859326
"TAOK1",2,71,886,1048.08450704225,1,1.09859154929577,-162.084507042254,-0.0985915492957745,0.592732108506989,-96.0726916154709,-0.0584383768950552,0.246509524459492,73,0.526024767297165
"ORAI3",2,43,744.5,974.325581395349,1.5,1.38372093023256,-229.825581395349,0.116279069767442,0.419778306741572,-96.475793404037,0.0488114310164619,0.481392529652951,45,0.73260260919229
"ANKRD18B",5,185,126.8,225.735135135135,13,8.01891891891892,-98.9351351351351,4.98108108108108,0.975516768673708,-96.5128833353237,4.85912812071796,0.181685944006903,190,0.438304216397994
"FAU",6,101,448.833333333333,577.217821782178,1,1.03465346534653,-128.384488448845,-0.0346534653465347,0.753833624538861,-96.7805442619604,-0.0261229473850101,0.0219124537330986,107,0.0980283628743916
"GSTA5",6,155,451.666666666667,542,2.41666666666667,2.34731182795699,-90.3333333333333,0.0693548387096774,1.07239306138131,-96.8728398781116,0.0743756478054779,0.414331992672002,161,0.67305821841132
"MAGEC1",15,251,130.066666666667,237.812749003984,8.46666666666667,6.72443559096946,-107.746082337317,1.74223107569721,0.900015574803208,-96.9731522276145,1.56803510303363,0.000681903995621452,266,0.00724215528341204
"GOLGA8M",3,71,145.333333333333,273.985915492958,9,9.39906103286385,-128.652582159624,-0.399061032863852,0.754208106411164,-97.0308203755171,-0.300975065938729,0.1538422829971,74,0.398009787595467
"TPM4",2,86,530.5,684.581395348837,2.25,2.11627906976744,-154.081395348837,0.133720930232558,0.631060346421113,-97.2346587258857,0.0843859765563115,0.408604125986501,88,0.668326728472818
"IGLV1-50",15,298,71.4,161.731543624161,20.0666666666667,13.4334451901566,-90.3315436241611,6.63322147651006,1.07808168727899,-97.3847829648514,7.15115460149121,0.00230134525031872,313,0.0177911690505408
"FBXW12",5,12,487.6,588.666666666667,0.9,2.29166666666667,-101.066666666667,-1.39166666666667,0.96412610491827,-97.4410116704064,-1.34174216267793,0.497320610438899,17,0.746418884183622
"DAPL1",8,107,553.25,642.401869158879,1.6875,1.65576323987539,-89.1518691588785,0.0317367601246104,1.09339827651758,-97.4785000866384,0.0347009188225008,0.536041666888854,115,0.773587496820664
"C18orf32",2,90,553,705.233333333333,2,1.91296296296296,-152.233333333333,0.0870370370370372,0.64051294221701,-97.5074202368362,0.0557483486744436,0.0208857336557411,92,0.0953009908096034
"ADD3",2,43,886,1142.72093023256,1,0.98062015503876,-256.720930232558,0.0193798449612402,0.380132364498402,-97.5879342255316,0.00736690628872869,0.101518929854162,45,0.304556789562487
"SCAMP3",2,41,807.5,957.487804878049,1.25,1.19512195121951,-149.987804878049,0.0548780487804879,0.650782788958923,-97.6094819683633,0.0357136896379897,0.506255515872749,43,0.751802511486133
"ENSA",7,190,500.714285714286,584.678947368421,1.21428571428571,1.36052631578947,-83.9646616541353,-0.14624060150376,1.16455980378119,-97.7818699004935,-0.170305926192061,0.345804502918702,197,0.613223839977265
"NAT1",4,86,458,542.53488372093,1.25,1.41279069767442,-84.5348837209302,-0.162790697674418,1.15850135762856,-97.9337775576702,-0.188593244265114,0.0322460373522748,90,0.131342797154502
"IFITM2",15,271,260.8,357.361623616236,3.3,3.12361623616236,-96.5616236162361,0.176383763837639,1.01693911110603,-98.19729168725,0.179371548010584,0.00926574520265899,286,0.0508527507685829
"CEACAM4",13,265,150.384615384615,246.777358490566,11.7307692307692,7.8314465408805,-96.3927431059506,3.89932268988873,1.01897530436543,-98.221824745005,3.97331352474841,0.0131403080766793,278,0.0666711165133264
"RPS6KB2",2,44,744.5,1006.75,1.5,1.28030303030303,-262.25,0.21969696969697,0.374765274323974,-98.2821931914622,0.0823347951166307,0.43425117264737,46,0.688583126742235
"TNNC2",3,53,612.333333333333,807.396226415094,1,1.80188679245283,-195.062893081761,-0.80188679245283,0.504165076865581,-98.3438984841887,-0.404283316354475,0.223190063013795,56,0.495914655318918
"GOLGA8R",3,68,151.666666666667,278,8.5,10.2401960784314,-126.333333333333,-1.74019607843137,0.779226581224669,-98.4422914280499,-1.35600704085666,0.121842470596493,71,0.347191249366017
"APRT",2,7,648.5,759.285714285714,1.25,1,-110.785714285714,0.25,0.888727703828494,-98.4583334741425,0.222181925957123,0.508845242161917,9,0.753484718469635
"GTF2I",7,122,404.142857142857,523.409836065574,2.35714285714286,3.01502732240437,-119.266978922717,-0.657884465261515,0.825690418377031,-98.4776017252624,-0.543208899365529,0.0743565299077848,129,0.243781195293653
"PHTF1",2,89,886,1012.74157303371,1,1.02434456928839,-126.741573033708,-0.0243445692883895,0.777573092782694,-98.5508369279639,-0.0189296820340356,0.317138486320265,91,0.587308377875467
"OR3A1",7,136,443.714285714286,539.463235294118,1.71428571428571,2.22426470588235,-95.748949579832,-0.509978991596639,1.02938300523085,-98.5623414661844,-0.524963706974346,0.141319620691535,143,0.378736583453313
"IGLV2-18",15,286,119.933333333333,209.660839160839,23.9333333333333,11.8397435897436,-89.7275058275058,12.0935897435897,1.09851735298835,-98.5672221918784,13.2850181932553,0.136420639272848,301,0.371242033905494
"ZNF280D",15,254,516.466666666667,615.492125984252,0.966666666666667,1.02329396325459,-99.0254593175853,-0.0566272965879265,0.995490867561009,-98.5789404066904,-0.0563719566079495,0.0679731696927811,269,0.230069808817665
"GOLGA8H",3,70,150,276.714285714286,8.66666666666667,10.1714285714286,-126.714285714286,-1.5047619047619,0.778033676585962,-98.5879815902498,-1.1707554371484,0.137073770809623,73,0.371935371885302
"FAM9A",3,121,463.333333333333,577.768595041322,1.66666666666667,1.68595041322314,-114.435261707989,-0.0192837465564739,0.862888740039615,-98.7448987913102,-0.016639727769359,0.385180719966756,124,0.649759342332558
"CEACAM7",14,286,157.285714285714,253.951048951049,11.6428571428571,8.04428904428905,-96.6653346653347,3.59856809856809,1.02210896211554,-98.8025048873362,3.67812870432951,0.0338268931660499,300,0.136193639203218
"LILRB5",12,240,142.416666666667,236.333333333333,12.875,5.71805555555556,-93.9166666666667,7.15694444444444,1.05293523732887,-98.8881677058035,7.53579899716068,0.0121806441209191,252,0.0627771658539676
"USP9Y",3,102,455.333333333333,571.156862745098,1,2.04411764705882,-115.823529411765,-1.04411764705882,0.855449486007267,-99.0811787028416,-0.893189904507588,0.164075639044868,105,0.414231540892986
"ZNF551",13,259,170.461538461538,282.976833976834,14.0384615384615,5.29633204633205,-112.515295515296,8.74212949212949,0.881430983723175,-99.1744676099507,7.70558379808308,0.0618545801689378,272,0.214928215400844
"KRTAP6-2",8,179,497.875,603.759776536313,1.1875,1.28864059590317,-105.884776536313,-0.101140595903166,0.937105330113243,-99.2251884700285,-0.0947793915116863,0.348473170463922,187,0.615659495890621
"GIPC1",2,50,840,1098.28,0.75,1.00333333333333,-258.28,-0.253333333333333,0.384551767616935,-99.322030540102,-0.0974197811296235,0.261014946137087,52,0.546500043474527
"DMRTC2",3,94,487.666666666667,583.31914893617,1,1.31737588652482,-95.6524822695035,-0.317375886524823,1.03944645491945,-99.4256335992807,-0.329895240125144,0.291340686507645,97,0.569247074479255
"MAGEA3",14,230,150.5,265.65652173913,7.28571428571429,6.24492753623188,-115.15652173913,1.0407867494824,0.867501375619773,-99.8984410202839,0.902883936902815,0.000508705575555853,244,0.00570492561771435
"OR4N2",8,200,140.375,233.245,7.375,11.6725,-92.87,-4.2975,1.07725267985592,-100.044456378219,-4.6294933916808,0.00330912238285987,208,0.023306568157447
"BEX1",13,295,346.307692307692,447.508474576271,1.92307692307692,2.18446327683616,-101.200782268579,-0.261386353759235,0.990143813475832,-100.203328482148,-0.258810081101712,0.0117594611527794,308,0.0613322794255742
"JPT2",5,126,363.2,445.944444444444,1.4,1.56878306878307,-82.7444444444445,-0.168783068783069,1.21160900309693,-100.253913845143,-0.204499085707895,0.273480442104895,131,0.560034792492235
"SMIM27",15,304,505.8,597.286184210526,1.03333333333333,1.05674342105263,-91.4861842105263,-0.023410087719298,1.10009240086519,-100.643256034153,-0.0257532596035872,0.103051771385982,319,0.307390729031473
"TMEM230",15,256,349.466666666667,455.16015625,2.1,2.375,-105.693489583333,-0.275,0.952564525901098,-100.679868795781,-0.261955244622802,0.0115125211856108,271,0.0601644357160018
"IGLV3-27",13,287,121.461538461538,213.445993031359,15.7307692307692,10.2128339140534,-91.9844545698204,5.5179353167158,1.09488223793096,-100.712145474264,6.04148936832408,0.0972896390896954,300,0.295408036050503
"SCYGR7",2,65,453.5,619.446153846154,1.75,2.34871794871795,-165.946153846154,-0.598717948717948,0.60764597128088,-100.836511834172,-0.363808549472014,0.552119170679904,67,0.78152079793423
"FKBP7",2,48,886,1102.5,1,0.993055555555555,-216.5,0.00694444444444453,0.466613526912494,-101.021828576555,0.00324037171467014,0.148534225717739,50,0.390499590559732
"MTX1",3,90,645,719.266666666667,1.16666666666667,1.09814814814815,-74.2666666666667,0.0685185185185186,1.36044049798482,-101.035380983672,0.0932153674545153,0.758849951832875,93,0.906780384645485
"TMA7",2,70,361,583.985714285714,3.5,2.78571428571429,-222.985714285714,0.714285714285714,0.453595323826632,-101.145277280141,0.323996659876166,0.0147102051389841,72,0.0726611834180822
"GOLGA8O",3,71,142,272.323943661972,9.16666666666667,9.61032863849765,-130.323943661972,-0.443661971830988,0.777204879141059,-101.288404882989,-0.344816249196387,0.151106764847805,74,0.392959413537737
"ENO4",2,30,620,725.566666666667,1,0.958333333333333,-105.566666666667,0.0416666666666666,0.959779911379592,-101.320765977972,0.0399908296408163,0.672991394256835,32,0.864140792723886
"GNB4",2,77,886,1022.96103896104,1,1.01948051948052,-136.961038961039,-0.0194805194805194,0.745711894692787,-102.133475862729,-0.0145268550914179,0.289370343822411,79,0.568160010514894
"PHKG2",2,55,886,1125.2,1,1.09090909090909,-239.2,-0.0909090909090908,0.427616374897711,-102.285836875533,-0.0388742158997919,0.12094912647306,57,0.345797205958174
"STN1",10,114,465.1,588.421052631579,1.1,1.00292397660819,-123.321052631579,0.0970760233918129,0.829578441246437,-102.304486614975,0.0805321761677827,0.0400625138884267,124,0.155316541232135
"NMRAL1",2,10,886,1096.5,1,0.9,-210.5,0.1,0.487525315444569,-102.624078901082,0.0487525315444569,0.23278861594392,12,0.507319977866107
"EIF1AX",8,157,501.875,612.917197452229,1.0625,1.87738853503185,-111.042197452229,-0.814888535031847,0.92431088118342,-102.637511375613,-0.753210339881553,0.155827332936232,165,0.399613190083179
"CLCA1",3,2,429.666666666667,620.5,1,1,-190.833333333333,0,0.5390973727952,-102.877748641751,0,0.288143077245283,5,0.568160010514894
"ZNF655",2,78,333,480.282051282051,9.25,9.72008547008547,-147.282051282051,-0.470085470085468,0.698855854298076,-102.928923771491,-0.328521982789693,0.65943681735618,80,0.855565245159731
"CHRNA6",2,73,487.5,672.246575342466,2.5,2.26369863013699,-184.746575342466,0.236301369863014,0.557787924461914,-103.049408811721,0.131806050643397,0.277975209735267,75,0.565327733708045
"SLC22A6",2,37,691.5,814.162162162162,1,0.95045045045045,-122.662162162162,0.0495495495495496,0.840836096712198,-103.138773646711,0.041663049837091,0.73223821263853,39,0.894475059847271
"MT1M",8,210,310.375,404.871428571429,2.8125,4.41825396825397,-94.4964285714286,-1.60575396825397,1.09469345459516,-103.444621839761,-1.75780835873782,0.0431880744737953,218,0.164505012536483
"YY1AP1",2,107,612.5,714.757009345794,1,1.06230529595016,-102.257009345794,-0.0623052959501558,1.01262410484283,-103.54791255269,-0.0630918445384939,0.691689893319799,109,0.874823664687626
"IGKV2D-29",3,242,145.666666666667,241.987603305785,4.83333333333333,10.5227272727273,-96.3209366391185,-5.68939393939394,1.07574729410509,-103.616986955199,-6.12035013540092,0.251372314179187,245,0.534183383197813
"SLC27A4",2,55,714,1016.78181818182,1,1.16363636363636,-302.781818181818,-0.163636363636364,0.342507063783732,-103.704911512554,-0.0560466104373379,0.155838438842235,57,0.399613190083179
"SSX4B",11,246,295.454545454545,402.845528455285,3.13636363636364,4.11517615176152,-107.390983000739,-0.978812515397882,0.965697455306028,-103.707199006627,-0.945236755341427,0.00995674703170415,257,0.0543151983169999
"CYP4V2",7,16,310.142857142857,435.8125,2.57142857142857,1.59375,-125.669642857143,0.977678571428572,0.826546889047198,-103.871852351244,0.808097181702395,0.168736751056149,23,0.420714819188662
"ZNF14",4,78,302.25,464.346153846154,3.5,4.53846153846154,-162.096153846154,-1.03846153846154,0.642203994085724,-104.098797425934,-0.666904147704405,0.185032164480552,82,0.44438331414309
"ZNF221",8,122,434.625,565.319672131148,1.5,2.09016393442623,-130.694672131148,-0.59016393442623,0.797982842972035,-104.292106028511,-0.470940694213005,0.183824842279728,130,0.442296789021113
"SLC9B2",3,21,531.666666666667,638.047619047619,0.833333333333333,1.83333333333333,-106.380952380952,-1,0.983002579497964,-104.572750599926,-0.983002579497964,0.430843341758657,24,0.686878372187535
"FYN",2,65,807.5,986.938461538462,1.25,1.24102564102564,-179.438461538462,0.00897435897435894,0.582863439646828,-104.588118897243,0.00523082574042023,0.448833801741206,67,0.700180730716282
"FBXL20",2,83,886,1028.93975903614,1,0.98995983935743,-142.939759036145,0.0100401606425703,0.731845393845563,-104.609804247997,0.00734784531973458,0.285299368203674,85,0.567192186505451
"PPP3CB",2,76,744.5,919.407894736842,1.5,1.26425438596491,-174.907894736842,0.235745614035088,0.599463604562009,-104.8509170453,0.141320915549158,0.571546546515516,78,0.797308419165195
"GOLGA8Q",3,71,139,276.492957746479,9.33333333333333,9.86150234741784,-137.492957746479,-0.528169014084508,0.764592467671418,-105.126079850822,-0.403834049826454,0.138201810122483,74,0.372798942096907
"LCE1C",13,204,317.076923076923,427.647058823529,2.92307692307692,2.76633986928105,-110.570135746606,0.156737053795878,0.95089532275114,-105.140624917407,0.149040531356294,0.077729729113926,217,0.251693816514923
"CD19",2,11,541.5,664.818181818182,1,1.13636363636364,-123.318181818182,-0.136363636363636,0.852637425164805,-105.14569702146,-0.116268739795201,0.376438000447585,13,0.641153642474838
"DPPA3",3,35,668,806.171428571429,1,1.24285714285714,-138.171428571429,-0.242857142857143,0.761206859313663,-105.177039189739,-0.184864522976175,0.487280900414651,38,0.736556609648206
"ZNF331",3,82,376,544.621951219512,2.33333333333333,3.69512195121951,-168.621951219512,-1.36178861788618,0.624790682169699,-105.353423931225,-0.850832839540037,0.00218110029579865,85,0.0172581920312337
"OR51G1",3,57,512,598.78947368421,1.33333333333333,1.21345029239766,-86.7894736842105,0.119883040935672,1.21538707880577,-105.482804892143,0.145704298921159,0.665365871622261,60,0.859090566665372
"RAB19",3,58,457,742.706896551724,2,2.16666666666667,-285.706896551724,-0.166666666666667,0.369678126522409,-105.619590251773,-0.0616130210870681,0.000215209362589502,61,0.00289867043529057
"RPL39",2,74,396.5,599.310810810811,3.25,2.93918918918919,-202.810810810811,0.310810810810811,0.521139976249077,-105.692821129002,0.161975938563902,0.155829550043894,76,0.399613190083179
"SPATA31E1",5,123,349.6,473.016260162602,2.8,2.61246612466125,-123.416260162602,0.187533875338753,0.856777613914322,-105.740288900343,0.160674826240843,0.214518642650058,128,0.486414025158996
"SLIRP",2,82,523,658.878048780488,2.25,2.27642276422764,-135.878048780488,-0.0264227642276422,0.779264782694578,-105.88497815589,-0.0205903296240437,0.1876009643576,84,0.44849160097567
"ACO1",4,5,444.25,581.4,1.25,1.5,-137.15,-0.25,0.774225535775901,-106.185032231665,-0.193556383943975,0.391713936939377,9,0.655700523525043
"METTL2B",2,61,886,1083.32786885246,1,0.986338797814208,-197.327868852459,0.0136612021857924,0.538615047180609,-106.283759392016,0.0073581290598444,0.173359883527405,63,0.426543668227034
"PIP4K2B",2,34,886,1175.32352941176,1,0.970588235294118,-289.323529411765,0.0294117647058824,0.368149442236506,-106.514295978839,0.0108279247716619,0.0663694269602045,36,0.225761698399102
"OR3A3",12,220,245,349.431818181818,3.95833333333333,5.29469696969697,-104.431818181818,-1.33636363636364,1.02024626708459,-106.546172664857,-1.36342001146759,0.0210951501916389,232,0.0956972698797785
"ZNF350",14,234,222.642857142857,347.017094017094,4.17857142857143,4.05591168091168,-124.374236874237,0.122659747659746,0.856960301695143,-106.583783554849,0.105114534360346,0.0013396360005825,248,0.0119469927287443
"HNRNPA2B1",4,72,807.5,913.638888888889,0.875,1.24074074074074,-106.138888888889,-0.365740740740741,1.00467460344296,-106.635046104321,-0.367450433666639,0.694182485281681,76,0.876279629971513
"HLA-E",12,296,76.3333333333333,179.689189189189,12.7916666666667,9.84515765765765,-103.355855855856,2.94650900900901,1.03446026889676,-106.917526440703,3.04804650176618,4.68913688299768e-07,308,3.22439859875604e-05
"NUCB2",2,52,886,1045.51923076923,1,0.980769230769231,-159.519230769231,0.0192307692307693,0.670517520354553,-106.96043906425,0.012894567699126,0.236676071990948,54,0.511207085657288
"HINT1",2,75,687.5,836.973333333333,1,1.19333333333333,-149.473333333333,-0.193333333333333,0.716338646705783,-107.073525318602,-0.138492138363118,0.685257048994485,77,0.8709030491355
"ZNF778",2,90,247.5,420.288888888889,6.75,5.92407407407407,-172.788888888889,0.825925925925926,0.620086167440353,-107.143999887388,0.512145241997033,0.258727077681095,92,0.543325063294292
"ZNF502",2,113,452,580.274336283186,1,2.12684365781711,-128.274336283186,-1.12684365781711,0.836023522955482,-107.240362524245,-0.942067804628301,0.404980570946074,115,0.664764194119933
"RPS27A",3,49,617.666666666667,869.857142857143,1.5,1.57142857142857,-252.190476190476,-0.0714285714285716,0.425244150669124,-107.242524854461,-0.0303745821906518,0.000244985495843377,52,0.00315343399329431
"CERS1",12,282,500.166666666667,593.946808510638,1,1.07062647754137,-93.7801418439716,-0.0706264775413712,1.1446547840517,-107.345888010749,-0.0808429353984505,0.131555548963558,294,0.363761533800823
"NLRP4",2,55,530.5,726.290909090909,2.25,2.06666666666667,-195.790909090909,0.183333333333333,0.548279764665964,-107.348193560099,0.100517956855427,0.329875639770635,57,0.599002812175586
"NXF2B",15,312,199.333333333333,306.817307692308,4.73333333333333,3.47809829059829,-107.483974358974,1.25523504273504,0.999606754279983,-107.441706746087,1.25474142692687,0.00239766558740571,327,0.0183727278002672
"ZNF345",3,66,483.666666666667,647.409090909091,2.83333333333333,2.92676767676768,-163.742424242424,-0.093434343434343,0.656252804075083,-107.456425055143,-0.0613165498757019,0.572554506751033,69,0.797308419165195
"TARBP1",2,7,586,694.142857142857,1,1.07142857142857,-108.142857142857,-0.0714285714285714,0.994957400605235,-107.59753603688,-0.0710683857575167,0.640476183605672,9,0.842121863572756
"DNAJC19",2,43,597.5,818.604651162791,4,1.96124031007752,-221.104651162791,2.03875968992248,0.486794966247285,-107.632631199908,0.992457954442139,0.654462997055821,45,0.85207364788583
"TAS2R19",5,39,352.8,498.384615384615,3.3,3.78205128205128,-145.584615384615,-0.482051282051282,0.739351099186628,-107.638145409278,-0.356405145248939,0.298616508114271,44,0.575431368512234
"MEIS1",12,235,521.916666666667,616.791489361702,0.958333333333333,1.03439716312057,-94.8748226950355,-0.0760638297872341,1.13481952609774,-107.665801329387,-0.0863187192723281,0.0983410541085127,247,0.297069565763634
"OR51G2",9,228,243.777777777778,339.697368421053,4.66666666666667,4.33479532163743,-95.9195906432749,0.331871345029239,1.12251646075558,-107.671319406013,0.372531047648414,0.0538163109305751,237,0.194767341359547
"METTL2A",2,61,886,1096.52459016393,1,0.978142076502732,-210.524590163934,0.0218579234972678,0.511663028737446,-107.717649426988,0.0111838913385234,0.159327275849359,63,0.405911298964295
"GRAP2",2,53,886,1116.77358490566,1,0.946540880503145,-230.77358490566,0.0534591194968553,0.467681920254114,-107.928633332605,0.0250018636613835,0.131080119617699,55,0.363761533800823
"ULBP3",12,204,277.833333333333,384.857843137255,4.54166666666667,4.66503267973856,-107.024509803922,-0.123366013071895,1.00861868570606,-107.946920416766,-0.124429265965371,0.177942113344614,216,0.432121507592451
"IFITM3",15,250,327.333333333333,433.228,2.66666666666667,2.37933333333333,-105.894666666667,0.287333333333333,1.01984985855716,-107.996660821958,0.293036859358757,0.0897173400738291,265,0.280420346426932
"ZNF317",4,75,541.5,726.453333333333,1.25,1.88666666666667,-184.953333333333,-0.636666666666667,0.584264818035985,-108.061725645149,-0.371981934149577,0.302946962191757,79,0.578655272081185
"GAPDHS",3,44,410.666666666667,628.954545454545,1.33333333333333,1.06818181818182,-218.287878787879,0.265151515151515,0.49600166363202,-108.271151029493,0.131515592629702,0.061547278355316,47,0.214717007132765
"SSX2",11,233,307.181818181818,419.476394849785,3.13636363636364,3.76967095851216,-112.294576667967,-0.633307322148523,0.96516084259064,-108.382328235214,-0.61124342866369,0.0494166806732918,244,0.182897714729903
"SPIN2A",6,100,386.333333333333,506.05,1.33333333333333,1.315,-119.716666666667,0.0183333333333331,0.906384592815817,-108.509342169934,0.0166170508682898,0.038922832972286,106,0.15294039482193
"CST5",3,54,605,752.185185185185,1.33333333333333,2.17901234567901,-147.185185185185,-0.845679012345679,0.739768601544663,-108.882978612537,-0.625606780318634,0.319553528819092,57,0.589268433877408
"OR2T6",5,166,283.6,387.415662650602,2.8,4.30321285140562,-103.815662650602,-1.50321285140562,1.05013010436341,-109.019952653833,-1.578569068527,0.176522905663052,171,0.430676332864196
"PMM1",2,47,886,1105.44680851064,1,0.950354609929078,-219.446808510638,0.0496453900709219,0.497824283547873,-109.245950223676,0.0247146807435114,0.135115890442102,49,0.36995787449984
"MAP3K21",2,59,793,912.677966101695,1,1.12429378531073,-119.677966101695,-0.124293785310734,0.913426511300611,-109.317027055824,-0.113533238692731,0.610722984966038,61,0.823436098924797
"SERPINB8",5,142,558.8,686.035211267606,1.3,1.518779342723,-127.235211267606,-0.218779342723005,0.86165927132213,-109.633399427362,-0.188513249031039,0.290686430321085,147,0.569247074479255
"PPP2CA",2,67,694.5,946.089552238806,1.5,1.26119402985075,-251.589552238806,0.238805970149254,0.43584567641661,-109.654218574874,0.104082549592026,0.237240659750416,69,0.511207085657288
"NUTM1",5,29,571.6,699.862068965517,1.2,1.3735632183908,-128.262068965517,-0.173563218390805,0.856233774701415,-109.822315461358,-0.148610689632085,0.313463626866195,34,0.584810673337652
"DENND5A",2,65,886,1032.01538461538,1,1,-146.015384615385,0,0.752832121220701,-109.925071730857,0,0.270324298370062,67,0.556431571379283
"GOLGA8T",3,72,146,282.708333333333,8.83333333333333,9.82407407407407,-136.708333333333,-0.990740740740739,0.806351298566758,-110.234942108231,-0.798885082839286,0.109158810786959,75,0.320845863426686
"FAM90A8P",2,34,426.5,581.029411764706,1,4.26960784313726,-154.529411764706,-3.26960784313726,0.71367491124887,-110.283764226517,-2.33343708726959,0.0281081797674733,36,0.117703002776294
"OR13C8",2,24,484,587.75,1,1.40972222222222,-103.75,-0.409722222222222,1.06336766113323,-110.324394842573,-0.435685361158754,0.329859544133932,26,0.599002812175586
"ZSCAN30",2,73,313,477.602739726027,12.25,7.73744292237443,-164.602739726027,4.51255707762557,0.670750544104477,-110.40737723232,3.02680011511986,0.649925982333229,75,0.849444363557636
"GNG10",2,51,694.5,949.941176470588,1.5,1.35294117647059,-255.441176470588,0.147058823529412,0.432275989426446,-110.421087299079,0.0635699984450656,0.220737057659209,53,0.492979428772233
"SIRPB1",14,250,346.714285714286,455.588,2.85714285714286,2.446,-108.873714285714,0.411142857142857,1.01692801499682,-110.716730153902,0.418102689594405,0.0836563597254813,264,0.266253432354059
"MAGED2",12,271,411.083333333333,522.346863468635,1.45833333333333,1.62146371463715,-111.263530135301,-0.163130381303813,0.995324246135423,-110.743289254285,-0.162367623793002,0.0126140352117246,283,0.0646283804083068
"GSTT4",2,65,694.5,858.553846153846,1.5,1.28461538461538,-164.053846153846,0.215384615384615,0.675055836034138,-110.745506270001,0.145396641607353,0.364747355140561,67,0.63161196136765
"CREB1",2,52,886,1090.44230769231,1,0.961538461538462,-204.442307692308,0.0384615384615384,0.541721518064871,-110.750797279762,0.020835443002495,0.176425859420753,54,0.430676332864196
"KRT6C",9,156,494.888888888889,603.884615384615,0.944444444444444,1.36912393162393,-108.995726495726,-0.424679487179487,1.01682627687715,-110.82971876817,-0.431825261814815,0.032719718314818,165,0.132965200554618
"OR1S1",7,160,287.142857142857,394.1125,3.14285714285714,4.19166666666667,-106.969642857143,-1.04880952380952,1.03708196070599,-110.936286950305,-1.08770143735949,0.150600263257671,167,0.392959413537737
"FAM187A",15,320,503.066666666667,601.871875,1,1.0171875,-98.8052083333334,-0.0171874999999999,1.12354839385706,-111.012433127629,-0.0193109880194181,0.0563254651472302,335,0.20106344320999
"IGHD",2,3,473.5,672.666666666667,1,1,-199.166666666667,0,0.55740488515936,-111.016472960906,0,0.19692097944333,5,0.464399385636662
"RPE",2,31,758,878.354838709677,1,0.967741935483871,-120.354838709677,0.032258064516129,0.922763637149676,-111.059068716305,0.0297665689403121,0.665441755426986,33,0.859090566665372
"CALCA",14,328,345.642857142857,455.69512195122,2.21428571428571,2.07901422764228,-110.052264808362,0.135271486643437,1.01005051384561,-111.15834661956,0.136631034592864,0.0144064781198904,342,0.0712956956955938
"PPEF2",2,33,886,1162.69696969697,1,0.93939393939394,-276.69696969697,0.0606060606060606,0.402027268403324,-111.23972690275,0.0243652889941408,0.0967312093654035,35,0.294590501249183
"ZNF280C",15,273,506,614.326007326007,1,1.05952380952381,-108.326007326007,-0.0595238095238095,1.02698368081916,-111.249041732106,-0.0611299810011402,0.0347185949063841,288,0.139299154594736
"IGHV6-1",8,125,245.375,353.72,11.75,7.99133333333334,-108.345,3.75866666666666,1.02729169310072,-111.301918488998,3.86124704380125,0.201844905960706,133,0.471332206680361
"SCN3A",3,74,573,693.905405405405,1.33333333333333,1.53716216216216,-120.905405405405,-0.203828828828829,0.921958533599555,-111.469770271827,-0.187921728132342,0.606923440634615,77,0.822131130315319
"CEL",5,27,505,619.62962962963,2.7,1.47530864197531,-114.62962962963,1.22469135802469,0.972509592600537,-111.478414411062,1.19102409365399,0.664973249110131,32,0.859090566665372
"EIF3F",2,7,570.5,680.714285714286,0.75,1.07142857142857,-110.214285714286,-0.321428571428571,1.0117485617066,-111.509145050949,-0.325204894834263,0.628613082408162,9,0.833274511360131
"MAGEB3",15,288,112.8,229.399305555556,11.5,7.140625,-116.599305555556,4.359375,0.956644537797427,-111.544088770695,4.17037228196066,0.00244023599098439,303,0.0186104642599858
"MAGED4",12,233,437.166666666667,556.755364806867,1.41666666666667,1.43311874105866,-119.5886981402,-0.0164520743919887,0.937210806311176,-112.079820209681,-0.0154190619064072,0.0125082270788166,245,0.0642121755539251
"CDV3",6,83,512.333333333333,616.855421686747,1.91666666666667,1.56224899598394,-104.522088353414,0.354417670682731,1.07623288992624,-112.49010920972,0.381435953959801,0.629181251784745,89,0.833274511360131
"HARS1",3,50,829,973.3,0.833333333333333,1.08,-144.3,-0.246666666666667,0.780019682480083,-112.556840181876,-0.192404855011754,0.178185371932483,53,0.432310470621706
"ZNF112",7,107,586,744.07476635514,1,1.33333333333333,-158.07476635514,-0.333333333333333,0.712247983362812,-112.588433556996,-0.237415994454271,0.230414479812716,114,0.504778391796422
"SH3BP1",2,14,714,875.928571428571,1,1.03571428571429,-161.928571428571,-0.0357142857142858,0.695905435060758,-112.686972948767,-0.0248537655378843,0.318580953747241,16,0.588305323068227
"ORM2",5,34,303.8,414.705882352941,2.9,2.35294117647059,-110.905882352941,0.547058823529412,1.02080846010523,-113.213662981318,0.558442275234038,0.0525465321979351,39,0.192302645144544
"CCNT2",2,52,886,1151.03846153846,1,0.977564102564103,-265.038461538461,0.0224358974358975,0.427420878589245,-113.282972090711,0.00958957099398948,0.110233307357195,54,0.32291438578963
"ZKSCAN8",6,147,510,635.496598639456,1.75,2.13321995464853,-125.496598639456,-0.383219954648527,0.903392802199814,-113.372723911443,-0.346198148688818,0.405629058221918,153,0.664936467461651
"MAGEA11",9,194,75.7777777777778,196.938144329897,12.8888888888889,8.88101374570447,-121.160366552119,4.00787514318442,0.935872526235759,-113.390658324782,3.75086023508951,0.000385585995583329,203,0.00457971002936018
"LCK",2,80,362.5,559.625,3.75,3.4125,-197.125,0.3375,0.576134883642695,-113.570588938066,0.194445523229409,0.0754318093428562,82,0.24607155781883
"STXBP3",2,44,886,1187.15909090909,1,0.912878787878788,-301.159090909091,0.0871212121212122,0.377125674508412,-113.574825293431,0.0328556458852025,0.0611126508971527,46,0.214058119027158
"MRFAP1L1",5,139,523.8,672.834532374101,1.2,1.35491606714628,-149.034532374101,-0.154916067146283,0.762715148210437,-113.670895448185,-0.118156831113655,0.288095378685456,144,0.568160010514894
"SLC5A4",5,110,509.6,626.527272727273,1.5,1.95909090909091,-116.927272727273,-0.459090909090909,0.973042718942561,-113.775231373084,-0.44671506642363,0.416690420871941,115,0.674387672082367
"ZNF266",2,136,259.5,389.977941176471,6.25,6.89950980392157,-130.477941176471,-0.649509803921567,0.872145959943212,-113.795809258767,-0.566467351433702,0.292361519208622,138,0.56937256352158
"SPDYE2B",7,111,265,391.369369369369,3.57142857142857,5.6006006006006,-126.369369369369,-2.02917202917203,0.901104682787819,-113.872030499682,-1.82849641766898,0.020456698685384,118,0.0939426250701379
"KRTAP10-12",11,214,293.727272727273,401.098130841121,2.81818181818182,2.91666666666667,-107.370858113849,-0.0984848484848486,1.06101763203343,-113.922373625354,-0.104494160730566,0.0369636432691973,225,0.146787233833454
"ZG16B",4,71,524,643.295774647887,1.75,1.46244131455399,-119.295774647887,0.287558685446009,0.956609606336858,-114.119484023566,0.275081400883251,0.414575079462647,75,0.67305821841132
"PSG6",14,231,130.857142857143,241.4329004329,18.1428571428571,11.6255411255411,-110.575757575758,6.51731601731602,1.0333403100082,-114.262387612724,6.73460535375472,0.0168342262267799,245,0.0810089007929575
"SMURF2",2,55,553,944.690909090909,2,1.36363636363636,-391.690909090909,0.636363636363636,0.291805443725301,-114.297539530439,0.185694373279737,3.82089155324346e-05,57,0.00079356592312599
"BRWD1",2,48,886,1016.625,1,1.14236111111111,-130.625,-0.142361111111111,0.875778324443646,-114.398543630451,-0.124676775354825,0.29718427820528,50,0.574790909659805
"SPANXN1",4,126,275.25,419.468253968254,4.25,3.47619047619048,-144.218253968254,0.773809523809523,0.794588252835425,-114.59413044761,0.614859957551221,0.112810217376001,130,0.328621068008349
"TCEAL1",10,275,470.6,585.661818181818,1.1,1.29606060606061,-115.061818181818,-0.196060606060606,0.99636737676657,-114.64384194781,-0.19534839174787,0.00391421346367669,285,0.0265061167055847
"IGLV11-55",15,279,76.8666666666667,184.559139784946,23.1666666666667,10.6857825567503,-107.69247311828,12.4808841099164,1.06509824187577,-114.703063781533,13.2933677225271,0.00475497601083051,294,0.0310618807907503
"C1R",3,63,735,886.761904761905,1,1.27513227513228,-151.761904761905,-0.275132275132275,0.756601697465258,-114.823314753418,-0.208165546392558,0.439498221432839,66,0.690886553149862
"CNN2",2,64,523,736.046875,2.25,2.11067708333333,-213.046875,0.139322916666667,0.540950172217984,-115.247743721753,0.075366755764745,0.0862668440694487,66,0.272240656465543
"MXD3",2,22,886,1099.09090909091,1,0.954545454545455,-213.090909090909,0.0454545454545454,0.541270073983821,-115.339732128916,0.0246031851810828,0.134046394298645,24,0.367923559141134
"RPL35A",2,71,330,580.887323943662,4,3.1056338028169,-250.887323943662,0.894366197183099,0.459926363773924,-115.389694618379,0.411342592952735,0.0971589139519786,73,0.295408036050503
"OR56B4",8,33,382.25,503.727272727273,2,1.57575757575758,-121.477272727273,0.424242424242424,0.949926159171458,-115.394439108442,0.402998976618194,0.0581159906227714,41,0.206327559099594
"MAP2K2",3,57,829,1062.14035087719,0.833333333333333,0.973684210526316,-233.140350877193,-0.140350877192982,0.495073501169505,-115.421609772659,-0.0694840001641411,0.0573737519353531,60,0.203969542594664
"TBC1D12",2,42,886,1122.07142857143,1,0.936507936507937,-236.071428571429,0.0634920634920635,0.488991378206283,-115.436893212269,0.031047071632145,0.110893342847614,44,0.324121146376752
"IGHV1-69",7,112,129.428571428571,249.785714285714,21.1428571428571,10.0669642857143,-120.357142857143,11.0758928571429,0.959119984454115,-115.436940986085,10.6231101849583,0.085261978277059,119,0.269581841216856
"PHKG1",2,61,568,827.114754098361,2.5,1.86065573770492,-259.114754098361,0.639344262295082,0.446562583979381,-115.710954137346,0.285507225822883,0.47074233597183,63,0.721436788207854
"GOLGA8J",3,72,123.666666666667,274.097222222222,8.83333333333333,10.0462962962963,-150.430555555556,-1.21296296296296,0.769588985599324,-115.769698653143,-0.933482936236214,0.00569271358584919,75,0.0355862693775692
"NXF1",15,322,197.066666666667,310.649068322981,4.73333333333333,3.45885093167702,-113.582401656315,1.27448240165632,1.01955223944311,-115.803191970023,1.29940138673953,0.00124730747035937,337,0.0112386704139622
"OR51A4",11,197,243.454545454545,350.045685279188,3.95454545454545,4.83840947546531,-106.591139824642,-0.883864020919858,1.08695722083011,-115.860009108907,-0.960722379770778,0.0351343643742181,208,0.140376290687816
"SERF1B",3,62,638.333333333333,790.241935483871,1.33333333333333,1.47849462365591,-151.908602150538,-0.145161290322581,0.764422373450077,-116.122334203397,-0.110964538081463,0.459930256556638,65,0.713233092215131
"BTBD18",6,2,458.833333333333,789.5,1,1,-330.666666666667,0,0.351396175589687,-116.195002061657,0,0.610443801992748,8,0.823436098924797
"NPIPB2",2,58,396.5,556.896551724138,4.75,5.18103448275862,-160.396551724138,-0.431034482758622,0.725054372787008,-116.296221207544,-0.312523436546125,0.541097501137442,60,0.775498482181365
"C12orf45",3,72,670,821.111111111111,1.33333333333333,1.44675925925926,-151.111111111111,-0.113425925925926,0.770045914032713,-116.362493676054,-0.0873431708046363,0.141761068369095,75,0.379429506461307
"LCE3D",12,236,298.583333333333,410.245762711864,2.625,2.68714689265537,-111.662429378531,-0.0621468926553672,1.04228229262711,-116.383772892968,-0.064774605756487,0.00307037162632028,248,0.0221626548607041
"GTF2IRD2",8,236,438.25,566.43220338983,1.5,1.53389830508475,-128.182203389831,-0.0338983050847459,0.908495888954882,-116.45300481684,-0.03079647081203,0.00769775681562103,244,0.0448978539268253
"IGHG2",5,126,406.6,514.222222222222,1.5,2.00595238095238,-107.622222222222,-0.505952380952381,1.08274959914752,-116.527917970476,-0.547819737663923,0.0202857138565554,131,0.0933214265971466
"MRPL42",2,44,807.5,937.113636363636,1.25,1.48484848484848,-129.613636363636,-0.234848484848485,0.900935398137892,-116.773513081373,-0.21158331319905,0.557028614726468,46,0.784644620097176
"NLRP12",2,46,386.5,699.586956521739,3.25,2.32246376811594,-313.086956521739,0.927536231884058,0.37354826319263,-116.953088836962,0.346479548468526,2.12936868109085e-05,48,0.000520003772307514
"NDUFA5",3,60,615.333333333333,773.016666666667,1.5,1.53888888888889,-157.683333333333,-0.038888888888889,0.742681215766366,-117.108449706093,-0.0288820472798032,0.466079298208262,63,0.7180808998928
"OR4C12",2,50,480.5,585.08,1,1.21666666666667,-104.58,-0.216666666666667,1.12252932253532,-117.394116550744,-0.243214686549319,0.340859481334613,52,0.610463210916617
"OR8D1",3,146,225,331.061643835616,2.83333333333333,4.85958904109589,-106.061643835616,-2.02625570776256,1.10759638606415,-117.473493412351,-2.24427349915966,0.271192734868882,149,0.556658771572968
"STRN",2,76,886,1021.23684210526,1,1.21710526315789,-135.236842105263,-0.217105263157895,0.872182317264783,-117.95118232694,-0.189355371511433,0.286443914961484,78,0.568160010514894
"RPS24",2,78,553,748,2,2.0982905982906,-195,-0.0982905982905984,0.606175506892383,-118.204223844015,-0.059581353241559,0.00425949781685908,80,0.0284656465356848
"ZNF16",2,22,519.5,670.909090909091,0.75,1.09090909090909,-151.409090909091,-0.340909090909091,0.780736091286503,-118.210541821606,-0.266160031120399,0.576921815044372,24,0.799303828719212
"SPIN2B",11,130,375.545454545455,494.915384615385,1.45454545454545,1.53974358974359,-119.36993006993,-0.0851981351981348,0.992887036548138,-118.520856120091,-0.0845921239763036,0.0030011603707144,141,0.0218441004141413
"ZNF565",3,123,265.333333333333,424,9,10.4552845528455,-158.666666666667,-1.45528455284553,0.747673134083283,-118.630803941214,-1.08807716260901,0.285291804194982,126,0.567192186505451
"NXF2",15,312,197.733333333333,316.689102564103,4.6,3.36004273504274,-118.955769230769,1.23995726495726,0.999208705293641,-118.861640160286,1.23897609333739,0.000206793167673022,327,0.00282444039176749
"NEDD8",3,38,680.333333333333,856.473684210526,1.16666666666667,1.24561403508772,-176.140350877193,-0.0789473684210527,0.674820801985114,-118.863172840887,-0.053275326472509,0.381198421014394,41,0.645124011729671
"ZNF564",10,79,262.9,427.79746835443,3.9,4.18459915611814,-164.89746835443,-0.284599156118144,0.721620498429136,-118.993393303627,-0.205372584890486,0.0838768541428353,89,0.266630437804415
"ZNF248",5,143,343.8,498.762237762238,2.4,2.71794871794872,-154.962237762238,-0.317948717948718,0.769275040855564,-119.208581785615,-0.244590012989974,0.0646496092494686,148,0.221692164001131
"IFI27L2",6,167,458.5,593.299401197605,1,1.42365269461078,-134.799401197605,-0.423652694610778,0.884874314948182,-119.280527790156,-0.374879387919664,0.00116067099054956,173,0.0106281167351214
"ENPP3",3,52,744.666666666667,946.75,1,1.02884615384615,-202.083333333333,-0.0288461538461537,0.590302724754125,-119.290342294063,-0.0170279632140612,0.304558456086156,55,0.579808600516239
"CD300A",2,76,691,837.697368421053,1,1.08552631578947,-146.697368421053,-0.0855263157894737,0.814691793624967,-119.51314219901,-0.0696775876126617,0.686845745941202,78,0.872497780332699
"CEACAM6",14,244,164.285714285714,281.536885245902,9.67857142857143,6.83606557377049,-117.251170960187,2.84250585480094,1.02006173949361,-119.603433407312,2.89953146676903,0.00588655488026435,258,0.036622780719359
"FTL",2,16,588.5,697,0.75,1.15625,-108.5,-0.40625,1.10472041726929,-119.862165273718,-0.448792669515648,0.620145418738663,18,0.827869012642628
"SRPK1",2,60,886,1112.7,1,0.958333333333333,-226.7,0.0416666666666666,0.530540134180872,-120.273448418804,0.022105838924203,0.15972487979379,62,0.405911298964295
"OR4A5",8,182,230.875,346.67032967033,5.0625,6.5,-115.79532967033,-1.4375,1.03944824062987,-120.36325169898,-1.49420684590544,0.0283361742499705,190,0.118414834681387
"RHOXF1",6,157,492.833333333333,606.012738853503,1.91666666666667,2.06157112526539,-113.17940552017,-0.144904458598726,1.06407368449963,-120.431227041325,-0.154189021161571,0.463553998540406,163,0.715836622158107
"TRGV3",2,46,514.5,682.217391304348,1.75,2.24275362318841,-167.717391304348,-0.492753623188406,0.718563795993527,-120.515645349784,-0.354074913967825,0.773194505974498,48,0.911302320302825
"TUBA3D",8,84,516.875,667.904761904762,1,1.58134920634921,-151.029761904762,-0.581349206349207,0.798362004412852,-120.576423440281,-0.464127117644773,0.0777332223220601,92,0.251693816514923
"LCE3E",11,224,294.727272727273,411.428571428571,2.68181818181818,2.66294642857143,-116.701298701299,0.0188717532467528,1.03321345645834,-120.577352204346,0.0194985494015065,0.00139472776674053,235,0.0123959988248061
"ZNF260",5,116,420.2,563.043103448276,2.1,2.07327586206897,-142.843103448276,0.0267241379310343,0.844728734770455,-120.663674046547,0.0225746472223138,0.194014734875844,121,0.458787784824055
"ATP5MK",3,78,613,773.525641025641,1.66666666666667,1.70726495726496,-160.525641025641,-0.0405982905982905,0.75181160563736,-120.685039925454,-0.0305222660408329,0.292655848371333,81,0.569404118983092
"HLA-DQB1",11,207,351,466.323671497585,3.86363636363636,2.33454106280193,-115.323671497585,1.52909530083443,1.04704825465881,-120.749448962392,1.60103656594568,0.198881590249869,218,0.466916078457239
"KLK11",2,32,915.5,1165.0625,0.75,0.963541666666667,-249.5625,-0.213541666666667,0.48389499124563,-120.762043752737,-0.103331742922244,0.708003538674813,34,0.885630379492089
"G3BP2",2,49,886,1070.44897959184,1,0.95578231292517,-184.448979591837,0.0442176870748299,0.655248407468094,-120.859900136666,0.0289735690377048,0.177790260384092,51,0.432121507592451
"MKS1",2,15,566.5,665.666666666667,0.75,1.33333333333333,-99.1666666666666,-0.583333333333333,1.21875887695502,-120.860255298039,-0.710942678223762,0.636041444707971,17,0.839381967182792
"FAM24B",8,242,519.25,637.710743801653,1.75,1.34848484848485,-118.460743801653,0.401515151515151,1.02080653705706,-120.925501657368,0.409869291394121,0.258874743131035,250,0.543325063294292
"ZNF791",14,222,156.5,302.54954954955,7.96428571428571,7.47297297297298,-146.04954954955,0.491312741312737,0.829576623176068,-121.159292131701,0.407581564861597,0.00171086562779324,236,0.0144676112796885
"PRAMEF8",8,201,252.25,376.194029850746,4.5,6.23673300165838,-123.944029850746,-1.73673300165838,0.978703558689429,-121.304463093234,-1.69974676921643,0.0305025190029598,209,0.125913241950607
"CTRB1",10,203,446.2,578.512315270936,1.05,1.30336617405583,-132.312315270936,-0.253366174055829,0.917118286292963,-121.346043836735,-0.232366751354687,0.00184878151121469,213,0.0151914027949811
"CLEC10A",13,177,402.615384615385,521.338983050847,2.03846153846154,1.17796610169492,-118.723598435463,0.860495436766623,1.02360185099259,-121.52569511504,0.880804721844991,0.21533682330646,190,0.486607181453707
"TPM1",2,85,616,796.294117647059,1.75,1.6,-180.294117647059,0.15,0.675527135107285,-121.793568770813,0.101329070266093,0.0179219329984304,87,0.0840754235635525
"KRT6B",8,119,525.875,650.008403361345,1,1.33403361344538,-124.133403361345,-0.334033613445378,0.983461073164916,-122.080370085361,-0.328509055952146,0.14538717459206,127,0.386466619744713
"VPS26C",2,33,714,841.454545454545,1,1.12626262626263,-127.454545454545,-0.126262626262626,0.959035062540661,-122.233377971092,-0.121090285674326,0.368987076845134,35,0.63496551429014
"SAFB2",2,60,739.5,953.766666666667,1,1.075,-214.266666666667,-0.075,0.570631886731755,-122.267392263724,-0.0427973915048816,0.513243516759675,62,0.758114928938966
"ULBP2",12,213,245.25,372.422535211268,4.125,4.07120500782472,-127.172535211268,0.0537949921752761,0.962852268466628,-122.448364014821,0.0517966302481091,0.00159867924379431,225,0.0137866299143054
"CD200R1L",6,143,411.5,521.27972027972,1.75,1.43356643356643,-109.77972027972,0.316433566433566,1.11566507492819,-122.47739985147,0.3530338786049,0.0828588423682753,149,0.264935123574326
"OR56A4",11,111,405.181818181818,524.441441441441,1.45454545454545,1.51801801801802,-119.259623259623,-0.0634725634725635,1.03090935731437,-122.945861568132,-0.065434459616596,0.0533194327166858,122,0.193766218025141
"DUSP18",8,179,430.25,572.441340782123,1.25,1.3598696461825,-142.191340782123,-0.109869646182495,0.865501774855848,-123.06685781606,-0.0950923737737337,0.0600452593469583,187,0.211453184196229
"SULT2A1",5,132,451.8,566.356060606061,1.4,2.95707070707071,-114.556060606061,-1.55707070707071,1.07482917794846,-123.128196450226,-1.67358502808844,0.136075758018526,137,0.371242033905494
"NXNL2",2,16,699,836,1,1.0625,-137,-0.0625,0.89995749378187,-123.294176648116,-0.0562473433613669,0.698254536886894,18,0.878574310864426
"UBE2Q2",2,73,609,765.383561643836,2,2.38356164383562,-156.383561643836,-0.383561643835617,0.788536599553668,-123.314161924722,-0.302452394349352,0.570645917601682,75,0.796984956542953
"CENPL",2,12,915,1038.41666666667,0.75,0.944444444444444,-123.416666666667,-0.194444444444444,0.999783824137398,-123.389986962291,-0.194402410248938,0.849666745180986,14,0.944355255277718
"ARMCX1",14,246,437.285714285714,571.711382113821,1.32142857142857,1.44918699186992,-134.425667828107,-0.127758420441347,0.918056608376354,-123.410372684998,-0.117289462161903,0.0251750909745239,260,0.108373167572374
"RDH16",6,155,340.333333333333,452.838709677419,2.16666666666667,2.41290322580645,-112.505376344086,-0.246236559139785,1.0971558586304,-123.435932783332,-0.270159883469206,0.0249485499192887,161,0.107931392283281
"ZNF440",11,114,183.454545454545,323.877192982456,7.81818181818182,6.41666666666667,-140.422647527911,1.40151515151515,0.88073781707391,-123.675536051471,1.23436739514146,0.00806584966416713,125,0.0463887796641151
"TFAM",3,50,744.666666666667,903.52,1,0.98,-158.853333333333,0.02,0.781808956513891,-124.192958772087,0.0156361791302778,0.399230726582637,53,0.660644758569708
"METTL8",2,49,886,1096.63265306122,1,0.989795918367347,-210.632653061225,0.0102040816326531,0.58972541176448,-124.215428057575,0.0060176062424947,0.171225092597396,51,0.42448877320398
"CALCB",12,322,383.083333333333,506.521739130435,2.20833333333333,1.88069358178054,-123.438405797101,0.327639751552795,1.01053556170267,-124.738898737856,0.331091620371528,0.130257210127018,334,0.362472939363043
"ZNF146",2,91,484,650.923076923077,1,1.71520146520147,-166.923076923077,-0.715201465201465,0.747320469547268,-124.745032224429,-0.534484694795253,0.193479809210138,93,0.457937265820734
"PHTF2",2,72,886,1064.68055555556,1,1.04861111111111,-178.680555555556,-0.0486111111111112,0.700034628886059,-125.082576397488,-0.0340294611264057,0.209018871819145,74,0.481185445718468
"OR52R1",4,84,497,604.202380952381,1,1.35912698412698,-107.202380952381,-0.359126984126984,1.16687255421587,-125.091516079928,-0.419055421256098,0.391026039865008,88,0.655388737759631
"PTGES3",2,71,694.5,892.704225352113,1.5,1.40845070422535,-198.204225352113,0.091549295774648,0.631143425457101,-125.095293728804,0.0577807361333966,0.3023422857369,73,0.578538922612934
"SERF1A",3,58,638.333333333333,809.431034482759,1.33333333333333,1.42528735632184,-171.097701149425,-0.0919540229885061,0.7316398653205,-125.181899025613,-0.0672772289949888,0.412837949800317,61,0.672115615469301
"FAM90A17P",2,37,424,600.54054054054,1.5,4.34684684684685,-176.540540540541,-2.84684684684685,0.709208665995108,-125.204081250812,-2.01900845454463,0.0102659383921686,39,0.0553090660180135
"PILRA",9,173,428,548.531791907515,1,2.43159922928709,-120.531791907515,-1.43159922928709,1.03987970859811,-125.338564645594,-1.48869098938033,0.000292315553417419,182,0.00367221413980633
"ZNF268",2,63,377.5,565.190476190476,1.5,3.76190476190476,-187.690476190476,-2.26190476190476,0.669166351770427,-125.596151214435,-1.51359055757597,0.0830393670904604,65,0.264935123574326
"FAM209B",2,22,754,1024.36363636364,1,1.02272727272727,-270.363636363636,-0.0227272727272727,0.464877694565976,-125.686023967201,-0.0105654021492267,0.148519790581118,24,0.390499590559732
"MBD3L5",4,72,506.25,670.222222222222,1,1.53472222222222,-163.972222222222,-0.534722222222222,0.767545393475986,-125.856123824687,-0.410423578455909,0.0319301850402795,76,0.130364958609766
"AOC1",2,22,425.5,549.454545454545,1.75,1.01515151515152,-123.954545454545,0.734848484848485,1.01713287200181,-126.078242815861,0.747438549880122,0.0213914918017178,24,0.0965388049704467
"CTSL",15,302,324.933333333333,448.198675496689,2.76666666666667,3.29111479028698,-123.265342163355,-0.524448123620311,1.02559201094308,-126.419950148903,-0.537869805739082,0.0558100164177004,317,0.20004330987579
"GOLGA8G",3,71,116.333333333333,273.450704225352,9.33333333333333,10.3521126760563,-157.117370892019,-1.01877934272301,0.805156389596756,-126.504055090352,-0.820276697382611,0.004874753008528,74,0.031685894555432
"MTA1",2,46,886,1088.78260869565,1,0.963768115942029,-202.782608695652,0.0362318840579711,0.624243881393444,-126.585802731262,0.0226175319345451,0.146386218419363,48,0.387938325283767
"IGLV5-48",15,292,54.1333333333333,170.376712328767,27.1333333333333,13.4854452054795,-116.243378995434,13.6478881278539,1.08946111959113,-126.642641825421,14.8688434798262,4.21324435542059e-05,307,0.000853426938039845
"SLC5A1",5,133,559,690.481203007519,1,1.09649122807018,-131.481203007519,-0.0964912280701755,0.964134927423336,-126.765620119187,-0.0930305631724273,0.282244209092819,138,0.567192186505451
"ZNF614",12,182,289.666666666667,429.142857142857,2.79166666666667,4.09065934065934,-139.47619047619,-1.29899267399267,0.909583584321806,-126.865253260884,-1.18154241241802,0.00143511013040255,194,0.0126687255768307
"METTL17",10,32,479,627.4375,1,1.140625,-148.4375,-0.140625,0.85553363395945,-126.993273790856,-0.120309417275548,0.0917225583096685,42,0.285322672456147
"CCDC107",2,65,739.5,977.030769230769,1,1.07948717948718,-237.530769230769,-0.0794871794871794,0.534924054425992,-127.060922127848,-0.0425196043261686,0.479874681816412,67,0.730718265493174
"KRTAP4-8",4,184,336.25,456.347826086957,2.75,2.48550724637681,-120.097826086957,0.264492753623189,1.05968964379062,-127.266422546114,0.280280231872156,0.102863675339922,188,0.307180324186533
"PGA4",3,64,452.333333333333,608.53125,1,2.41666666666667,-156.197916666667,-1.41666666666667,0.814871543934512,-127.281237513521,-1.15440135390723,0.0169728929621145,67,0.081526046525745
"H2BC4",4,54,820.25,1016.12962962963,1.25,1.09876543209877,-195.87962962963,0.151234567901235,0.650703012121056,-127.459465013157,0.0984087888701597,0.573647083058004,58,0.797308419165195
"TRIM49D1",7,83,332.857142857143,490.78313253012,3.5,3.44979919678715,-157.925989672978,0.0502008032128507,0.807590466859047,-127.539523729177,0.0405416901033653,0.0686846245231181,90,0.231469562345524
"IFITM1",14,258,277.071428571429,401.68992248062,3.89285714285714,2.87855297157623,-124.618493909192,1.01430417128092,1.02376219583008,-127.579702965511,1.03840626563016,0.0746184936011688,272,0.244027689336488
"DNAJB5",14,245,309.357142857143,453.012244897959,5.42857142857143,2.73809523809524,-143.655102040816,2.69047619047619,0.889561917751469,-127.790108066212,2.39334515966467,0.0868272100654345,259,0.272899851591969
"RASGRP4",2,51,714.5,893.588235294118,1.75,1.15686274509804,-179.088235294118,0.593137254901961,0.714087663270229,-127.884699460365,0.42355199635146,0.603129447468905,53,0.819717356225789
"SMC1B",2,56,886,1051.26785714286,1,0.973214285714286,-165.267857142857,0.0267857142857142,0.773807361165993,-127.885484421273,0.0207269828883748,0.215534303430638,58,0.486607181453707
"G3BP1",2,44,807.5,1050.43181818182,1.25,1.00757575757576,-242.931818181818,0.242424242424242,0.526908743834577,-128.002899155632,0.127735453050807,0.344328519303371,46,0.613223839977265
"SSX2B",12,192,283,415.40625,3.54166666666667,4.06901041666667,-132.40625,-0.527343750000001,0.967072186688875,-128.046401718774,-0.509979473449212,0.0263090587864377,204,0.112513208852638
"DGCR6L",3,41,703.333333333333,937.90243902439,1.33333333333333,1.5,-234.569105691057,-0.166666666666667,0.545913726057806,-128.054494505852,-0.0909856210096344,0.211625737403927,44,0.484218959576587
"H2BC1",8,184,491.625,639.744565217391,1.125,1.31340579710145,-148.119565217391,-0.188405797101449,0.865076589284876,-128.13476828462,-0.16298544435802,0.0390496267272763,192,0.153070543315564
"SMIM15",4,100,561.5,702.95,1,1.525,-141.45,-0.525000000000001,0.906080583164296,-128.16509848859,-0.475692306161256,0.37737259957732,104,0.641557971825333
"ATP5MG",2,65,695.5,963.307692307692,1,1.32820512820513,-267.807692307692,-0.328205128205128,0.478923473443581,-128.25939021491,-0.157185140001996,0.49818390126913,67,0.746418884183622
"ZNF786",2,62,350,616.709677419355,7.5,8.99193548387097,-266.709677419355,-1.49193548387097,0.480906522564846,-128.262423502134,-0.717481505439488,0.446353089414618,64,0.69714322931285
"ZNF560",2,84,523,698.27380952381,2.25,2.38095238095238,-175.27380952381,-0.130952380952381,0.732443910457331,-128.378234448373,-0.0959152739884601,0.124760584441449,86,0.35129246459645
"RAB8A",2,62,609,871.612903225806,2,1.66935483870968,-262.612903225806,0.330645161290323,0.491877223709629,-129.173305749035,0.162636823968506,0.402463807834736,64,0.662848591453553
"STAT5A",9,154,598.777777777778,740.012987012987,0.944444444444444,1.03733766233766,-141.235209235209,-0.0928932178932178,0.915895433690946,-129.356683214913,-0.0850804740892563,0.0716547890352392,163,0.237606552981066
"HSPA4",2,53,886,1114.11320754717,1,1.0062893081761,-228.11320754717,-0.00628930817610063,0.567101090632857,-129.363248787759,-0.00356667352599281,0.137996951424727,55,0.372798942096907
"SSX4",9,181,253.111111111111,388.276243093923,3.55555555555556,4.14180478821363,-135.165131982812,-0.586249232658074,0.961675491401701,-129.984994719946,-0.563781518900323,0.000178326474390567,190,0.00257440374355001
"CT83",2,70,695.5,846.485714285714,1,1.27142857142857,-150.985714285714,-0.271428571428571,0.864406486096263,-130.513030736449,-0.2346246176547,0.674556291504282,72,0.86487516668336
"ESAM",8,110,458.875,602.363636363636,1,0.977272727272727,-143.488636363636,0.0227272727272727,0.910383563278237,-130.629696062662,0.0206905355290508,0.029765826594692,118,0.123653584883832
"CD1E",6,185,363.833333333333,519.227027027027,2.91666666666667,2.45675675675676,-155.393693693694,0.45990990990991,0.842492533263314,-130.918026653144,0.387470665072903,0.0571282746464898,191,0.203650998159997
"OR4L1",4,51,474,597.803921568627,1.125,1.35294117647059,-123.803921568627,-0.227941176470588,1.0579591776699,-130.979495055054,-0.241152459615934,0.122463302754671,55,0.348200881499407
"NXF3",15,308,239.2,369.551948051948,3.96666666666667,2.93073593073593,-130.351948051948,1.03593073593073,1.00588622938238,-131.119229518622,1.04202846186668,0.00327500422258057,323,0.0232543098739213
"TRIM26",2,12,432.5,604.083333333333,1.25,1.125,-171.583333333333,0.125,0.76602463013698,-131.437059454337,0.0957530787671224,0.0791104157942689,14,0.255204341321512
"OR8J2",2,109,355.5,486.110091743119,5.5,3.39755351681957,-130.610091743119,2.10244648318043,1.00648109545015,-131.456588214459,2.11607263951675,0.624245141069297,111,0.830525740129365
"FXYD4",13,228,513.384615384615,665.771929824561,1,1.05080409356725,-152.387314439946,-0.0508040935672516,0.863388150617087,-131.569401591809,-0.0438636523888068,0.0149400828552864,241,0.0735187128076522
"GBP7",10,209,374.4,506.200956937799,4.4,2.02511961722488,-131.800956937799,2.37488038277512,0.999812775983542,-131.776280633268,2.37443574813125,0.338930804876063,219,0.609515618128805
"CD300H",5,30,449.6,594.933333333333,1.5,1.18333333333333,-145.333333333333,0.316666666666667,0.906718654039739,-131.776444387109,0.287127573779251,0.172247390819548,35,0.426182513860047
"ARMCX6",14,273,360.071428571429,492.582417582418,1.85714285714286,1.74084249084249,-132.510989010989,0.116300366300367,0.996737587105366,-132.078683451759,0.115920946485698,0.00592441370047444,287,0.0367707672193342
"MYH11",2,77,553,732.584415584416,2,2.01082251082251,-179.584415584416,-0.0108225108225106,0.736018482898036,-132.177449110572,-0.00796556799673184,0.00662028537421858,79,0.0396761598230118
"MS4A6E",4,94,658.5,814.978723404255,1,1.20390070921986,-156.478723404255,-0.203900709219858,0.845263655920637,-132.265777818475,-0.172349858919988,0.335465555478429,98,0.604949272922799
"OR52I1",5,80,433.8,556.325,1,1.3625,-122.525,-0.3625,1.08320543297529,-132.719745675297,-0.392661969453541,0.0953735085800639,85,0.29215823906179
"GIMAP7",6,67,289.166666666667,443.208955223881,3.5,1.94776119402985,-154.042288557214,1.55223880597015,0.862193602915793,-132.814275772539,1.33833036870511,0.0521799536629079,73,0.191497498484801
"PTMA",15,262,230.333333333333,357.820610687023,4.6,3.860368956743,-127.48727735369,0.739631043256997,1.04250601371416,-132.906253313267,0.7710698105251,0.000650845787679232,277,0.00698915557496148
"EIF1AY",6,131,549.5,703.801526717557,0.916666666666667,1.60368956743003,-154.301526717557,-0.687022900763359,0.861933842021794,-132.997707753493,-0.59216828841192,0.0976333016043167,137,0.295734278514616
"TEX19",2,91,429.5,561.626373626374,1,1.08150183150183,-132.126373626374,-0.0815018315018314,1.0067244377556,-133.014849201698,-0.0820498854947332,4.1008174593716e-07,93,2.91550802564353e-05
"ANP32E",2,62,694.5,879.967741935484,1.5,1.22311827956989,-185.467741935484,0.276881720430108,0.718173249334527,-133.197970872544,0.198849044842625,0.322979567918589,64,0.592658434670838
"ERO1A",2,62,523,829.838709677419,2.25,1.62096774193548,-306.838709677419,0.629032258064516,0.434368726459662,-133.281139551107,0.273231940837529,0.0533804490105892,64,0.193766218025141
"PRG2",2,13,435.5,566.076923076923,1,2.38461538461538,-130.576923076923,-1.38461538461538,1.02488937194343,-133.826900682613,-1.41907759192167,0.189554505071359,15,0.45205948945158
"MDM4",2,59,886,1088.77966101695,1,1.03672316384181,-202.779661016949,-0.036723163841808,0.66077353875703,-133.99143419812,-0.0242656949261057,0.172901320530613,61,0.426218066553294
"MAGEB10",15,288,96.1333333333333,235.902777777778,10.3666666666667,7.33478009259259,-139.769444444444,3.03188657407408,0.960108080115373,-134.193772964348,2.91093879776184,1.4717537454568e-07,303,1.1653613748117e-05
"DMBT1",2,4,608,804,1,1,-196,0,0.685948445340222,-134.445895286684,0,0.527245067267706,6,0.76981765413247
"LILRA5",11,201,138.909090909091,274.437810945274,9.81818181818182,5.78399668325042,-135.528720036183,4.0341851349314,0.992994625697008,-134.579290623524,4.00592415805364,0.00110264339874341,212,0.0103640546795559
"ANGPTL7",2,42,761,1118.66666666667,0.75,0.988095238095238,-357.666666666667,-0.238095238095238,0.376523629657576,-134.66995154086,-0.0896484832518038,0.00188165053829702,44,0.0153169870921187
"BEX5",12,231,312,463.835497835498,2.375,2.11111111111111,-151.835497835498,0.263888888888889,0.888016876229446,-134.832484488622,0.23433778678277,8.35109410026215e-06,243,0.000262908540770904
"NPIPB3",2,44,425.5,627.75,3.75,4.06818181818182,-202.25,-0.318181818181817,0.6670907708111,-134.919108396545,-0.212256154348986,0.396626549019037,46,0.65993462226087
"SIGLEC8",13,248,288.769230769231,422.318548387097,3,2.72043010752688,-133.549317617866,0.279569892473117,1.01050612950846,-134.952404044525,0.282507089970105,0.00039949860048381,261,0.00470220650028917
"GNA15",2,5,1068,1294,0.5,0.8,-226,-0.3,0.597237396406612,-134.975651587894,-0.179171218921984,0.659251625401856,7,0.855565245159731
"RAP1B",2,54,487.5,786.574074074074,2.5,2.12962962962963,-299.074074074074,0.370370370370371,0.452959697286393,-135.468502058801,0.167762850846812,0.124145158478898,56,0.351048371133777
"ZNF136",15,231,122.133333333333,281.454545454545,8.3,6.18253968253968,-159.321212121212,2.11746031746032,0.850515270840729,-135.505123877946,1.80093233539926,3.90157584661932e-08,246,4.08721421520384e-06
"HSPA4L",2,52,886,1139.19230769231,1,0.977564102564103,-253.192307692308,0.0224358974358975,0.536025354034442,-135.717496369566,0.0120262098661574,0.124620082772886,54,0.351275378948816
"OR5F1",11,144,312.636363636364,447.576388888889,2.72727272727273,3.29282407407407,-134.940025252525,-0.565551346801346,1.00661667935029,-135.832880131141,-0.569293418719254,0.0126678068353867,155,0.0646503501188778
"CD300C",6,103,338.833333333333,469.728155339806,2.16666666666667,1.91585760517799,-130.894822006473,0.250809061488673,1.03866754663728,-135.956203640987,0.26050723257084,0.0469771782068995,109,0.176113868944948
"KRTAP6-3",6,154,544.666666666667,703.883116883117,0.916666666666667,1.09415584415584,-159.21645021645,-0.177489177489177,0.85403772497725,-135.976854921811,-0.151582453350941,0.304157881959423,160,0.579808600516239
"HCK",2,80,362.5,606.0875,3.75,2.79166666666667,-243.5875,0.958333333333333,0.5590323017519,-136.173280802991,0.535739289178905,0.0529943100045501,82,0.193670114743901
"CLEC17A",2,56,492,675.696428571429,1,0.982142857142857,-183.696428571429,0.0178571428571428,0.741376396599701,-136.18819628252,0.0132388642249946,0.0987271398469728,58,0.297547885144337
"MAGEB1",14,289,125.928571428571,264.60553633218,10.8571428571429,5.85121107266436,-138.676964903609,5.0059317844785,0.982503779015512,-136.250642080197,4.91834689574399,0.000847191821263341,303,0.00851427780369658
"TULP2",2,22,694.5,1054.45454545455,1.5,0.946969696969697,-359.954545454545,0.553030303030303,0.378633486144604,-136.290844399051,0.20939579157997,0.0956340370977646,24,0.292371161220447
"TRPV4",2,73,553,769.58904109589,2,1.78767123287671,-216.58904109589,0.212328767123287,0.629816657260623,-136.411385862297,0.133728194349858,0.00270181766508496,75,0.019999573821153
"AK3",4,129,517,666.93023255814,1,1.21963824289406,-149.93023255814,-0.219638242894057,0.911773454179681,-136.702406025498,-0.20026031939347,0.397657873985466,133,0.65993462226087
"H2AC16",5,82,481.6,648.182926829268,1.3,1.61280487804878,-166.582926829268,-0.31280487804878,0.821951710667882,-136.92312167538,-0.257110504617453,0.00600710187298377,87,0.0368716473406291
"IFNW1",6,145,342.666666666667,507.331034482759,4.25,3.13908045977012,-164.664367816092,1.11091954022988,0.831682751119856,-136.948514436699,0.923932619491195,0.26405318365813,151,0.549339943390681
"GET4",4,96,553.5,672.666666666667,3.125,1.60590277777778,-119.166666666667,1.51909722222222,1.15033243144128,-137.081281413419,1.74746680123458,0.614942981187008,100,0.8261419073736
"GSTM3",9,223,409.444444444444,547.345291479821,1.61111111111111,1.8355754857997,-137.900847035376,-0.22446437468859,0.995696395264954,-137.307376297108,-0.223498368742831,0.0154040414308207,232,0.0749548608170101
"MLXIPL",2,41,886,1097.48780487805,1,1.06910569105691,-211.487804878049,-0.0691056910569106,0.649328177253687,-137.324990852847,-0.0448722724118402,0.135212311575717,43,0.36995787449984
"ULBP1",11,199,240.727272727273,376.834170854271,5.04545454545455,4.39949748743718,-136.106898126999,0.645957058017362,1.01058987198069,-137.548252753853,0.65279766056679,0.0152424509515463,210,0.0745578896679786
"RUFY3",2,93,616,809.956989247312,1.75,1.50358422939068,-193.956989247312,0.246415770609319,0.709794246767549,-137.669555088097,0.174904496291287,0.0177040049167733,95,0.0836538243174116
"OR10H1",2,88,484,633.477272727273,1,1.76515151515151,-149.477272727273,-0.765151515151515,0.922118990276514,-137.83583179656,-0.70556074256006,0.200852407103911,90,0.470275394052438
"KRT25",2,8,793,995.125,1,0.9375,-202.125,0.0625,0.68238062954538,-137.92618474686,0.0426487893465862,0.437214516028928,10,0.689047967661996
"CST2",2,43,504,758.744186046512,1.5,2.18992248062016,-254.744186046512,-0.689922480620155,0.541664950555419,-137.985996939164,-0.373706826352189,0.102208628883804,45,0.305923421848088
"P2RX4",2,77,402,647.597402597403,3,2.16883116883117,-245.597402597403,0.831168831168831,0.561856215939748,-137.990427268007,0.466997374287583,1.3151849193053e-11,79,2.88149565892986e-09
"SMIM10L2A",4,135,596.25,738.325925925926,1,1.01358024691358,-142.075925925926,-0.0135802469135802,0.971519145405811,-138.029482138295,-0.0131934698758813,0.345655469659228,139,0.613223839977265
"SLC25A47",3,25,762,1054.92,1,1,-292.92,0,0.471497858931415,-138.11115283819,0,0.136747240986622,28,0.371435073490691
"SCGB1D4",9,133,384.888888888889,536.112781954887,3.11111111111111,2.39097744360902,-151.223893065998,0.720133667502089,0.913937862076245,-138.209241523585,0.658157424485984,0.125177501806158,142,0.351672747216785
"SRPK2",2,69,886,1072.05797101449,1,0.949275362318841,-186.057971014493,0.0507246376811594,0.743723773634148,-138.375736317611,0.0377251189524568,0.203589986653964,71,0.47418507975107
"CLEC6A",5,71,651.6,792.197183098591,1,1.26056338028169,-140.597183098591,-0.26056338028169,0.986216179579508,-138.659216775133,-0.256971821439731,0.538276607778395,76,0.774486443785197
"REG3G",15,269,395.4,530.204460966543,1.9,1.77757125154895,-134.804460966543,0.122428748451053,1.02967138128971,-138.804295527435,0.126061378527167,0.0417198370651599,284,0.160314609193033
"OR2T1",4,146,291.25,423.739726027397,3.25,3.95890410958904,-132.489726027397,-0.70890410958904,1.04876260894354,-138.950270726708,-0.743472123463402,0.156350602414958,150,0.399749632201845
"MYO1F",2,63,694.5,924.222222222222,1.5,1.37301587301587,-229.722222222222,0.126984126984127,0.605041853078013,-138.991559026532,0.07683071150197,0.257400445838853,65,0.542846945098403
"TMEM50B",2,59,694.5,1054.4406779661,1.5,0.988700564971751,-359.940677966102,0.511299435028249,0.386153799085292,-138.992460241946,0.197440219306322,0.172560696388798,61,0.426182513860047
"TRIM49",5,101,276,445.356435643564,3.1,3.60973597359736,-169.356435643564,-0.50973597359736,0.821472261902063,-139.12161425579,-0.418733963203873,0.0143557722654083,106,0.0711795691262087
"OR51Q1",5,54,473.6,602.759259259259,1,1.18827160493827,-129.159259259259,-0.188271604938272,1.07905606163878,-139.370081620478,-0.203155616543103,0.0664411580822462,59,0.225761698399102
"TRIM48",3,148,257.666666666667,422.905405405405,4.33333333333333,3.18130630630631,-165.238738738739,1.15202702702703,0.843707932877061,-139.413234692474,0.971974341591478,0.195347859190413,151,0.461105651368157
"SIRPA",12,203,459.75,600.43842364532,1.75,1.5927750410509,-140.68842364532,0.157224958949097,0.992047662159637,-139.569621770264,0.155974652958596,0.0610565505835971,215,0.214058119027158
"HLA-DQB2",8,96,277.5,425.40625,3.4375,2.24131944444444,-147.90625,1.19618055555556,0.944164200978718,-139.647786351009,1.12939085846239,0.024242722034078,104,0.105753309975035
"SPATA31A5",8,174,303.25,461.379310344828,2.625,2.69540229885058,-158.129310344828,-0.070402298850575,0.886346794542361,-140.157407347332,-0.0624008519146206,0.00277572426396231,182,0.0203838070198594
"KRT86",15,263,245.266666666667,371.555133079848,3.36666666666667,2.65145754119138,-126.288466413181,0.715209125475285,1.11067125629932,-140.264969647242,0.794362217908371,0.00277712793688096,278,0.0203838070198594
"EZHIP",4,11,271.5,486.181818181818,2.25,1.04545454545455,-214.681818181818,1.20454545454545,0.653797940485209,-140.358530586893,0.787529337402638,0.0433928440788764,15,0.165044398221403
"C6orf58",9,142,421,570.485915492958,1.11111111111111,1.0962441314554,-149.485915492958,0.0148669796557122,0.942663075220206,-140.914852800699,0.0140145527614899,0.00303074005085756,151,0.0219371849110548
"IGFL2",5,22,462.4,608.863636363636,1.6,1.59090909090909,-146.463636363636,0.00909090909090926,0.964616685908658,-141.281267515222,0.00876924259916978,0.372982141741339,27,0.637828754168926
"IFNL3",12,228,374.833333333333,518.640350877193,2.08333333333333,1.7452485380117,-143.80701754386,0.338084795321637,0.982459898086495,-141.284627800263,0.332154753556289,0.0269085126605648,240,0.113957769176752
"TARM1",3,50,450.666666666667,604.92,1.5,1.13333333333333,-154.253333333333,0.366666666666667,0.916084974992014,-141.309161009101,0.335897824163739,0.216950394321758,53,0.48869946582996
"LCE3A",5,59,637.6,832.033898305085,0.8,1.31920903954802,-194.433898305085,-0.519209039548023,0.727127750888538,-141.378283171067,-0.377531301167552,0.285019420123628,64,0.567192186505451
"ALB",9,27,369.666666666667,509.074074074074,1.55555555555556,1.69135802469136,-139.407407407407,-0.135802469135802,1.0161995613449,-141.665746255638,-0.138002409565357,0.0464765149168428,36,0.174487260743837
"TRGV2",3,94,444,607.553191489362,3,2.81914893617021,-163.553191489362,0.180851063829787,0.866179485640578,-141.66641927913,0.156649481445636,0.608889354240935,97,0.82286205528298
"PRSS41",10,190,455.9,596.236842105263,1.25,1.44473684210526,-140.336842105263,-0.194736842105264,1.01017355976164,-141.76456735518,-0.196718009006214,0.00378102916173007,200,0.0259995505252649
"SSX7",12,236,261.166666666667,410.983050847458,3.25,3.92655367231638,-149.816384180791,-0.676553672316385,0.94635234918939,-141.779087116552,-0.64025815714932,8.0854419093791e-05,248,0.00138086664766063
"RAB40C",2,25,759.5,929.92,0.75,1.00666666666667,-170.42,-0.256666666666667,0.832124750036571,-141.810699901232,-0.21357868584272,0.839715799729002,27,0.939690528775967
"KRTAP4-7",11,240,293.090909090909,428.166666666667,3,2.54375,-135.075757575758,0.45625,1.05127948948434,-142.002373465953,0.479646267077229,0.020958915796482,251,0.0954105348017553
"CEP192",2,39,744.5,904.333333333333,1.5,1.2051282051282,-159.833333333333,0.294871794871795,0.890047389148678,-142.259241032264,0.262449871159226,0.597773412666473,41,0.814949534990804
"LILRB4",12,214,118.166666666667,253.602803738318,13.75,7.14797507788162,-135.436137071651,6.60202492211838,1.05206543277017,-142.487678161006,6.94576220684789,0.000690521842561305,226,0.00727553860730923
"GUCA2B",3,6,500.333333333333,735.666666666667,1,1.16666666666667,-235.333333333333,-0.166666666666667,0.606117931181383,-142.639753138019,-0.101019655196897,0.226154584903397,9,0.498685173293314
"NUP205",4,3,454.5,627,0.875,1,-172.5,-0.125,0.827836823582694,-142.801852068015,-0.103479602947837,0.165262420306246,7,0.415713667952252
"MLXIP",3,36,774.333333333333,1148.33333333333,1,0.921296296296296,-374,0.0787037037037037,0.382044701575798,-142.884718389348,0.0300683329943915,0.059868180392821,39,0.21139939914384
"SYCN",3,10,488,647.7,1,0.95,-159.7,0.05,0.89604365831858,-143.098172233477,0.044802182915929,0.266941587785771,13,0.552708691667368
"ZNF404",3,120,428,616.475,1.33333333333333,1.60694444444444,-188.475,-0.273611111111111,0.760915493753399,-143.413547685172,-0.208194933707527,1.30443477009537e-12,123,3.78720894917688e-10
"LILRA1",9,226,182.222222222222,330.389380530973,11.6666666666667,4.37241887905605,-148.167158308751,7.29424778761062,0.968487329223276,-143.498015429045,7.0643865585158,0.0410621696465,235,0.158019807490875
"BRD3OS",5,133,536.8,707.78947368421,1,0.988721804511278,-170.989473684211,0.0112781954887218,0.840137786433878,-143.654717924546,0.00947523819286326,0.208253881550191,138,0.481185445718468
"FAM205A",2,71,515.5,668.915492957746,1,1.33568075117371,-153.415492957746,-0.335680751173709,0.936870607968766,-143.730466159152,-0.314489429435525,0.361294753321452,73,0.627541252541672
"RBM26",2,59,886,1098.16949152542,1,1.00847457627119,-212.169491525424,-0.00847457627118642,0.678362694638821,-143.927867991335,-0.00574883639524423,0.158683175559578,61,0.404921032946463
"SERPINB13",11,105,571.181818181818,757.019047619048,0.954545454545455,1.34603174603175,-185.837229437229,-0.391486291486291,0.775794731654519,-144.171543542675,-0.30371300245003,0.0711744106773722,116,0.236614166793859
"NUP210L",2,48,562.5,697.583333333333,0.75,1.14930555555556,-135.083333333333,-0.399305555555556,1.06774070873793,-144.233974072016,-0.426354796891883,0.531937679028085,50,0.772339431057179
"SSX3",12,262,257.166666666667,405.576335877863,3.54166666666667,3.93193384223919,-148.409669211196,-0.39026717557252,0.97263873816208,-144.348993392629,-0.379588973194935,0.000196047137595075,274,0.00275414607815016
"SOS1",2,65,886,1134.41538461538,1,0.953846153846154,-248.415384615385,0.0461538461538461,0.581529740039222,-144.460934037128,0.0268398341556564,0.137912413352135,67,0.372798942096907
"CFHR3",8,75,339.125,509.48,2.125,1.70222222222222,-170.355,0.422777777777778,0.848498663713542,-144.54598985692,0.358726379492225,0.00568168230930714,83,0.0355862693775692
"ZNF75D",14,255,375,540.172549019608,1.89285714285714,1.7297385620915,-165.172549019608,0.163118580765639,0.87564539916689,-144.632582617687,0.142834034766065,0.0084081389837696,269,0.047761885140413
"MAGEB5",9,258,115.222222222222,266.174418604651,11.6666666666667,5.54425064599483,-150.952196382429,6.12241602067184,0.958472550473809,-144.68353666629,5.86816769839504,0.0114148884680968,267,0.0597737546435611
"HIGD1A",3,83,515.333333333333,725.313253012048,2,1.50903614457831,-209.979919678715,0.490963855421687,0.689079840154676,-144.692929487901,0.338313295015699,0.288530102344064,86,0.568160010514894
"CXorf49B",4,103,407.5,553.466019417476,1.75,2.51941747572816,-145.966019417476,-0.769417475728156,0.991484944348687,-144.723110638935,-0.762865843103237,0.164401743096897,107,0.414654203390147
"LCE1A",3,58,469,641.724137931035,1,1.4367816091954,-172.724137931035,-0.436781609195402,0.840404997554541,-145.158228715541,-0.367073447207731,0.142321405642523,61,0.380251362928335
"GRB2",2,60,886,1125.61666666667,1,0.952777777777778,-239.616666666667,0.0472222222222223,0.606553653881309,-145.340364697526,0.0286428114332841,0.132224060037973,62,0.365223540041461
"TEDDM1",7,49,459,638.408163265306,1,0.945578231292517,-179.408163265306,0.0544217687074829,0.810284928123439,-145.371730676187,0.0440971389454932,0.0101547339502132,56,0.0549048406924295
"GOLGA8N",3,82,131.666666666667,301.743902439024,10,10.400406504065,-170.077235772358,-0.400406504065037,0.855125108942955,-145.437314768554,-0.342397655410082,0.095283663766719,85,0.29215823906179
"SFTPD",5,65,228.4,427.307692307692,4.1,2.36153846153846,-198.907692307692,1.73846153846154,0.732382797813596,-145.676572198954,1.27321932542979,0.00532377181299237,70,0.0340122634409513
"RLN1",5,105,436.4,612.638095238095,2.2,2.16507936507937,-176.238095238095,0.0349206349206348,0.826622095552925,-145.68230360197,0.0288661684161338,0.236895707637219,110,0.511207085657288
"FOSB",2,43,488.5,683.720930232558,1,0.953488372093023,-195.220930232558,0.0465116279069767,0.74691517135924,-145.813474557561,0.0347402405283367,0.0927720628480561,45,0.287560379859989
"CD1A",10,222,216.2,386.720720720721,5.95,3.63363363363363,-170.520720720721,2.31636636636637,0.855266982536965,-145.840742270839,1.98111167261228,0.0011632764585705,232,0.0106281167351214
"VPS33B",3,17,820,1057.88235294118,0.833333333333333,0.941176470588235,-237.882352941177,-0.107843137254902,0.613726798070976,-145.994774788178,-0.0661862233213797,0.522566871637358,20,0.765396432504717
"OR51S1",9,154,349.222222222222,474.714285714286,2.5,2.31168831168831,-125.492063492063,0.188311688311688,1.16523853230677,-146.22818787964,0.219428035304521,0.0939209348554982,163,0.289746638462121
"ZNF582",6,218,239,398.811926605505,4.08333333333333,5.36926605504587,-159.811926605505,-1.28593272171254,0.917776545005856,-146.671637850729,-1.18019889044331,0.0208983803038281,224,0.0953009908096034
"H3C15",4,108,591.5,743.453703703704,1,1.09953703703704,-151.953703703704,-0.0995370370370372,0.967254863886651,-146.977958992998,-0.09627768321094,0.325796514683826,112,0.596339844385958
"CEACAM21",12,271,152,294.284132841328,12.5,6.06949569495695,-142.284132841328,6.43050430504305,1.03338790135616,-147.034701433181,6.64520534845017,0.00514180233782434,283,0.033092437213633
"USP9X",3,114,455.333333333333,620.80701754386,1,1.64473684210526,-165.473684210526,-0.644736842105263,0.88968902770196,-147.220121215524,-0.573615294176264,0.0721103933706185,117,0.238814268539197
"CCNYL1",12,116,160.833333333333,333.284482758621,6.91666666666667,7.10560344827586,-172.451149425287,-0.188936781609195,0.853963325170761,-147.266956992738,-0.16134508227005,0.00182558047371964,128,0.0150957018285741
"TAS2R41",6,10,534.5,731.5,1.08333333333333,1,-197,0.0833333333333333,0.74782695623375,-147.321910378049,0.0623189130194791,0.269266389395836,16,0.556431571379283
"FAM90A19P",2,33,388,587.060606060606,2,4.13636363636364,-199.060606060606,-2.13636363636364,0.74217364561821,-147.73753569897,-1.58555278836618,0.0150145225270936,35,0.0737461416603302
"RGS10",2,19,714,850.526315789474,1,1.13157894736842,-136.526315789474,-0.131578947368421,1.08360891344558,-147.941132709359,-0.142580120190208,0.347223042680794,21,0.614281523713551
"TCEAL9",14,286,377.857142857143,525.772727272727,1.67857142857143,1.58624708624709,-147.915584415584,0.0923243423243423,1.00031120011316,-147.961615762193,0.0923530736701214,0.000163975722404752,300,0.00240013139220737
"ACSM1",6,71,447.5,631.070422535211,2.75,1.87910798122066,-183.570422535211,0.870892018779343,0.806047999773808,-147.96657190214,0.701980769756063,0.0630825425434869,77,0.218047419763469
"MAGEB6B",6,114,282.666666666667,462.587719298246,3,3.2953216374269,-179.921052631579,-0.2953216374269,0.822528182697787,-147.990136450125,-0.242910369744082,0.0152653926415494,120,0.0745578896679786
"HLA-DRB1",9,237,253.777777777778,401.316455696203,4.83333333333333,2.9634317862166,-147.538677918425,1.86990154711674,1.00495593702326,-148.269870314683,1.87916866142394,0.00667600370830187,246,0.0399185301825922
"RUFY1",3,96,606.666666666667,799.208333333333,1.66666666666667,1.50520833333333,-192.541666666667,0.161458333333333,0.770128352785805,-148.281796592634,0.124343640293541,0.211622490563471,99,0.484218959576587
"TARS3",2,19,1021,1185.89473684211,0.75,0.885964912280702,-164.894736842105,-0.135964912280702,0.901211064710993,-148.604961354713,-0.122533083359828,0.751983237523307,21,0.904248596248689
"SPATA31A7",7,167,292.285714285714,459.748502994012,2.57142857142857,2.64570858283433,-167.462788708298,-0.0742800114057602,0.888042560677431,-148.7140837027,-0.0659638115359201,0.00377230131960513,174,0.0259995505252649
"DYNLT3",4,88,629,747.590909090909,0.875,1.08333333333333,-118.590909090909,-0.208333333333333,1.25525987823383,-148.862410105094,-0.261512474632049,0.450574659821273,92,0.702477080019682
"KDELR2",3,73,522.666666666667,780.808219178082,1.66666666666667,1.7351598173516,-258.141552511416,-0.0684931506849313,0.576943859405278,-148.933183578806,-0.0395167026989916,0.000630137129522706,76,0.00683215070308229
"SSX1",11,176,261,414.75,3.54545454545455,4.3125,-153.75,-0.767045454545455,0.970818740315993,-149.263381323584,-0.744662101946927,0.00339552632472984,187,0.0237868908485766
"AP4S1",3,49,767,971.163265306122,0.833333333333333,1.13945578231293,-204.163265306122,-0.306122448979592,0.731455558753785,-149.336355301487,-0.223914966965444,0.172505425879128,52,0.426182513860047
"SLX1A",2,22,620,798.954545454545,1,1.36363636363636,-178.954545454545,-0.363636363636364,0.835011751899476,-149.429148510374,-0.303640637054355,0.505958819406633,24,0.751802511486133
"GBP6",12,210,331,472.571428571429,3.91666666666667,2.25436507936508,-141.571428571429,1.66230158730159,1.0558558050714,-149.479014689394,1.75515078073179,0.123149355517882,222,0.349012219054476
"ZNF10",4,118,454.5,628.864406779661,1.375,1.88488700564972,-174.364406779661,-0.509887005649718,0.857911237825364,-149.589184053024,-0.437437792168018,0.0590265639824124,122,0.208709623391128
"SMIM10L2B",4,139,596.25,745.194244604317,1,1.01318944844125,-148.944244604317,-0.0131894484412469,1.0050147845485,-149.691167900746,-0.0132555906834933,0.32589869796523,143,0.596339844385958
"RBM43",5,96,647.2,820.072916666667,1,0.987847222222222,-172.872916666667,0.0121527777777778,0.866534032732196,-149.800265629343,0.010530795536676,0.187373591230189,101,0.448358236157952
"MSMB",2,48,369.5,509.770833333333,4,4.375,-140.270833333333,-0.375,1.07327613994486,-150.549338546849,-0.402478552479322,0.704776510993866,50,0.88347144198288
"GOLGA8F",3,79,96.3333333333333,271.430379746835,11.3333333333333,12.6919831223629,-175.097046413502,-1.35864978902953,0.859829789480368,-150.553656556356,-1.16820756207881,0.0216775307283823,82,0.0973254085794898
"HLA-DRB5",10,238,274.2,421.243697478992,5.55,2.77205882352941,-147.043697478992,2.77794117647059,1.02457633237487,-150.657492261865,2.84621278214136,0.012105269131825,248,0.0626357786959579
"RTP1",9,226,510.777777777778,686.814159292035,1,1,-176.036381514258,0,0.857026022123687,-150.867759798212,0,0.0186072543170589,235,0.0866680134233064
"H2AP",9,168,475.111111111111,646.72619047619,1.38888888888889,1.47123015873016,-171.615079365079,-0.08234126984127,0.879698299874434,-150.969493550276,-0.0724354750888672,0.0219466484047145,177,0.0980283628743916
"LCE1D",11,205,366.363636363636,509.326829268293,1.90909090909091,2.59349593495935,-142.963192904656,-0.68440502586844,1.05797412423433,-151.251358811048,-0.724082807864739,0.00226414997617934,216,0.017713245172924
"RPL22L1",3,39,797.666666666667,1054.05128205128,1,1.15384615384615,-256.384615384615,-0.153846153846154,0.591825881340927,-151.735050962255,-0.0910501355909118,0.0961677230192015,42,0.2932161729862
"MEIS2",11,233,488.818181818182,620.768240343348,1.09090909090909,1.0497138769671,-131.950058525166,0.0411952139419951,1.15160511343991,-151.954362116276,0.0474406190248525,0.0439744310085427,244,0.166770955334285
"FAM240B",14,243,382.714285714286,565.971193415638,1.89285714285714,1.58882030178326,-183.256907701352,0.304036841073878,0.830058760760418,-152.114001707371,0.252368443527295,0.0042840135164643,257,0.0285564472411256
"CR1",2,16,472.5,710,1,1.94791666666667,-237.5,-0.947916666666667,0.641389227695455,-152.329941577671,-0.607983538752983,0.312827164761486,18,0.584810673337652
"NPHP4",2,21,691.5,807.761904761905,1,0.976190476190476,-116.261904761905,0.0238095238095238,1.31061657778675,-152.374779746017,0.0312051566139703,0.745184785416824,23,0.902360853753208
"RAB5A",2,74,744.5,963.891891891892,1.5,1.2545045045045,-219.391891891892,0.245495495495496,0.695751753843817,-152.642293562897,0.170803921551748,0.497563314014855,76,0.746418884183622
"NF2",2,23,519.5,650.434782608696,1,1.64492753623188,-130.934782608696,-0.644927536231884,1.16825577246106,-152.965315598543,-0.75344031702199,0.394277431560944,25,0.657781789680183
"KRCC1",14,233,502.285714285714,663.75965665236,1,0.974248927038627,-161.473942366646,0.0257510729613734,0.947334631149976,-152.969857632239,0.0243948832055787,0.00687973595630315,247,0.0406748216187381
"CRISP2",5,107,429.6,561.355140186916,1,1.7398753894081,-131.755140186916,-0.7398753894081,1.16122140299299,-152.996888739389,-0.859159137728461,0.00147829818477004,112,0.012962393143638
"ABCC6",2,64,199.5,483.859375,10.75,5.71614583333333,-284.359375,5.03385416666667,0.538154917956738,-153.029396123354,2.70899337606868,0.252042600739912,66,0.534439486012992
"TUBA3E",8,83,516.875,710.060240963855,1,1.52610441767068,-193.185240963855,-0.526104417670683,0.792211587438429,-153.043586413651,-0.416786015881262,0.0331827431031078,91,0.134220600198794
"GNAS",3,59,455,592.677966101695,1,1.57627118644068,-137.677966101695,-0.576271186440678,1.11161782413067,-153.045281108702,-0.640593322380384,0.0392992126271308,62,0.153296322566693
"DEFB123",14,212,494.642857142857,664.216981132075,1,1.09276729559748,-169.574123989218,-0.0927672955974841,0.902995150781162,-153.124611660228,-0.0837684180756107,0.00446076272927888,226,0.0294342752818326
"ZNF215",5,74,441.4,643.716216216216,1.5,2.02702702702703,-202.316216216216,-0.527027027027027,0.757306357224249,-153.215356710096,-0.399120917996564,0.0956667978735102,79,0.292371161220447
"DUSP21",5,113,416.2,604.097345132743,1,1.0405604719764,-187.897345132743,-0.0405604719764012,0.81582679718301,-153.291689278837,-0.0330903199447387,0.00357735229152417,118,0.0249185270161479
"HAVCR2",4,44,422.25,552.454545454545,1,1.31439393939394,-130.204545454545,-0.314393939393939,1.18057442426253,-153.716156286365,-0.371165443991629,0.00553824188742296,48,0.0348001146064178
"ETDB",6,234,327.166666666667,497.388888888889,13.3333333333333,2.37749287749288,-170.222222222222,10.9558404558405,0.903995297460348,-153.880088412139,9.90402825180561,0.194322986585153,240,0.45910123322514
"GOLGA8B",2,74,149.5,336.189189189189,7.5,8.55405405405405,-186.689189189189,-1.05405405405405,0.824502034444196,-153.925616295224,-0.869069711981721,0.306452639268392,76,0.581525596520196
"H2AC19",6,136,483.166666666667,637.058823529412,1.16666666666667,1.29289215686275,-153.892156862745,-0.126225490196078,1.00211093074518,-154.217012548108,-0.126491943464158,0.00674960181323173,142,0.0402664601323619
"IGHD6-25",2,17,522,880.823529411765,1.5,1.90196078431373,-358.823529411765,-0.401960784313725,0.429831626028255,-154.233701104256,-0.172775457521161,0.0245073642771721,19,0.106551984785775
"NAA15",2,19,923.5,1077.26315789474,0.75,0.921052631578947,-153.763157894737,-0.171052631578947,1.00451504093088,-154.457404846292,-0.17182494121186,0.809545867421902,21,0.92453817813524
"ACER3",2,29,739.5,875.827586206897,0.75,1.08620689655172,-136.327586206897,-0.336206896551724,1.13482878659829,-154.708469235046,-0.38153726445977,0.43560610753287,31,0.688983631328448
"VCX2",6,194,179.833333333333,365.726804123711,8.75,3.75128865979381,-185.893470790378,4.99871134020619,0.834274740028075,-155.086227016559,4.1702986038259,0.00793747986202896,200,0.0461654481813505
"GBP1",13,219,293.230769230769,442.255707762557,3.69230769230769,2.19444444444445,-149.024938531788,1.49786324786325,1.04232020202564,-155.331704037312,1.5612531231196,0.0511253137596811,232,0.188420937734904
"SAA1",12,220,419.583333333333,577.713636363636,1.45833333333333,1.67651515151515,-158.130303030303,-0.218181818181818,0.982485024444464,-155.360654638138,-0.214360368969701,0.00324679424908899,232,0.0231524443081629
"USP13",2,24,761,894.333333333333,0.75,1.14583333333333,-133.333333333333,-0.395833333333333,1.166185361206,-155.491381494133,-0.461615038810706,0.175187835760876,26,0.429423841316293
"LIPG",2,36,807.5,1060.30555555556,1.25,1.12037037037037,-252.805555555556,0.12962962962963,0.615223933150808,-155.532028211264,0.0797512505936233,0.326362398810696,38,0.596353110554089
"TDGF1",6,113,443.833333333333,643.522123893805,1.16666666666667,1.03982300884956,-199.688790560472,0.126843657817109,0.779723682598396,-155.702079149431,0.0989030039874073,0.00288777565796499,119,0.0211365764545169
"ZFP90",2,33,807.5,1226.45454545455,1.25,1.34343434343434,-418.954545454545,-0.0934343434343434,0.37167479050832,-155.714842914327,-0.034727190022242,0.162196836213962,35,0.410281058109469
"STAT5B",3,53,730,954.660377358491,1,0.968553459119497,-224.660377358491,0.0314465408805031,0.695009987138737,-156.141205978508,0.0218556599729162,0.298463653388375,56,0.575431368512234
"LCN2",4,102,361,514.901960784314,3.25,5.37254901960784,-153.901960784314,-2.12254901960784,1.01562958691443,-156.307384856693,-2.15572358398993,0.285021987906062,106,0.567192186505451
"TRIM77",6,135,301.5,495.992592592593,3.33333333333333,2.16172839506173,-194.492592592593,1.17160493827161,0.804788239510826,-156.525351190489,0.942893875673796,0.00848810353193947,141,0.0480113706412969
"TCL1A",2,22,488.5,626.727272727273,1,1.54545454545455,-138.227272727273,-0.545454545454545,1.13316487747418,-156.63429056359,-0.618089933167736,0.223173002637494,24,0.495914655318918
"OR52I2",3,59,474,617.966101694915,1,1.39830508474576,-143.966101694915,-0.398305084745763,1.08913013244112,-156.797819406014,-0.433806069701123,0.0405242450141482,62,0.156873855143658
"PRSS21",11,170,446.545454545455,595.458823529412,1,1.23039215686274,-148.913368983957,-0.230392156862745,1.05438539219474,-157.01208095919,-0.242922124672318,0.000243234390245955,181,0.00315343399329431
"ASB13",3,27,677.666666666667,902.962962962963,0.833333333333333,1.30864197530864,-225.296296296296,-0.475308641975309,0.700292282918493,-157.773257666415,-0.332854973979778,0.336916338854757,30,0.606728045091303
"NIP7",2,6,687.5,877.5,1,0.805555555555556,-190,0.194444444444444,0.83099581332775,-157.889204532273,0.161582519258174,0.622793018144117,8,0.829015871834223
"CYCS",3,22,744.666666666667,970.545454545455,1,0.96969696969697,-225.878787878788,0.0303030303030304,0.700321005652315,-158.187659882799,0.0212218486561308,0.275342623912232,25,0.562965787388625
"USP46",2,55,744.5,950.490909090909,1.5,1.08787878787879,-205.990909090909,0.412121212121212,0.768453377731714,-158.294409872936,0.316695937489434,0.517238073384231,57,0.761003989725786
"BRD4",2,43,886,1173.06976744186,1,0.895348837209302,-287.06976744186,0.104651162790698,0.552086971599356,-158.487478544708,0.0577765435394674,0.0708759767470025,45,0.236198855990481
"CD300LF",8,146,313.375,481.753424657534,2.6875,1.96917808219178,-168.378424657534,0.718321917808219,0.94162524670183,-158.549375657416,0.676390053067496,0.000972338945455438,154,0.00948030471819052
"ZNF8",2,84,279.5,520.666666666667,7,5.80357142857143,-241.166666666667,1.19642857142857,0.658376813473278,-158.778541515972,0.787700830405529,0.300847972606984,86,0.577601581500403
"CLDN34",3,14,412.666666666667,607.857142857143,1.66666666666667,1.27380952380952,-195.190476190476,0.392857142857143,0.814249460933952,-158.933740017537,0.319883716795481,0.029494201304469,17,0.122916025532021
"PRR13",3,85,520.666666666667,741.847058823529,2,1.75490196078431,-221.180392156863,0.245098039215686,0.719098274158372,-159.050438277672,0.176249576999601,0.265322884715107,88,0.551103893291395
"GBP4",14,251,261.285714285714,413.03984063745,4.46428571428571,2.66699867197875,-151.754126351736,1.79728704230696,1.04944668796148,-159.257865284317,1.88615693386512,0.0213078751067317,265,0.09632781601019
"ZNF709",14,225,120.5,311.746666666667,10.3571428571429,5.15888888888888,-191.246666666667,5.19825396825397,0.834939519474298,-159.679399967728,4.34022767035933,5.50281516895073e-05,239,0.000998531669199184
"CCL17",2,86,484.5,654.860465116279,1,1.06395348837209,-170.360465116279,-0.0639534883720931,0.937574549150645,-159.72563627449,-0.0599611630270763,0.174421264028004,88,0.428348461377044
"CD33",7,105,421.285714285714,600.87619047619,1.64285714285714,2.1015873015873,-179.590476190476,-0.458730158730159,0.890425267772744,-159.911897851339,-0.408464924422735,0.00391556105945492,112,0.0265061167055847
"LRRC37A3",3,50,448.333333333333,621.36,1.66666666666667,2.37666666666667,-173.026666666667,-0.71,0.92597360605352,-160.218126476754,-0.657441260297999,0.20503690158215,53,0.476081694385147
"C9orf85",2,52,832.5,1128.38461538462,0.75,0.977564102564103,-295.884615384615,-0.227564102564103,0.541543634789452,-160.234430093664,-0.123235891250164,0.000106125931745283,54,0.00168496085801297
"TPSAB1",12,228,236.5,395.236842105263,4.16666666666667,2.78801169590643,-158.736842105263,1.37865497076023,1.01017653961111,-160.35223386669,1.39268490768023,3.32000212303177e-05,240,0.000723923741689138
"CTRB2",8,209,410,585.928229665072,1.25,1.39553429027113,-175.928229665072,-0.145534290271132,0.911990935626807,-160.444950775417,-0.132725953550153,1.98114832609143e-06,217,9.41225559286711e-05
"OR1D5",6,114,432.333333333333,622.649122807018,1.25,1.35964912280702,-190.315789473684,-0.109649122807018,0.843075244518202,-160.450530746201,-0.0924424610217327,0.0348876531042647,120,0.139604039144631
"SPATA31D4",13,174,276.846153846154,435.844827586207,5.38461538461539,3.25239463601533,-158.998673740053,2.13222074860006,1.00931081241961,-160.479080566214,2.15207345602748,0.137271256552174,187,0.372084847895053
"KDELR1",2,46,694.5,1026.58695652174,1.5,0.978260869565217,-332.086956521739,0.521739130434783,0.483273691535375,-160.488889389008,0.252142795583674,0.154687324708198,48,0.399010838561226
"CD200R1",5,82,419.4,557.719512195122,1.2,1.36585365853659,-138.319512195122,-0.165853658536585,1.16470169901378,-161.100970860415,-0.193170037885212,0.000707434786428741,87,0.00736464978859881
"TRGV8",4,118,311.25,476.822033898305,2.5,3.45480225988701,-165.572033898305,-0.954802259887007,0.973672026408547,-161.212857762347,-0.929664251203641,0.202427042460269,122,0.472269519597038
"IFNA4",3,184,180,347.04347826087,6.33333333333333,4.29891304347826,-167.04347826087,2.03442028985507,0.965501315969151,-161.280698084934,1.96423546708941,0.000107853273810479,187,0.00169575972086186
"MS4A8",7,15,395,611.133333333333,1.57142857142857,1.63333333333333,-216.133333333333,-0.0619047619047621,0.746720005649628,-161.39108388774,-0.0462255241592629,0.0372848279434381,22,0.147614023357885
"TRIM43B",7,132,283.142857142857,461.204545454545,3.5,3.54671717171717,-178.061688311688,-0.0467171717171722,0.907278000393452,-161.551452518111,-0.0423854621395935,0.00118717482795775,139,0.0107683284170273
"PDS5B",2,36,691.5,1026.11111111111,1,1.04166666666667,-334.611111111111,-0.0416666666666667,0.484857448815582,-162.23868967868,-0.0202023937006493,0.428630728315741,38,0.684185762424576
"WFDC9",6,87,491,677.609195402299,1.33333333333333,1.19731800766284,-186.609195402299,0.136015325670498,0.871085415722466,-162.552548554646,0.118480966506312,0.155581359235649,93,0.399613190083179
"FXYD3",11,203,459.818181818182,658.197044334975,1.09090909090909,1.11371100164204,-198.378862516794,-0.0228019107329454,0.81946331317405,-162.564199941711,-0.0186853293159183,1.07303677990621e-05,214,0.000311538345099437
"SCGB1D2",9,125,339.111111111111,509.744,3.11111111111111,2.31866666666667,-170.632888888889,0.792444444444445,0.954879817139484,-162.933901740204,0.756689206204311,0.0147478774381121,134,0.0727098183882773
"MAX",4,92,511.5,659.663043478261,1.25,1.29800724637681,-148.163043478261,-0.0480072463768115,1.09997205257506,-162.97520705055,-0.052806629335578,0.300562524350969,96,0.577477850094912
"IQCF1",4,148,500,671.736486486486,1,1.02195945945946,-171.736486486486,-0.0219594594594594,0.949550970554047,-163.072547422785,-0.0208516260425719,0.0329887609571251,152,0.133642840900726
"IL4R",4,6,447,708.166666666667,1,0.916666666666667,-261.166666666667,0.0833333333333334,0.6251268352186,-163.262291797924,0.0520939029348834,0.314743239501137,10,0.585772140182671
"KRBOX1",5,51,618,825.862745098039,1.3,1.44117647058824,-207.862745098039,-0.141176470588235,0.785517885740823,-163.279904053695,-0.110896642692822,0.36553279334848,56,0.631798694965478
"OR6C70",6,36,503.833333333333,656.055555555556,1.08333333333333,1.03703703703704,-152.222222222222,0.0462962962962963,1.0742182244544,-163.519885278059,0.0497323252062223,0.0945081322515847,42,0.290871318696573
"H4C15",9,63,461.333333333333,742.809523809524,1.33333333333333,1.7989417989418,-281.476190476191,-0.465608465608466,0.581016913552065,-163.54242742887,-0.270526393611544,6.47308182684516e-07,72,3.93352623570846e-05
"CA7",2,15,886,1140.13333333333,1,0.944444444444444,-254.133333333333,0.0555555555555556,0.643967404185232,-163.653582983607,0.0357759668991796,0.115539623040679,17,0.333707523145866
"RAB1B",2,58,694.5,1005.29310344828,1.5,1.13218390804598,-310.793103448276,0.367816091954023,0.526911710897233,-163.760525872992,0.193806606307028,0.159735971673817,60,0.405911298964295
"KRTAP9-6",7,137,363.285714285714,526.605839416058,4.71428571428571,2.67153284671533,-163.320125130344,2.04275286757039,1.00380323312846,-163.941269640784,2.05052193294959,0.411059534111849,144,0.670892293962687
"TRPV2",2,27,699,957.148148148148,1,1.24074074074074,-258.148148148148,-0.240740740740741,0.635136979401707,-163.959435052959,-0.152903346893004,0.499739834934224,29,0.74746433238874
"TCEAL7",12,279,363.166666666667,530.387096774194,1.70833333333333,1.55704898446834,-167.220430107527,0.151284348864993,0.981470653422726,-164.121944803264,0.148481148733157,3.67153417024211e-05,291,0.000779977137141678
"FETUB",3,24,505.333333333333,661.75,1,1.39583333333333,-156.416666666667,-0.395833333333333,1.04973360689452,-164.195831678418,-0.415519552729083,0.155769434982502,27,0.399613190083179
"MBL2",8,181,542.625,716.569060773481,1.3125,1.08011049723757,-173.944060773481,0.232389502762431,0.945088682265093,-164.392563184248,0.219628688937986,0.204016694634508,189,0.474706699091691
"ZNF354B",3,200,379,554.215,4,2.97916666666667,-175.215,1.02083333333333,0.938502748825967,-164.439759135542,0.958054889426508,0.266464935325491,203,0.55257787103025
"DTX3L",2,3,425.5,660.333333333333,1,1.33333333333333,-234.833333333333,-0.333333333333333,0.70111141335456,-164.644330236096,-0.23370380445152,0.246455693209738,5,0.526024767297165
"CNBP",2,52,713.5,1077.90384615385,1,0.987179487179487,-364.403846153846,0.0128205128205128,0.451905135127204,-164.675969337027,0.00579365557855388,0.379109698139588,54,0.64325561119399
"MAGEB4",10,155,230,428.903225806452,4.05,3.68494623655914,-198.903225806452,0.36505376344086,0.828484382839645,-164.788216277073,0.302441341907591,0.000183235690859325,165,0.00261235112479852
"STRN3",2,76,807.5,1048.39473684211,1.25,1.03947368421053,-240.894736842105,0.210526315789474,0.684279895037885,-164.839425241495,0.144058925271134,0.36099012324406,78,0.627541252541672
"SPAG6",2,57,406,548.333333333333,2,1.25438596491228,-142.333333333333,0.745614035087719,1.16074005969835,-165.212001830399,0.865464079599648,0.0249976173974349,59,0.107964916131401
"APOBEC3C",3,54,469.666666666667,749.537037037037,1.33333333333333,1.6820987654321,-279.87037037037,-0.348765432098765,0.590577651201122,-165.285185974121,-0.205973069709033,0.011197686852853,57,0.0588723455664085
"SNRNP27",5,5,565.4,852,0.9,1,-286.6,-0.1,0.57694277137616,-165.351798276407,-0.057694277137616,0.40116718624172,10,0.662154806810422
"PPIA",2,45,467.5,810.911111111111,2.5,2,-343.411111111111,0.5,0.481759040344828,-165.44140733264,0.240879520172414,0.0206320264791819,47,0.0944159110159409
"NPIPB4",2,44,209,442.681818181818,10,6.33712121212121,-233.681818181818,3.66287878787879,0.708653952888866,-165.599544172803,2.59571353198308,0.269468845111832,46,0.556431571379283
"FAM32A",2,60,522,809.833333333333,1.5,1.85,-287.833333333333,-0.35,0.575696458110372,-165.704630526102,-0.20149376033863,0.0479236629644922,62,0.179148113485291
"ZNF799",13,175,197.692307692308,376.845714285714,5.11538461538461,4.69714285714286,-179.153406593407,0.418241758241759,0.924955521201485,-165.708932570626,0.386855023482732,5.97396027372864e-05,188,0.00106917521885294
"ZNF23",2,41,345,706.243902439024,2.5,3.39024390243902,-361.243902439024,-0.890243902439024,0.458915812104387,-165.780538855563,-0.408547003458784,2.8408823618813e-08,43,3.53486933885516e-06
"HTN3",13,197,373.076923076923,554.604060913706,1.76923076923077,1.77918781725888,-181.527137836782,-0.00995704802811437,0.913607811672769,-165.844611158284,-0.00909683685968623,0.000120726175511236,210,0.00183405521285383
"HSPA14",5,99,677,831.282828282828,0.8,0.86952861952862,-154.282828282828,-0.0695286195286196,1.07729614899029,-166.208296764421,-0.0749029140627929,0.542788933091379,104,0.775581745107911
"ZNF875",4,131,311,519.519083969466,3.875,3.27417302798982,-208.519083969466,0.600826972010178,0.797884083494224,-166.374058204032,0.479390277900951,0.119630190906148,135,0.344112133146989
"SPATA31A1",7,179,263.857142857143,451.754189944134,3.07142857142857,2.69739292364991,-187.897047086991,0.374035647778665,0.885582754079626,-166.398384442727,0.331239519083788,0.000433133531283217,186,0.00500786689045596
"FAM240A",14,248,453.857142857143,640.875,1.39285714285714,1.1448252688172,-187.017857142857,0.248031874039938,0.890070592753593,-166.45909496265,0.220765877148512,0.00474559255786629,262,0.0310618807907503
"HLA-DQA2",6,91,304,477.021978021978,3.33333333333333,1.84798534798535,-173.021978021978,1.48534798534799,0.96292003219366,-166.606328647134,1.43027132987007,0.0246520777806063,97,0.107003121662333
"FAM90A10P",2,28,573,821.142857142857,1.25,2.71428571428571,-248.142857142857,-1.46428571428571,0.673935362239216,-167.232246315645,-0.986833923278851,0.278764149906215,30,0.565425756228053
"FCN2",4,66,580.75,801.19696969697,1.875,1.31060606060606,-220.44696969697,0.56439393939394,0.759657692994463,-167.46423642762,0.428746197940057,0.495659052122503,70,0.745628729531434
"TRIM51GP",5,106,238.4,442.764150943396,4.2,3.15880503144654,-204.364150943396,1.04119496855346,0.820140939973824,-167.607406851669,0.853926620205449,0.0588747197342515,111,0.208709623391128
"RAET1G",11,201,209.636363636364,385.348258706468,5.68181818181818,4.24378109452736,-175.711895070104,1.43803708729082,0.954180650861823,-167.660890402156,1.37214716391459,0.000338579589571234,212,0.00417315314881903
"CCL23",8,100,532.375,686.86,1.125,1.32666666666667,-154.485,-0.201666666666666,1.0854193550239,-167.681009060867,-0.218892903263153,0.101490897377426,108,0.304556789562487
"HBG2",3,158,542.333333333333,709.025316455696,1.16666666666667,1.27004219409283,-166.691983122363,-0.10337552742616,1.00595981744049,-167.685436910565,-0.103991626697434,0.105380385328853,161,0.312198352453847
"SAA2",11,205,356.545454545455,530.731707317073,2.18181818181818,2.03658536585366,-174.186252771619,0.145232815964523,0.962831754195524,-167.712055312843,0.139834766961877,0.00819032018540731,216,0.046829992657482
"CHIT1",3,5,371,565,1,1,-194,0,0.864920833838937,-167.794641764754,0,0.115029850101809,8,0.333229488155241
"CTAG1B",12,224,143.833333333333,331.102678571429,6.29166666666667,4.62946428571429,-187.269345238095,1.66220238095238,0.896533183372018,-167.893182234303,1.49021959200379,1.56017182130275e-05,236,0.000407672896906409
"OR51C1P",3,94,510,673.936170212766,1.16666666666667,1.40957446808511,-163.936170212766,-0.24290780141844,1.02497818508321,-168.030998214173,-0.248975197440425,0.12666507464382,97,0.354363854437153
"HIGD2A",3,19,325.333333333333,524.052631578947,1.33333333333333,1.18421052631579,-198.719298245614,0.149122807017544,0.845777369283083,-168.072285295956,0.126124695419407,0.0393067493760751,22,0.153296322566693
"HNRNPA3",3,92,490.666666666667,667.445652173913,1.83333333333333,1.5018115942029,-176.778985507246,0.331521739130435,0.951144847382328,-168.142421190693,0.315325193969141,0.0306810315989324,95,0.126251237114977
"RNASE3",4,75,466.75,644.173333333333,1.25,1.78,-177.423333333333,-0.53,0.949690097399742,-168.49718271432,-0.503335751621864,0.0633293485186877,79,0.218047419763469
"LCE1B",8,125,528.5,715.112,1.0625,1.24666666666667,-186.612,-0.184166666666667,0.903549212454284,-168.613125634519,-0.166403646626997,0.0534655350922795,133,0.193766218025141
"OR4N4",3,60,409.333333333333,579.25,1.66666666666667,1.33055555555556,-169.916666666667,0.336111111111111,0.993469062197418,-168.806951485045,0.333915990349688,0.0011785929202765,63,0.0107305341487195
"FAM90A9P",2,38,388,603.921052631579,2,3.66666666666667,-215.921052631579,-1.66666666666667,0.782220677611582,-168.89791210008,-1.30370112935264,0.00476949540414118,40,0.031079031149678
"ZKSCAN4",5,118,521.2,703.305084745763,1.5,1.44067796610169,-182.105084745763,0.0593220338983054,0.928351758803813,-169.057575710846,0.0550717145053112,0.181016312795682,123,0.43795891234733
"TRIM6",10,149,451.4,649.308724832215,1.85,1.69910514541387,-197.908724832215,0.15089485458613,0.855563406400577,-169.323462773844,0.129100115798029,0.0521757150818775,159,0.191497498484801
"KLK9",6,41,609.666666666667,866.243902439024,0.916666666666667,1.32113821138211,-256.577235772358,-0.404471544715447,0.660050937806748,-169.354045091408,-0.266971822405575,0.190568318197776,47,0.453510943033505
"ARMCX3",12,165,491.75,659.909090909091,1,1.07171717171717,-168.159090909091,-0.0717171717171718,1.0072057021733,-169.370795235915,-0.0722339442972773,0.00689588441527017,177,0.0406748216187381
"ATP6V0A4",2,69,553,887.449275362319,2,1.44927536231884,-334.449275362319,0.550724637681159,0.507489787212876,-169.729591587124,0.2794871291897,5.14105909474185e-05,71,0.000973448363373947
"GSDMC",5,31,377.6,520.677419354839,2,1.82795698924731,-143.077419354839,0.172043010752688,1.18668305696377,-169.787549382487,0.20416052592925,0.145621510092235,36,0.386696144177855
"C12orf76",2,74,565,804.162162162162,4.5,1.53828828828829,-239.162162162162,2.96171171171171,0.710339439551947,-169.886316232302,2.10382063741173,0.656705624769616,76,0.854142258597813
"OR51E1",11,239,214.727272727273,369.217573221757,4.45454545454545,4.05299860529986,-154.490300494485,0.401546849245594,1.10204063125031,-170.254588278991,0.442520943219186,0.000243626098521928,250,0.00315343399329431
"EIF2S3",4,91,443.75,620.725274725275,1,0.952380952380952,-176.975274725275,0.0476190476190477,0.962074497840162,-170.263398561443,0.045813071325722,0.011277437538267,95,0.0591725788905456
"TRIM5",14,239,225,393.757322175732,4.5,2.86401673640167,-168.757322175732,1.63598326359833,1.01103967177103,-170.62034762151,1.65404398185135,0.000563310406614366,253,0.00626353230843974
"PSG3",10,152,187.9,360.065789473684,6.85,6.09320175438596,-172.165789473684,0.756798245614035,0.992010705378685,-170.790306257868,0.75075196146093,0.00148548626848997,162,0.0129818582594124
"OR5AP2",3,96,418.333333333333,592.010416666667,2.33333333333333,2.04166666666667,-173.677083333333,0.291666666666667,0.98362387265365,-170.832925299524,0.286890296190648,0.133606150942505,99,0.367874470403335
"KRTAP12-3",5,140,439,629.607142857143,1.4,1.54940476190476,-190.607142857143,-0.149404761904762,0.89627208577001,-170.835861491234,-0.133907317576353,0.113380401111876,145,0.329914240651816
"ARF4",2,68,530.5,825.529411764706,2.25,1.62745098039216,-295.029411764706,0.622549019607843,0.57912186650171,-170.857983614078,0.360531750224103,0.210972551805203,70,0.483571296374558
"ARMCX2",14,248,295.428571428571,482.366935483871,2.53571428571429,1.95866935483871,-186.9383640553,0.577044930875576,0.914525720392112,-170.959942056596,0.527722431107603,0.00056571245222087,262,0.00626358744768277
"OR51F1",4,103,431.25,582.174757281553,1,1.5663430420712,-150.924757281553,-0.566343042071197,1.13656569022733,-171.535900932101,-0.643686070517095,0.0347581510890806,107,0.139299154594736
"MOB1B",3,84,732.666666666667,1007.38095238095,1,0.98015873015873,-274.714285714286,0.0198412698412699,0.626095536413186,-171.997388074651,0.0124225304843886,0.224741105052001,87,0.496826148477901
"MYL9",3,3,464,734.333333333333,0.833333333333333,1,-270.333333333333,-0.166666666666667,0.636377527771333,-172.03405834085,-0.106062921295222,0.361442627277159,6,0.627541252541672
"PPBP",6,88,543.166666666667,811.25,1.16666666666667,1.48674242424242,-268.083333333333,-0.320075757575758,0.641910308576886,-172.08545522432,-0.205459928313435,0.0239072650805337,94,0.104464353938854
"KLRC3",10,197,251.8,424.690355329949,4.15,3.86971235194585,-172.890355329949,0.280287648054146,0.995743017185408,-172.154364058501,0.279094468353237,5.40641330914267e-05,207,0.000998531669199184
"SNRPF",2,64,523,829.296875,2.25,1.64322916666667,-306.296875,0.606770833333333,0.562081122961249,-172.163691459521,0.341054431380133,0.0328229398352799,66,0.133177549362712
"DYNC1LI2",2,72,744.5,1027.16666666667,1.5,0.993055555555556,-282.666666666667,0.506944444444444,0.610057165750339,-172.442825518762,0.309265090970658,0.417330603045231,74,0.674387672082367
"ADH1A",6,76,542.833333333333,729.21052631579,1.08333333333333,1.50219298245614,-186.377192982456,-0.418859649122807,0.926665283649875,-172.709274400955,-0.388142695563873,0.0482750076888474,82,0.179946640643307
"SULT1A3",4,87,466.75,678.264367816092,1.75,2.02681992337165,-211.514367816092,-0.276819923371648,0.816852871486416,-172.776118711209,-0.22612114929078,0.0178169443751105,91,0.0838841002741687
"LTF",7,164,511.571428571429,724.341463414634,1.28571428571429,1.10619918699187,-212.770034843206,0.179515098722416,0.812074662942418,-172.785154329543,0.145779663288081,0.0559304490187226,171,0.200200360665647
"CLTRN",5,112,394.6,617.071428571429,1.6,1.79464285714286,-222.471428571429,-0.194642857142857,0.777635416095332,-173.001661926466,-0.15136117920427,1.96477858985905e-05,117,0.000498443345174921
"NKAP",3,38,464.333333333333,688.657894736842,1,1,-224.324561403509,0,0.771881491338953,-173.151977000097,0,0.0130630707367244,41,0.0664081786674338
"FAM209A",6,133,425.166666666667,629.12030075188,1.08333333333333,1.02380952380952,-203.953634085213,0.0595238095238095,0.849500765767613,-173.258768336476,0.0505655217718817,0.00074464351136091,139,0.00763040586347474
"UGT2A1",13,177,384.769230769231,547.316384180791,2,1.93691148775895,-162.54715341156,0.063088512241054,1.06778057518424,-173.564692964357,0.0673646878882708,0.0182383984576177,190,0.0852539090693292
"BNIP2",2,47,694.5,992.595744680851,1.5,1.21276595744681,-298.095744680851,0.287234042553191,0.582670907901131,-173.691718194655,0.16736292035458,0.172360139747729,49,0.426182513860047
"OR7D4",13,179,194.153846153846,372.217877094972,4.80769230769231,4.6219739292365,-178.064030941126,0.185718378455811,0.976292072439782,-173.842501794493,0.18131538059278,2.24959095448205e-06,192,0.00010134795110451
"OR51A7",6,77,624.5,811.467532467532,1.08333333333333,0.995670995670996,-186.967532467532,0.0876623376623376,0.933312293964783,-174.499096624208,0.0818163374579517,0.320242116891326,83,0.589705885438361
"OR2V2",3,119,411.333333333333,586.058823529412,1.33333333333333,1.33473389355742,-174.725490196078,-0.00140056022408963,0.999059334090795,-174.561131883982,-0.00139924276483304,0.168084745102966,122,0.419890477011519
"IGHE",2,33,436,628.757575757576,1,1.18939393939394,-192.757575757576,-0.189393939393939,0.906143922936477,-174.666105872695,-0.171618167222818,0.00342642648226975,35,0.0239391775352162
"RNASE2",5,84,425.8,610,1.4,1.85912698412698,-184.2,-0.459126984126984,0.949341083370564,-174.868627556858,-0.435868108515771,0.0181580297956522,89,0.0850303438280274
"PTPRZ1",5,34,348.8,502.911764705882,2,1.91176470588235,-154.111764705882,0.0882352941176472,1.13502237601257,-174.92030134796,0.10014903317758,0.0391358557497209,39,0.153086812985061
"OR8U1",2,105,444,608.542857142857,1,1.73968253968254,-164.542857142857,-0.73968253968254,1.06380562071444,-175.041616276985,-0.786878443258618,0.000420042711000271,107,0.00489987323144512
"ACTR3",2,31,886,1122.83870967742,1,0.951612903225806,-236.838709677419,0.0483870967741935,0.739190813995611,-175.068998592122,0.0357672974514005,0.103962102744912,33,0.309399743134915
"ZMYM6",3,61,638.333333333333,1003.03278688525,1.33333333333333,1.21857923497268,-364.699453551912,0.114754098360656,0.480564617594988,-175.261653433276,0.0551467593961463,0.148298682439334,64,0.390499590559732
"NUTM2D",14,207,277.642857142857,465.183574879227,4,2.68276972624799,-187.54071773637,1.31723027375201,0.934637191024929,-175.28252962792,1.23113240299258,0.000302133307907147,221,0.00377738915579605
"BNIPL",2,35,694.5,1069.4,1.5,1.14761904761905,-374.9,0.352380952380952,0.467716429394968,-175.346889380174,0.164814360834417,0.10395887887795,37,0.309399743134915
"OR51I1",3,39,428,604.128205128205,1,1.2948717948718,-176.128205128205,-0.294871794871795,0.995607623827142,-175.354583796632,-0.293576607025952,0.0459207511918212,42,0.172648809876588
"ZNF771",4,47,607.25,864.127659574468,1,1.52482269503546,-256.877659574468,-0.524822695035461,0.682792512123846,-175.394142489345,-0.358345006362869,0.136344540071184,51,0.371242033905494
"HSFY2",2,19,225,471.368421052632,2,3.42105263157895,-246.368421052632,-1.42105263157895,0.712034666603601,-175.422856545866,-1.01183873675249,0.00830308536480251,21,0.0472678911943986
"RAB5B",4,102,442,666.029411764706,2.25,1.61846405228758,-224.029411764706,0.631535947712418,0.784131723557558,-175.668568774645,0.495207371168294,0.030733763537688,106,0.126269377553426
"CYP2B6",3,133,390.666666666667,555.872180451128,2.5,2.35714285714286,-165.205513784461,0.142857142857142,1.06411415264043,-175.797525312279,0.152016307520061,0.399370708828005,136,0.660644758569708
"ZNF222",3,97,322.333333333333,539.958762886598,2.33333333333333,3.01030927835052,-217.625429553265,-0.676975945017182,0.808125504148171,-175.868659973194,-0.547081526863194,0.0840297794283151,100,0.26679199713996
"MRPS18C",2,68,609,939.338235294118,2,1.38970588235294,-330.338235294118,0.610294117647059,0.532504166544428,-175.906486663051,0.324984160464614,0.328484202514478,70,0.598904645742004
"OR52J3",3,86,432.333333333333,589.906976744186,1,1.52325581395349,-157.573643410853,-0.523255813953488,1.1167325775742,-175.96762096396,-0.584336813846966,0.000207536377810699,89,0.00282444039176749
"LYRM2",4,109,408.25,618.770642201835,2.125,2.01987767584098,-210.520642201835,0.105122324159022,0.838873917438498,-176.600275825522,0.0881843758775181,0.161305770986939,113,0.409215514163952
"NAP1L1",11,213,462.272727272727,634.549295774648,1.18181818181818,1.24256651017214,-172.276568501921,-0.0607483283539618,1.02560738394027,-176.688120735461,-0.0623039341218513,0.00454668797477167,224,0.0298573320654528
"CCL8",3,83,521.666666666667,717.89156626506,1.5,1.42771084337349,-196.224899598394,0.072289156626506,0.904365223135514,-177.458975110045,0.0653757992628083,0.0185552979155898,86,0.0865803454525646
"SPATA31A3",7,175,259.142857142857,462.514285714286,3.64285714285714,2.57428571428571,-203.371428571429,1.06857142857143,0.873677880869274,-177.681118743643,0.933587221271739,0.00245625465879207,182,0.0186104642599858
"H2BW1",3,134,234,450.529850746269,3.66666666666667,3.4092039800995,-216.529850746269,0.257462686567164,0.821304028701397,-177.836838752023,0.211455141717897,0.0555513869734354,137,0.199664063495993
"ACCS",7,13,486.142857142857,698.769230769231,0.928571428571429,1.01282051282051,-212.626373626374,-0.0842490842490842,0.836997546679665,-177.967753084669,-0.0705162768264919,0.0633363917338204,20,0.218047419763469
"CCL7",7,106,503.428571428571,695.867924528302,1.5,1.48899371069182,-192.43935309973,0.0110062893081762,0.925494847192014,-178.101629690765,0.0101862640414216,0.07724747613023,113,0.251054297423247
"TAS2R20",7,52,424.857142857143,637.596153846154,1.42857142857143,2.01282051282051,-212.739010989011,-0.584249084249084,0.837523648912668,-178.173952749589,-0.489322424914178,0.00866203287212543,59,0.0486750363330403
"LYN",2,74,487.5,785.837837837838,2.5,1.75,-298.337837837838,0.75,0.598758585739125,-178.632341856252,0.449068939304344,0.159847962737949,76,0.405911298964295
"TXLNG",5,70,498,719.542857142857,0.9,0.95,-221.542857142857,-0.05,0.807207822672436,-178.831127342916,-0.0403603911336219,0.0196144002365062,75,0.090551992611291
"BCO2",2,34,700.5,894.176470588235,1,1.20588235294118,-193.676470588235,-0.205882352941176,0.923830039997329,-178.924141570071,-0.190200302352391,0.59498865604378,36,0.81362746614119
"SMR3B",9,103,437.888888888889,608.466019417476,0.944444444444444,1.23462783171521,-170.577130528587,-0.290183387270766,1.05089217348241,-179.25817144758,-0.304951450557464,0.0018397769424008,112,0.0151651014211145
"EPHX3",3,28,762,1125.14285714286,1,0.970238095238095,-363.142857142857,0.0297619047619048,0.493892665077906,-179.353593518291,0.014699186460652,0.0847175111099603,31,0.268649097730978
"H2AC17",3,74,473,707.189189189189,1.16666666666667,1.37725225225225,-234.189189189189,-0.210585585585585,0.768297702300868,-179.927015957757,-0.161792421543088,0.00928310834925911,77,0.0508527507685829
"OR10A4",2,31,439,619.064516129032,1.5,1.09677419354839,-180.064516129032,0.403225806451613,0.999896138607649,-180.045814377674,0.403183926857923,0.497884964454922,33,0.746418884183622
"KRTAP4-4",3,72,469,654.541666666667,1,1.98842592592593,-185.541666666667,-0.988425925925926,0.971414002665748,-180.237773077941,-0.960170785042301,0.121688275588943,75,0.347130419338328
"NLRP1",3,38,249.333333333333,401.605263157895,4.33333333333333,2.25438596491228,-152.271929824561,2.07894736842105,1.18378930731295,-180.257882330224,2.46103566520324,0.209379200835016,41,0.481185445718468
"OR2AJ1",4,151,201.25,369.298013245033,3.75,5.99227373068433,-168.048013245033,-2.24227373068433,1.0740388892298,-180.49010148297,-2.40828918705336,0.0805378740258443,155,0.258850510245426
"C10orf88",6,106,463.166666666667,677.22641509434,1,1.02122641509434,-214.059748427673,-0.0212264150943395,0.844501648308328,-180.773810383636,-0.0179257425348465,0.000164417726446659,112,0.00240013139220737
"SPATA31D1",8,108,393.75,582.685185185185,3.875,2.10802469135802,-188.935185185185,1.76697530864198,0.95729015732389,-180.865793149944,1.69150807119731,0.27078843724328,116,0.556619286362689
"FGFR1",3,76,698.666666666667,926.868421052632,1,1.18201754385965,-228.201754385965,-0.182017543859649,0.792938477868531,-180.949951769735,-0.144328714173439,0.357865512821627,79,0.624245225566093
"LILRA4",8,131,224.875,423.213740458015,7,3.82697201017812,-198.338740458015,3.17302798982188,0.912442386862253,-180.972673750764,2.89520523261382,0.00440273021172493,139,0.029124896311993
"STATH",13,202,326.615384615385,530.391089108911,2.15384615384615,1.9042904290429,-203.775704493526,0.249555724803249,0.888738378958039,-181.103289282609,0.221789750321338,3.32456368169524e-05,215,0.000723923741689138
"CYP2S1",3,38,680,982.947368421053,1.33333333333333,1.14912280701754,-302.947368421053,0.184210526315789,0.597879219582853,-181.125936206258,0.110135645712631,0.149174422978913,41,0.391684095449234
"AP1S3",2,69,761,951.420289855072,0.75,1.02898550724638,-190.420289855072,-0.278985507246377,0.951704068313349,-181.22376454448,-0.26551164224684,0.0429154291902715,71,0.163944468529502
"THAP6",2,24,452,667.375,1,1.04166666666667,-215.375,-0.0416666666666667,0.841671033333959,-181.274898804301,-0.035069626388915,0.199498441790159,26,0.467524151029313
"RUFY2",2,88,553,813.454545454545,2,1.57575757575758,-260.454545454545,0.424242424242424,0.696055796325346,-181.29089604292,0.295296398441056,0.00107226013655204,90,0.0101515062927916
"IARS1",2,32,616.5,788.9375,1,1.67708333333333,-172.4375,-0.677083333333333,1.05182281040573,-181.373695869338,-0.712171694545545,0.523419996584805,34,0.766216499202294
"MKRN1",2,26,713.5,930.115384615385,1,1.05769230769231,-216.615384615385,-0.0576923076923077,0.838750223425913,-181.686202243644,-0.0483894359668796,0.542259679836004,28,0.775581745107911
"RTP2",12,183,505.166666666667,712.868852459016,1,0.993624772313297,-207.70218579235,0.00637522768670307,0.880019948932416,-182.782066934135,0.00561032754328496,0.000898351980342199,195,0.00892545142446451
"CD300LD",5,136,328.8,521.169117647059,2.9,2.14583333333333,-192.369117647059,0.754166666666666,0.950951313313557,-182.933665067441,0.717175782123974,0.0136050187031385,141,0.0686291773577238
"PSG9",7,137,163.571428571429,350.160583941606,7.42857142857143,5.70316301703163,-186.589155370177,1.7254084115398,0.981953524861534,-183.221878816682,1.69427087153725,0.000743227324852056,144,0.00763040586347474
"TNFRSF10A",3,61,468,704.852459016393,1,1.72950819672131,-236.852459016393,-0.729508196721311,0.77383892064065,-183.28565123633,-0.564521835549327,0.00522089083697109,64,0.0335188888378513
"ANAPC1",2,16,519,747.1875,1,1.53125,-228.1875,-0.53125,0.803440289804309,-183.335031129721,-0.426827653958539,0.217948776707537,18,0.489681989283571
"ZMYM4",2,63,553,924.063492063492,2,1.28571428571429,-371.063492063492,0.714285714285714,0.494176426817305,-183.370830630288,0.35298316201236,0.000109027031421658,65,0.00169575972086186
"ASGR1",7,71,443.285714285714,601.042253521127,1.07142857142857,1.12206572769953,-157.756539235413,-0.0506371562709591,1.16421343110867,-183.662281823089,-0.0589524574437993,0.00685864170829773,78,0.0406748216187381
"TVP23C",2,84,553,842.285714285714,2,1.52579365079365,-289.285714285714,0.474206349206349,0.635162681822982,-183.743490098791,0.30119817649939,0.00115088629020828,86,0.0106263811883896
"CCDC7",6,95,408,571.38947368421,1.16666666666667,1.49473684210526,-163.389473684211,-0.328070175438596,1.12494796590092,-183.804656070675,-0.369061876532407,0.010468982449161,101,0.0561089207977038
"DUXB",2,27,504,842.555555555556,1.5,1.44444444444444,-338.555555555556,0.0555555555555556,0.544800006710307,-184.445068938478,0.0302666670394615,0.0629230265838852,29,0.218047419763469
"SEPTIN6",2,86,487.5,736.174418604651,2.5,1.77131782945736,-248.674418604651,0.728682170542636,0.74179358473072,-184.465088407572,0.540531759416183,0.209212751062163,88,0.481185445718468
"DEFA5",9,115,184.555555555556,374.608695652174,4.61111111111111,5.44782608695652,-190.053140096618,-0.83671497584541,0.972435534822201,-184.814426934494,-0.813651375029977,0.000171120078696874,124,0.00248409314241629
"TF",8,130,511.875,751.446153846154,1.25,1.05576923076923,-239.571153846154,0.194230769230769,0.772051209037172,-184.961198977353,0.149956100216835,0.0174597336848904,138,0.0831006996696149
"OR2AG2",6,106,516.833333333333,685.132075471698,1.25,1.32389937106918,-168.298742138365,-0.0738993710691824,1.10037335608587,-185.191451711823,-0.0813168989560311,0.230539831655254,112,0.504778391796422
"SET",3,122,431,629.426229508197,2,1.56284153005464,-198.426229508197,0.437158469945355,0.934436786921985,-185.416768342684,0.408496956031469,5.49315151399352e-05,125,0.000998531669199184
"TAS2R46",8,51,353.25,602.254901960784,1.9375,2.90849673202614,-249.004901960784,-0.970996732026143,0.745789701600061,-185.705291530286,-0.724159363032412,0.000467866683459339,59,0.0053153723646924
"RAET1L",11,150,265.090909090909,449.14,4.40909090909091,3.50444444444444,-184.049090909091,0.904646464646465,1.00969760915358,-185.8339270578,0.913419372482778,0.00800199639730457,161,0.0461654481813505
"DENND5B",2,69,807.5,1060.33333333333,1.25,0.990338164251208,-252.833333333333,0.259661835748792,0.73573286365899,-186.017792361781,0.191041745998409,0.33996618969389,71,0.609699144591719
"TRBV24-1",5,132,243.8,394.818181818182,4.4,4.55555555555555,-151.018181818182,-0.155555555555554,1.23227578846178,-186.096049072065,-0.191687344871831,0.107333612009915,137,0.316502122279876
"MUC2",8,148,440.625,650.628378378378,1.4375,1.33108108108108,-210.003378378378,0.106418918918919,0.887427411738759,-186.362754530719,0.094439065776253,0.00104024933414536,156,0.00995667219824848
"ALG5",2,23,724,890.391304347826,1.25,0.985507246376812,-166.391304347826,0.264492753623188,1.12079110477517,-186.489893824981,0.29644112553836,0.791592085846694,25,0.91574073632233
"SIGLEC14",7,38,378.571428571429,606.184210526316,2.07142857142857,1.6359649122807,-227.612781954887,0.43546365914787,0.820408889165021,-186.735549603369,0.35725825687324,0.0178826248015237,45,0.0840419039683118
"SIGLEC9",12,264,199.5,382.920454545455,5,2.93623737373737,-183.420454545455,2.06376262626263,1.01956670583953,-187.009388624498,2.10414366249332,9.94412651677622e-05,276,0.00160395077705779
"DPEP2NB",10,71,337.7,526.281690140845,2.05,2.40258215962441,-188.581690140845,-0.352582159624413,0.991685307823953,-187.013691437285,-0.34965054750037,0.00176739009099586,81,0.0148018920120903
"RPLP2",2,65,616,888.6,1.75,1.17435897435897,-272.6,0.575641025641026,0.686451631672313,-187.126714793873,0.395149721308806,0.00162870304592027,67,0.0139425076929416
"KPNA4",3,73,556,850.301369863014,1.5,1.39497716894977,-294.301369863014,0.105022831050228,0.636274192382792,-187.256366426739,0.0668233170082384,0.0176728012562214,76,0.0836538243174116
"HSFY1",2,21,225,487.333333333333,2,3.23809523809524,-262.333333333333,-1.23809523809524,0.714007099980636,-187.307862561587,-0.884008790452216,0.00272742788049222,23,0.0201321159653282
"SULT1A4",4,88,434,664.295454545455,2,2.05492424242424,-230.295454545455,-0.0549242424242427,0.814132456323851,-187.491004089309,-0.0447156083965754,0.0110664836797233,92,0.0584176199093272
"RP9",4,99,477,688.141414141414,1.375,1.16666666666667,-211.141414141414,0.208333333333333,0.891019450487869,-188.131106803514,0.185629052184973,0.0215472352048868,103,0.0970740096385677
"PNMA6A",4,16,503.75,754.6875,1,1.0625,-250.9375,-0.0625,0.75090589417155,-188.430447818673,-0.0469316183857219,0.0589482779560484,20,0.208709623391128
"ARPP19",3,71,609,805.12676056338,1,1.19014084507042,-196.12676056338,-0.190140845070423,0.964576550102295,-189.179274086964,-0.183405400371563,0.386792718064292,74,0.651570803844518
"H4C14",9,64,452.222222222222,755.265625,1.44444444444444,1.86197916666667,-303.043402777778,-0.417534722222223,0.625359427976917,-189.511049013289,-0.26110927504939,1.29887610409917e-06,73,7.22119842555559e-05
"NME6",2,18,533.5,734.277777777778,1.25,1.48148148148148,-200.777777777778,-0.231481481481481,0.943941437266105,-189.52246412665,-0.218504962330117,0.282797313934143,20,0.567192186505451
"SCGB2A2",8,107,409.5,602.700934579439,3.6875,1.85981308411215,-193.200934579439,1.82768691588785,0.98211815207952,-189.746144849195,1.79500449641169,0.14262474291285,115,0.380672577355747
"H2BC13",3,68,394,666.102941176471,2,1.86764705882353,-272.102941176471,0.13235294117647,0.697608861495046,-189.821423003571,0.0923305846096382,0.000569121668479827,71,0.00627474649678392
"OR8H3",4,136,303.5,479.051470588235,8.375,3.36887254901961,-175.551470588235,5.00612745098039,1.08232242036039,-190.003292544885,5.41824397937771,0.181482980721459,140,0.438304216397994
"SIRPG",10,203,301.2,486.615763546798,2.4,2.03530377668309,-185.415763546798,0.364696223316912,1.02609542421689,-190.25426655305,0.374213125974664,3.50149660031959e-06,213,0.000140760163332848
"ACTL7B",6,12,449.333333333333,735.916666666667,1,0.958333333333333,-286.583333333333,0.0416666666666666,0.664517288165815,-190.439579500186,0.0276882203402423,0.061501021551426,18,0.214717007132765
"TAS2R50",8,73,283.625,524.479452054794,3.3125,3.44748858447489,-240.854452054794,-0.134988584474885,0.79206408150367,-190.77216034285,-0.10691960917558,0.00229242506485076,81,0.017774797312923
"BTF3",2,57,616.5,989.350877192982,1,1.02046783625731,-372.850877192982,-0.0204678362573099,0.511825644224233,-190.834640418869,-0.0104759634782737,0.28051253844709,59,0.566444561794627
"SIGLEC6",12,183,359.666666666667,576.633879781421,2.58333333333333,1.83606557377049,-216.967213114754,0.747267759562841,0.879790547666219,-190.885703251843,0.6574391114391,0.0073376048585361,195,0.0431754759571357
"ABCC3",2,60,311,753.083333333333,5.25,2.7,-442.083333333333,2.55,0.431996447992505,-190.978429716687,1.10159094238089,0.0830118759874911,62,0.264935123574326
"MICALL2",3,24,708,906.458333333333,1.16666666666667,0.930555555555556,-198.458333333333,0.236111111111111,0.962604770908872,-191.03693849329,0.22728168202015,0.639406234516216,27,0.842121863572756
"ZSCAN2",2,55,311,656.872727272727,5.25,3.38787878787879,-345.872727272727,1.86212121212121,0.55363486517709,-191.487200732069,1.03093522621613,0.127717788856658,57,0.356926825970533
"SCAMP4",2,45,714.5,1124.06666666667,1.75,1.07777777777778,-409.566666666667,0.672222222222222,0.467539346145636,-191.488531536381,0.314290338242344,0.335091355821233,47,0.604921570925225
"H3C10",4,71,421.5,703,2.25,1.82394366197183,-281.5,0.426056338028169,0.681538022629457,-191.852953370192,0.290373594148466,0.0357837558372691,75,0.142752601530968
"TRGV4",2,113,310.5,527.044247787611,4.5,3.06194690265487,-216.544247787611,1.43805309734513,0.887240055002562,-192.126730317568,1.2758983091851,0.570669289587396,115,0.796984956542953
"FAM90A1",3,54,363.666666666667,621.37037037037,2,3.03395061728395,-257.703703703704,-1.03395061728395,0.747027976403157,-192.511876289376,-0.772390037330425,0.000223373340683703,57,0.00299320276516162
"ZKSCAN3",5,121,373.4,602.074380165289,3.1,2.71694214876033,-228.674380165289,0.38305785123967,0.84354952762608,-192.898165368616,0.323128269466685,0.0312595912991731,126,0.128228119410894
"REG3A",15,257,382.066666666667,568.031128404669,2.06666666666667,1.62775616083009,-185.964461738003,0.438910505836576,1.03807783192986,-193.04558525699,0.455623266310072,0.00907150205073251,272,0.0504304735777288
"ADGRE2",11,184,286.727272727273,518.255434782609,2.54545454545455,2.11050724637681,-231.528162055336,0.434947299077734,0.836340676333484,-193.636419643608,0.363764118280094,8.69443472331187e-07,195,5.16330862091225e-05
"PSG5",8,122,209.75,406.893442622951,7.9375,5.21448087431694,-197.143442622951,2.72301912568306,0.98262521696143,-193.7181180799,2.67570725916444,0.0050314257502378,130,0.0325423650628004
"IFNL2",13,212,383.076923076923,579.603773584906,1.92307692307692,1.50432389937107,-196.526850507983,0.418753023705854,0.987743347114816,-194.118089118688,0.41362051324967,0.00229103004326464,225,0.017774797312923
"CCT5",9,119,468.444444444444,654.966386554622,1.22222222222222,1.4187675070028,-186.521942110177,-0.196545284780579,1.04201127391227,-194.357966510817,-0.204802402575661,0.0232427350559048,128,0.102244556735824
"CARD17",6,99,332.833333333333,547.939393939394,2.58333333333333,2.14814814814815,-215.106060606061,0.435185185185186,0.903922922423083,-194.439298933947,0.393373864387824,0.0193854418090772,105,0.0896533795524223
"PF4V1",7,72,628.285714285714,923.694444444444,0.928571428571429,1.11574074074074,-295.40873015873,-0.187169312169312,0.658586210925119,-194.552116269439,-0.123267128103048,0.00909022313628407,79,0.0504304735777288
"GNG8",2,17,595.5,743.647058823529,2,1.05882352941176,-148.147058823529,0.941176470588235,1.31388388112318,-194.648032624043,1.23659659399829,0.759332788245387,19,0.906780384645485
"DUOXA2",12,189,494.5,710.079365079365,1.08333333333333,0.973985890652557,-215.579365079365,0.109347442680776,0.903181007996223,-194.707188255567,0.0987605335022324,0.000952182479140379,201,0.00935358202253312
"DUOXA1",13,187,511.461538461538,723.540106951872,1.03846153846154,0.991978609625668,-212.078568490333,0.0464829288358701,0.91822043275505,-194.734874937265,0.0426815750313949,0.000836651881677862,200,0.00847353242955137
"CSTB",6,70,378.166666666667,609.414285714286,2.33333333333333,1.72142857142857,-231.247619047619,0.611904761904762,0.842502398383026,-194.826673667983,0.515531229486757,0.0111370222210603,76,0.0586714497250618
"UBTFL1",3,17,355.666666666667,633.470588235294,1.83333333333333,1.76470588235294,-277.803921568627,0.0686274509803921,0.70143735043673,-194.862046686031,0.0481378573829128,0.0606413849023558,20,0.212978412298193
"PPP3CC",2,80,744.5,1004.075,1.5,1.125,-259.575,0.375,0.750730587478466,-194.870892244723,0.281523970304425,0.44424535340222,82,0.695514145260635
"FAM90A26",2,59,388,645.220338983051,2,2.38983050847458,-257.220338983051,-0.389830508474577,0.75928998054885,-195.304826183209,-0.29599439919701,0.000616726883829125,61,0.00674270856671759
"LRRC37B",5,58,416.8,618.534482758621,1.8,2.48275862068966,-201.734482758621,-0.682758620689655,0.968525254623199,-195.384941280072,-0.661268966949632,0.23035142836802,63,0.504778391796422
"RAB40B",4,69,423.25,638.304347826087,1.375,1.33091787439614,-215.054347826087,0.0440821256038648,0.909041597146685,-195.493347821165,0.0400724858645581,0.08689348508401,73,0.272899851591969
"ZNF2",3,81,400.666666666667,616.086419753086,3.16666666666667,4.13168724279835,-215.41975308642,-0.965020576131687,0.909370981151434,-195.896472223597,-0.877561708148194,0.302232615390927,84,0.578538922612934
"ADH1C",6,71,548.833333333333,760.507042253521,1.08333333333333,1.48356807511737,-211.673708920188,-0.400234741784038,0.926783280950215,-196.175654443953,-0.370930867140873,0.0280538097797899,77,0.117663892382971
"IL37",3,39,413.666666666667,694.48717948718,1,1.00854700854701,-280.820512820513,-0.00854700854700852,0.698723580968687,-196.215914327412,-0.00597199641853577,0.000244611255566446,42,0.00315343399329431
"SCGB2A1",9,137,386,590.029197080292,3.22222222222222,2.15328467153285,-204.029197080292,1.06893755068938,0.962074128802505,-196.291212031297,1.02839716282377,0.0497516073188808,146,0.18387687400882
"FLYWCH2",3,61,410,634.803278688525,1.33333333333333,1.0655737704918,-224.803278688525,0.26775956284153,0.873319004563032,-196.324975566768,0.233839514882998,0.00113594617975085,64,0.0105256289634361
"ABCC1",2,83,349,643.156626506024,4,2.7429718875502,-294.156626506024,1.2570281124498,0.667899116285903,-196.466950893016,0.839567965451758,0.0654743026557835,85,0.2242148796188
"CSAG2",4,44,276.25,582.159090909091,5.125,3.62121212121212,-305.909090909091,1.50378787878788,0.642588663440516,-196.573713861576,0.966317043128352,0.0709590899167728,48,0.236198855990481
"OR51E2",4,103,537.75,731.116504854369,1,1.13754045307443,-193.366504854369,-0.137540453074434,1.0184590445977,-196.935865791177,-0.140079318431723,0.113772282476024,107,0.330686289332426
"SLC25A15",7,19,492.857142857143,751.157894736842,1,1.63157894736842,-258.300751879699,-0.631578947368421,0.763021951989935,-197.089143899716,-0.481908601256801,0.0906732699579039,26,0.282826740671296
"NKAIN3",8,49,465.875,637.632653061224,0.9375,1.18367346938776,-171.757653061224,-0.246173469387755,1.14796032371831,-197.170971009261,-0.282597375609228,0.0221064245079474,57,0.0984056000668937
"CTAG1A",13,237,127.076923076923,342.379746835443,8.69230769230769,4.65330520393811,-215.30282375852,4.03900248836958,0.915958753626606,-197.208506102143,3.69955968514176,5.98589011405276e-10,250,1.04274205786799e-07
"MRGPRX4",8,100,308.125,544.97,3.125,2.875,-236.845,0.25,0.832829277315988,-197.251450185905,0.208207319328997,0.00256494914032282,108,0.0193147322872148
"C11orf98",2,32,713.5,1021.6875,1,1.06770833333333,-308.1875,-0.0677083333333333,0.642333274542041,-197.959086047925,-0.043491315463784,0.424516771674662,34,0.681619856165337
"MRGPRX3",14,123,313.642857142857,525.349593495935,2.85714285714286,2.63550135501355,-211.706736353078,0.221641502129307,0.938362113797954,-198.65758062954,0.20797998844341,0.000938542624378369,137,0.00925438444339879
"OR1C1",2,46,453.5,713.391304347826,1.75,1.65942028985507,-259.891304347826,0.0905797101449275,0.765008993864696,-198.819185253314,0.0692942929225268,0.401651499730011,48,0.662154806810422
"PSG7",5,82,271.4,475.878048780488,3.4,4.48170731707317,-204.478048780488,-1.08170731707317,0.974314281190956,-199.22588311689,-1.05392288709314,0.00086919796093166,87,0.00866875676303216
"PCDHGB5",5,114,375.4,539.377192982456,1.6,1.55994152046784,-163.977192982456,0.0400584795321637,1.21510155073852,-199.248941478732,0.0486751205997594,0.0867418115603166,119,0.272899851591969
"UGT2A2",10,149,363,552.476510067114,1.5,1.75279642058166,-189.476510067114,-0.252796420581656,1.05286457348656,-199.493104957534,-0.266160395534634,0.000118431984678639,159,0.00180972383605429
"SDHC",3,75,477.666666666667,778.306666666667,1.33333333333333,1.87555555555556,-300.64,-0.542222222222222,0.664322479724885,-199.721910304489,-0.360210411228604,0.00554031675326054,78,0.0348001146064178
"ZNF852",5,151,427,674.450331125828,1,1.26490066225166,-247.450331125828,-0.264900662251656,0.807264502323476,-199.757868406071,-0.213844901277742,0.000353737712683373,156,0.0043070610180209
"CNIH1",2,28,570.5,779.678571428571,0.75,1,-209.178571428571,-0.25,0.955632954843882,-199.897936304308,-0.238908238710971,0.354358361146954,30,0.621435166226168
"TMCO5A",2,41,426.5,669.853658536585,1,1.03455284552846,-243.353658536585,-0.0345528455284554,0.821433612870423,-199.898874936943,-0.0283828687373927,0.000106398217210922,43,0.00168496085801297
"KRTAP9-8",7,89,360,585.719101123595,4.21428571428571,2.52808988764045,-225.719101123595,1.68619582664526,0.887411620786325,-200.305753370522,1.49634977148641,0.159713394251903,96,0.405911298964295
"MLF1",3,34,645.666666666667,811.323529411765,0.833333333333333,1.19117647058824,-165.656862745098,-0.357843137254902,1.20930490219161,-200.32965619933,-0.432741460097979,0.720173764600133,37,0.891205231839016
"GBP5",6,110,331.666666666667,505.263636363636,2.25,1.55606060606061,-173.59696969697,0.693939393939394,1.15464683758909,-200.443192075656,0.801254926690614,0.00234474478181531,116,0.0180732097784171
"TAS2R30",8,51,322.625,584.176470588235,2.375,2.98039215686275,-261.551470588235,-0.605392156862745,0.766599817738593,-200.505309682202,-0.464093517111354,0.000928897355467957,59,0.00919397268877944
"UBE2D3",6,165,412.333333333333,614.19393939394,1.83333333333333,1.41969696969697,-201.860606060606,0.413636363636364,0.993597419913461,-200.568177363986,0.410988023691477,0.0883712936264692,171,0.276543940414328
"RAF1",2,38,886,1187.05263157895,1,0.916666666666667,-301.052631578947,0.0833333333333334,0.666619426677469,-200.687532662901,0.0555516188897891,0.0662685489952071,40,0.225761698399102
"FCGR2A",2,89,436,618.224719101124,1,1.21722846441948,-182.224719101124,-0.217228464419476,1.10159261855217,-200.73740547954,-0.239297272943916,0.0037088174102006,91,0.0257059413603559
"SERPINB4",11,174,417.636363636364,641.166666666667,1.27272727272727,1.43582375478927,-223.530303030303,-0.163096482061999,0.89927976047374,-201.016277367713,-0.146669365322824,4.85792850318521e-05,185,0.000934069852485734
"ATP2A1",2,64,472,828.640625,2.75,1.6171875,-356.640625,1.1328125,0.563738457619791,-201.052035862058,0.638609971522419,0.164598390765317,66,0.414749850597661
"C2CD2",2,7,519.5,760,1,0.928571428571429,-240.5,0.0714285714285714,0.836709345560395,-201.228597607275,0.0597649532543139,0.208368329432036,9,0.481185445718468
"RPL23",2,42,542.5,831.285714285714,1.75,1.5,-288.785714285714,0.25,0.700064532496534,-202.168636063106,0.175016133124134,0.0687637169917918,44,0.231469562345524
"BET1L",4,123,338.25,592.50406504065,2.875,2.5420054200542,-254.25406504065,0.3329945799458,0.795273081681088,-202.201413834822,0.264821625776596,0.0031345850715216,127,0.0224914943116309
"MXD1",2,14,886,1232.21428571429,1,0.892857142857143,-346.214285714286,0.107142857142857,0.584197232630664,-202.257427611488,0.0625925606389997,0.0554627812401978,16,0.199664063495993
"ZFP69",2,71,122,514.281690140845,16.5,9.67605633802817,-392.281690140845,6.82394366197183,0.515853075671271,-202.359716388679,3.52015232623564,0.0734627263561525,73,0.241760836232527
"PANX3",2,2,519.5,932,1,1,-412.5,0,0.490576233763,-202.362696427238,0,0.31036461808517,4,0.584534492305381
"HTN1",12,135,341.166666666667,567.896296296296,1.91666666666667,1.7283950617284,-226.72962962963,0.188271604938272,0.893054681714129,-202.481957224051,0.168136838223956,1.95327199673005e-06,147,9.41225559286711e-05
"GLYAT",9,127,347,559.968503937008,1.72222222222222,1.44094488188976,-212.968503937008,0.281277340332458,0.951370941525867,-202.612046105906,0.267599088101983,1.24055897543627e-05,136,0.000344849000299464
"NAA50",2,81,431,607.074074074074,1,1.30555555555556,-176.074074074074,-0.305555555555556,1.15159487285821,-202.76600094696,-0.351876211151119,0.000202361402887617,83,0.00278300181971233
"TRPM7",2,60,694.5,1070.36666666667,1.5,1.025,-375.866666666667,0.475,0.540026964407788,-202.978135022074,0.256512808093699,0.149337812196063,62,0.391684095449234
"OR5L1",2,53,421.5,611.433962264151,1,1.87421383647799,-189.933962264151,-0.874213836477987,1.07341889688818,-203.878704255187,-0.938397651996587,0.000456399387433529,55,0.00524976340342673
"IFNL1",3,60,446.666666666667,663.8,1,1.24166666666667,-217.133333333333,-0.241666666666667,0.939519220551267,-204.000940089032,-0.22705047829989,0.0299937176996396,63,0.124045471576262
"KANTR",3,8,522,709.5,0.833333333333333,0.958333333333333,-187.5,-0.125,1.08880907637498,-204.151701820308,-0.136101134546872,0.285025813285265,11,0.567192186505451
"FGF21",2,7,668,947.428571428571,0.75,0.833333333333333,-279.428571428571,-0.0833333333333334,0.733870623600642,-205.064419966122,-0.0611558853000535,0.353783855243192,9,0.620862722014555
"GBP2",7,76,417,606.157894736842,2.21428571428571,1.30921052631579,-189.157894736842,0.905075187969925,1.08411421234057,-205.068762060632,0.98120487451501,0.118062849441978,83,0.340130347951367
"CZIB",2,16,761,1059.125,0.75,1.04166666666667,-298.125,-0.291666666666667,0.688428004350136,-205.237598796884,-0.20079150126879,0.0257904467784389,18,0.110476126937805
"OR2Z1",3,24,459.333333333333,741,1,1.24305555555556,-281.666666666667,-0.243055555555556,0.728724927831309,-205.257521339152,-0.177120642181221,0.0219393715027159,27,0.0980283628743916
"DEFB1",7,82,261.142857142857,463.621951219512,3,2.22560975609756,-202.479094076655,0.77439024390244,1.01581502670484,-205.681306356649,0.786637246289723,3.45555894623193e-05,89,0.000744401092270548
"OR51T1",8,118,429.875,622.576271186441,1.125,1.37994350282486,-192.701271186441,-0.254943502824859,1.07260946329911,-206.693207064345,-0.273454813736568,0.00268451635086224,126,0.0199279580250086
"XPNPEP1",3,36,482.333333333333,714.722222222222,1,0.967592592592593,-232.388888888889,0.0324074074074074,0.889452415360962,-206.698858525273,0.0288248467941053,0.0449286095349456,39,0.169650949009845
"TPSD1",11,129,284.545454545455,515.705426356589,4.95454545454545,2.41731266149871,-231.159971811135,2.53723279304675,0.895200735728251,-206.934576836249,2.27133266304929,0.00161115011403767,140,0.0138484712104619
"KRT7",14,225,401.642857142857,584.373333333333,1.21428571428571,1.4637037037037,-182.730476190476,-0.249417989417989,1.13424055925889,-207.260317507929,-0.282899999806688,0.000422038684467284,239,0.00490127592228006
"STX1B",4,55,630.5,869.781818181818,1,1.1,-239.281818181818,-0.1,0.866249757438939,-207.277816959548,-0.086624975743894,0.216097274186902,59,0.487197737230693
"WFDC10B",9,223,408.111111111111,630.27802690583,1.33333333333333,1.37817638266069,-222.166915794719,-0.0448430493273546,0.933397107879493,-207.369956669297,-0.0418563725506502,5.41960132136885e-05,232,0.000998531669199184
"NUTM2F",14,247,260.357142857143,477.546558704453,4.10714285714286,2.41160593792173,-217.189415847311,1.69553691922113,0.957527852577076,-207.964914958745,1.62352382522696,2.12088950433013e-05,261,0.000520003772307514
"GSTA3",7,188,267.428571428571,463.106382978723,3,2.78900709219858,-195.677811550152,0.210992907801418,1.06403068428634,-208.207195723362,0.224502928067508,0.00329686256596432,195,0.023306568157447
"TRAPPC6B",6,25,627.333333333333,859.68,0.916666666666667,1.10666666666667,-232.346666666667,-0.19,0.897152966555763,-208.450501269343,-0.170459063645595,0.256420881554921,31,0.541217902668021
"ETDC",3,50,527.666666666667,909.42,3,1.51,-381.753333333333,1.49,0.547208029324997,-208.898489221582,0.815339963694245,0.236454246709312,53,0.511207085657288
"LGALS7",9,140,468.111111111111,708.207142857143,1,1.15535714285714,-240.096031746032,-0.155357142857143,0.870652819431039,-209.040286973887,-0.135262134447322,6.40266449336536e-07,149,3.93352623570846e-05
"PSG1",6,92,217.333333333333,425.913043478261,6.41666666666667,5.70471014492754,-208.579710144928,0.71195652173913,1.00308751825345,-209.2237038073,0.714154700495664,0.0306583629686935,98,0.126251237114977
"SP100",11,81,336.909090909091,565.283950617284,2.72727272727273,1.89711934156379,-228.374859708193,0.830153385708942,0.916887528075848,-209.394060592514,0.761157285746468,0.0025802774862746,92,0.0193743249184929
"WFDC10A",9,216,435.444444444444,657.356481481482,1.33333333333333,1.20756172839506,-221.912037037037,0.125771604938271,0.943732171331733,-209.425528557611,0.118694709820272,0.0155873260455747,225,0.075705730403507
"OR8B4",2,49,345,532.775510204082,1.5,1.57823129251701,-187.775510204082,-0.078231292517007,1.1156595024635,-209.493532289115,-0.0872794848866003,0.241215246981081,51,0.517483941183551
"HBZ",6,93,455.5,698.032258064516,1,1.04749103942652,-242.532258064516,-0.0474910394265233,0.86425579569765,-209.609909675896,-0.0410444060680784,0.000960214559835464,99,0.00939715597322123
"ZNF343",2,64,436.5,729.203125,2,1.859375,-292.703125,0.140625,0.716552114121438,-209.737043028702,0.100765141048327,4.73166633671296e-05,66,0.000929612341190297
"CEACAM5",7,136,135.285714285714,372.272058823529,8.57142857142857,4,-236.986344537815,4.57142857142857,0.887022350966572,-210.212184478907,4.05495931870433,8.89537587141008e-07,143,5.16524825599879e-05
"TRIM51",5,54,283,557,3.5,3.28703703703704,-274,0.212962962962964,0.769267680702512,-210.779344512488,0.163825524594054,0.000863855437103382,59,0.00864848374387409
"NMT1",2,43,695.5,1117.90697674419,1,1.02325581395349,-422.406976744186,-0.0232558139534884,0.499717929466769,-211.084339810922,-0.0116213471969016,0.355532158971793,45,0.622305465160064
"LGALS7B",9,138,468.111111111111,714.623188405797,1,1.13345410628019,-246.512077294686,-0.133454106280193,0.857133528013945,-211.293766509641,-0.11438798894389,4.12835043814813e-07,147,2.91550802564353e-05
"H2AC13",4,55,514,807.909090909091,1.25,1.51212121212121,-293.909090909091,-0.262121212121212,0.719740829533429,-211.538372898325,-0.188659338650429,0.00187289621460902,59,0.0152933681524168
"S100A8",2,19,488.5,688.947368421053,1,1.28070175438596,-200.447368421053,-0.280701754385965,1.05572802588369,-211.617904556739,-0.296344709019984,0.095982259362863,21,0.292992574433599
"GABARAPL1",2,24,793,1099.20833333333,1,0.958333333333333,-306.208333333333,0.0416666666666666,0.691708270912633,-211.806836789039,0.028821177954693,0.285582844599912,26,0.567192186505451
"IGHM",5,32,411.8,607.3125,1.2,1.09375,-195.5125,0.10625,1.08640350295005,-212.405464870522,0.115430372188443,0.0223108846882686,37,0.0991468396096019
"LCE1F",5,136,417.6,641.110294117647,1.4,1.75857843137255,-223.510294117647,-0.358578431372549,0.950478765261922,-212.44178837627,-0.340821184700538,1.48953851300617e-11,141,2.9939724111424e-09
"LINC00634",7,122,504.142857142857,719.819672131148,0.928571428571429,0.990437158469945,-215.67681498829,-0.0618657298985168,0.987461336748815,-212.972516034064,-0.0610900163445305,0.00330823192378617,129,0.023306568157447
"PMM2",3,39,797.666666666667,1139.05128205128,1,1.01709401709402,-341.384615384615,-0.0170940170940173,0.624298020084339,-213.125739471869,-0.0106717610270828,0.0425076311297903,42,0.163101967903292
"APOBEC3A",10,103,332.2,585.514563106796,3.6,2.06148867313916,-253.314563106796,1.53851132686084,0.841448940138413,-213.151270647839,1.294578725378,6.81314367380696e-05,113,0.00119063176590828
"DPM2",6,25,461.166666666667,677.8,1.08333333333333,1.06666666666667,-216.633333333333,0.0166666666666666,0.984775175304937,-213.335128810226,0.0164129195884156,0.00628871357282776,31,0.0380379827912012
"F10",4,5,469.75,689.4,1.125,1.6,-219.65,-0.475,0.971270412589432,-213.339546125269,-0.46135344597998,0.287418260952278,9,0.568160010514894
"ADD1",2,54,694.5,1040.53703703704,1.5,1.28086419753086,-346.037037037037,0.219135802469136,0.616696706704296,-213.399901138453,0.135140327703719,0.139428935669122,56,0.375208866017937
"GSTT2",3,42,606,921,1,1.17063492063492,-315,-0.170634920634921,0.677679699231921,-213.469105258055,-0.115635821694336,0.212615426797908,45,0.485632963481586
"KLK7",10,19,294.2,554.473684210526,2.65,1.78947368421053,-260.273684210526,0.860526315789474,0.821095232849593,-213.709481341464,0.706574055636361,0.00127386447353166,29,0.011438515014908
"TRIM43",3,103,235.333333333333,464.116504854369,2.66666666666667,2.8826860841424,-228.783171521036,-0.216019417475728,0.934428823098762,-213.781589709204,-0.201854770038325,0.00180503931303461,106,0.0150209163215268
"NXT2",4,43,421.25,635.674418604651,1.25,1.36046511627907,-214.424418604651,-0.11046511627907,0.998304774217378,-214.060920801809,-0.110277852965873,0.0283688046347294,47,0.118414834681387
"OR5M9",2,119,308.5,500.252100840336,3.25,1.96498599439776,-191.752100840336,1.28501400560224,1.1164211485108,-214.076100649528,1.43461681198692,2.13285440091814e-06,121,9.77745359578791e-05
"TSC22D3",2,50,562.5,765.46,0.75,1.08666666666667,-202.96,-0.336666666666667,1.05541003780669,-214.206021273245,-0.355321379394917,0.393120311709579,52,0.656798835740654
"ZKSCAN7",4,93,442.25,732.763440860215,1.25,1.12903225806452,-290.513440860215,0.120967741935484,0.738029442565774,-214.407472815929,0.0892777551490854,2.46017399644449e-06,97,0.000107140577545157
"NOMO2",2,34,516,719.823529411765,2,1.69117647058824,-203.823529411765,0.308823529411765,1.05455931315465,-214.944001181227,0.325672729062465,0.239832791054084,36,0.515364377487106
"MBD3L4",3,41,468,765.146341463415,1,1.4349593495935,-297.146341463415,-0.434959349593496,0.723669358577699,-215.035702330539,-0.314766753527699,0.00144548760343255,44,0.0127173707332298
"PSG4",8,76,266,477.96052631579,5.25,3.96491228070176,-211.960526315789,1.28508771929824,1.01771592234666,-215.715602540557,1.30785423354198,0.00829182867647049,84,0.0472678911943986
"IMMP1L",2,15,695.5,1041.66666666667,1,0.966666666666667,-346.166666666667,0.0333333333333333,0.623220652684927,-215.738215937766,0.0207740217561642,0.406878541560015,17,0.666566538618381
"CHURC1",8,46,462.875,669.782608695652,1,1.30797101449275,-206.907608695652,-0.307971014492753,1.04272389424935,-215.74750748895,-0.321128735547806,0.00499536011579885,54,0.0323892704282442
"NUTM2G",14,229,252,490.650655021834,4.21428571428571,2.40684133915575,-238.650655021834,1.80744437512996,0.907721553561369,-216.628343334857,1.64065621616873,6.70926495521234e-06,243,0.000216435917629257
"RET",2,34,529.5,773.823529411765,1.25,1.68627450980392,-244.323529411765,-0.436274509803922,0.886856741389583,-216.67996913892,-0.386912990116044,0.230686036298412,36,0.504778391796422
"CES5A",2,85,410.5,602.011764705882,1.75,1.73137254901961,-191.511764705882,0.0186274509803921,1.13145843585312,-216.687601741589,0.0210761865502051,0.42548214286044,87,0.682076588524129
"DEFB4A",2,93,418.5,665.075268817204,2,2.78494623655914,-246.575268817204,-0.78494623655914,0.879946146035702,-216.972957503416,-0.690710415705444,0.358713207107431,95,0.625295270294675
"PPIE",3,77,571,841.402597402597,1.33333333333333,1.22943722943723,-270.402597402597,0.103896103896104,0.802488499463501,-216.994974640644,0.0833754285156883,0.181829992566179,80,0.438304216397994
"RPL24",2,15,713.5,1005.93333333333,1,1,-292.433333333333,0,0.742150767168457,-217.029622678962,0,0.437176663517557,17,0.689047967661996
"IGHV7-81",11,141,80,284.177304964539,20.0454545454545,9.12825059101655,-204.177304964539,10.917203954438,1.06458705389999,-217.364515565439,11.6223139946805,4.00127552239e-09,152,5.22766647000253e-07
"TMEM120A",2,26,759.5,978.038461538462,0.75,1.0448717948718,-218.538461538462,-0.294871794871795,0.996145589301914,-217.696124554364,-0.293735237871077,0.797212924873282,28,0.917672851406998
"OR10A3",4,160,243.75,445.8,2.125,2.87083333333333,-202.05,-0.745833333333334,1.07799422753603,-217.808733673656,-0.804004028037293,0.00414410672849103,164,0.0278397451757992
"KIAA0040",7,83,431.428571428571,622.66265060241,1,1.03313253012048,-191.234079173838,-0.0331325301204819,1.14065979246145,-218.133025061987,-0.0377929449309517,0.00214543788590921,90,0.0170915524264658
"GLIPR1L1",6,34,509.833333333333,718.235294117647,0.916666666666667,1.16176470588235,-208.401960784314,-0.245098039215686,1.04676529540978,-218.147940044369,-0.256560121423965,0.0186788173273866,40,0.0868465296734185
"RIT1",2,35,695.5,1011.02857142857,1,0.99047619047619,-315.528571428571,0.0095238095238096,0.691947767480219,-218.329290576223,0.0065899787379069,0.442492502046846,37,0.694017351649706
"OR2V1",2,110,344,577.281818181818,2,1.5530303030303,-233.281818181818,0.446969696969697,0.937632862323515,-218.732698909852,0.419093476341571,0.201495106275903,112,0.471112787402393
"LYZL6",3,41,324.333333333333,577.560975609756,2,1.67479674796748,-253.227642276423,0.325203252032521,0.864811419565918,-218.994156790404,0.281239486037697,0.0234890897306328,44,0.103154607506123
"EDDM3B",4,80,342.25,600.4625,2.125,1.28125,-258.2125,0.84375,0.848528665523093,-219.100708046382,0.715946061535109,0.0322702165224609,84,0.131342797154502
"KLRK1",4,15,552,779.6,0.875,0.966666666666667,-227.6,-0.0916666666666667,0.965627512295745,-219.776821798512,-0.0885158552937766,0.115626036300505,19,0.333707523145866
"SIGLECL1",3,35,589.666666666667,843.8,0.833333333333333,0.985714285714286,-254.133333333333,-0.152380952380952,0.868270946420965,-220.656589850448,-0.132307953740337,0.0699261505281397,38,0.233952664955223
"RAB11B",2,69,530.5,907.478260869565,2.25,1.31159420289855,-376.978260869565,0.938405797101449,0.587318601426224,-221.406344942003,0.551143180323884,0.165299081899116,71,0.415713667952252
"CCL21",2,14,442.5,696.785714285714,1.5,1.60714285714286,-254.285714285714,-0.107142857142857,0.870936308820547,-221.466661385796,-0.0933146045164872,0.0371380418053547,16,0.14725599884278
"RPS19",2,14,840,1154.35714285714,0.75,0.845238095238095,-314.357142857143,-0.0952380952380952,0.705862875462031,-221.893036779171,-0.0672250357582887,0.166534018908369,16,0.41761361939306
"FRA10AC1",2,3,556,900.333333333333,2,0.833333333333333,-344.333333333333,1.16666666666667,0.64496975933664,-222.084587131583,0.75246471922608,0.549947692861815,5,0.779291389071541
"ELSPBP1",2,9,567.5,823.666666666667,1,1.05555555555556,-256.166666666667,-0.0555555555555556,0.867412936883339,-222.202280664949,-0.04818960760463,0.151959637711307,11,0.393528774370311
"PTCD2",2,8,634.5,886.875,1,0.9375,-252.375,0.0625,0.88118379634328,-222.388760602135,0.055073987271455,0.365587304549484,10,0.631798694965478
"TRIM34",12,174,358.5,584.218390804598,3.04166666666667,1.91570881226054,-225.718390804598,1.12595785440613,0.993855643458417,-224.331496533502,1.11903956789786,0.0099870748366412,186,0.0543671386419656
"H2AC1",6,92,486.666666666667,752.032608695652,1,1.09963768115942,-265.365942028985,-0.0996376811594204,0.845736385138589,-224.429632550491,-0.0842672122873595,2.92192430379502e-05,98,0.000658188638432448
"ARPC5",3,117,409.666666666667,623.709401709402,1.33333333333333,1.31196581196581,-214.042735042735,0.0213675213675213,1.04948365737626,-224.634352407467,0.0224248644738516,2.70812618101576e-05,120,0.00061800837191794
"SPINK7",2,9,298.5,635.555555555556,3,1.16666666666667,-337.055555555556,1.83333333333333,0.666632407814975,-224.692156567414,1.22215941432745,0.000731679609292803,11,0.00758682071064324
"CASP1",2,38,634.5,928.842105263158,1,1.30701754385965,-294.342105263158,-0.307017543859649,0.763737112440388,-224.799989543309,-0.234480692415909,0.306426966912098,40,0.581525596520196
"ZNF585B",2,74,426.5,701.5,1,1.59459459459459,-275,-0.594594594594595,0.81757367130356,-224.832759608479,-0.486124885639955,1.32330455059925e-11,76,2.88149565892986e-09
"OR56A5",7,44,398.714285714286,621.318181818182,1.42857142857143,1.20833333333333,-222.603896103896,0.220238095238095,1.0102874823385,-224.893929753546,0.222503790753122,0.000354388870598735,51,0.0043070610180209
"PFKL",4,73,569.5,795.835616438356,0.875,1.13698630136986,-226.335616438356,-0.261986301369863,0.99404153288641,-224.987003111174,-0.26042526460894,0.326310364196844,77,0.596353110554089
"TINF2",6,7,461.5,725,1,1,-263.5,0,0.854269838099787,-225.100102339294,0,0.0933653875366165,13,0.288373235973025
"TUBG1",2,28,739.5,971.178571428571,1,0.994047619047619,-231.678571428571,0.00595238095238093,0.972063581936125,-225.206302000701,0.00578609274961977,0.478221599347574,30,0.728625678772718
"MRGPRX1",9,79,346.777777777778,609.632911392405,2.83333333333333,2.5506329113924,-262.855133614627,0.282700421940929,0.857397772222713,-225.371405978485,0.242386711978573,0.01633939459813,88,0.0788838590249235
"CTU1",2,47,429.5,689.063829787234,1,0.982269503546099,-259.563829787234,0.0177304964539007,0.869235557893744,-225.622110394143,0.0154119779768394,2.3668228931323e-05,49,0.000560430872452791
"CD46",11,152,141.545454545455,412.96052631579,6.5,2.99396929824561,-271.415071770335,3.50603070175439,0.831482694319974,-225.676935154647,2.91520385426329,1.31645563167482e-10,163,2.45707040397592e-08
"UBXN8",2,45,691.5,923.044444444444,1,1.07037037037037,-231.544444444444,-0.0703703703703704,0.97565354263018,-225.907157498559,-0.0686571011480498,0.549333285370879,47,0.779291389071541
"BCL2L12",3,47,613,919.829787234043,1.5,1.10283687943262,-306.829787234043,0.397163120567376,0.737141602587295,-226.177001083221,0.292765459183607,0.217160157625107,50,0.488750638996042
"IQCF3",6,82,553,796.024390243902,1,1.03861788617886,-243.024390243902,-0.0386178861788617,0.930935940620639,-226.240139325465,-0.0359507781946994,0.0458559655787851,88,0.172648809876588
"EOLA2",4,123,390,647.869918699187,1.25,2.06436314363144,-257.869918699187,-0.814363143631436,0.877524234232693,-226.287102938151,-0.714623394002504,0.00683391696164205,127,0.0406748216187381
"MRGPRX2",11,95,171.909090909091,368.484210526316,6.5,3.13157894736842,-196.575119617225,3.36842105263158,1.15131419088901,-226.319724791016,3.87811095878404,0.000183954308060822,106,0.00261235112479852
"BBIP1",2,60,610,954.233333333333,1.5,1.07222222222222,-344.233333333333,0.427777777777778,0.657838632464416,-226.449985248667,0.281408748332,0.507796939513287,62,0.7530496043974
"GCC2",2,13,421.5,625.846153846154,1,2.26923076923077,-204.346153846154,-1.26923076923077,1.10913739913054,-226.647961599253,-1.40775131428107,0.281093712449685,15,0.566884141828678
"KDM6A",4,131,443.75,671.290076335878,1,1.1882951653944,-227.540076335878,-0.188295165394402,0.996644786339374,-226.776630763416,-0.187663394883241,0.00264604761528303,135,0.019811239022162
"SERPINB12",2,12,421,645.333333333333,1,1,-224.333333333333,0,1.011484677696,-226.909729363135,0,0.0408249647377047,14,0.157338691533366
"MAEA",5,36,459.8,727.666666666667,1,1.19444444444444,-267.866666666667,-0.194444444444444,0.847447412756307,-227.002913630323,-0.164781441369282,0.00110064066159635,41,0.0103640546795559
"TRIM49B",4,83,268,536.433734939759,3.75,2.75100401606426,-268.433734939759,0.998995983935744,0.846926484060562,-227.343639335775,0.846076156265321,0.00546989716789665,87,0.0346073639218255
"DENR",4,61,446,708.475409836066,1.25,1.81693989071038,-262.475409836066,-0.566939890710382,0.868226342071002,-227.888064965554,-0.492232147485609,1.74722022328038e-05,65,0.000452028360735805
"BST2",6,39,278.5,600.076923076923,2.75,1.30769230769231,-321.576923076923,1.44230769230769,0.709059717217144,-228.017242140482,1.0226822844478,4.2386601468603e-06,45,0.000153828041163138
"CTAG2",12,193,114.583333333333,379.860103626943,11,4.1433506044905,-265.27677029361,6.8566493955095,0.859945815181758,-228.123648478922,5.89634695383693,9.74456274427626e-12,205,2.54625424507939e-09
"IL17D",2,27,487,721.888888888889,1,1.03703703703704,-234.888888888889,-0.037037037037037,0.972667480519391,-228.468783757555,-0.0360247215007181,0.281492963842331,29,0.566884141828678
"RPL38",2,77,444,781.909090909091,3,1.74891774891775,-337.909090909091,1.25108225108225,0.676261965156561,-228.515065862449,0.846059341689378,0.291703724733151,79,0.569247074479255
"ALYREF",2,3,506.5,870.333333333333,1,1,-363.833333333333,0,0.62871316207008,-228.746805466497,0,0.133915857426873,5,0.367923559141134
"FAM104B",4,210,425.5,641.133333333333,3.25,1.4547619047619,-215.633333333333,1.7952380952381,1.06281650701153,-229.178666128585,1.90800868163498,0.341103696943275,214,0.610482164460806
"ZFY",5,131,498,737.862595419847,0.9,0.954198473282443,-239.862595419847,-0.0541984732824428,0.956630911132253,-229.459973203036,-0.0518479348781603,0.0133069621298999,136,0.0672554971865154
"SP140L",14,230,297.214285714286,536.860869565217,3,1.82463768115942,-239.646583850932,1.17536231884058,0.957781189523429,-229.528990145971,1.12573991986015,0.00105248494608839,244,0.010037018847186
"ATAD3A",2,35,499.5,954.571428571429,1.5,1.45714285714286,-455.071428571429,0.0428571428571429,0.504969947315118,-229.79739531033,0.0216415691706479,0.027400931945847,37,0.115668231299674
"OR5AS1",2,63,406.5,610.47619047619,0.75,1.41534391534392,-203.97619047619,-0.665343915343916,1.12666524343199,-229.812884297187,-0.749619864346946,0.627745962537955,65,0.833274511360131
"CLEC12A",8,86,446.5,690.255813953488,1.0625,1.06782945736434,-243.755813953488,-0.00532945736434098,0.94500166361595,-230.349649702107,-0.00503634607547251,3.93515005749792e-05,94,0.000809649377971816
"EOLA1",7,155,267.857142857143,518.716129032258,2.92857142857143,3.41451612903226,-250.858986175115,-0.485944700460828,0.920047821891227,-230.802263832256,-0.44709236321857,0.000230148736572865,162,0.00302200325962259
"LEPROTL1",2,54,418,614.222222222222,1,1.19444444444444,-196.222222222222,-0.194444444444444,1.17734710519766,-231.021665308785,-0.228928603788434,0.000279201712856725,56,0.00352441582461171
"LGALS9",8,96,314.625,552.895833333333,2.625,2.046875,-238.270833333333,0.578125,0.970267807327586,-231.18651900845,0.560936076111261,0.000229290983016946,104,0.00302200325962259
"CLIC4",2,8,644.5,1221,1,0.875,-576.5,0.125,0.40312656189174,-232.402462930588,0.0503908202364675,0.289624620744676,10,0.568160010514894
"OR2A42",2,34,583,851.529411764706,2,1.46078431372549,-268.529411764706,0.53921568627451,0.865734124417014,-232.475075174333,0.466817420028782,0.427902317920134,36,0.683440560345544
"GBP3",9,152,247.555555555556,463.782894736842,4.16666666666667,2.10526315789474,-216.227339181287,2.06140350877193,1.07533987191071,-232.517879218799,2.2167093850791,0.00253567753485465,161,0.0191494953716046
"TOM1",2,40,793,1148.675,1,1.025,-355.675,-0.0249999999999999,0.654334627924558,-232.730468787067,-0.0163583656981139,0.247939238143093,42,0.528438196792741
"KRT83",12,152,412.166666666667,645.756578947368,1.54166666666667,1.38267543859649,-233.589912280702,0.158991228070176,0.997616529541051,-233.033157625272,0.158612277174838,0.00015647182146013,164,0.00233634782557326
"OR52B6",2,9,371,648.111111111111,1.5,1.16666666666667,-277.111111111111,0.333333333333333,0.84371117384367,-233.801740840679,0.28123705794789,0.106322705938752,11,0.314277410201312
"ATP8B3",6,57,611.666666666667,919.666666666667,0.916666666666667,1.29824561403509,-308,-0.381578947368421,0.759297641571265,-233.86367360395,-0.289731994810088,0.130128325348062,63,0.362472939363043
"CSAG1",2,20,388.5,980.8,2.5,1.75,-592.3,0.75,0.395066730922145,-233.998024725186,0.296300048191608,0.13761648844563,22,0.372634077003557
"APOBEC3B",7,52,368.428571428571,733.038461538462,3.07142857142857,2.14102564102564,-364.60989010989,0.930402930402931,0.642155572785519,-234.136272826782,0.59746342669422,0.000684581842710591,59,0.00724215528341204
"SELENBP1",3,19,438,628.052631578947,1.33333333333333,1.08771929824561,-190.052631578947,0.245614035087719,1.23428019995249,-234.57820010676,0.303156540339208,0.205154224216485,22,0.476081694385147
"KRTAP6-1",6,143,409.833333333333,688.874125874126,1.33333333333333,1.18764568764569,-279.040792540793,0.145687645687645,0.843153706447591,-235.274278480843,0.122837078445162,0.000990116948454034,149,0.00961775310896056
"AEBP2",3,23,500.333333333333,685.782608695652,1,1.60869565217391,-185.449275362319,-0.608695652173913,1.27246729479781,-235.978137742504,-0.774545309876928,0.125538174902205,26,0.351964861608866
"FPR2",10,48,444.8,700.958333333333,1.55,1.21527777777778,-256.158333333333,0.334722222222222,0.921565102371933,-236.066580681757,0.308468318988383,0.00848880720867936,58,0.0480113706412969
"TPRX1",2,83,452,761.132530120482,1,1.25100401606426,-309.132530120482,-0.251004016064257,0.763865168129106,-236.135572094658,-0.191733224932004,0.147735955394201,85,0.390499590559732
"BMP8A",3,95,428.666666666667,644.168421052632,1,0.98859649122807,-215.501754385965,0.0114035087719299,1.09591585239173,-236.171788849808,0.0124972860360461,3.74700295041788e-09,98,5.15311511023258e-07
"ARHGDIG",4,118,535,807.016949152542,1,0.997175141242938,-272.016949152542,0.00282485875706218,0.868760782773237,-236.31765767335,0.00245412650500917,0.156323036918172,122,0.399749632201845
"ARSF",3,34,465.666666666667,977.470588235294,1.33333333333333,1.3921568627451,-511.803921568627,-0.0588235294117647,0.462796767199974,-236.86120034223,-0.0272233392470573,0.000693857304251345,37,0.0072813218313605
"IGHV5-51",8,96,159.625,394.604166666667,9.25,6.56423611111111,-234.979166666667,2.68576388888889,1.0117604615632,-237.742630124404,2.71734971187201,0.00637201695373738,104,0.0383642403228474
"LMNB2",2,40,621.5,1116.125,1,0.9875,-494.625,0.0125,0.481498974042424,-238.161430035734,0.00601873717553028,0.18802613632975,42,0.44909716108742
"PPP6C",2,84,467.5,792.97619047619,2.5,1.59325396825397,-325.47619047619,0.906746031746032,0.731998197860649,-238.247984875121,0.66373646115539,0.0512026065204566,86,0.188440015264723
"OR51F2",2,33,588.5,814.939393939394,0.75,1.03030303030303,-226.439393939394,-0.28030303030303,1.05306805691225,-238.456092584144,-0.295178167467826,0.278899309899634,35,0.565425756228053
"RTL8C",9,116,362.111111111111,624.23275862069,2,1.75574712643678,-262.121647509579,0.244252873563218,0.909948843626065,-238.5172900407,0.222257619851194,0.000197431741595343,125,0.00275876545876274
"ZMYM2",4,66,634.25,979.621212121212,1.125,1.08585858585859,-345.371212121212,0.0391414141414141,0.691981847844722,-238.990609556008,0.0270851480848313,0.0143082041235289,70,0.0711261944074053
"TRIM49C",4,52,329.75,645.25,3.5,2.7724358974359,-315.5,0.727564102564103,0.757981751663313,-239.143242649775,0.551480312908885,0.0237105345231482,56,0.103778269194282
"IGFL4",6,20,405.5,622.1,1.25,1.675,-216.6,-0.425,1.10452215809568,-239.239499443525,-0.469421917190666,0.0397307637032061,26,0.154488817792377
"RPL37",2,34,522,849.617647058824,1.5,1.14705882352941,-327.617647058824,0.352941176470588,0.731905466155404,-239.785146691325,0.258319576290143,0.0176139526294727,36,0.0836538243174116
"SIGLEC12",7,112,285.714285714286,533.553571428571,2.85714285714286,2.47619047619048,-247.839285714286,0.380952380952381,0.968295339135423,-239.981625211795,0.368874414908733,4.38442913519671e-06,119,0.000156938538770808
"MYL7",3,70,483.666666666667,787.2,1.33333333333333,1.175,-303.533333333333,0.158333333333333,0.790661174401818,-239.992021803432,0.125188019280288,0.00314175102324733,73,0.0224914943116309
"SEPTIN7",2,48,563,817.708333333333,1.75,1.52777777777778,-254.708333333333,0.222222222222222,0.944213270946316,-240.498988553951,0.209825171321404,0.30973979534484,50,0.584301719314514
"ZFX",5,133,498,752.360902255639,0.9,0.962406015037594,-254.360902255639,-0.0624060150375939,0.946292554437236,-240.699827944449,-0.0590543473821733,0.0101698977784676,138,0.0549048406924295
"DCTN5",2,37,744.5,1065.08108108108,1.5,0.986486486486487,-320.581081081081,0.513513513513513,0.750935227521397,-240.735627060677,0.385615387105582,0.362572318923348,39,0.628667199301067
"CYLC2",4,50,561,895.72,1,0.98,-334.72,0.02,0.720814884894069,-241.271158271743,0.0144162976978814,0.0824555159844258,54,0.264039538317775
"GLT6D1",5,91,426,688.824175824176,1,0.983516483516483,-262.824175824176,0.0164835164835165,0.918022615650209,-241.27853734622,0.0151322409173112,1.66593206934226e-06,96,8.37130864844487e-05
"OR6P1",2,74,472,788.310810810811,2,2.19369369369369,-316.310810810811,-0.193693693693693,0.763914972585759,-241.63456436912,-0.147965512708052,0.0883338435799303,76,0.276543940414328
"UBE2C",2,65,424,730.846153846154,1.5,1.72307692307692,-306.846153846154,-0.223076923076923,0.78875790292088,-242.02732882703,-0.175953686036196,0.134474483029027,67,0.368711253048108
"PSG8",7,105,186.857142857143,417.504761904762,8.71428571428571,4.82222222222222,-230.647619047619,3.89206349206349,1.05077005252749,-242.357610782008,4.08966375999589,0.00266749524806216,112,0.0199147573805326
"BMP8B",3,93,428.666666666667,651.63440860215,1,0.973118279569892,-222.967741935484,0.0268817204301075,1.0887921195989,-242.765520344116,0.0292686053655618,1.12048849828746e-09,96,1.82989777876571e-07
"MCEE",2,17,714,1043.11764705882,1,0.901960784313726,-329.117647058823,0.0980392156862745,0.739205374239568,-243.285533462964,0.0724711151215262,0.0716403364175826,19,0.237606552981066
"TRPV3",2,73,553,872.890410958904,2,1.52054794520548,-319.890410958904,0.47945205479452,0.762731916319239,-243.990626162834,0.365693384536621,6.83485514298665e-05,75,0.00119063176590828
"ZFP37",2,91,270,598.637362637363,5.75,2.81684981684982,-328.637362637363,2.93315018315018,0.742574487143392,-244.037721016596,2.17808249296729,0.0489291987957484,93,0.181607949507515
"GPR119",2,6,338.5,568.333333333333,1,1.16666666666667,-229.833333333333,-0.166666666666667,1.06250249820441,-244.198490837313,-0.177083749700734,0.156162807110379,8,0.399749632201845
"ARMC6",2,17,793,1044.11764705882,1,0.941176470588235,-251.117647058823,0.0588235294117647,0.974017969594283,-244.593100717529,0.0572951746820166,0.345493607625958,19,0.613223839977265
"HLA-DQA1",7,135,281.857142857143,523.585185185185,4.21428571428571,1.95185185185185,-241.728042328042,2.26243386243386,1.01390502613905,-245.089277075155,2.29389306442888,0.00857053267055917,142,0.0483689025230477
"TNFRSF10D",3,60,428,754.35,1.33333333333333,1.68611111111111,-326.35,-0.352777777777778,0.753536209500276,-245.916541970415,-0.265830829462597,1.92163953142914e-05,63,0.000492278832904346
"RTL8A",9,104,362.888888888889,640.740384615385,2,1.6338141025641,-277.851495726496,0.366185897435897,0.887286262906421,-246.533815286122,0.324911716464931,0.000211193530027287,113,0.00285931965783057
"HSPA1L",2,32,700.5,1222.5,1,0.880208333333333,-522,0.119791666666667,0.472883499410332,-246.845186692193,0.0566475025335293,0.279871102374138,34,0.566024141256674
"PSMC3",2,28,679,1008.35714285714,2,1.10714285714286,-329.357142857143,0.892857142857143,0.749507768333591,-246.855737127585,0.669203364583563,0.447096400614289,30,0.697887033933773
"OR2AT4",2,21,385,666.857142857143,1,1.16666666666667,-281.857142857143,-0.166666666666667,0.877385349126699,-247.297327689568,-0.146230891521116,0.00113298568191523,23,0.0105256289634361
"SP140",4,109,312.5,571.376146788991,2,2.07798165137615,-258.876146788991,-0.0779816513761462,0.955545975395811,-247.368060190195,-0.0745150531271957,0.000495052660314103,113,0.00557574397155496
"TOR1B",2,73,478.5,896.547945205479,1.5,1.17808219178082,-418.047945205479,0.321917808219178,0.59247136776692,-247.681437888041,0.190727084144145,0.00541177983332216,75,0.0344901968401727
"CALCOCO2",2,17,566.5,776.823529411765,0.75,1.2156862745098,-210.323529411765,-0.465686274509804,1.17906511452706,-247.985136293618,-0.549074440588581,0.364754094796703,19,0.63161196136765
"PTP4A2",2,75,489,779.4,2,1.24444444444444,-290.4,0.755555555555556,0.854554206177198,-248.162541473858,0.64566317800055,0.527353081093426,77,0.76981765413247
"H2AZ2",2,101,330,642.782178217822,4,2.27062706270627,-312.782178217822,1.72937293729373,0.793484272218661,-248.187739046136,1.37223022654316,0.0740171245051338,103,0.243278926203666
"ZNF333",2,47,426.5,783.085106382979,1,1.58156028368794,-356.585106382979,-0.581560283687943,0.697253019309721,-248.63004206641,-0.405494663712036,1.28253471800184e-07,49,1.04726975566838e-05
"KLF16",2,13,492,754.846153846154,1,1.03846153846154,-262.846153846154,-0.0384615384615385,0.947007910694916,-248.91738698804,-0.0364233811805738,0.123071112963033,15,0.349012219054476
"SSH1",3,59,733.666666666667,999.440677966102,1,1.09039548022599,-265.774011299435,-0.0903954802259888,0.937162909548754,-249.073545711822,-0.0847152912586445,0.568516010344636,62,0.795360736404685
"BTN3A1",7,57,325.857142857143,631.59649122807,3.28571428571429,1.69298245614035,-305.739348370927,1.59273182957393,0.818560371242328,-250.266114505894,1.30374715770551,0.0300025786590882,64,0.124045471576262
"MMP13",2,12,601.5,847.583333333333,1.5,1.08333333333333,-246.083333333333,0.416666666666667,1.01762990027656,-250.421757959724,0.424012458448567,0.0622767477507736,14,0.21610775813117
"CASP5",9,43,350.555555555556,630.255813953488,2,1.17054263565891,-279.700258397933,0.829457364341085,0.896079907219257,-250.633781594422,0.74326007808109,0.000183612489336172,52,0.00261235112479852
"NUDT11",6,153,340.5,599.921568627451,1.83333333333333,1.39869281045752,-259.421568627451,0.434640522875817,0.96694108707405,-250.845373579083,0.420271779675976,0.00153551021432183,159,0.0133742939667432
"MRPS33",4,56,516.5,1010.23214285714,1.25,1.16666666666667,-493.732142857143,0.0833333333333333,0.508900901669685,-251.260732683306,0.0424084084724737,0.0139824583868734,60,0.0701269937905954
"OR1Q1",4,38,348.75,611.973684210526,1.75,1.03508771929825,-263.223684210526,0.714912280701754,0.955283378133055,-251.45321025726,0.682943818577578,0.0600375799599723,42,0.211453184196229
"NAA20",2,104,426.5,738.538461538462,1,1.04807692307692,-312.038461538462,-0.0480769230769229,0.807160063695215,-251.864984490741,-0.038805772293039,1.18134915439837e-12,106,3.78720894917688e-10
"RAB2B",8,78,498.75,799.230769230769,1.3125,1.27136752136752,-300.480769230769,0.0411324786324787,0.838498433385064,-251.952654262339,0.034489518894578,0.00597106108768465,86,0.0367980722219811
"NPIPB12",2,30,249.5,654.5,5.5,3.53333333333333,-405,1.96666666666667,0.622209328657537,-251.994778106303,1.22367834635982,0.000458073500184192,32,0.00524976340342673
"KRTAP9-3",9,118,297.333333333333,560.762711864407,3.94444444444444,2.22881355932203,-263.429378531073,1.71563088512241,0.961605809434095,-253.315220771094,1.64976062597827,0.00904741643651277,127,0.0504070344319997
"CAMK2N2",2,72,425.5,664.416666666667,1,0.954861111111111,-238.916666666667,0.0451388888888888,1.06226971013846,-253.793938247246,0.0479496744159719,3.76083806008393e-05,74,0.000792505633145106
"TRIM22",13,148,296,576.777027027027,3.61538461538462,2,-280.777027027027,1.61538461538462,0.904387512174382,-253.931236948692,1.46093367351246,0.0014284694016831,161,0.0126528493105015
"IL20",2,3,586,906.333333333333,1,0.833333333333333,-320.333333333333,0.166666666666667,0.79273972836592,-253.940959653216,0.132123288060987,0.0875909140155745,5,0.274759973976826
"ATAD3B",2,20,499.5,1038.75,1.5,1.4,-539.25,0.1,0.472492195590413,-254.79141647213,0.0472492195590414,0.00620968698321381,22,0.0377346792724132
"GPRASP2",4,31,436.75,738.774193548387,1,0.983870967741935,-302.024193548387,0.0161290322580645,0.844490903665384,-255.056684138486,0.013620821026861,0.000641663132568221,35,0.00692837093140811
"BTN3A3",3,51,367,773.058823529412,3.5,1.90196078431373,-406.058823529412,1.59803921568627,0.628235549799185,-255.10058825081,1.00394504526733,0.0381989465217141,54,0.150776204322113
"ZNF7",2,93,282.5,610.41935483871,6,4.62903225806452,-327.91935483871,1.37096774193548,0.778628079978704,-255.32721764592,1.06747398061596,0.222142646609227,95,0.495271958694463
"TPSB2",10,127,352.4,616.062992125984,2.9,1.66535433070866,-263.662992125984,1.23464566929134,0.96955791059885,-255.63653974791,1.19706047544803,0.00747557129611034,137,0.0437974614276599
"NKG7",2,2,506.5,899,1,0.666666666666667,-392.5,0.333333333333333,0.651783599433,-255.825062777453,0.217261199811,0.532565217442147,4,0.772339431057179
"MYO1H",2,51,807.5,1113.17647058824,1.25,0.980392156862745,-305.676470588235,0.269607843137255,0.83781348582864,-256.099869359325,0.225881086865565,0.27785447292689,53,0.565327733708045
"LITAFD",3,11,500.333333333333,790.727272727273,1,1.09090909090909,-290.393939393939,-0.0909090909090908,0.882196359026673,-256.184476016746,-0.0801996690024248,0.0399330346528464,14,0.155044605568927
"ZNF397",2,38,491.5,870.131578947368,2.25,1.71929824561404,-378.631578947368,0.530701754385965,0.679540034064144,-257.295316055655,0.360633088253339,0.145278074834656,40,0.386466619744713
"CD47",8,77,329.875,546.181818181818,2,1.1969696969697,-216.306818181818,0.803030303030303,1.19217998774211,-257.876659848534,0.957356656823206,3.82660950301855e-05,85,0.00079356592312599
"ISOC1",2,5,367,644.2,1,0.766666666666667,-277.2,0.233333333333333,0.930528717166204,-257.942560398472,0.217123367338781,0.0613029776553465,7,0.214437323445007
"OR6C68",2,19,423,669.157894736842,1,1.2719298245614,-246.157894736842,-0.271929824561403,1.05177632019224,-258.903044712583,-0.286009350227713,0.00199237864554529,21,0.0161179114576156
"SERP1",2,38,338.5,574.473684210526,1,1.45614035087719,-235.973684210526,-0.456140350877193,1.09728907773502,-258.931346317103,-0.500517824931764,0.00103388659612941,40,0.0099321532194344
"PABPC4",4,43,567.75,846.906976744186,1,0.937984496124031,-279.156976744186,0.062015503875969,0.928308495254279,-259.143793021129,0.0575695190855367,0.122815471899382,47,0.348822639209875
"REEP2",4,68,546,922.014705882353,1.625,1.16176470588235,-376.014705882353,0.463235294117647,0.689769234838733,-259.363375964582,0.319525454373825,0.0731765732559847,72,0.241427254946828
"EML4",2,65,694.5,1043.84615384615,1.5,1.14871794871795,-349.346153846154,0.351282051282051,0.742901177754507,-259.529669136315,0.260967849621455,0.151930206257227,67,0.393528774370311
"S100A7",10,91,250.5,568.505494505495,4.2,2.34798534798535,-318.005494505495,1.85201465201465,0.816759146074624,-259.733896139346,1.51264990569718,9.60416313963104e-06,101,0.000291810212602976
"CCL19",5,32,465,748.09375,1.4,1.3125,-283.09375,0.0874999999999999,0.91760270042428,-259.767589473236,0.0802902362871245,0.00735288434784745,37,0.0431754759571357
"TMSB4X",5,93,456.8,749.139784946237,1,0.987455197132617,-292.339784946237,0.0125448028673835,0.890066354309188,-260.201806606629,0.0111657069536994,1.64578453101422e-06,98,8.37130864844487e-05
"HRG",2,25,495.5,1065.8,1.5,1.11333333333333,-570.3,0.386666666666667,0.456851163704664,-260.54221866077,0.17664911663247,0.0118989412294259,27,0.0618129889313914
"MSANTD2",2,12,668,911.75,0.75,0.958333333333333,-243.75,-0.208333333333333,1.07167283287895,-261.220253014243,-0.223265173516447,0.0907037155310164,14,0.282826740671296
"SULT1A1",2,61,369.5,741.737704918033,2.5,1.96174863387978,-372.237704918033,0.538251366120219,0.70438895011587,-262.200126160754,0.379138314679854,0.00216388956457175,63,0.017186150249927
"UTY",4,129,443.75,706.697674418605,1,1.09043927648579,-262.947674418605,-0.0904392764857882,0.997357002071519,-262.252704259817,-0.090200245665383,0.00112108916114749,133,0.0104621642074228
"TMEM47",2,43,426.5,746.581395348837,1,0.914728682170543,-320.081395348837,0.0852713178294574,0.820089187437096,-262.49529142536,0.0699300857504501,0.000201090255253055,45,0.00278015257659383
"PFN4",3,5,528.666666666667,984.2,0.833333333333333,1,-455.533333333333,-0.166666666666667,0.576445390123125,-262.590090047421,-0.0960742316871875,0.0660131247096759,8,0.225185763533137
"FAM205C",4,37,427.25,662.432432432432,1.125,1.6981981981982,-235.182432432432,-0.573198198198198,1.11667311568719,-262.621899579216,-0.640075017888265,0.114081328368194,41,0.331216123362323
"PTH",6,13,327.666666666667,597.692307692308,2,1.03846153846154,-270.025641025641,0.961538461538461,0.973251770038083,-262.802933083873,0.935819009652003,0.0216391432677183,19,0.097320277725556
"TAS2R42",3,13,319,672.230769230769,2.5,0.961538461538462,-353.230769230769,1.53846153846154,0.746082688278055,-263.539361890217,1.14781952042778,0.0756046936448652,16,0.246328010591063
"BTNL3",2,14,400,717.928571428571,2,1.45238095238095,-317.928571428571,0.547619047619048,0.829997851685547,-263.880031275169,0.454522633065895,0.224110777955521,16,0.496826148477901
"WDR47",2,25,523.5,753.76,1,1.36,-230.26,-0.36,1.14733411141595,-264.185152494638,-0.413040280109744,0.186945930008726,27,0.448155701938349
"CCNG1",2,30,375.5,611.266666666667,7.5,1.33333333333333,-235.766666666667,6.16666666666667,1.12494442265995,-265.224396715795,6.93715727306972,0.612286062741632,32,0.824692516465919
"NCCRP1",3,13,420.333333333333,676,1,0.948717948717949,-255.666666666667,0.0512820512820513,1.0385044227612,-265.510964085946,0.0532566370646767,0.0121418642990496,16,0.06270097117276
"KLF17",6,33,463.166666666667,707.333333333333,1.08333333333333,1.12626262626263,-244.166666666667,-0.042929292929293,1.08782252930507,-265.61000090532,-0.0466994520156216,0.00205468671328857,39,0.0165196811748401
"ASDURF",2,22,570.5,812.045454545455,0.75,0.96969696969697,-241.545454545455,-0.21969696969697,1.10118237339292,-265.985596918636,-0.241926430518142,0.29365740743799,24,0.570126741567871
"FCF1",4,40,596,938.95,0.875,1.15416666666667,-342.95,-0.279166666666667,0.777169269424162,-266.530200949016,-0.216959754380912,0.0257426225396047,44,0.110452336118205
"KRTAP5-11",3,38,479.666666666667,840.894736842105,1.83333333333333,1.39035087719298,-361.228070175439,0.442982456140351,0.738534312199284,-266.779324354092,0.327157743561963,0.0296410169699421,41,0.123331174112196
"LGALS9B",7,60,333,598.966666666667,2.5,2.06666666666667,-265.966666666667,0.433333333333333,1.00417833174728,-267.077963633718,0.435143943757154,0.000627452626480249,67,0.00683139047080371
"PDIA2",6,91,544.166666666667,848.802197802198,0.916666666666667,0.968864468864469,-304.635531135531,-0.0521978021978022,0.87739562751409,-267.285883003747,-0.045798123414197,0.0267557972953051,97,0.113494964825702
"MRNIP",2,17,541.5,756.294117647059,1,1.26470588235294,-214.794117647059,-0.264705882352941,1.24640622938925,-267.720726271462,-0.329931060720684,0.174754813591699,19,0.428764627150337
"CSNK1D",2,35,534,826.942857142857,1.25,1.08571428571429,-292.942857142857,0.164285714285714,0.91543644572144,-268.170567942341,0.150393130368522,0.184912096934273,37,0.44438331414309
"MIEF1",3,9,494.666666666667,761.222222222222,1,0.944444444444444,-266.555555555555,0.0555555555555556,1.01053854228549,-269.364662549209,0.0561410301269715,0.269962483528438,12,0.556431571379283
"NUTM2A",8,150,243.25,530.54,4.9375,2.52555555555556,-287.29,2.41194444444444,0.938323381988996,-269.570924411619,2.26318386828068,0.000227884376274526,158,0.00302200325962259
"KRT36",2,15,519.5,770.866666666667,0.75,1.1,-251.366666666667,-0.35,1.07436159084504,-270.058691885414,-0.376026556795763,0.397212546303952,17,0.65993462226087
"BTN3A2",6,57,328.5,709.614035087719,3.08333333333333,2.23684210526316,-381.114035087719,0.846491228070176,0.709520331367622,-270.40815646429,0.600602736640136,0.000256480320608729,63,0.00326963594694218
"MYL5",2,76,434.5,786.342105263158,1,1.21381578947368,-351.842105263158,-0.213815789473684,0.76943696857594,-270.720322891061,-0.164517772886303,3.06318520149105e-13,78,1.14344327592802e-10
"TMEM242",4,71,561,899.915492957746,1,1.0093896713615,-338.915492957746,-0.00938967136150226,0.79885850492132,-270.745523998898,-0.00750101882555224,0.0810778287799865,75,0.259946462088472
"PWWP3B",3,71,468,837.676056338028,1,1.02347417840376,-369.676056338028,-0.0234741784037558,0.733202168110815,-271.047286005698,-0.0172113185002538,0.000111430739976583,74,0.00172289067194563
"CHRFAM7A",3,47,409.333333333333,648.170212765957,1,0.925531914893617,-238.836879432624,0.074468085106383,1.13521113792758,-271.13028567978,0.0845369996329046,0.0447187093794646,50,0.169102731705559
"MS4A7",2,15,700.5,1033.73333333333,1,0.977777777777778,-333.233333333333,0.0222222222222223,0.814330525293702,-271.362075378705,0.0180962338954156,0.402579684131951,17,0.662848591453553
"CASP4",11,122,386,675.008196721311,2.04545454545455,1.21311475409836,-289.008196721311,0.832339791356185,0.942487535345522,-272.386623022523,0.784469878525297,0.00101450351515342,133,0.00978191027710656
"FADS3",2,46,695.5,1062.15217391304,1,0.981884057971015,-366.652173913043,0.0181159420289855,0.743962346867433,-272.775411788394,0.0134775787475984,0.394467686348583,48,0.657781789680183
"C2orf92",6,81,390.5,702.83950617284,1.33333333333333,1.2880658436214,-312.33950617284,0.0452674897119341,0.87362301185404,-272.86698010372,0.0395467207012116,3.02831551921524e-06,87,0.000126072498538644
"TRA2B",3,64,545,989.484375,1,1.0234375,-444.484375,-0.0234375,0.614433012515123,-273.105873547151,-0.0144007737308232,0.0632096992600307,67,0.218047419763469
"FCGR2C",2,104,385,684.288461538462,1,1.21955128205128,-299.288461538462,-0.219551282051282,0.913019753578354,-273.256277402691,-0.200454657436273,0.00156038125464038,106,0.0135009146303818
"IGLJ5",10,145,171.8,451.28275862069,5.7,2.88735632183908,-279.48275862069,2.81264367816092,0.979329012827269,-273.705574102242,2.75450355676819,2.90474582848084e-09,155,4.21672269434468e-07
"IGHD6-13",2,14,310,727.642857142857,2.5,1.98809523809524,-417.642857142857,0.511904761904762,0.655633238798867,-273.820539089784,0.335621777004182,0.0722317211661625,16,0.238913275198965
"TDP2",2,7,588.5,870,0.75,1,-281.5,-0.25,0.974691323680296,-274.375607616003,-0.243672830920074,0.293327939382086,9,0.570126741567871
"DCAF8L2",4,44,607.25,1074.72727272727,1,1.03030303030303,-467.477272727273,-0.0303030303030303,0.587607111112708,-274.69296973812,-0.0178062760943245,0.0263599082809752,48,0.11254647114083
"RAB37",2,62,500,859.032258064516,1.5,1.51881720430108,-359.032258064516,-0.0188172043010753,0.76560391683463,-274.876503044175,-0.0144065253167807,0.0778512840617639,64,0.25176411541261
"RPL41",2,49,426.5,765.102040816327,1,1.1156462585034,-338.602040816327,-0.115646258503401,0.811824844902704,-274.885549269453,-0.0938845058731018,5.21859426748427e-06,51,0.000177093335336836
"ZNF354A",2,191,257.5,551.848167539267,8.5,3.60034904013962,-294.348167539267,4.89965095986038,0.936852952422709,-275.760949799377,4.59025246758596,0.327948183496241,193,0.598413829242792
"ZNF449",9,78,327.777777777778,573.179487179487,1.88888888888889,1.22435897435897,-245.401709401709,0.664529914529914,1.12474443923773,-276.014208029006,0.747426326074646,2.363969613467e-06,87,0.000104695806779479
"SGK2",2,64,523,943.171875,2.25,1.30729166666667,-420.171875,0.942708333333333,0.658347553669064,-276.619126026794,0.620629725073441,0.0126400492060599,66,0.0646349287190502
"SAA4",6,130,374,677.684615384615,1.83333333333333,1.48782051282051,-303.684615384615,0.34551282051282,0.911135730398404,-276.69790384922,0.314809076079961,0.000365831398851497,136,0.00442554372777297
"INCENP",5,13,458.2,757.538461538462,1,1.07692307692308,-299.338461538462,-0.0769230769230769,0.925836591275815,-277.138500868516,-0.0712181993289088,0.0250630184008639,18,0.108068757560161
"FAM91A1",2,35,610,922.028571428571,1.5,1.03333333333333,-312.028571428571,0.466666666666667,0.88860845843596,-277.271227845118,0.414683947270114,0.538554101935592,37,0.774486443785197
"PTGDS",3,23,370.666666666667,712,1.83333333333333,0.971014492753623,-341.333333333333,0.86231884057971,0.812835580042396,-277.447877987805,0.700923434964095,0.00325179757408947,26,0.0231524443081629
"LAIR2",12,165,281.5,579.272727272727,3.95833333333333,2.06565656565656,-297.772727272727,1.89267676767677,0.932188428100391,-277.58029056753,1.76433138096274,6.44394697808767e-06,177,0.000210475418171789
"CFAP221",3,43,468,745.279069767442,1,1.17441860465116,-277.279069767442,-0.174418604651163,1.00213587203304,-277.871302377906,-0.174791140470879,0.00218616975213867,46,0.0172581920312337
"DBX2",2,3,919.5,1290.66666666667,0.75,0.611111111111111,-371.166666666667,0.138888888888889,0.74945051482496,-278.171049419198,0.104090349281244,0.640565419805568,5,0.842121863572756
"SF3B1",3,21,714,952,0.833333333333333,1.03968253968254,-238,-0.206349206349206,1.17008509139236,-278.480251751381,-0.241446129969852,0.245082174966304,24,0.524917805890945
"TEX101",2,9,368.5,654.333333333333,1.5,0.925925925925926,-285.833333333333,0.574074074074074,0.974707457573917,-278.603881623211,0.559554281199842,0.180062266865062,11,0.436054405299729
"ATG16L1",2,19,713.5,982.947368421053,1,1.05263157894737,-269.447368421053,-0.0526315789473684,1.03442613741707,-278.723400552984,-0.0544434809166878,0.467620858879474,21,0.718338215315735
"HERC6",2,24,466,702.333333333333,1,1.125,-236.333333333333,-0.125,1.1855634736704,-280.188167610772,-0.1481954342088,0.0228401478978304,26,0.100759747945904
"MSLN",5,37,578.6,861.567567567568,1.2,1.3018018018018,-282.967567567568,-0.101801801801802,0.9916962667782,-280.617880376065,-0.100956466798141,0.307581993125136,42,0.582399817417377
"CSF2RB",3,53,426.333333333333,688.490566037736,1,1.05345911949686,-262.157232704403,-0.0534591194968554,1.07638711717445,-282.182667957122,-0.0575427075219044,1.13367460832585e-05,56,0.000318606539844373
"NACA",2,34,644.5,926.558823529412,1,0.916666666666667,-282.058823529412,0.0833333333333334,1.00201458709511,-282.627055595355,0.083501215591259,0.536448734879083,36,0.773587496820664
"H3C14",5,99,433,713.989898989899,1.4,1.05808080808081,-280.989898989899,0.341919191919192,1.00731861004354,-283.046354486779,0.34442156515125,1.4806476086227e-05,104,0.000403013770971992
"ACAD9",2,55,224.5,480.163636363636,3,2.67878787878788,-255.663636363636,0.321212121212121,1.10729260175606,-283.094453083507,0.355675805412554,0.150089826289502,57,0.392577293387856
"IGLJ4",9,95,316,646.347368421053,4.05555555555556,2.15614035087719,-330.347368421053,1.89941520467836,0.858265702096525,-283.525816093634,1.63020292421609,0.00620946423490718,104,0.0377346792724132
"VPREB1",7,194,154,426.917525773196,11.2142857142857,3.18556701030928,-272.917525773196,8.02871870397644,1.03995180682569,-283.821074042232,8.34948052269552,0.000160166912350842,201,0.00236449797724718
"KRTAP9-4",10,119,253.8,559.680672268908,4.55,2.55882352941176,-305.880672268908,1.99117647058824,0.932440851196943,-285.215634415113,1.85665428311862,6.32078373087408e-05,129,0.00112355155705945
"CRCP",2,56,691.5,1054.30357142857,1,0.961309523809524,-362.803571428571,0.038690476190476,0.786477303436354,-285.336774534221,0.0304291813829541,0.405015153861054,58,0.664764194119933
"LGALS9C",8,73,331.75,617.698630136986,2.5,2.03424657534247,-285.948630136986,0.465753424657534,0.99993472396048,-285.929964542905,0.465723022118579,6.40963029551266e-05,81,0.00113164621366045
"TRIM49D2",5,49,268.2,642.938775510204,3.4,2.73469387755102,-374.738775510204,0.66530612244898,0.767346691313884,-287.554559494771,0.510520451772094,9.37079065854952e-05,54,0.00155615037259068
"HBA2",9,184,386.777777777778,639.04347826087,1.66666666666667,1.26811594202899,-252.265700483092,0.398550724637681,1.14045902379085,-287.698694508862,0.454530770351426,0.00181501217194634,193,0.0150559581120501
"KRTAP9-2",8,82,337.125,657.80487804878,2.625,2.13617886178862,-320.67987804878,0.488821138211383,0.897821769112316,-287.913375428478,0.43887425908844,0.00378007949583053,90,0.0259995505252649
"H2AB3",7,45,417.142857142857,783.711111111111,1.42857142857143,1.24074074074074,-366.568253968254,0.187830687830688,0.78659631811474,-288.341238909177,0.147746927476578,0.00038547643402448,52,0.00457971002936018
"IGFL1",4,41,310.75,724.926829268293,2.625,2.04878048780488,-414.176829268293,0.576219512195122,0.696600345652547,-288.515722429569,0.401394711366864,0.000190735436146657,45,0.00269400916027684
"ADH1B",9,103,400.666666666667,715.368932038835,1.66666666666667,1.58252427184466,-314.702265372168,0.0841423948220066,0.92083949098352,-289.790273856668,0.0774816400180309,0.000155109885895873,112,0.00232932259681561
"TMEM123",10,66,404.6,723.348484848485,1.6,1.46969696969697,-318.748484848485,0.130303030303031,0.910290909178103,-290.15384807187,0.118613663923208,1.11704784481652e-05,76,0.000318606539844373
"LAIR1",10,141,319.9,621.964539007092,2.65,1.96335697399527,-302.064539007092,0.686643026004729,0.962187266284818,-290.642653028818,0.660679176105025,5.33190650914168e-07,151,3.4830679270968e-05
"KRTAP20-1",2,84,392.5,776.583333333333,2,0.994047619047619,-384.083333333333,1.00595238095238,0.758793669642961,-291.440001948701,0.763310298628931,0.000158933876901946,86,0.002359626251959
"OR2L13",2,132,189.5,456.386363636364,5.25,3.9520202020202,-266.886363636364,1.2979797979798,1.09278424793968,-291.64921417172,1.41841187737625,0.0562814975915525,134,0.20106344320999
"IGLV4-3",12,132,138.583333333333,394.05303030303,10,4.67487373737374,-255.469696969697,5.32512626262626,1.14405545897655,-292.271501421268,6.09223977049699,4.87628856913497e-06,144,0.000167654500409864
"DAPK1",9,46,429,737.717391304348,1.11111111111111,1.10869565217391,-308.717391304348,0.00241545893719808,0.947459755628631,-292.497304123526,0.00228855013436868,1.13396127843577e-05,55,0.000318606539844373
"H2AB1",7,43,388.714285714286,759.720930232558,1.57142857142857,1.50387596899225,-371.006644518272,0.0675526024363233,0.789654608860854,-292.967106761854,0.0533432238543877,0.000372280769820436,50,0.00446224610798532
"SPATA31D3",12,175,156.666666666667,446.96,6.625,3.09857142857143,-290.293333333333,3.52642857142857,1.00960632557101,-293.081985604427,3.56030459238863,4.15216034936274e-08,187,4.08721421520384e-06
"RLN3",2,4,435.5,767,1,1.25,-331.5,-0.25,0.884188801764222,-293.10858778484,-0.221047200441056,0.322802399123276,6,0.592658434670838
"SPAG11A",2,26,496,790.076923076923,1.5,1.21153846153846,-294.076923076923,0.288461538461539,0.999373970383464,-293.892822213537,0.28828095299523,0.0742641315094541,28,0.243781195293653
"CCL14",6,77,344.666666666667,601.415584415584,2.08333333333333,1.51839826839827,-256.748917748918,0.564935064935065,1.1450918664797,-294.001097441752,0.646902547946327,0.00065760732154536,83,0.007013583392645
"CFAP410",6,64,507,790.40625,1.91666666666667,1.34895833333333,-283.40625,0.567708333333333,1.03848746227587,-294.313837355621,0.589557986396196,0.210511854375169,70,0.482938960037153
"TBL1Y",6,36,458.833333333333,828.388888888889,1,1.0787037037037,-369.555555555556,-0.0787037037037037,0.796680226054434,-294.417603539672,-0.0627016844579879,3.99435646691063e-06,42,0.00015067932016026
"NUTM2E",8,158,234.625,547.867088607595,5.0625,2.34071729957806,-313.242088607595,2.72178270042194,0.940321374258621,-294.548231235135,2.5593504492941,5.32430078202986e-05,166,0.000998531669199184
"HNRNPAB",6,33,482.333333333333,852.575757575758,1,1.08585858585859,-370.242424242424,-0.0858585858585859,0.79672554630249,-294.981597718904,-0.0684057287229411,4.86159586444929e-05,39,0.000934069852485734
"FKBP1A",2,27,449,698.962962962963,1,1.12962962962963,-249.962962962963,-0.12962962962963,1.18145752445652,-295.320623428038,-0.153151901318437,0.00861065753694259,29,0.0484906210000668
"PLPP2",4,40,431.5,773.85,2.375,2.00833333333333,-342.35,0.366666666666666,0.863464551910972,-295.607089346721,0.316603669034023,0.0100078821769826,44,0.0543671437182028
"KRTAP9-9",10,127,256,565.496062992126,4.8,2.51706036745407,-309.496062992126,2.28293963254593,0.958164121771943,-296.548023388724,2.18743084807674,0.000334925631966464,137,0.00414768093046622
"KRTAP9-7",5,86,227.2,522.895348837209,4.5,2.45736434108527,-295.695348837209,2.04263565891473,1.00493908305869,-297.155812725185,2.05272440609275,0.00891966133467233,91,0.0499080836563143
"REEP4",3,31,490,867.451612903226,1.16666666666667,0.903225806451613,-377.451612903226,0.263440860215054,0.788686890151909,-297.691138763467,0.207772352781955,0.053430346530542,34,0.193766218025141
"TRGV5",2,65,245.5,646.707692307692,2.25,2.86923076923077,-401.207692307692,-0.61923076923077,0.745176146274307,-298.970402009454,-0.46143599826986,0.228974544074413,67,0.502781919047429
"FBXO48",2,9,414,805.222222222222,1,1.33333333333333,-391.222222222222,-0.333333333333333,0.76513204511038,-299.336658981516,-0.255044015036793,0.0160605483054097,11,0.0778593928052606
"COL20A1",2,14,566.5,870.714285714286,1.5,1.07142857142857,-304.214285714286,0.428571428571429,0.983996460330797,-299.345780324919,0.421712768713199,0.0557553785231686,16,0.20004330987579
"PPY",2,38,375,1011.44736842105,2.5,1.21491228070175,-636.447368421053,1.28508771929825,0.471600839200415,-300.149113054264,0.6060484468672,0.0020900602410231,40,0.0167013070635882
"FOLR3",2,14,425.5,826.285714285714,1,1.07142857142857,-400.785714285714,-0.0714285714285714,0.750662740935367,-300.854902813453,-0.0536187672096691,2.33584060752483e-05,16,0.000559958853895631
"OR1D2",2,48,446.5,757.9375,1.5,1.03472222222222,-311.4375,0.465277777777778,0.968757248315041,-301.707335522116,0.450741219702137,2.05624358857055e-05,50,0.00051663120162835
"CD1D",4,64,362.5,661.015625,3.25,1.51302083333333,-298.515625,1.73697916666667,1.01291829610693,-302.371938236296,1.75941797787324,0.0142324444159218,68,0.0709720940053505
"SLC25A52",7,69,456.857142857143,895.144927536232,1.28571428571429,1.21256038647343,-438.287784679089,0.0731538992408558,0.691480490644838,-303.067452393536,0.05058449413965,9.18946051903521e-14,76,4.00201005603983e-11
"CYP4B1",2,33,426.5,718.606060606061,1,1.53030303030303,-292.106060606061,-0.53030303030303,1.03937969863581,-303.609109242421,-0.55118620382202,0.00111508191930901,35,0.0104434016313779
"ETV2",7,68,240.714285714286,609.514705882353,4.42857142857143,2.94240196078431,-368.800420168067,1.48616946778711,0.824780879266694,-304.179534820145,1.22576416038077,0.000527538419560859,75,0.00589084568509626
"NLRP11",2,18,514,1018.83333333333,1.25,1.03703703703704,-504.833333333333,0.212962962962963,0.60261631627012,-304.220803663699,0.128334956242711,0.00115862432092534,20,0.0106281167351214
"SPTSSB",3,29,620,885.379310344828,1,1.03448275862069,-265.379310344828,-0.0344827586206897,1.15169876353859,-305.637023592861,-0.0397137504668479,0.261734618366249,32,0.546692692079144
"AAMDC",2,39,714,1073.05128205128,1,1.08119658119658,-359.051282051282,-0.0811965811965811,0.85164176370671,-305.783067107309,-0.0691503996172115,0.0688296402382213,41,0.231469562345524
"TMEM88B",8,101,287.125,573.930693069307,4.6875,2.64356435643564,-286.805693069307,2.04393564356436,1.06621682368255,-305.797055078428,2.17927856969273,0.0163624384200186,109,0.0788838590249235
"ARMCX5",2,34,452,863.470588235294,1,0.970588235294118,-411.470588235294,0.0294117647058824,0.743777104423955,-306.042402673268,0.0218757971889398,0.0534227783919474,36,0.193766218025141
"DCUN1D1",2,62,616.5,1098.91935483871,1,1,-482.41935483871,0,0.636033502210177,-306.834871792039,0,0.225335159339276,64,0.497718318980159
"ANKRD30A",2,86,43,358.104651162791,14,4.75193798449612,-315.104651162791,9.24806201550388,0.976730391753442,-307.772289373564,9.03286323536322,0.000257367062559583,88,0.00326963594694218
"NUTM2B",8,144,225,545.395833333333,5.1875,2.30671296296296,-320.395833333333,2.88078703703704,0.963475975737257,-308.693688142985,2.7755691014005,2.27953051576824e-05,152,0.000551519744231705
"NKX6-2",3,25,288,561.76,1.33333333333333,1.44666666666667,-273.76,-0.113333333333334,1.1284477760266,-308.923863165043,-0.127890747949682,0.173323906941982,28,0.426543668227034
"CCDC125",2,56,462,768.535714285714,1,1.08928571428571,-306.535714285714,-0.0892857142857142,1.00953060089485,-309.457183838591,-0.0901366607941834,0.0138596565331179,58,0.0696447740789173
"S100A7L2",9,89,266.222222222222,632.629213483146,4.16666666666667,2.13483146067416,-366.406991260924,2.03183520599251,0.84879315735016,-311.003746987532,1.7246078197096,2.08394299395696e-05,98,0.000518604099353288
"SRSF1",4,47,448.25,764.170212765957,1.25,1.12234042553191,-315.920212765957,0.127659574468085,0.989049499661907,-312.460728369253,0.126261638254712,0.00385406251903216,51,0.0262433531789763
"ALDH3A1",2,11,612.5,942.636363636364,1,0.954545454545455,-330.136363636364,0.0454545454545454,0.948461557435621,-313.121649620678,0.0431118889743464,0.29706824758836,13,0.574790909659805
"OR52N2",2,24,417.5,795.5,1,0.993055555555556,-378,0.00694444444444442,0.833040810925408,-314.889426529804,0.00578500563142643,0.00155278056763585,26,0.013479786123696
"PLAAT2",6,38,441.833333333333,803.684210526316,2.08333333333333,1.39912280701754,-361.850877192983,0.68421052631579,0.872541818136487,-315.730022280248,0.597002296619702,0.0256301462285221,44,0.110150611998566
"ALDH3B1",2,23,426.5,754.086956521739,1,0.942028985507246,-327.586956521739,0.0579710144927537,0.966018543170399,-316.455074500755,0.0560010749664,0.00587406381587201,25,0.036622780719359
"FOLR1",7,23,457.142857142857,842.608695652174,0.928571428571429,0.956521739130435,-385.465838509317,-0.0279503105590062,0.822660879347671,-317.107665666562,-0.0229936270625125,0.00245717955212212,30,0.0186104642599858
"PGAP6",7,32,495.428571428571,764.84375,0.928571428571429,1.02083333333333,-269.415178571429,-0.0922619047619047,1.17726163382821,-317.172153303118,-0.108616400740102,0.0228666400811025,39,0.100759747945904
"ERCC1",2,22,739.5,1066.63636363636,1,0.946969696969697,-327.136363636364,0.0530303030303031,0.970406960769836,-317.45540439366,0.0514609751923398,0.351420483936824,24,0.618845818147698
"SZRD1",5,39,500.6,835.769230769231,1,1.0491452991453,-335.169230769231,-0.0491452991452992,0.947807408074196,-317.675879881606,-0.046580278601937,0.00817743053039622,44,0.046829992657482
"IGHA2",7,87,323.285714285714,687.770114942529,1.85714285714286,1.25095785440613,-364.484400656814,0.606185002736727,0.872159765507991,-317.888629408168,0.528690169841325,1.77676563163236e-06,94,8.75978980274597e-05
"F8A3",2,21,425,879.714285714286,1,1.16666666666667,-454.714285714286,-0.166666666666667,0.700050797189974,-318.323098207955,-0.116675132864996,0.00065264215854979,23,0.00698915557496148
"TRIP10",5,63,582.4,1057.33333333333,1.3,1.04232804232804,-474.933333333333,0.257671957671958,0.671433314691647,-318.886062257553,0.173009536642768,0.00798529214797423,68,0.0461654481813505
"ZNF300",2,28,370.5,795.285714285714,1,0.988095238095238,-424.785714285714,0.0119047619047619,0.752341190297693,-319.58378990717,0.00895644274163917,0.00169248716773055,30,0.0143807270647857
"NPM1",9,54,528.444444444444,906.87037037037,1.11111111111111,1.1358024691358,-378.425925925926,-0.0246913580246915,0.84627241773802,-320.251423268082,-0.0208956152527907,0.000104276913331191,63,0.0016716292916221
"C1orf112",3,3,429.666666666667,1026.33333333333,1,1,-596.666666666667,0,0.542184997698333,-323.503715293339,0,0.166998631983836,6,0.418377205535727
"H2AB2",6,36,452.666666666667,898.861111111111,1.16666666666667,1.18518518518519,-446.194444444444,-0.0185185185185184,0.726525048046357,-324.171440188018,-0.0134541675564139,7.2568378036622e-05,42,0.00125576934973307
"OR51D1",2,32,541.5,838.28125,1,0.9375,-296.78125,0.0625,1.09317505462838,-324.433859181428,0.0683234409142735,0.0573216530875271,34,0.203969542594664
"NUDT4B",2,61,286,674.901639344262,2,1.1775956284153,-388.901639344262,0.822404371584699,0.84374707312136,-328.13461992882,0.693901281446802,9.96676221841007e-06,63,0.000292619659288826
"TBL1X",6,39,458.833333333333,876.076923076923,1,1.05555555555556,-417.24358974359,-0.0555555555555556,0.78757284438913,-328.60972077749,-0.0437540469105072,4.76255391410601e-06,45,0.000165927378367454
"ITIH3",3,3,469.666666666667,1004.66666666667,1.16666666666667,1,-535,0.166666666666667,0.614881661938278,-328.961689136979,0.102480276989713,0.136401875741071,6,0.371242033905494
"GPR17",2,4,440,800.5,1,1,-360.5,0,0.913651388807833,-329.371325665224,0,0.270960479239702,6,0.556619286362689
"C3",3,42,434,787.666666666667,1.83333333333333,1.12301587301587,-353.666666666667,0.71031746031746,0.933695284979553,-330.216899121102,0.663220063537064,0.048454161305182,45,0.180357155969288
"ADAM21",2,38,366,826.973684210526,1.5,1.05701754385965,-460.973684210526,0.442982456140351,0.717100141906909,-330.564294362719,0.317662782160517,0.000584574037686003,40,0.00641803344736776
"ZNF658",5,56,346.8,801.696428571429,1.6,1.31547619047619,-454.896428571429,0.28452380952381,0.7317960706018,-332.891418959364,0.208213405802179,4.58007455896599e-05,61,0.000913567543708254
"ZNF574",4,122,219.5,479.770491803279,6.5,2.99863387978142,-260.270491803279,3.50136612021858,1.28170812666351,-333.590804474971,4.48772941070844,0.0767652142552002,126,0.24979763991138
"FOLR2",5,20,479.2,888.1,1,0.95,-408.9,0.05,0.817859626450752,-334.422801255712,0.0408929813225376,0.004547729874493,25,0.0298573320654528
"PROP1",4,13,617,1187,1.125,0.91025641025641,-570,0.21474358974359,0.586769691931405,-334.458724400901,0.12600502999809,0.0172835202995144,17,0.0825627761291245
"GET1",2,74,533.5,923.162162162162,1.25,1.03378378378378,-389.662162162162,0.216216216216216,0.858937496882642,-334.695442197446,0.185716215542193,0.133915805145082,76,0.367923559141134
"ZXDB",4,44,400,764.045454545455,1,0.950757575757576,-364.045454545455,0.0492424242424242,0.923314291894743,-336.128371081136,0.0454662340705744,8.29413784732689e-08,48,7.47330420519488e-06
"SLC25A51",7,73,456.857142857143,918.205479452055,1.28571428571429,1.17808219178082,-461.348336594912,0.107632093933464,0.729231227500298,-336.429613800328,0.0784886839775273,2.56058326528675e-14,80,1.33816081443885e-11
"CST3",2,135,261,598.17037037037,3.5,2.29135802469136,-337.17037037037,1.20864197530864,1.00362760717317,-338.393492024507,1.21302645360807,1.22882994401491e-18,137,1.07031088123699e-15
"EDDM3A",4,42,375.25,788.595238095238,1.75,1.1547619047619,-413.345238095238,0.595238095238095,0.819806237078752,-338.863004257278,0.487979903023067,0.00609549789601768,46,0.0373010210826562
"PARP15",2,7,356.5,871.428571428571,2.25,0.928571428571429,-514.928571428571,1.32142857142857,0.658933965744,-339.303925646321,0.870734169018857,0.0107445876462953,9,0.0571804633803861
"RNASE4",6,25,172.5,565.28,5.91666666666667,1.82,-392.78,4.09666666666667,0.867558553039946,-340.75964846303,3.55409820562031,4.03582890524823e-06,31,0.00015067932016026
"PNMA6F",2,17,527,1056.70588235294,1,0.980392156862745,-529.705882352941,0.0196078431372549,0.643800787737751,-341.025064328144,0.012623544857603,0.014231443560392,19,0.0709720940053505
"FAM241A",3,12,317,682.5,1,1.125,-365.5,-0.125,0.936363600984729,-342.240896159918,-0.117045450123091,0.0798392389245434,15,0.257237893107068
"GLIPR2",3,10,516.333333333333,831.8,1,1.05,-315.466666666667,-0.05,1.08561575441686,-342.475583326706,-0.0542807877208431,0.15117201488795,13,0.392959413537737
"MATN1",2,4,574,1055.75,0.75,1.125,-481.75,-0.375,0.713477979716556,-343.718016728451,-0.267554242393708,0.323625410404903,6,0.593426805184569
"CD244",2,12,527,865.5,1,1.04166666666667,-338.5,-0.0416666666666667,1.01577420151415,-343.839567212541,-0.0423239250630898,0.0993648131304298,14,0.299124719711766
"ZXDA",4,46,400,776.021739130435,1,0.952898550724638,-376.021739130435,0.0471014492753623,0.915017900840138,-344.066622409388,0.0430986692424702,3.43966833078585e-08,50,3.90776232536671e-06
"INS",3,14,390.333333333333,726.357142857143,1.33333333333333,1,-336.02380952381,0.333333333333333,1.02574565885819,-344.674963892038,0.341915219619396,0.0177483739137928,17,0.0837120957341888
"S100A7A",9,105,256.444444444444,666.904761904762,4.16666666666667,2.13809523809524,-410.460317460317,2.02857142857143,0.841738079900464,-345.500079494383,1.70752581922666,1.38339175961929e-06,114,7.4518327242151e-05
"IGHA1",9,136,293.555555555556,677.625,2.22222222222222,1.09742647058824,-384.069444444444,1.12479575163399,0.899728437520792,-345.558201149479,1.01201072414767,3.13336309925963e-08,145,3.72158080834792e-06
"ASRGL1",6,14,398.5,858.071428571429,1,1.07142857142857,-459.571428571429,-0.0714285714285714,0.753531441414845,-346.301521004508,-0.0538236743867746,0.000739506026565073,20,0.00763040586347474
"PLAAT4",8,111,225.5,637.117117117117,6.9375,2.00600600600601,-411.617117117117,4.93149399399399,0.842690483559537,-346.865827464806,4.15572305846975,0.000108596935667814,119,0.00169575972086186
"RBM7",3,16,381,742,3.33333333333333,1.03125,-361,2.30208333333333,0.962520246995457,-347.46980916536,2.21580181860412,0.121243671865009,19,0.346240125227614
"CDK9",3,9,384,773.666666666667,1,0.981481481481482,-389.666666666667,0.0185185185185185,0.892369660122653,-347.72671089446,0.0165253640763454,0.0204963326684966,12,0.0939595039697925
"C5orf63",6,43,461.833333333333,1004.76744186047,1.33333333333333,1.05038759689922,-542.934108527132,0.282945736434108,0.641020826694667,-348.032071088794,0.181374109878723,1.51726008593779e-06,49,7.92920120911091e-05
"PRKAR2A",2,49,568,1139.4693877551,2,0.969387755102041,-571.469387755102,1.03061224489796,0.610061032071198,-348.631204490973,0.628736369787663,0.384469763745425,51,0.649398508511179
"S100P",2,6,417.5,965.5,1,1,-548,0,0.636947538540125,-349.047251119989,0,0.010382875330547,8,0.055823977857447
"HBA1",7,136,375.285714285714,671.308823529412,1.42857142857143,1.17279411764706,-296.023109243697,0.25577731092437,1.18254375696266,-350.060279752811,0.302467862206311,0.0030869545791824,143,0.0222209705658502
"CFHR4",2,6,363,841.166666666667,2.5,1.5,-478.166666666667,1,0.732112817305937,-350.071945475122,0.732112817305937,0.0387117782452672,8,0.152340175534463
"OR2A25",7,35,437.285714285714,819.371428571429,1,1.7047619047619,-382.085714285714,-0.704761904761905,0.918852946157155,-351.08058425599,-0.647572552529805,1.54182514365119e-05,42,0.000406948393975815
"GIMAP1",3,68,427.333333333333,813.867647058824,1.16666666666667,1.09313725490196,-386.53431372549,0.0735294117647058,0.908425838434665,-351.137758029846,0.0667960175319606,1.89628690846631e-09,71,2.91470452460145e-07
"PRPF18",2,5,279.5,826.8,1.5,1,-547.3,0.5,0.642787957713878,-351.797849256805,0.321393978856939,0.053927425939874,7,0.194899535243279
"UBR2",2,56,489,967.875,2,1.07440476190476,-478.875,0.925595238095238,0.735447915650985,-352.187620607366,0.68072708859362,0.368483200343081,58,0.63496551429014
"CAPRIN1",5,25,465.4,803.84,1,1.08,-338.44,-0.0800000000000001,1.04123868456824,-352.396820405277,-0.0832990947654596,0.0176704854778288,30,0.0836538243174116
"SUPT20HL1",5,66,441,806.272727272727,1,0.941919191919192,-365.272727272727,0.0580808080808081,0.968456415251808,-353.750716043797,0.0562487311888676,9.78891392490023e-05,71,0.00160241593687014
"SIGLEC11",3,32,400.333333333333,863.34375,2,1.55208333333333,-463.010416666667,0.447916666666667,0.766398879885404,-354.850664708608,0.343282831615337,0.00800342442638797,35,0.0461654481813505
"AZGP1",9,54,460.555555555556,941.62962962963,1.05555555555556,1.05864197530864,-481.074074074074,-0.00308641975308643,0.73901650998023,-355.521683264193,-0.00228091515425998,5.18845454326525e-07,63,3.47626454398772e-05
"METRNL",2,41,323,719.585365853659,2,1.41463414634146,-396.585365853659,0.585365853658536,0.900240644732973,-357.02226544776,0.526970133502228,0.102726737906551,43,0.307122386899105
"HSFX4",11,103,259.363636363636,618.873786407767,3,2.20388349514563,-359.510150044131,0.79611650485437,0.995373192074077,-357.846765632457,0.792433026699751,1.18167175721609e-07,114,9.96034936001823e-06
"SGSM1",5,45,301.4,660.6,3.7,1.81111111111111,-359.2,1.88888888888889,1.00018183599449,-359.265315489222,1.88923235687849,0.0226833653745316,50,0.100460396141781
"LEUTX",2,19,423,865.78947368421,1,1.56140350877193,-442.78947368421,-0.56140350877193,0.814453480411927,-360.631427931871,-0.457237041634766,0.00302313873421866,21,0.0219371849110548
"EIF2AK2",3,18,482.666666666667,794.777777777778,1,1.05555555555556,-312.111111111111,-0.0555555555555556,1.1594427249019,-361.874957138825,-0.064413484716772,0.0170666237426826,21,0.0816759850542666
"TSGA10",7,36,403.714285714286,740.944444444444,1.5,1.08333333333333,-337.230158730159,0.416666666666667,1.07463995714436,-362.401003325564,0.447766648810151,0.000472713238753657,43,0.00534718481759007
"NPHP1",8,40,338.625,703.425,3.0625,1.8875,-364.8,1.175,0.995170920152898,-363.038351671777,1.16932583117965,0.00436570136464464,48,0.0289532428066407
"MMD2",2,75,480,971.506666666667,0.75,1.15777777777778,-491.506666666667,-0.407777777777778,0.741391702282426,-364.398964283161,-0.302323060819611,0.370356309928813,77,0.635117449306444
"TOPBP1",2,15,466,830.266666666667,1,1.1,-364.266666666667,-0.1,1.00272784315837,-365.260329001154,-0.100272784315837,0.0140683113216069,17,0.0704224089719517
"DOCK6",2,7,421.5,914.285714285714,1,0.857142857142857,-492.785714285714,0.142857142857143,0.742150934192296,-365.721378213761,0.106021562027471,0.0108766594257118,9,0.057648501175223
"PABPC1L2A",2,62,421.5,791.629032258065,1,0.895161290322581,-370.129032258065,0.104838709677419,0.988091960951325,-365.721521288887,0.103590286228768,4.2232982705895e-08,64,4.08721421520384e-06
"MS4A13",2,28,422,772.964285714286,1,1.17857142857143,-350.964285714286,-0.178571428571429,1.0492163862323,-368.237479553742,-0.187360068970053,0.000467683512433589,30,0.0053153723646924
"SPAG11B",2,26,496,869.192307692308,1.5,1.11538461538462,-373.192307692308,0.384615384615385,0.992763393453964,-370.491661795531,0.381832074405371,0.0361929004792489,28,0.143945279988246
"KRTAP4-5",4,35,420.75,802.628571428571,1.25,1.17142857142857,-381.878571428571,0.0785714285714285,0.971056734240172,-370.825758447731,0.0762973148331563,0.00393715206980923,39,0.0265834066108825
"OPRL1",3,11,446,748.909090909091,1,1.04545454545455,-302.909090909091,-0.0454545454545454,1.22567430865373,-371.267890584931,-0.0557124685751697,0.277679009180318,14,0.565327733708045
"HSFX3",11,105,253.454545454545,625.066666666667,3.09090909090909,2.13809523809524,-371.612121212121,0.952813852813853,1.00384802754059,-373.042094888962,0.956480306760536,4.05523901144901e-08,116,4.08721421520384e-06
"SLC13A5",2,20,462,812,1,2.1,-350,-1.1,1.06759884279629,-373.659594978701,-1.17435872707592,0.0062292540245169,22,0.0377657558377324
"CLEC12B",3,8,553.333333333333,912.375,0.833333333333333,0.875,-359.041666666667,-0.0416666666666666,1.04568775638648,-375.445474865929,-0.0435703231827699,0.115342812295388,11,0.333707523145866
"GALNT15",2,16,588.5,941,0.75,0.9375,-352.5,-0.1875,1.07167705306201,-377.766161204357,-0.200939447449126,0.130961494055909,18,0.363761533800823
"HNRNPA1",9,115,399.333333333333,741.765217391304,1.61111111111111,1.3304347826087,-342.431884057971,0.280676328502415,1.10326643235688,-377.793603049881,0.309660771593887,0.00414453152444925,124,0.0278397451757992
"POLR2D",3,40,459,974.2,1.33333333333333,1.025,-515.2,0.308333333333333,0.733435376152347,-377.865905793689,0.22614257431364,2.95723092343371e-07,43,2.20778411512351e-05
"FPR3",10,31,416.8,872.032258064516,1.8,1.26881720430108,-455.232258064516,0.531182795698925,0.8314597460795,-378.50729769752,0.441657112433627,0.0010672062071111,41,0.0101403993424775
"SGO1",2,19,570.5,919.421052631579,0.75,1,-348.921052631579,-0.25,1.09405650971734,-381.739349009006,-0.273514127429336,0.190855026065728,21,0.45377996643289
"KLK12",2,21,608.5,1094.38095238095,1,1.14285714285714,-485.880952380952,-0.142857142857143,0.792965931495463,-385.287042000665,-0.113280847356495,0.178688158877132,23,0.433128162473049
"ATG13",4,21,477.75,875.142857142857,1,1.0952380952381,-397.392857142857,-0.0952380952380953,0.970487128416666,-385.664652781866,-0.0924273455634921,0.000771408898034051,25,0.00787379472876162
"C1GALT1",3,34,472.333333333333,1074.79411764706,1.33333333333333,0.970588235294118,-602.460784313726,0.362745098039216,0.640587001725023,-385.928547480435,0.232369794743391,2.38070519870876e-05,37,0.000560430872452791
"NFATC1",3,41,335.666666666667,649.268292682927,0.833333333333333,1.32926829268293,-313.60162601626,-0.495934959349594,1.23222954284233,-386.429188260628,-0.61110570823888,0.0428732095621204,44,0.163944468529502
"NOM1",5,10,191,779.9,5.9,2,-588.9,3.9,0.657623621330133,-387.274550601316,2.56473212318752,0.0035856739984966,15,0.0249185270161479
"KNG1",7,43,225.285714285714,569.976744186047,3.92857142857143,1.71317829457364,-344.691029900332,2.21539313399779,1.12857822612003,-389.010791084403,2.50024445332572,4.36068958169128e-05,50,0.000876498605919946
"LACRT",2,15,488,983.2,1.25,1.03333333333333,-495.2,0.216666666666667,0.786051624957024,-389.252764678718,0.170311185407355,0.0173797380998619,17,0.0828709044798158
"CEP20",4,11,467.25,964.090909090909,1,1.13636363636364,-496.840909090909,-0.136363636363636,0.784208662372658,-389.626944730197,-0.106937544868999,0.00163276209492542,15,0.0139425076929416
"ASGR2",9,45,401.222222222222,812.244444444444,1.33333333333333,1.03333333333333,-411.022222222222,0.3,0.951319143059195,-391.01330822273,0.285395742917758,6.17490905020769e-08,54,5.76251333864025e-06
"LEFTY1",2,26,367,801.807692307692,1,1.05769230769231,-434.807692307692,-0.0576923076923077,0.90104463102824,-391.781136683625,-0.0519833440977831,0.000310771137601019,28,0.00386688086929268
"LSM8",2,7,426.5,879.428571428571,1,0.904761904761905,-452.928571428571,0.0952380952380952,0.867229865322025,-392.793184000497,0.0825933205068595,0.0118555001061338,9,0.0617100035404934
"TAF13",3,31,432.666666666667,1002.29032258065,1,1.06989247311828,-569.623655913978,-0.0698924731182795,0.692725994121256,-394.593113317995,-0.0484163329224533,0.00601122149525756,34,0.0368716473406291
"SYMPK",2,17,691.5,1070.29411764706,1,0.941176470588235,-378.794117647059,0.0588235294117647,1.04173713881838,-394.603900318881,0.0612786552246107,0.369120786914169,19,0.63496551429014
"FLT3LG",4,100,280,633.02,1.5,1.60666666666667,-353.02,-0.106666666666667,1.11780968852046,-394.609176241493,-0.119233033442183,0.0106448043025654,104,0.056881132193463
"SAT1",5,13,458.2,995.538461538462,1,0.974358974358974,-537.338461538462,0.0256410256410257,0.734765714621546,-394.81787868595,0.0188401465287576,0.00244569014709999,18,0.0186104642599858
"SPINK13",4,20,397,865.15,1.625,1.05,-468.15,0.575,0.843775548650771,-395.013523100858,0.485170940474193,9.31793274021383e-05,24,0.00155615037259068
"ARFIP1",2,22,366,801.681818181818,1.5,0.946969696969697,-435.681818181818,0.553030303030303,0.906774504431871,-395.065164771794,0.50147377896611,0.00132963119667049,24,0.0118983777976027
"MCL1",2,70,164.5,517.657142857143,3.5,1.6202380952381,-353.157142857143,1.8797619047619,1.126517923796,-397.837851345157,2.1175854781832,0.000397535503336248,72,0.00470027271591682
"TSPAN17",2,23,480,787.695652173913,0.75,1.02173913043478,-307.695652173913,-0.271739130434783,1.29648232587249,-398.921974791288,-0.352304979856656,0.514565863359539,25,0.759209825498858
"RNASET2",2,31,421.5,839.096774193548,1,1.16129032258065,-417.596774193548,-0.161290322580645,0.95805286025622,-400.0797839499,-0.154524654880036,5.68047317197036e-06,33,0.000190295851261007
"F2RL3",2,10,515.5,988.7,1,0.9,-473.2,0.1,0.850862641338472,-402.628201881365,0.0850862641338472,0.0634807781732746,12,0.218256938640482
"HRH3",3,20,602.666666666667,1079.45,1,1.2,-476.783333333333,-0.2,0.847856386822389,-404.243794297135,-0.169571277364478,0.0929885831430976,23,0.287890009185917
"SPI1",5,107,310.6,686.467289719626,1.6,1.52803738317757,-375.867289719626,0.0719626168224297,1.08064201313903,-406.177984635727,0.0777658271137429,0.00206361659926432,112,0.016540583355453
"LRRIQ3",2,39,470,853.384615384615,1,1.10683760683761,-383.384615384615,-0.106837606837607,1.06013845995649,-406.440775724856,-0.113262655978257,0.00077972995308271,41,0.00792776018445573
"IGKV6D-41",2,116,55.5,426.896551724138,7.5,4.88505747126437,-371.396551724138,2.61494252873563,1.10425029349723,-410.11475124524,2.88755105483472,1.40920274563802e-17,118,9.20561693588035e-15
"KRTAP2-4",2,27,456,820.185185185185,1.5,1.11111111111111,-364.185185185185,0.388888888888889,1.12932540619444,-411.283582189255,0.439182102408947,0.197739695973529,29,0.465809552672861
"OR56A1",3,56,283,666.071428571429,1.66666666666667,1.2797619047619,-383.071428571429,0.386904761904762,1.0747984014743,-411.72455907905,0.415844619618035,0.00119098618925407,59,0.0107683284170273
"MATK",2,16,793,1308.8125,1,0.864583333333333,-515.8125,0.135416666666667,0.799587518641654,-412.437236959348,0.108277476482724,0.124461956621558,18,0.35120852338243
"IL31RA",2,34,338.5,729.382352941176,1,1.4656862745098,-390.882352941176,-0.465686274509804,1.0678220207756,-417.392784003167,-0.497270058694518,1.11917136094632e-07,36,9.74798255384248e-06
"DLG4",2,30,306,651.5,1,1.68333333333333,-345.5,-0.683333333333333,1.21392493245225,-419.411064162251,-0.829515370509035,0.32136948989571,32,0.590948963474659
"MAPRE2",2,34,421,777.617647058824,1,1.20098039215686,-356.617647058824,-0.200980392156863,1.18158151449784,-421.372819508422,-0.237474716149076,4.58427942147344e-06,36,0.000161874623355542
"GSTT2B",2,26,382.5,1018.5,2.5,1.21153846153846,-636,1.28846153846154,0.666012727702342,-423.584094818689,0.858131783770325,8.26407908155364e-05,28,0.00140221030130517
"ALOX15",5,55,336.6,917.472727272727,2.5,1.23333333333333,-580.872727272727,1.26666666666667,0.730519260484802,-424.338715163063,0.925324396614082,1.39739687518768e-06,60,7.4518327242151e-05
"GATA1",5,9,152.6,738.333333333333,6.3,3.64814814814815,-585.733333333333,2.65185185185185,0.727646166463347,-426.206614569798,1.92960983402873,0.0394744517941737,14,0.153720927776715
"SLC35G1",5,8,426.4,856.625,1,0.9375,-430.225,0.0625,0.995848728000189,-428.439019003881,0.0622405455000118,0.0151816711441994,13,0.0744272170727823
"IGKV6D-21",2,123,59,421.658536585366,6.5,5.7710027100271,-362.658536585366,0.728997289972898,1.18408982660273,-429.420283701364,0.863198274677866,1.09206767619213e-18,125,1.07031088123699e-15
"ERMARD",2,46,279.5,705.45652173913,1.5,2.17391304347826,-425.95652173913,-0.673913043478261,1.00920105616115,-429.875771617861,-0.680113755239037,0.000847022747640347,48,0.00851427780369658
"SERPINB1",7,44,321.714285714286,747.681818181818,2.64285714285714,1.29545454545455,-425.967532467532,1.3474025974026,1.0163523712025,-432.933111678656,1.36943582483454,2.76068647723777e-06,51,0.000118256946967579
"MRPL11",2,9,588.5,1053.44444444444,0.75,0.944444444444444,-464.944444444444,-0.194444444444444,0.931299662793587,-433.002604328863,-0.181086045543197,0.0667983445315465,11,0.226680615923287
"CFAP47",2,106,326.5,756.660377358491,2.5,1.25943396226415,-430.160377358491,1.24056603773585,1.00922435969151,-434.12833140428,1.25200946508899,2.12070930255992e-19,108,5.54141340758907e-16
"RC3H1",2,29,695.5,1246.20689655172,1,0.890804597701149,-550.706896551724,0.109195402298851,0.793945004121498,-437.230989252496,0.0866951441282096,0.263257540203106,31,0.548121077729655
"GCG",3,7,264.333333333333,801.571428571429,3.66666666666667,1,-537.238095238095,2.66666666666667,0.82348767663518,-442.408950847529,2.19596713769381,0.00897339964355198,10,0.0501014813431652
"TMEM239",4,56,308.5,676.75,1.25,1.69494047619048,-368.25,-0.444940476190476,1.20772411972697,-444.744407089455,-0.53736534493804,0.00596049136080542,60,0.0367980722219811
"LYPD4",2,16,358.5,993.875,1.75,1.07291666666667,-635.375,0.677083333333333,0.706242805056315,-448.729022262656,0.478185232590213,0.00195621731109482,18,0.0158745212232632
"DTD1",2,30,466,899.866666666667,1,0.933333333333333,-433.866666666667,0.0666666666666667,1.03469148880757,-448.918147277313,0.0689794325871716,0.000705982575167388,32,0.00736464978859881
"ADH7",4,18,409,829.611111111111,1,0.962962962962963,-420.611111111111,0.0370370370370371,1.07412173280519,-451.787535503781,0.0397822864001921,0.0109989622633443,22,0.0581787214455842
"SLC15A3",3,24,391.666666666667,929,1,1.125,-537.333333333333,-0.125,0.843723167141586,-453.360581810745,-0.105465395892698,1.50779844511e-05,27,0.000406172921347674
"ALOX12",9,43,207.333333333333,682.372093023256,5.66666666666667,1.60077519379845,-475.038759689922,4.06589147286822,0.954383160945797,-453.368993044639,3.88041835593853,5.84656005727754e-06,52,0.000193380524426155
"CD59",3,24,432.333333333333,892,1,1.08333333333333,-459.666666666667,-0.0833333333333333,0.988541833353602,-454.399729398206,-0.0823784861128001,7.11241277954795e-06,27,0.00022664310479218
"DNAJC11",5,16,519.2,972.1875,0.9,1.09375,-452.9875,-0.19375,1.00726089471366,-456.276594544104,-0.195156798350772,0.00200513113536873,21,0.0161710112861682
"PLEKHA2",2,25,519.5,921.6,1,1,-402.1,0,1.14586123190081,-460.750801347316,0,0.064208186455519,27,0.220467793966191
"SPINK9",2,12,367.5,897.083333333333,2.5,1,-529.583333333333,1.5,0.871740509468173,-461.659244805854,1.30761076420226,0.00221176112578454,14,0.017355703493175
"RFC3",2,32,413.5,835.71875,1,1.07291666666667,-422.21875,-0.0729166666666667,1.09487964754222,-462.278716185717,-0.0798349742999537,8.72759938860474e-06,34,0.000269160149327796
"VASH2",2,24,523.5,958.458333333333,1,0.9375,-434.958333333333,0.0625,1.06455814789117,-463.038437743165,0.0665348842431983,0.0390731161084887,26,0.153070543315564
"AP2B1",2,41,531,966.414634146341,1.5,1.11788617886179,-435.414634146341,0.382113821138211,1.07157756662167,-466.58055413,0.409464598627792,0.345665253083562,43,0.613223839977265
"GFI1B",3,26,595,1152.88461538462,1.16666666666667,0.993589743589744,-557.884615384615,0.173076923076923,0.837283053273308,-467.107334143436,0.144914374604996,3.1960267773674e-05,29,0.000707730336378052
"RPRML",2,4,337.5,943,2,0.75,-605.5,1.25,0.772556745899,-467.783109641844,0.96569593237375,0.0430387731446123,6,0.164175641207112
"SIGLEC5",7,47,249.571428571429,808.297872340426,3.35714285714286,1.44858156028369,-558.726443768997,1.90856129685917,0.83830829677498,-468.38501343913,1.59996277006066,2.78400948315236e-07,54,2.13959317043444e-05
"BNIP3L",3,28,429.333333333333,821,1,1.10714285714286,-391.666666666667,-0.107142857142857,1.21208337609783,-474.732655638315,-0.129866076010481,4.68075489312096e-05,31,0.000926576707251898
"P2RX5",4,34,461.5,1016.14705882353,1.125,1.12254901960784,-554.647058823529,0.00245098039215685,0.859950455015907,-476.968990608528,0.00210772170347035,9.40955831876492e-05,38,0.00155615037259068
"KRT85",4,62,288.25,694.370967741935,1.25,0.948924731182796,-406.120967741935,0.301075268817204,1.17882850681986,-478.746973991462,0.354916109580173,0.00186146392051464,66,0.0152476652799522
"S100A16",4,4,465,909.75,1.25,1.08333333333333,-444.75,0.166666666666667,1.07995409866637,-480.30958538187,0.179992349777729,0.46760649767067,8,0.718338215315735
"YIPF5",4,6,483.5,1185.33333333333,1,1.27777777777778,-701.833333333333,-0.277777777777778,0.68695561488532,-482.128349047014,-0.190821004134811,0.0299118511401585,10,0.124045471576262
"TRIM60",3,13,440.333333333333,1015.84615384615,1.33333333333333,1,-575.51282051282,0.333333333333333,0.839208500221102,-482.97525096058,0.279736166740367,0.00870832252533424,16,0.0488301432590093
"API5",2,27,310.5,802.592592592593,2,1.03703703703704,-492.092592592593,0.962962962962963,0.990398349066488,-487.367691291551,0.953716928730692,0.0700994256501737,29,0.234232479825964
"SNX6",4,35,475.5,1024.77142857143,1,0.957142857142857,-549.271428571428,0.0428571428571428,0.892925422302248,-490.458422315702,0.038268232384382,3.94947865087584e-06,39,0.00015067932016026
"AKR1E2",2,12,421,1022.75,1,1,-601.75,0,0.823048642092551,-495.269520379193,0,0.000135196212707579,14,0.00204200984858326
"SUPT20HL2",2,19,413.5,1103.73684210526,1,0.964912280701754,-690.236842105263,0.0350877192982456,0.717988934208671,-495.582414614717,0.0251925941827604,0.000198795673233029,21,0.00276304837318035
"C21orf58",2,4,417.5,996,1,1,-578.5,0,0.863381936911111,-499.466450503078,0,0.0210093999738371,6,0.0954740210984981
"OR51B6",2,25,305,695.96,1.5,1.10666666666667,-390.96,0.393333333333333,1.28672938659074,-503.059720981514,0.50611355872569,0.00544339072597261,27,0.0346072505278989
"NOP16",2,26,338.5,856.346153846154,1,0.942307692307692,-517.846153846154,0.0576923076923077,0.97327031115063,-504.004287282003,0.0561502102586902,4.13401750163275e-06,28,0.000152143489179808
"CTDSP1",2,31,452.5,968,1,1.01612903225806,-515.5,-0.0161290322580645,0.978083413937205,-504.201999884629,-0.015775538934471,0.370227571059088,33,0.635117449306444
"DHFR",2,18,338.5,1166.22222222222,1,1.00925925925926,-827.722222222222,-0.0092592592592593,0.609194066759875,-504.243466703076,-0.0056406858033322,2.98982860974969e-05,20,0.000667728389510763
"SCGB1C2",2,19,338.5,882.631578947368,1,1.13157894736842,-544.131578947368,-0.131578947368421,0.930842900784708,-506.501017355932,-0.122479329050619,0.000226969636122427,21,0.00302200325962259
"BPTF",3,39,420.333333333333,921.948717948718,1.5,1.16666666666667,-501.615384615385,0.333333333333333,1.01043371788198,-506.849098023722,0.336811239293993,6.06572970388471e-07,42,3.86579310152457e-05
"DAO",2,14,426.5,922.142857142857,1,1.19047619047619,-495.642857142857,-0.19047619047619,1.02301914723889,-507.052133049331,-0.194860789950264,0.0106870560672787,16,0.0569903622526516
"CLCN7",2,21,522,998.619047619048,1.5,1,-476.619047619048,0.5,1.06540459095849,-507.792121471595,0.532702295479244,0.00227915760342862,23,0.017774797312923
"SEZ6L2",2,22,426.5,881.181818181818,1,1.02272727272727,-454.681818181818,-0.0227272727272727,1.12046587838486,-509.455462794715,-0.0254651335996558,9.87328610164918e-05,24,0.00160241593687014
"TFPI",2,10,358.5,839.5,2.75,0.95,-481,1.8,1.06024426120114,-509.977489637748,1.90843967016205,0.0162233639466813,12,0.0785030555419965
"PRLHR",2,3,338.5,922,1,0.777777777777778,-583.5,0.222222222222222,0.87454145918464,-510.294941434237,0.194342546485476,0.223747811558887,5,0.496731547666416
"PAX3",2,23,338.5,762.130434782609,1,1.34782608695652,-423.630434782609,-0.347826086956522,1.21010725289443,-512.638261677256,-0.420906870571976,3.23166916444579e-06,25,0.000131942992604638
"SRSF7",4,8,442.75,1000.75,1.25,0.875,-558,0.375,0.918985262742611,-512.793776610377,0.344619473528479,0.00750860208095019,12,0.0438925665268968
"PCDHA4",3,36,422.666666666667,925.027777777778,1,1.08796296296296,-502.361111111111,-0.087962962962963,1.0267695750194,-515.809104561829,-0.0903176940989288,3.47558106609288e-05,39,0.000744401092270548
"NAF1",2,13,426.5,932.153846153846,1,0.923076923076923,-505.653846153846,0.0769230769230769,1.030944760752,-521.301183446406,0.0793034431347692,0.00383250510294324,15,0.0262433531789763
"CR2",4,16,477.5,953.3125,1,0.979166666666667,-475.8125,0.0208333333333334,1.10237873626674,-524.525582449918,0.0229662236722238,0.00526084259135487,20,0.0336926021843389
"WFIKKN1",3,59,236.333333333333,606.898305084746,8.5,1.53107344632768,-370.564971751412,6.96892655367232,1.41854322047239,-525.66242842251,9.88572351668191,0.068675171823918,62,0.231469562345524
"FXYD1",2,20,254,738.95,1,1.4,-484.95,-0.4,1.08921503690303,-528.214832146126,-0.435686014761213,0.120537007604206,22,0.34535438691863
"AKR1D1",7,47,361.285714285714,924.191489361702,2.07142857142857,1.08510638297872,-562.905775075988,0.986322188449848,0.940806507480012,-529.585416289569,0.927938333365544,3.7020296575804e-06,54,0.000146566719625115
"STK24",2,33,450.5,867.575757575758,1.5,1.06060606060606,-417.075757575758,0.439393939393939,1.27565128982082,-532.04322810451,0.560513445527329,0.213258724817184,35,0.485749977200378
"NME4",2,18,352.5,1016.44444444444,1.5,0.972222222222222,-663.944444444444,0.527777777777778,0.806833923711825,-535.692901237779,0.425829015292352,0.00172279569284064,20,0.0145020761065043
"CSNK2A2",2,23,429.5,1006.13043478261,1,1,-576.630434782609,0,0.936433681427315,-539.976160866512,0,5.72338789924157e-05,25,0.00103139397108402
"C1orf158",2,21,426.5,939.904761904762,1,1.16666666666667,-513.404761904762,-0.166666666666667,1.06118659481005,-544.818251044978,-0.176864432468341,0.000117190432907141,23,0.00180128588933153
"EIF4E",2,26,336.5,842.884615384615,1.5,1.23076923076923,-506.384615384615,0.269230769230769,1.1107816708631,-562.482749176294,0.299056603693913,0.022042884672077,28,0.0982902007647392
"FAM149A",4,25,489.75,1020.28,1.25,1.07333333333333,-530.53,0.176666666666667,1.06125702875622,-563.028691466038,0.187488741746933,0.00659928425591543,29,0.0396412178407058
"ELOB",2,25,257.5,682.36,1,1.08,-424.86,-0.0800000000000001,1.34214363542482,-570.22314494659,-0.107371490833986,0.161659605817384,27,0.409583924927998
"SH3GL3",3,20,497.333333333333,1029.45,1,0.891666666666667,-532.116666666667,0.108333333333333,1.07242345042986,-570.654391697902,0.116179207129901,0.000410218406517127,23,0.00480672957950337
"DEFB118",2,2,450,1547.5,1.5,0.75,-1097.5,0.75,0.523758030330625,-574.824438287861,0.392818522747969,0.208720958233506,4,0.481185445718468
"PKD1",2,20,237.5,710.75,1.5,1.125,-473.25,0.375,1.22666800784307,-580.520634711731,0.46000050294115,0.161764489294181,22,0.409583924927998
"SART3",2,22,426.5,948.636363636364,1,1.11363636363636,-522.136363636364,-0.113636363636364,1.1126346997442,-580.947036180072,-0.126435761334568,8.75568798042966e-06,24,0.000269160149327796
"SCGB1C1",2,8,338.5,973.625,1,1.02083333333333,-635.125,-0.0208333333333333,0.93001572865612,-590.676239662718,-0.0193753276803358,0.0374940819168487,10,0.148217906276438
"ACSM2B",2,15,338.5,970.933333333333,1,1,-632.433333333333,0,0.93560792323009,-591.709637581483,0,9.86084913610038e-05,17,0.00160241593687014
"CCDC39",2,18,426.5,1028.33333333333,1,1.02777777777778,-601.833333333333,-0.0277777777777777,0.98821142306628,-594.738574782056,-0.0274503173073966,9.89482907471913e-06,20,0.000292619659288826
"PNLIPRP2",3,14,360.333333333333,898.142857142857,2,1.14285714285714,-537.809523809524,0.857142857142857,1.1169426980951,-600.702420585052,0.957379455510089,0.00384270545858904,17,0.0262433531789763
"ACSM2A",2,20,338.5,946.55,1,1.05,-608.05,-0.05,0.999046045219297,-607.469947795593,-0.0499523022609649,4.03656808695683e-06,22,0.00015067932016026
"CAMK2N1",2,29,265.5,823.620689655172,1,1.10919540229885,-558.120689655172,-0.109195402298851,1.08944060886376,-608.039343957391,-0.118961905565583,0.12244417661676,31,0.348200881499407
"ZC3HC1",3,20,520.333333333333,1060.5,1,1.025,-540.166666666667,-0.0249999999999999,1.13001446332066,-610.396145937046,-0.0282503615830165,0.000257766936498312,23,0.00326963594694218
"GLRX2",4,6,430.75,1164,1,1,-733.25,0,0.84153599563868,-617.056268802062,0,0.010478818732981,10,0.0561089207977038
"CTSE",2,7,567.5,1212.71428571429,1,0.857142857142857,-645.214285714286,0.142857142857143,0.976357656949314,-629.959908230225,0.139479665278473,0.00807764820021905,9,0.0463887796641151
"PDIA4",3,3,427,1466.33333333333,1,0.833333333333333,-1039.33333333333,0.166666666666667,0.610836223892778,-634.862448699227,0.101806037315463,0.0266002735424267,6,0.113289195511793
"ACOX3",2,14,417.5,1062,1,0.928571428571429,-644.5,0.0714285714285714,0.992432302293371,-639.622618828078,0.0708880215923836,5.04633236280796e-05,16,0.000962486603212933
"NPTN",2,10,527,1095.8,1,0.95,-568.8,0.05,1.13526551319274,-645.739023904028,0.0567632756596369,0.0170281995210483,12,0.0816416244926593
"SPATA18",2,19,426.5,1053.94736842105,1,0.921052631578947,-627.447368421053,0.0789473684210527,1.03076545044232,-646.751069339376,0.0813762197717623,2.1020705914407e-06,21,9.77745359578791e-05
"ITIH4",2,7,288,971.857142857143,2,1.04761904761905,-683.857142857143,0.952380952380952,0.956383594710123,-654.029752553909,0.910841518771546,0.00925740909001353,9,0.0508527507685829
"AP1AR",2,12,444,1045.75,1,0.861111111111111,-601.75,0.138888888888889,1.09960427168655,-661.68687048738,0.15272281551202,2.70449288462603e-05,14,0.00061800837191794
"ADAMTSL5",2,10,380,1261.9,1,0.85,-881.9,0.15,0.7867322839425,-693.819201208891,0.118009842591375,0.00100903517919887,12,0.00976521823424682
"ODAD3",2,10,166.5,692.1,1.5,1.1,-525.6,0.4,1.34971026364372,-709.40771457114,0.539884105457488,0.00546161686207098,12,0.0346073639218255
"SEMA4F",3,14,385.666666666667,1043.57142857143,1.66666666666667,0.928571428571429,-657.904761904762,0.738095238095238,1.08284603818212,-712.409564929723,0.799243504372518,7.88892778249608e-05,17,0.00135616896681988
"ARHGEF1",2,32,185.5,801,1.75,1.234375,-615.5,0.515625,1.2366517473768,-761.159150510417,0.63764855724116,0.0143177873166074,34,0.0711261944074053
"ZFP36",2,7,162,674.857142857143,2,1.14285714285714,-512.857142857143,0.857142857142857,1.56226084651842,-801.216634143018,1.33908072558722,0.097338813256595,9,0.295408036050503
"NRXN2",2,36,281.5,921.083333333333,0.75,1.03240740740741,-639.583333333333,-0.282407407407407,1.31429213123628,-840.599342269871,-0.371165833358394,0.0549938473588841,38,0.19847917561984
"C5orf49",2,8,281.5,958.625,0.75,1,-677.125,-0.25,1.43875091483188,-974.214213205537,-0.35968772870797,0.0227243394886229,10,0.100471572053759
"RREB1",2,13,262,986.846153846154,1,1.07692307692308,-724.846153846154,-0.0769230769230769,1.51450469648267,-1097.7829042274,-0.116500361267897,0.049011680895662,15,0.181656059830305
"VSTM2A",2,19,219,1080.52631578947,1.25,1.10526315789474,-861.526315789474,0.144736842105263,1.29836122666642,-1118.57236417382,0.187920703859614,4.82721655444602e-05,21,0.000934069852485734
"TNFSF9",2,6,281.5,1215.5,0.75,0.722222222222222,-934,0.0277777777777778,1.27821986172369,-1193.85735084992,0.0355061072701024,0.0808153518059036,8,0.259423236202489
